GAIN_LOSS,SECURITY,CLOSE_PRIC,PREV_CL_PR,PERCENT_CG
 ,Nifty 50 Sec., , , 
 , , , , 
G,COAL INDIA LTD,       427.90,       400.45,6.85
G,NTPC LTD,       352.10,       336.30,4.70
G,HINDALCO  INDUSTRIES  LTD,       925.70,       894.95,3.44
G,TRENT LTD,      4409.60,      4297.40,2.61
G,JIO FIN SERVICES LTD,       301.70,       295.70,2.03
G,BAJAJ FINANCE LIMITED,       990.45,       973.10,1.78
G,POWER GRID CORP. LTD.,       270.95,       266.80,1.56
G,MARUTI SUZUKI INDIA LTD.,     16960.00,     16708.00,1.51
G,OIL AND NATURAL GAS CORP.,       241.46,       237.94,1.48
G,STATE BANK OF INDIA,       998.95,       984.75,1.44
G,BHARAT ELECTRONICS LTD,       403.15,       397.70,1.37
G,SBI LIFE INSURANCE CO LTD,      2067.40,      2040.40,1.32
G,ICICI BANK LTD.,      1355.40,      1338.00,1.30
G,MAX HEALTHCARE INS LTD,      1062.60,      1049.40,1.26
G,MAHINDRA & MAHINDRA LTD,      3802.40,      3761.00,1.10
G,HINDUSTAN UNILEVER LTD.,      2348.00,      2323.00,1.08
G,RELIANCE INDUSTRIES LTD,      1592.30,      1575.60,1.06
G,HDFC BANK LTD,      1001.60,       991.15,1.05
G,ADANI ENTERPRISES LIMITED,      2279.80,      2260.00,0.88
G,JSW STEEL LIMITED,      1180.70,      1171.50,0.79
G,TATA MOTORS PASS VEH LTD,       370.35,       367.55,0.76
G,ASIAN PAINTS LIMITED,      2772.60,      2752.00,0.75
G,TATA CONSULTANCY SERV LT,      3250.70,      3227.40,0.72
G,CIPLA LTD,      1511.60,      1500.90,0.71
G,INFOSYS LIMITED,      1640.40,      1629.80,0.65
G,HDFC LIFE INS CO LTD,       754.85,       750.10,0.63
G,WIPRO LTD,       269.00,       267.35,0.62
G,ADANI PORT & SEZ LTD,      1489.50,      1481.10,0.57
G,LARSEN & TOUBRO LTD.,      4163.40,      4140.40,0.56
G,TATA STEEL LIMITED,       182.88,       181.89,0.54
G,SUN PHARMACEUTICAL IND L,      1728.00,      1721.10,0.40
G,HCL TECHNOLOGIES LTD,      1640.20,      1634.50,0.35
G,TECH MAHINDRA LIMITED,      1612.00,      1607.70,0.27
G,APOLLO HOSPITALS ENTER. L,      7129.50,      7111.50,0.25
G,DR. REDDY S LABORATORIES,      1256.10,      1253.40,0.22
G,GRASIM INDUSTRIES LTD,      2856.40,      2851.70,0.16
G,ETERNAL LIMITED,       284.15,       283.80,0.12
G,BAJAJ FINSERV LTD.,      2038.40,      2037.00,0.07
G,TITAN COMPANY LIMITED,      4051.70,      4049.30,0.06
 , , , , 
L,ITC LTD,       350.05,       363.85,-3.79
L,NESTLE INDIA LIMITED,      1279.70,      1295.00,-1.18
L,KOTAK MAHINDRA BANK LTD,      2195.10,      2217.80,-1.02
L,SHRIRAM FINANCE LIMITED,      1010.35,      1019.70,-0.92
L,AXIS BANK LIMITED,      1266.90,      1274.40,-0.59
L,BAJAJ AUTO LIMITED,      9502.50,      9558.00,-0.58
L,TATA CONSUMER PRODUCT LTD,      1170.70,      1176.90,-0.53
L,BHARTI AIRTEL LIMITED,      2106.30,      2110.40,-0.19
L,EICHER MOTORS LTD,      7334.50,      7348.00,-0.18
L,INTERGLOBE AVIATION LTD,      5106.00,      5110.50,-0.09
L,ULTRATECH CEMENT LIMITED,     11899.00,     11901.00,-0.02
 , , , , 
 ,Nifty Next 50 Sec., , , 
 , , , , 
G,BOSCH LIMITED,     39420.00,     36140.00,9.08
G,POWER FIN CORP LTD.,       375.95,       363.15,3.52
G,REC LIMITED,       380.65,       367.70,3.52
G,CHOLAMANDALAM IN & FIN CO,      1781.10,      1724.00,3.31
G,TATA POWER CO LTD,       393.10,       381.85,2.95
G,HINDUSTAN ZINC LIMITED,       628.80,       611.95,2.75
G,VEDANTA LIMITED,       616.95,       602.65,2.37
G,INDIAN RAILWAY FIN CORP L,       128.48,       125.79,2.14
G,GAIL (INDIA) LTD,       175.38,       171.77,2.10
G,INFO EDGE (I) LTD,      1367.70,      1340.90,2.00
G,CG POWER AND IND SOL LTD,       649.10,       637.90,1.76
G,JSW ENERGY LIMITED,       510.65,       502.00,1.72
G,HAVELLS INDIA LIMITED,      1439.90,      1417.50,1.58
G,BANK OF BARODA,       305.05,       300.75,1.43
G,TVS MOTOR COMPANY  LTD,      3847.80,      3794.40,1.41
G,SOLAR INDUSTRIES (I) LTD,     12336.00,     12166.00,1.40
G,THE INDIAN HOTELS CO. LTD,       748.65,       738.60,1.36
G,ADANI GREEN ENERGY LTD,      1038.80,      1025.90,1.26
G,LODHA DEVELOPERS LIMITED,      1085.70,      1072.80,1.20
G,PUNJAB NATIONAL BANK,       125.35,       123.94,1.14
G,JINDAL STEEL LIMITED,      1080.30,      1068.40,1.11
G,ADANI ENERGY SOLUTION LTD,      1057.90,      1046.40,1.10
G,AMBUJA CEMENTS LTD,       565.40,       559.65,1.03
G,DLF LIMITED,       698.20,       691.40,0.98
G,TORRENT PHARMACEUTICALS L,      3885.30,      3848.40,0.96
G,LIFE INSURA CORP OF INDIA,       860.85,       852.80,0.94
G,ICICI LOMBARD GIC LIMITED,      1973.90,      1956.90,0.87
G,SHREE CEMENT LIMITED,     27045.00,     26835.00,0.78
G,DIVI S LABORATORIES LTD,      6392.50,      6344.00,0.76
G,MAZAGON DOCK SHIPBUIL LTD,      2494.50,      2476.70,0.72
G,PIDILITE INDUSTRIES LTD,      1478.20,      1469.30,0.61
G,ABB INDIA LIMITED,      5205.50,      5176.50,0.56
G,INDIAN OIL CORP LTD,       166.79,       165.88,0.55
G,BAJAJ HOUSING FINANCE LTD,        96.62,        96.11,0.53
G,HINDUSTAN AERONAUTICS LTD,      4417.80,      4397.90,0.45
G,VARUN BEVERAGES LIMITED,       493.80,       491.75,0.42
G,CANARA BANK,       154.87,       154.24,0.41
G,SIEMENS ENERGY INDIA LTD,      2546.70,      2539.00,0.30
G,SIEMENS LTD,      3097.70,      3091.30,0.21
G,ZYDUS LIFESCIENCES LTD,       916.90,       915.05,0.20
G,AVENUE SUPERMARTS LIMITED,      3719.80,      3716.10,0.10
 , , , , 
L,HYUNDAI MOTOR INDIA LTD,      2267.90,      2310.80,-1.86
L,UNITED SPIRITS LIMITED,      1381.60,      1404.20,-1.61
L,BAJAJ HOLDINGS & INVS LTD,     11181.00,     11342.00,-1.42
L,LTIMINDTREE LIMITED,      6067.00,      6112.00,-0.74
L,GODREJ CONSUMER PRODUCTS,      1235.20,      1243.40,-0.66
L,BRITANNIA INDUSTRIES LTD,      5984.50,      6009.50,-0.42
L,ADANI POWER LTD,       148.17,       148.76,-0.40
L,SAMVRDHNA MTHRSN INTL LTD,       122.04,       122.52,-0.39
L,BHARAT PETROLEUM CORP  LT,       381.45,       381.50,-0.01
 , , , , 
 ,OTHER SECURITIES, , , 
 , , , , 
G,SEC RE NCD 9.48% SR V,       444.00,       370.00,20.00
G,ESPRIT STONES LIMITED,        64.80,        54.00,20.00
G,ISF 9.50% 2027,     54000.00,     45000.01,20.00
G,SCL 9.25% 2030 SR IX,      1199.98,       999.99,20.00
G,ROBUST HOTELS LIMITED,       222.08,       185.07,20.00
G,SCL 8.88% 2028 SR V,      1181.85,       984.90,20.00
G,SEC RE NCD 9.80% SR.VII,       853.00,       714.00,19.47
G,TFB 7.37% 2035 SR. 3A,      1357.00,      1139.00,19.14
G,BOND 8.46% TAX FREE S2A,      1299.90,      1099.99,18.17
G,SHALIM PAINTS LTD,        75.37,        64.54,16.78
G,BPL LTD,        66.71,        58.77,13.51
G,SILVER TOUCH TECHNO LTD,      1248.50,      1104.40,13.05
G,SHIVALIC POWER CONTROL L,       112.25,        99.60,12.70
G,KRITI NUTRIENTS LIMITED,        77.20,        68.87,12.10
G,INFOBEANS TECHNO. LTD.,       905.70,       811.10,11.66
G,SJVN LTD,        83.04,        74.74,11.11
G,REMUS PHARMACEUTICALS L,       768.90,       693.35,10.90
G,IDBI BANK LIMITED,       114.73,       103.76,10.57
G,PRANIK LOGISTICS LIMITED,        61.35,        55.50,10.54
G,JAY BHARAT MARUTI LTD,       100.42,        91.02,10.33
G,SONU INFRATECH LIMITED,        79.20,        72.00,10.00
G,LAXMI GOLDORNA HOUSE LTD,       324.60,       295.10,10.00
G,K2 INFRAGEN LIMITED,        75.55,        68.70,9.97
G,KSR FOOTWEAR LIMITED,        23.83,        21.67,9.97
G,LASA SUPERGENERICS LTD,        11.41,        10.38,9.92
G,LINC LIMITED,       117.33,       106.95,9.71
G,KALPATARU LIMITED,       380.75,       347.25,9.65
G,TRANS & RECTI. LTD,       336.40,       307.90,9.26
G,NATURAL CAPSULES LIMITED,       197.67,       181.01,9.20
G,SEC RE NCD 10.25% SR XII,       900.00,       825.25,9.06
G,OLA ELECTRIC MOBILITY LTD,        40.89,        37.52,8.98
G,MM FORGINGS LTD,       394.45,       362.25,8.89
G,HCL INFOSYSTEMS LTD,        14.45,        13.28,8.81
G,SHREE OSFM E-MOBILITY LTD,        85.00,        78.25,8.63
G,SECMARK CONSULTANCY LTD,       123.43,       113.70,8.56
G,NIBE LIMITED,      1236.80,      1141.70,8.33
G,SANDUR MANG & IRON ORES L,       264.71,       244.44,8.29
G,OMAX AUTOS LTD,       107.79,        99.78,8.03
G,VIKAS LIFECARE LIMITED,         1.93,         1.79,7.82
G,TENNECO CLEAN AIR INDIA L,       543.95,       505.00,7.71
G,LYKA LABS LTD,        82.39,        76.59,7.57
G,MINDTECK (INDIA) LIMITED,       220.31,       204.84,7.55
G,ALLCARGO LOGISTICS LTD,        11.44,        10.64,7.52
G,SANDHAR TECHNOLOGIES LTD,       582.70,       542.00,7.51
G,IFB AGRO INDUSTRIES LTD,      1593.60,      1483.80,7.40
G,VERANDA LEARNING SOL LTD,       217.46,       202.52,7.38
G,SWASTIK PIPE LIMITED,        24.65,        23.00,7.17
G,SASTASUNDAR VENTURES LTD,       315.75,       294.90,7.07
G,KAUSHALYA LOGISTICS LTD,        51.40,        48.05,6.97
G,GENERIC ENG CONS PROJ LTD,        43.80,        40.97,6.91
G,NK INDUSTRIES LTD,        69.22,        64.78,6.85
G,GAJANAND INTERNATIONAL L,        10.20,         9.55,6.81
G,ASIAN HOTELS (EAST) LTD,       147.53,       138.33,6.65
G,PARAS PETROFILS LTD.,         1.95,         1.83,6.56
G,JBM AUTO LIMITED,       666.60,       625.65,6.55
G,SADHAV SHIPPING LIMITED,       110.80,       104.00,6.54
G,JYOTI STRUCTURES LTD,        10.18,         9.56,6.49
G,VARVEE GLOBAL LIMITED,       152.23,       143.12,6.37
G,THE BYKE HOSPITALITY LTD,        53.74,        50.55,6.31
G,VIVIANA POWER TECH LTD,       764.05,       718.85,6.29
G,XTGLOBAL INFOTECH LIMITED,        35.68,        33.57,6.29
G,BANDHANAMC - SILVERBND,       240.05,       225.87,6.28
G,CARRARO INDIA LIMITED,       556.40,       523.75,6.23
G,RAMA PHOSPHATES LIMITED,       170.79,       160.78,6.23
G,NLC INDIA LIMITED,       272.00,       256.15,6.19
G,SERVICE CARE LIMITED,        46.75,        44.05,6.13
G,BHANDARI HOSIERY EXP LTD,         4.24,         4.00,6.00
G,SANSERA ENGINEERING LTD,      1871.00,      1765.50,5.98
G,HARDWYN INDIA LIMITED,        17.76,        16.76,5.97
G,HINDUSTAN COMPOSITES LTD.,       451.10,       425.75,5.95
G,ENSER COMMUNICATIONS LTD,        16.95,        16.00,5.94
G,IGARASHI MOTORS INDIA LTD,       464.60,       438.95,5.84
G,INDIAN PHOSPHATE LIMITED,        66.90,        63.25,5.77
G,KSH INTERNATIONAL LIMITED,       373.55,       353.30,5.73
G,ANANT RAJ LIMITED,       584.05,       552.50,5.71
G,BAAZAR STYLE RETAIL LTD,       285.70,       270.40,5.66
G,ARIES AGRO LTD.,       345.45,       327.15,5.59
G,MODISON LIMITED,       160.41,       152.07,5.48
G,TATA CAPITAL LIMITED,       359.10,       340.45,5.48
G,TORRENT POWER LTD,      1399.40,      1327.00,5.46
G,BETA DRUGS LIMITED,      1629.40,      1545.40,5.44
G,BHADORA INDUSTRIES LTD,        77.70,        73.70,5.43
G,UNILEX COLOURS AND CHEM L,        39.00,        37.00,5.41
G,FEDERAL-MOGUL GOETZE (IND,       488.90,       464.10,5.34
G,JAYASWAL NECO INDUSTR LTD,        91.56,        86.93,5.33
G,LUMAX INDUSTRIES LTD,      5341.50,      5071.50,5.32
G,INVENTURE GRO & SEC LTD,         1.20,         1.14,5.26
G,IDENTICAL BRAINS STUDIO L,        23.10,        21.95,5.24
G,INDIAN RENEWABLE ENERGY,       146.64,       139.36,5.22
G,BLUE WATER LOGISTICS LTD,       149.80,       142.40,5.20
G,SKIPPER LIMITED,       452.85,       430.55,5.18
G,NHPC LTD,        83.62,        79.56,5.10
G,PUNJAB & SIND BANK,        29.39,        27.97,5.08
G,TVS HOLDINGS LIMITED,     14626.00,     13921.00,5.06
G,PIRAMAL PHARMA LIMITED,       178.48,       169.88,5.06
G,BLUESTONE JEWEL LFSTL LTD,       500.75,       476.65,5.06
G,SEC RE NCD 9.25% SR.VII,      1051.15,      1000.72,5.04
G,RAVI KUMAR DIST. LTD.,        24.24,        23.08,5.03
G,AETHER INDUSTRIES LIMITED,       944.10,       898.95,5.02
G,GOI LOAN 8.28% 2027,       115.50,       110.00,5.00
G,CEDAAR TEXTILE LIMITED,        60.90,        58.00,5.00
G,PRAKASH STEELAGE LTD,         5.67,         5.40,5.00
G,MAGSON RETAIL AND DIST L,       130.20,       124.00,5.00
G,GK ENERGY LIMITED,       162.14,       154.42,5.00
G,IWARE SUPPLYCHAIN SER LTD,       209.00,       199.05,5.00
G,A B INFRABUILD LIMITED,        18.71,        17.82,4.99
G,TEMBO GLOBAL IND LTD,       607.75,       578.85,4.99
G,NATIONAL ALUMINIUM CO LTD,       330.30,       314.60,4.99
G,DIGJAM LTD,        55.34,        52.71,4.99
G,MADHAV COPPER LIMITED,        78.91,        75.16,4.99
G,JTEKT INDIA LIMITED,       148.16,       141.12,4.99
G,PALRED TECHNOLOGIES LTD,        47.15,        44.91,4.99
G,MANGALAM DRUG & CHEM LTD,        30.32,        28.88,4.99
G,EXIM ROUTES LIMITED,       160.35,       152.75,4.98
G,SIDDHIKA COATINGS LIMITED,       208.00,       198.15,4.97
G,PENTAGON RUBBER LIMITED,        69.80,        66.50,4.96
G,MEDICAMEN ORGANICS LTD,        26.45,        25.20,4.96
G,MEGA FLEX PLASTICS LTD,       127.20,       121.20,4.95
G,CESC LTD,       175.37,       167.10,4.95
G,HRH NEXT SERVICES LIMITED,        29.85,        28.45,4.92
G,ARVIND PORT AND INFRA LTD,        41.60,        39.65,4.92
G,TEAMO PRODUCTIONS HQ LTD,         0.64,         0.61,4.92
G,CONCORD ENVIRO SYSTEMS L,       471.65,       449.55,4.92
G,CADSYS (INDIA) LIMITED,        52.35,        49.90,4.91
G,MANAV INFRA PROJECTS LTD,        30.00,        28.60,4.90
G,SURANA SOLAR LIMITED,        27.87,        26.57,4.89
G,TRUCAP FINANCE LIMITED,         8.38,         7.99,4.88
G,MCON RASAYAN INDIA LTD,        63.40,        60.45,4.88
G,ROLEX RINGS LIMITED,       134.23,       127.99,4.88
G,INDIAN HUME PIPE CO. LTD.,       423.80,       404.10,4.88
G,BELLA CASA FASH AND RET L,       379.50,       361.90,4.86
G,NAVKAR URBANSTRUCTURE LTD,         1.73,         1.65,4.85
G,SHRIRAM PIST. & RING LTD,      3297.20,      3144.80,4.85
G,CARE RATINGS LIMITED,      1688.50,      1610.50,4.84
G,EDELWEISS FIN SERV LTD,       113.92,       108.66,4.84
G,TATVA CHIN PHARM CHEM LTD,      1388.80,      1324.70,4.84
G,PREMIER EXPLOSIVES LTD,       542.20,       517.20,4.83
G,JAMNA AUTO IND LTD,       132.57,       126.52,4.78
G,ADVENT HOTELS INTERNATI L,       235.53,       224.81,4.77
G,GP ECO SOLUTIONS INDIA L,       433.40,       413.70,4.76
G,VILIN BIO MED LIMITED,        20.90,        19.95,4.76
G,FIEM INDUSTRIES LIMITED,      2334.30,      2228.30,4.76
G,SHUBHLAXMI JEWEL ART LTD,        37.50,        35.80,4.75
G,DANGEE DUMS LIMITED,         3.75,         3.58,4.75
G,SIGNORIA CREATION LIMITED,        95.00,        90.70,4.74
G,JKUMAR INFR.LTD.,       602.20,       574.95,4.74
G,SUBROS LIMITED,       902.65,       861.90,4.73
G,REMSONS INDUSTRIES LTD,       126.32,       120.62,4.73
G,SENORES PHARMACEUTICALS L,       865.30,       826.45,4.70
G,TRANSWARRANTY FIN. LTD.,        16.10,        15.38,4.68
G,APTECH LIMITED,        94.02,        89.82,4.68
G,SDL AP 7.71% 2037,        99.18,        94.76,4.66
G,GE POWER INDIA LIMITED,       340.00,       324.85,4.66
G,AUTOMOTIVE AXLES LIMITED,      1969.20,      1881.60,4.66
G,TIRUPATI FORGE LIMITED,        36.27,        34.66,4.65
G,GNA AXLES LIMITED,       317.70,       303.75,4.59
G,REVATHI EQUIPMENT INDIA L,       734.20,       702.00,4.59
G,SUNLITE RECYCLING IND LTD,       340.25,       325.35,4.58
G,GAYATRI RUBB AND CHEM LTD,       385.00,       368.15,4.58
G,DABUR INDIA LTD,       522.60,       499.95,4.53
G,FELIX INDUSTRIES LTD.,       178.05,       170.35,4.52
G,ASPIRE & INNOVATIVE ADV L,        16.20,        15.50,4.52
G,SHREEJI GLOBAL FMCG LTD,       119.35,       114.20,4.51
G,VELS FILM INTERNATIONAL L,        58.00,        55.50,4.50
G,ASHAPURA MINECHEM LTD,       901.00,       862.30,4.49
G,MUNJAL AUTO IND. LTD.,        83.42,        79.85,4.47
G,URAVI DEFENCE &TECH LTD,       188.99,       180.93,4.45
G,RBM INFRACON LIMITED,       434.25,       415.75,4.45
G,CRAYONS ADVERTISING LTD,        40.00,        38.30,4.44
G,GURUNANAK AGRICULTUR IN L,        34.25,        32.80,4.42
G,TECHNO ELEC & ENG CO. LTD,      1111.30,      1064.40,4.41
G,SRI LOTUS DEVLPRS N RTY L,       166.36,       159.36,4.39
G,AJMERA REALTY & INF I LTD,      1001.75,       959.60,4.39
G,SDL GJ 7.63% 2033,       104.15,        99.77,4.39
G,MOSCHIP TECHNOLOGIES LTD,       211.05,       202.19,4.38
G,SYLVAN PLYBOARD (INDIA) L,        62.00,        59.40,4.38
G,TBI CORN LIMITED,        90.85,        87.05,4.37
G,SAT KARTAR SHOPPING LTD,       148.65,       142.45,4.35
G,INSPIRE FILMS LIMITED,        10.85,        10.40,4.33
G,UJJIVAN SMALL FINANC BANK,        55.71,        53.40,4.33
G,RANE (MADRAS) LIMITED,       844.20,       809.25,4.32
G,MANORAMA INDUSTRIES LTD,      1390.80,      1333.30,4.31
G,FIDEL SOFTECH LIMITED,       138.00,       132.30,4.31
G,ANLON HEALTHCARE LIMITED,       154.70,       148.32,4.30
G,TIME TECHNOPLAST LTD.,       196.48,       188.42,4.28
G,SHANKAR LAL RAMPAL LTD,        67.29,        64.53,4.28
G,SHAH ALLOYS LIMITED,        71.68,        68.74,4.28
G,SHIVAM AUTO.LTD,        24.66,        23.65,4.27
G,DCM NOUVELLE LIMITED,       139.37,       133.67,4.26
G,SIRCA PAINT INDIA LIMITED,       503.65,       483.15,4.24
G,DEV INFO TECHNOLOGY LTD,        35.65,        34.20,4.24
G,INOX WIND LIMITED,       128.04,       122.85,4.22
G,ELECON ENG. CO. LTD,       501.00,       480.70,4.22
G,RADIOWALLA NETWORK LTD,        63.00,        60.45,4.22
G,AARON INDUSTRIES LIMITED,       176.50,       169.43,4.17
G,GUJ. APOLLO IND. LTD.,       430.95,       413.70,4.17
G,JAIN RESOURCE RECYCLING L,       422.25,       405.40,4.16
G,TAURIAN MPS LIMITED,       251.00,       241.00,4.15
G,VIKAS ECOTECH LIMITED,         1.77,         1.70,4.12
G,PIRAMAL FINANCE LIMITED,      1712.50,      1645.00,4.10
G,PG ELECTROPLAST LTD,       602.70,       578.95,4.10
G,GSS INFOTECH LIMITED,        17.06,        16.39,4.09
G,INDIAN EMULSIFIERS LTD,        93.00,        89.35,4.09
G,SMS PHARMACEUTICALS LTD.,       326.25,       313.45,4.08
G,NEPHROCARE HEALTH SERV L,       474.40,       455.80,4.08
G,CONFIDENCE PETRO IND LTD.,        37.25,        35.79,4.08
G,AGI INFRA LIMITED,       273.35,       262.75,4.03
G,SMARTEN POWER SYSTEMS LTD,        77.85,        74.85,4.01
G,UTKARSH SMALL FIN BANK L,        15.33,        14.74,4.00
G,GROWWAMC - GROWWSLVR,       228.66,       219.86,4.00
G,TOLINS TYRES LIMITED,       139.11,       133.76,4.00
G,AADHAR HOUSING FINANCE L,       500.55,       481.40,3.98
G,FEDBANK FINANCIAL SER L,       160.60,       154.49,3.95
G,OLECTRA GREENTECH LIMITED,      1248.00,      1200.60,3.95
G,NET AVENUE TECHNOLOGIES L,         3.95,         3.80,3.95
G,NAVNEET EDUCATION LTD,       147.64,       142.04,3.94
G,FORCAS STUDIO LIMITED,       120.00,       115.45,3.94
G,MAHINDRA EPC IRRIG LTD,       133.04,       128.01,3.93
G,VENUS PIPES & TUBES LTD,      1206.80,      1161.20,3.93
G,MISHRA DHATU NIGAM LTD,       355.15,       341.75,3.92
G,IKIO TECHNOLOGIES LIMITED,       185.49,       178.57,3.88
G,ARABIAN PETROLEUM LIMITED,        73.75,        71.00,3.87
G,SOLARA RS. 7 PPD UP,       405.00,       390.00,3.85
G,CONNPLEX CINEMAS LIMITED,       276.75,       266.50,3.85
G,SAHAJ SOLAR LIMITED,       176.85,       170.30,3.85
G,GLOTTIS LIMITED,        61.52,        59.25,3.83
G,RAPID FLEET MGT SERVICE L,       190.00,       183.00,3.83
G,BANCO PRODUCTS (I) LTD,       708.70,       682.60,3.82
G,RHETAN TMT LIMITED,        25.56,        24.62,3.82
G,CHEMPLAST SANMAR LIMITED,       265.80,       256.05,3.81
G,BHARAT WIRE ROPES LTD.,       186.62,       179.81,3.79
G,ONE 97 COMMUNICATIONS LTD,      1340.60,      1291.70,3.79
G,PURV FLEXIPACK LIMITED,        76.90,        74.10,3.78
G,LAXMI INDIA FINANCE LTD,       127.35,       122.72,3.77
G,CRAFTSMAN AUTOMATION LTD,      8013.50,      7722.50,3.77
G,360ONEAMC - SILVER360,       227.05,       218.83,3.76
G,ANAND RATHI SH N STK BR L,       656.45,       632.70,3.75
G,HIGHWAY INFRASTRUCTURE L,        59.89,        57.73,3.74
G,YES BANK LIMITED,        22.29,        21.49,3.72
G,NORTHERN ARC CAPITAL LTD,       259.45,       250.19,3.70
G,GUJARAT GAS LIMITED,       436.30,       420.75,3.70
G,ORCHASP LIMITED,         3.09,         2.98,3.69
G,SHERA ENERGY LIMITED,       134.85,       130.05,3.69
G,GODAVARI BIOREFINERIES L,       299.30,       288.65,3.69
G,GOKUL REFOILS & SOLV LTD,        39.38,        37.98,3.69
G,HINDUSTAN COPPER LTD,       541.90,       522.65,3.68
G,FALCON TECHNOPROJ IND LTD,        15.50,        14.95,3.68
G,INDIA NIPPON ELECT  LTD,       841.70,       811.85,3.68
G,GHCL TEXTILES LIMITED,        76.77,        74.06,3.66
G,NIIT LEARNING SYSTEMS LTD,       414.15,       399.55,3.65
G,BLACKBUCK LIMITED,       699.10,       674.55,3.64
G,NMDC STEEL LIMITED,        45.69,        44.09,3.63
G,RATTANINDIA ENT LIMITED,        42.30,        40.82,3.63
G,PARSVNATH DEVELOPER LTD,        10.58,        10.21,3.62
G,HDFCAMC - HDFCSILVER,       222.97,       215.18,3.62
G,LINCOLN PHARMA LTD,       497.15,       479.80,3.62
G,INTEGRITY INFRABUILD DE L,       136.75,       132.00,3.60
G,QUICKTOUCH TECHNOLOGIES L,        41.75,        40.30,3.60
G,YATHARTH HOSP & TRA C S L,       699.45,       675.20,3.59
G,SILGO RETAIL LIMITED,        80.94,        78.15,3.57
G,KAY CEE ENERGY & INFRA L,       153.10,       147.85,3.55
G,ORISSA MIN DEV CO LTD,      5162.00,      4985.50,3.54
G,KRN HEAT EXCHANGE N REF L,       770.15,       743.85,3.54
G,PAKKA LIMITED,       108.95,       105.24,3.53
G,SUNTECH INFRA SOLUTIONS L,        42.65,        41.20,3.52
G,AKI INDIA LIMITED,         6.79,         6.56,3.51
G,AEROFLEX ENTERPRISES LTD,        87.91,        84.94,3.50
G,RELIANCE POWER LTD.,        35.93,        34.72,3.49
G,ION EXCHANGE (INDIA) LTD,       386.55,       373.55,3.48
G,ACTION CONST EQUIP LTD,       976.80,       943.95,3.48
G,SCL 9.95% 2035 SR XII,      1014.00,       980.00,3.47
G,VIRINCHI LIMITED,        23.90,        23.10,3.46
G,INDIAN BANK,       861.40,       832.60,3.46
G,PHOENIX OVERSEAS LIMITED,        23.95,        23.15,3.46
G,SUZLON ENERGY LIMITED,        54.28,        52.47,3.45
G,HLV LIMITED,         9.60,         9.28,3.45
G,SAMHI HOTELS LIMITED,       185.42,       179.25,3.44
G,PRICOL LIMITED,       683.05,       660.50,3.41
G,SEC RE NCD 10.15% SR I,      1030.00,       996.05,3.41
G,JAY JALARAM TECHNO LTD,       164.25,       158.85,3.40
G,SJS ENTERPRISES LIMITED,      1840.20,      1779.80,3.39
G,LOYAL TEXTILE MILLS LTD,       221.21,       213.95,3.39
G,UTIAMC-SILVERBETA,       224.66,       217.29,3.39
G,CHEMFAB ALKALIS LIMITED,       426.80,       412.80,3.39
G,TATA MOTORS LIMITED,       442.25,       427.75,3.39
G,KERNEX MICROSYS(I) LTD,      1250.80,      1209.80,3.39
G,IIFL FINANCE LIMITED,       641.40,       620.45,3.38
G,SOLARA ACTIVE PHA SCI LTD,       582.05,       563.10,3.37
G,IFGL REFRACTORIES LIMITED,       213.64,       206.69,3.36
G,KAYTEX FABRICS LIMITED,        75.45,        73.00,3.36
G,RACL GEARTECH LIMITED,      1152.10,      1114.80,3.35
G,MOHIT INDUSTRIES LTD,        29.04,        28.10,3.35
G,TATAAML-TATSILV,        22.57,        21.84,3.34
G,SBIAMC - SBISILVER,       227.61,       220.27,3.33
G,GUJARAT MINERAL DEV CORP,       619.45,       599.50,3.33
G,UCO BANK,        30.51,        29.53,3.32
G,VOLTAS LTD,      1430.20,      1384.30,3.32
G,HARIOM PIPE INDUSTRIES L,       395.50,       382.85,3.30
G,ONWARD TECHNOLOGIES LTD,       303.70,       294.00,3.30
G,SUNDARAM CLAYTON LIMITED,      1255.80,      1215.80,3.29
G,CAPITAL TRUST LIMITED,        12.90,        12.49,3.28
G,RATTANINDIA POWER LIMITED,         9.76,         9.45,3.28
G,PEARL GLOBAL IND LIMITED,      1653.70,      1601.20,3.28
G,HP ADHESIVES LIMITED,        42.69,        41.34,3.27
G,SHIGAN QUANTUM TECH LTD,        47.50,        46.00,3.26
G,FCS SOFTWARE SOLN. LTD.,         1.90,         1.84,3.26
G,GOI LOAN   6.92% 2039,       103.35,       100.10,3.25
G,UNIPARTS INDIA LIMITED,       497.05,       481.45,3.24
G,BIRLASLAMC - SILVER,       230.98,       223.75,3.23
G,HONASA CONSUMER LIMITED,       292.75,       283.60,3.23
G,QUESS CORP LIMITED,       215.04,       208.33,3.22
G,NIPPONAMC - NETFSILVER,       221.87,       214.95,3.22
G,ORIENT TECHNOLOGIES LTD,       447.60,       433.70,3.20
G,PETRO CARBON AND CHEMI L,       214.35,       207.70,3.20
G,NETWORK PEOPLE SRV TECH L,      1410.00,      1366.30,3.20
G,ALICON CASTALLOY LIMITED,       847.20,       820.95,3.20
G,PREMIER POLYFILM LTD,        41.91,        40.63,3.15
G,BHARAT BIJLEE LTD,      2759.90,      2675.80,3.14
G,HT MEDIA LIMITED,        23.97,        23.24,3.14
G,DOLAT ALGOTECH LIMITED,        91.54,        88.76,3.13
G,SYRMA SGS TECHNOLOGY LTD,       741.90,       719.40,3.13
G,LENSKART SOLUTIONS LTD,       452.15,       438.50,3.11
G,ZERODHAAMC - SILVERCASE,        23.52,        22.81,3.11
G,CENTRAL BANK OF INDIA,        38.77,        37.60,3.11
G,GUJ IND POW CO. LTD,       162.29,       157.40,3.11
G,KRONOX LAB SCIENCES LTD,       141.78,       137.51,3.11
G,NATH BIO-GENES (I) LTD,       161.14,       156.29,3.10
G,SAATVIK GREEN ENERGY LTD,       388.30,       376.70,3.08
G,PSP PROJECTS LIMITED,       893.40,       866.85,3.06
G,SAMMAAN CAPITAL LIMITED,       148.61,       144.21,3.05
G,DYNEMIC PRODUCTS LIMITED,       255.75,       248.20,3.04
G,FINBUD FINANCIAL SERV LTD,       130.65,       126.80,3.04
G,CPSE ETF,        94.73,        91.94,3.03
G,GP PETROLEUMS LIMITED,        35.79,        34.74,3.02
G,MINDA CORPORATION LTD,       602.50,       584.90,3.01
G,CRISIL LTD,      4458.60,      4328.50,3.01
G,HOLMARC OPTO MECHATRO L,       103.00,       100.00,3.00
G,ICICIPRAMC - ICICISILVE,       231.68,       224.95,2.99
G,AARTECH SOLONICS LIMITED,        48.98,        47.56,2.99
G,CEAT LIMITED,      3887.20,      3774.70,2.98
G,MOTILAL OSWAL FIN LTD,       866.70,       841.65,2.98
G,KANANI INDUSTRIES LTD,         1.74,         1.69,2.96
G,EMUDHRA LIMITED,       576.35,       559.85,2.95
G,S H KELKAR AND CO. LTD.,       181.38,       176.19,2.95
G,HARRISON MALAYALAM LTD,       171.76,       166.85,2.94
G,DENTA WATER N INFRA SOL L,       339.35,       329.65,2.94
G,CORONA REMEDIES LIMITED,      1443.50,      1402.40,2.93
G,ALMONDZ GLOBAL SEC LTD,        18.68,        18.15,2.92
G,COMPUTER AGE MNGT SER LTD,       756.55,       735.10,2.92
G,VASCON ENGINEERS LTD,        46.65,        45.33,2.91
G,HERITAGE FOODS LTD,       465.10,       452.00,2.90
G,RAMKRISHNA FORGINGS LTD,       531.40,       516.45,2.89
G,V-GUARD IND LTD.,       330.75,       321.45,2.89
G,SIGNET INDUSTRIES LIMITED,        55.99,        54.42,2.88
G,DEE DEVELOPMENT ENG LTD,       214.90,       208.91,2.87
G,LANDMARK PR.DEV.CO.LTD,         7.19,         6.99,2.86
G,LLOYDS LUXURIES LIMITED,        72.00,        70.00,2.86
G,AIMTRON ELECTRONICS LTD,       884.00,       859.45,2.86
G,OPTIEMUS INFRACOM LTD,       507.05,       493.05,2.84
G,DSPAMC - DSPSILVETF,       224.19,       218.02,2.83
G,G-TEC JAINX EDUCATION LTD,        24.35,        23.68,2.83
G,SARVESHWAR FOODS LIMITED,         4.73,         4.60,2.83
G,ANMOL INDIA LIMITED,        14.26,        13.87,2.81
G,JINKUSHAL INDUSTRIES LTD,        93.31,        90.76,2.81
G,R R KABEL LIMITED,      1510.50,      1469.30,2.80
G,PTC INDIA LIMITED,       167.39,       162.83,2.80
G,THYROCARE TECH LTD,       459.20,       446.70,2.80
G,D P WIRES LIMITED,       208.10,       202.45,2.79
G,CAPITAL SMALL FIN BANK L,       270.85,       263.50,2.79
G,UNIINFO TELECOM SERVI LTD,        16.24,        15.80,2.78
G,SYNERGY GREEN IND. LTD,       517.80,       503.80,2.78
G,CAPLIN POINT LAB LTD.,      1848.80,      1798.90,2.77
G,DOMS INDUSTRIES LIMITED,      2673.90,      2601.80,2.77
G,ONMOBILE GLOBAL LTD.,        59.36,        57.76,2.77
G,EDELAMC - ESILVER,       231.88,       225.64,2.77
G,ORIENT GREEN POWER CO LTD,        11.90,        11.58,2.76
G,BHEL,       299.50,       291.45,2.76
G,MSTC LIMITED,       528.30,       514.15,2.75
G,INDO TECH TRANSFORM LTD.,      1601.60,      1558.90,2.74
G,MOTILALAMC - MOPSE,       102.58,        99.85,2.73
G,INOX GREEN ENERGY SER LTD,       213.64,       207.96,2.73
G,ARROW GREENTECH LIMITED,       516.05,       502.35,2.73
G,JUBILANT INGREVIA LIMITED,       726.25,       707.00,2.72
G,PNB GILTS LIMITED,        83.38,        81.17,2.72
G,TRUALT BIOENERGY LIMITED,       411.15,       400.30,2.71
G,PRITI INTERNATIONAL LTD,        60.26,        58.67,2.71
G,BIRLANU LIMITED,      1741.10,      1695.20,2.71
G,ADITYA BIRLA FASHION & RT,        78.16,        76.10,2.71
G,BHARAT SEATS LIMITED,       177.60,       172.92,2.71
G,THEMIS MEDICARE LTD.,       102.53,        99.83,2.70
G,EXICOM TELE SYSTEMS LTD,       119.26,       116.12,2.70
G,DIGIKORE STUDIOS LIMITED,        74.20,        72.25,2.70
G,SYNCOM FORMU (I) LTD,        14.46,        14.08,2.70
G,PC JEWELLER LTD,         9.55,         9.30,2.69
G,C P S SHAPERS LIMITED,      1185.00,      1154.00,2.69
G,UNO MINDA LIMITED,      1321.20,      1286.70,2.68
G,MIC ELECTRONICS LTD,        44.82,        43.65,2.68
G,TIMESCAN LOGISTICS IND L,        49.90,        48.60,2.67
G,TRANSRAIL LIGHTING LTD,       572.20,       557.35,2.66
G,EMKAY TAP & CUT. TOOL LTD,       116.00,       113.00,2.65
G,DUDIGITAL GLOBAL LIMITED,        30.95,        30.15,2.65
G,WANBURY LIMITED,       236.01,       229.92,2.65
G,INVICTA DIAGNOSTIC LTD,        79.45,        77.40,2.65
G,AMANTA HEALTHCARE LIMITED,       109.74,       106.91,2.65
G,D-LINK INDIA LTD,       430.65,       419.55,2.65
G,INDOWIND ENERGY LTD,        15.92,        15.51,2.64
G,GODREJ PROPERTIES LTD,      2068.50,      2015.30,2.64
G,SEC RE NCD 10.75% SR XI,       975.00,       950.00,2.63
G,MOTILALAMC - MOSILVER,       228.98,       223.12,2.63
G,KRISHNA INST OF MED SCI L,       632.25,       616.10,2.62
G,DYNAMATIC TECHNOLOGIES,      9503.00,      9261.00,2.61
G,SARDA ENERGY & MIN LTD,       523.00,       509.75,2.60
G,PREMIUM PLAST LIMITED,        39.50,        38.50,2.60
G,INDIAN OVERSEAS BANK,        37.23,        36.29,2.59
G,HAPPY FORGINGS LIMITED,      1185.80,      1155.90,2.59
G,DJ MEDIAPRINT & LOG LTD,        70.46,        68.69,2.58
G,AXISAMC - AXISILVER,       230.91,       225.11,2.58
G,AEROFLEX INDUSTRIES LTD,       197.57,       192.61,2.58
G,FROG INNOVATIONS LIMITED,       163.50,       159.40,2.57
G,MIRAEAMC - MASILVER,       223.69,       218.09,2.57
G,GUJARAT STATE PETRO LTD,       319.95,       311.95,2.56
G,ANTHEM BIOSCIENCES LTD,       654.45,       638.10,2.56
G,RAYMOND LTD,       436.50,       425.60,2.56
G,PENINSULA LAND LIMITED,        25.23,        24.60,2.56
G,DIC INDIA LIMITED,       503.25,       490.70,2.56
G,IFB INDUSTRIES LTD,      1600.20,      1560.30,2.56
G,COSMO FIRST LIMITED,       695.20,       677.90,2.55
G,GUJARAT AMBUJA EXPORTS LT,       137.71,       134.29,2.55
G,VALIANT ORGANICS LIMITED,       278.05,       271.15,2.54
G,GALLANTT ISPAT LIMITED,       552.50,       538.80,2.54
G,PRAXIS HOME RETAIL LTD,         9.28,         9.05,2.54
G,SONA BLW PRECISION FRGS L,       486.35,       474.30,2.54
G,WEIZMANN LTD,        96.49,        94.10,2.54
G,NOVA AGRITECH LIMITED,        39.80,        38.82,2.52
G,CARTRADE TECH LIMITED,      2900.90,      2829.50,2.52
G,VISAMAN GLOBAL SALES LTD,       130.30,       127.10,2.52
G,KIRLOSKAR INDUSTRIES LTD,      3243.00,      3163.40,2.52
G,TREE HOUSE EDU LTD,         8.15,         7.95,2.52
G,ACCENT MICROCELL LIMITED,       348.75,       340.20,2.51
G,SHARDA MOTOR INDS LTD,       965.05,       941.40,2.51
G,EVEREADY INDS. IND.  LTD.,       337.15,       328.90,2.51
G,STOVE KRAFT LIMITED,       592.90,       578.40,2.51
G,ZEE LEARN LIMITED,         7.38,         7.20,2.50
G,BOROSIL LIMITED,       283.50,       276.60,2.49
G,NAHAR INDS ENT LTD,       110.66,       107.97,2.49
G,DEV ACCELERATOR LIMITED,        42.02,        41.00,2.49
G,KIRLOSKAR OIL ENG LTD,      1261.10,      1230.50,2.49
G,GTL INFRA.LTD,         1.24,         1.21,2.48
G,BLUE STAR LIMITED,      1816.10,      1772.20,2.48
G,INNOVANA THINKLABS LTD,       420.55,       410.40,2.47
G,EVEREST INDUSTRIES LTD,       527.95,       515.25,2.46
G,GSM FOILS LIMITED,       208.00,       203.00,2.46
G,WINDSOR MACHINES LIMITED,       273.15,       266.60,2.46
G,SHIPPING CORP OF INDIA LT,       235.08,       229.46,2.45
G,MEDICO REMEDIES LIMITED,        50.37,        49.17,2.44
G,THE STATE TRADING CORPN,       128.15,       125.10,2.44
G,SG FINSERVE LIMITED,       416.45,       406.55,2.44
G,AURIONPRO SOLN LTD,      1086.20,      1060.40,2.43
G,MOTILALAMC - MOGOLD,       134.75,       131.55,2.43
G,SPL INDUSTRIES LIMITED,        34.19,        33.38,2.43
G,N R VANDANA TEX IND LTD,        57.00,        55.65,2.43
G,VALOR ESTATE LIMITED,       120.55,       117.70,2.42
G,MMTC LIMITED,        67.30,        65.71,2.42
G,GODAWARI POW & ISP LTD,       273.05,       266.60,2.42
G,INDOSTAR CAPITAL FIN LTD,       247.25,       241.41,2.42
G,TATA ELXSI LIMITED,      5337.50,      5211.50,2.42
G,LEELA PALACES HOTEL LTD,       445.15,       434.65,2.42
G,SOLARWORLD ENERGY SOL LTD,       280.00,       273.40,2.41
G,SOMANY CERAMICS LIMITED,       403.85,       394.35,2.41
G,CREST VENTURES LIMITED,       397.85,       388.50,2.41
G,MOS UTILITY LIMITED,        23.45,        22.90,2.40
G,W.S.INDUSTRIES (I) LTD.,        92.53,        90.36,2.40
G,LUMAX AUTO TECH LTD,      1655.40,      1616.60,2.40
G,MUTHOOT CAP SERV LTD,       278.80,       272.30,2.39
G,ARISINFRA SOLUTIONS LTD,       131.44,       128.38,2.38
G,SAI LIFE SCIENCES LIMITED,       921.70,       900.25,2.38
G,TAMILNADU NEWSPRT & PAPER,       146.13,       142.73,2.38
G,KALYAN JEWELLERS IND LTD,       495.70,       484.20,2.38
G,SELLOWRAP INDUSTRIES LTD,        79.80,        77.95,2.37
G,MUFIN GREEN FINANCE LTD,       118.79,       116.04,2.37
G,SIS LIMITED,       339.30,       331.45,2.37
G,NORTH EAST CARRY CORP LTD,        18.63,        18.20,2.36
G,ALKEM LABORATORIES LTD.,      5592.50,      5463.50,2.36
G,RESTAURANT BRAND ASIA LTD,        65.04,        63.54,2.36
G,GEECEE VENTURES LIMITED,       323.20,       315.75,2.36
G,SIGACHI INDUSTRIES LTD,        31.34,        30.62,2.35
G,PPAP AUTOMOTIVE LIMITED,       217.07,       212.10,2.34
G,MIRC ELECTRONICS LTD,        28.83,        28.17,2.34
G,DELAPLEX LIMITED,       133.25,       130.20,2.34
G,VAISHALI PHARMA LIMITED,         8.74,         8.54,2.34
G,JYOTHY LABS LIMITED,       284.30,       277.80,2.34
G,MAX INDIA LIMITED,       187.84,       183.56,2.33
G,GROWWAMC - GROWWPOWER,        10.11,         9.88,2.33
G,VL E GOV AND IT SOL LTD,        19.83,        19.38,2.32
G,KELLTON TECH SOL LTD,        18.95,        18.52,2.32
G,JSW CEMENT LIMITED,       123.01,       120.23,2.31
G,WILLIAMSON MAGOR,        31.00,        30.30,2.31
G,NAHAR POLY FILMS LIMITED,       238.31,       232.93,2.31
G,ZUARI AGRO CHEMICALS LTD,       337.35,       329.75,2.30
G,PROTEAN EGOV TECHNO LTD,       768.90,       751.60,2.30
G,PUSHPA JEWELLERS LIMITED,       102.50,       100.20,2.30
G,WHEELS INDIA LTD,       884.70,       864.85,2.30
G,ACCURACY SHIPPING LIMITED,         5.80,         5.67,2.29
G,UCL 10.50% SR V,      1019.99,       997.15,2.29
G,QUALITY POWER ELEC EQUP L,       831.05,       812.45,2.29
G,AFFORD ROBO & AUTO LTD,       208.78,       204.12,2.28
G,KAPSTON SERVICES LIMITED,       307.10,       300.25,2.28
G,REGENCY CERAMICS LTD.,        47.08,        46.03,2.28
G,GARWARE HI-TECH FILMS LTD,      3170.40,      3099.80,2.28
G,SUNDARAM MULTI PAP LTD,         1.80,         1.76,2.27
G,CREDITACCESS GRAMEEN LTD,      1287.70,      1259.10,2.27
G,SANDESH LTD,      1090.20,      1066.00,2.27
G,GOI LOAN   7.37% 2054,       102.77,       100.50,2.26
G,BALKRISHNA IND. LTD,      2368.60,      2316.30,2.26
G,IOL CHEM AND PHARMA LTD,        84.03,        82.18,2.25
G,MUTHOOT MICROFIN LIMITED,       176.37,       172.49,2.25
G,URBAN ENVIRO WASTE MGMT L,       152.45,       149.10,2.25
G,HINDUSTAN MEDIA VENT LTD,        70.10,        68.56,2.25
G,GREENLAM INDUSTRIES LTD.,       247.86,       242.42,2.24
G,SPECTRUM TALENT MGMT LTD,        95.70,        93.60,2.24
G,KOKUYO CAMLIN LIMITED,        92.11,        90.09,2.24
G,PRITIKA AUTO INDUS LTD,        14.15,        13.84,2.24
G,RBZ JEWELLERS LIMITED,       142.49,       139.37,2.24
G,MOREPEN LAB. LTD,        42.03,        41.11,2.24
G,PATEL RETAIL LIMITED,       202.95,       198.51,2.24
G,MAYASHEEL VENTURES LTD,        64.00,        62.60,2.24
G,DIGITIDE SOLUTIONS LTD,       133.50,       130.58,2.24
G,POWER MECH PROJECTS LTD.,      2329.00,      2278.10,2.23
G,VINYAS INNOVATIVE TECH L,      1150.10,      1125.00,2.23
G,HAPPIEST MINDS TECHNO LTD,       466.10,       455.95,2.23
G,BEDMUTHA INDUST LTD,       111.42,       109.00,2.22
G,SANATHAN TEXTILES LIMITED,       442.00,       432.40,2.22
G,SNOWMAN LOGISTICS LTD.,        40.98,        40.09,2.22
G,ARCHIDPLY DECOR LIMITED,        79.23,        77.51,2.22
G,NAHAR CAP & FIN.,       259.10,       253.50,2.21
G,TSF INVESTMENTS LIMITED,       458.90,       449.00,2.20
G,MMP INDUSTRIES LIMITED,       271.95,       266.10,2.20
G,CANARA HSBC LIFE INS CO L,       149.70,       146.48,2.20
G,SRI HAVISHA HOSP & INFR L,         1.86,         1.82,2.20
G,MIRAEAMC - ENERGY,        36.33,        35.55,2.19
G,SAGAR CEMENTS LIMITED,       218.15,       213.47,2.19
G,GULSHAN POLYOLS LIMITED,       143.40,       140.34,2.18
G,GOPAL SNACKS LIMITED,       319.45,       312.65,2.17
G,INTENSE TECHNOLOGIES LTD,       118.46,       115.94,2.17
G,VCCL 11.8% 2027 SR B,    102000.00,     99838.36,2.17
G,BIRLASLAMC-ABSLPSE,        10.41,        10.19,2.16
G,JAI BALAJI INDUSTRIES LTD,        72.61,        71.08,2.15
G,SHREE TIRUPATI BALAJEE L,        40.35,        39.50,2.15
G,EMAMI REALTY LIMITED,        82.19,        80.46,2.15
G,THE INDIA CEMENTS LIMITED,       445.40,       436.05,2.14
G,ERIS LIFESCIENCES LIMITED,      1533.50,      1501.40,2.14
G,NCL INDUSTRIES LIMITED,       207.50,       203.16,2.14
G,RASHTRIYA CHEMICALS & FER,       149.19,       146.07,2.14
G,BANARAS BEADS LTD,       127.40,       124.74,2.13
G,KIRLOSKAR BROTHERS LTD,      1645.10,      1610.80,2.13
G,BEST AGROLIFE LIMITED,       390.30,       382.20,2.12
G,ALL E TECHNOLOGIES LTD,       219.30,       214.75,2.12
G,GLOBAL HEALTH LIMITED,      1217.10,      1191.90,2.11
G,B&B TRIPLEWALL CONT LTD,       193.68,       189.67,2.11
G,AKG EXIM LIMITED,        12.56,        12.30,2.11
G,MOTILALAMC - MOENERGY,        36.26,        35.51,2.11
G,ZF COM VE CTR SYS IND LTD,     15040.00,     14729.00,2.11
G,ASHOK LEYLAND LTD,       188.78,       184.88,2.11
G,VIRTUAL GALAXY INFOTECH L,       155.05,       151.85,2.11
G,GARUDA CONSTRUCT N ENG L,       195.29,       191.26,2.11
G,THOMAS SCOTT (INDIA) LTD,       358.70,       351.30,2.11
G,KHANDWALA SECURITIES LTD,        21.42,        20.98,2.10
G,NDR AUTO COMPONENTS LTD,       821.85,       805.00,2.09
G,2.50%GOLDBONDS2027SR-V,     15200.00,     14888.50,2.09
G,SEC RE NCD 9.65% SR.VII,       625.00,       612.20,2.09
G,SARTHAK METALS LIMITED,        86.48,        84.71,2.09
G,ANDHRA CEMENTS LIMITED,        67.02,        65.65,2.09
G,SOM DIST & BREW LTD,       109.35,       107.12,2.08
G,LAXMI COTSPIN LIMITED,        19.13,        18.74,2.08
G,EMCURE PHARMACEUTICALS L,      1430.90,      1401.80,2.08
G,PARAGON FINE S.C. LTD.,        41.85,        41.00,2.07
G,VENKY S (INDIA) LIMITED,      1606.20,      1573.70,2.07
G,CAMLIN FINE SCIENCES LTD,       149.85,       146.83,2.06
G,K.P. ENERGY LIMITED,       357.50,       350.30,2.06
G,SAREGAMA INDIA LIMITED,       357.95,       350.75,2.05
G,AMEYA PRECISION ENG LTD,       102.00,        99.95,2.05
G,NIP IND ETF HANGSENG BEES,       507.37,       497.21,2.04
G,AKSHAR SPINTEX LIMITED,         0.50,         0.49,2.04
G,ROUTE MOBILE LIMITED,       710.35,       696.15,2.04
G,AUSOM ENTERPRISE LIMITED,       110.63,       108.42,2.04
G,2.50%GOLDBONDS2032SR-IV,     16332.42,     16006.30,2.04
G,JINDAL WORLDWIDE LTD,        29.59,        29.00,2.03
G,S CHAND AND COMPANY LTD,       159.04,       155.87,2.03
G,UNION BANK OF INDIA,       156.70,       153.58,2.03
G,SHIPPING CORP OF ILA LTD,        48.22,        47.26,2.03
G,NIP IND ETF PSU BANK BEES,        97.20,        95.27,2.03
G,OBEROI REALTY LIMITED,      1730.00,      1695.90,2.01
G,DE NEERS TOOLS LIMITED,       153.00,       150.00,2.00
G,KARNIKA INDUSTRIES LTD,       119.90,       117.55,2.00
G,MOIL LIMITED,       375.20,       367.85,2.00
G,NTPC GREEN ENERGY LIMITED,        97.11,        95.21,2.00
G,DOCMODE HEALTH TECH LTD,        74.15,        72.70,1.99
G,DUCON INFRATECHNOLOGIES L,         3.58,         3.51,1.99
G,HBL ENGINEERING LTD,       937.55,       919.30,1.99
G,QUADRANT FUTURE TEK LTD,       336.95,       330.40,1.98
G,BEW ENGINEERING LIMITED,       123.75,       121.35,1.98
G,MARCO CABLE & CONDUCTOR L,        38.75,        38.00,1.97
G,NIPPON L I A M LTD,       892.30,       875.05,1.97
G,KONTOR SPACE LIMITED,        67.30,        66.00,1.97
G,RATNAVEER PRECISION ENG L,       155.92,       152.91,1.97
G,ALLIED DIGITAL SERV. LTD,       155.46,       152.46,1.97
G,AVADH SUG & ENERGY LTD,       373.60,       366.40,1.97
G,EMMBI INDUSTRIES LIMITED,       100.30,        98.37,1.96
G,FIRSTSOURCE SOLU. LTD.,       340.55,       334.00,1.96
G,TEERTH GOPICON LIMITED,        78.15,        76.65,1.96
G,KSOLVES INDIA LIMITED,       290.00,       284.45,1.95
G,TARC LIMITED,       176.29,       172.92,1.95
G,RISHABH INSTRUMENTS LTD,       434.20,       425.90,1.95
G,IRIS REGTECH SOLUTION LTD,       313.90,       307.90,1.95
G,GLOBE CIVIL PROJECTS LTD,        60.45,        59.30,1.94
G,AKASH INFRA-PROJECTS LTD,        25.76,        25.27,1.94
G,SHOPPERS STOP LIMITED,       389.30,       381.90,1.94
G,GEOJIT FINANCIAL SER L,        75.77,        74.33,1.94
G,BOND 8.76%PA TF TR-I S 3A,      6100.00,      5984.10,1.94
G,HLE GLASCOAT LIMITED,       449.15,       440.65,1.93
G,MBL INFRASTRUCTURE LTD,        32.25,        31.64,1.93
G,METROPOLIS HEALTHCARE LTD,      1933.30,      1896.80,1.92
G,XPRO INDIA LIMITED,       980.05,       961.55,1.92
G,YASONS CHEMEX CARE LTD,        13.25,        13.00,1.92
G,ANUH PHARMA LIMITED,        80.20,        78.69,1.92
G,DIVINE HIRA JEWELLERS LTD,       239.20,       234.70,1.92
G,DYNAMIC CABLES LIMITED,       343.10,       336.65,1.92
G,BANSAL WIRE INDUSTRIES L,       311.25,       305.40,1.92
G,SBI CARDS & PAY SER LTD,       875.95,       859.50,1.91
G,KEN ENTERPRISES LIMITED,        45.40,        44.55,1.91
G,KOTAKMAMC - KOTAKSILVE,       225.49,       221.27,1.91
G,FINE ORGANIC IND. LTD.,      4184.80,      4106.50,1.91
G,VETO SWITCHGEAR CABLE LTD,       114.38,       112.24,1.91
G,FABTECH TECHNOLOGIES LTD,       198.18,       194.48,1.90
G,MOTHERSON SUMI WRNG IND L,        49.85,        48.92,1.90
G,SOBHA LIMITED,      1490.60,      1462.80,1.90
G,STUDDS ACCESSORIES LTD,       542.20,       532.10,1.90
G,MOKSH ORNAMENTS LIMITED,        14.51,        14.24,1.90
G,BLACK BOX LIMITED,       557.40,       547.05,1.89
G,GLENMARK PHARMACEUTICALS,      2064.50,      2026.20,1.89
G,DCM FINANCIAL SERVICES LT,         5.40,         5.30,1.89
G,SENCO GOLD LIMITED,       324.25,       318.25,1.89
G,BANG OVERSEAS LTD.,        48.17,        47.28,1.88
G,INDOGULF CROPSCIENCES LTD,        84.02,        82.47,1.88
G,INDBANK MERCH BANK,        35.24,        34.59,1.88
G,AUROBINDO PHARMA LTD,      1215.40,      1193.00,1.88
G,B.A.G.CONVERGENCE LIMITED,       122.25,       120.00,1.88
G,UNS RED NCD 9.15% SR.IX,      1034.00,      1015.00,1.87
G,TRUST FINTECH LIMITED,        49.00,        48.10,1.87
G,ON DOOR CONCEPTS LIMITED,       117.15,       115.00,1.87
G,KAJARIA CERAMICS LTD,       980.85,       962.85,1.87
G,SUDARSHAN CHEMICAL INDS L,       960.00,       942.40,1.87
G,KIRLOSKAR PNEUMATIC COM L,      1058.60,      1039.20,1.87
G,JINDAL SAW LIMITED,       170.58,       167.46,1.86
G,MAHENDRA REALTO & INFRA L,        51.95,        51.00,1.86
G,AXISAMC - AXISVALUE,        32.28,        31.69,1.86
G,NEPHRO CARE INDIA LIMITED,       112.30,       110.25,1.86
G,SEC RE NCD 10.40% SR III,       999.20,       980.98,1.86
G,PARKHOTELS,       135.08,       132.62,1.85
G,BRIGADE HOTEL VENTURE LTD,        68.70,        67.45,1.85
G,KARMA ENERGY LIMITED,        49.59,        48.69,1.85
G,HATHWAY CABLE & DATACOM,        12.68,        12.45,1.85
G,MOTILALAMC - MOINFRA,        61.38,        60.27,1.84
G,NAZARA TECHNOLOGIES LTD,       285.15,       280.00,1.84
G,HINDUSTAN CONSTRUCTION CO,        19.39,        19.04,1.84
G,AARADHYA DISPOSAL INDUS L,       122.00,       119.80,1.84
G,DHUNSERI VENTURES LIMITED,       283.40,       278.30,1.83
G,ENGINEERS INDIA LTD,       206.40,       202.69,1.83
G,SAGILITY LIMITED,        52.97,        52.02,1.83
G,SUMIT WOODS LIMITED,        65.32,        64.15,1.82
G,APEX FROZEN FOODS LIMITED,       295.95,       290.65,1.82
G,2.50%GOLDBONDS2030SR-IX,     15252.48,     14980.00,1.82
G,CHEMBOND CHEMICAL LIMITED,       152.88,       150.15,1.82
G,TATA TECHNOLOGIES LIMITED,       655.95,       644.25,1.82
G,TAMILNAD MERCA BANK LTD,       527.80,       518.40,1.81
G,NUVOCO VISTAS CORP LTD,       356.55,       350.20,1.81
G,LIC HOUSING FINANCE LTD,       545.55,       535.85,1.81
G,SANGHI INDUSTRIES LTD,        66.58,        65.40,1.80
G,ORIENT PAPER AND INDS LTD,        23.14,        22.73,1.80
G,AEGIS LOGISTICS LIMITED,       726.15,       713.30,1.80
G,PRAJ INDUSTRIES LTD,       325.45,       319.70,1.80
G,VISAKA INDUSTRIES LIMITED,        72.02,        70.75,1.80
G,TRAVEL FOOD SERVICES LTD,      1179.60,      1158.80,1.79
G,SERVOTECH REN POW SYS LTD,        79.98,        78.57,1.79
G,ALBERT DAVID LIMITED,       752.70,       739.50,1.78
G,SAKTHI SUGARS LTD,        19.39,        19.05,1.78
G,MAS FINANCIAL SERV LTD,       325.30,       319.60,1.78
G,GRAPHITE INDIA LTD,       659.70,       648.15,1.78
G,MIRAEAMC - BANKPSU,        87.50,        85.97,1.78
G,FORCE MOTORS LIMITED,     21230.00,     20860.00,1.77
G,HIMADRI SPECIALITY CHEM L,       494.00,       485.40,1.77
G,MODI RUBBER LTD,       141.14,       138.69,1.77
G,THE SOUTH INDIAN BANK LTD,        38.60,        37.93,1.77
G,NDL VENTURES LIMITED,        89.89,        88.33,1.77
G,TRF LIMITED,       305.55,       300.25,1.77
G,TANLA PLATFORMS LIMITED,       530.50,       521.30,1.76
G,VISHWARAJ SUGAR IND LTD,         6.92,         6.80,1.76
G,2.50%GOLDBONDS2031SR-IV,     15586.08,     15316.21,1.76
G,KCK INDUSTRIES LTD,        26.00,        25.55,1.76
G,MANKIND PHARMA LIMITED,      2202.70,      2164.60,1.76
G,CHAMAN LAL SETIA EXP LTD,       268.90,       264.25,1.76
G,VINSYS IT SERVICES IND LT,       361.75,       355.50,1.76
G,ORIENT CERATECH LIMITED,        55.07,        54.12,1.76
G,SHEMAROO ENTER. LTD.,       109.20,       107.32,1.75
G,GROWWAMC - GROWWRAIL,        36.03,        35.41,1.75
G,UNICOMMERCE ESOLUTIONS L,       121.05,       118.97,1.75
G,RANE HOLDINGS LIMITED,      1399.40,      1375.40,1.74
G,STERLING TOOLS LIMITED,       280.15,       275.35,1.74
G,PRIMO CHEMICALS LIMITED,        23.93,        23.52,1.74
G,HONEYWELL AUTOMATION IND,     33625.00,     33050.00,1.74
G,HITACHI ENERGY INDIA LTD,     18803.00,     18482.00,1.74
G,UCAL LIMITED,       110.84,       108.95,1.73
G,KUANTUM PAPERS LIMITED,        93.34,        91.75,1.73
G,360 ONE WAM LIMITED,      1200.10,      1179.70,1.73
G,RKEC PROJECTS LIMITED,        54.72,        53.79,1.73
G,ICICIPRAMC - VAL30IETF,        15.30,        15.04,1.73
G,RBL BANK LIMITED,       320.75,       315.30,1.73
G,CUBEX TUBINGS LTD,       121.50,       119.44,1.72
G,INFOMEDIA PRESS LIMITED,         6.51,         6.40,1.72
G,DWARIKESH SUGAR IND LTD,        37.88,        37.24,1.72
G,GREENPLY INDUSTRIES LTD,       272.85,       268.25,1.71
G,2.50%GOLDBONDS2028SR-VII,     14666.87,     14420.17,1.71
G,RANA SUGARS LTD.,        12.49,        12.28,1.71
G,KOTAK PSU BANK,       868.98,       854.37,1.71
G,VISHNU CHEMICALS LIMITED,       559.90,       550.50,1.71
G,RUSHIL DECOR LIMITED,        23.23,        22.84,1.71
G,MEGATHERM INDUCTION LTD,       229.50,       225.65,1.71
G,NESCO LTD.,      1245.90,      1225.00,1.71
G,AESTHETIK ENGINEERS LTD,        89.50,        88.00,1.70
G,DAM CAPITAL ADVISORS LTD,       219.12,       215.45,1.70
G,MUNJAL SHOWA LTD,       125.40,       123.30,1.70
G,GLOBESECURE TECHNO LTD,        14.95,        14.70,1.70
G,INVESCO INDIA GOLD ETF,     11787.90,     11590.95,1.70
G,MUKAND LTD.,       138.81,       136.50,1.69
G,OSWAL GREENTECH LIMITED,        33.69,        33.13,1.69
G,ISF 9.50% 2027,      9895.45,      9731.00,1.69
G,BOSS PACKAGING SOLU LTD,        45.15,        44.40,1.69
G,CAPITAL INDIA FINANCE LTD,        34.92,        34.34,1.69
G,HSG & URBAN DEV CORPN LTD,       231.42,       227.58,1.69
G,DECCAN TRANSCON LEASING L,        24.15,        23.75,1.68
G,HI-TECH PIPES LIMITED,        94.89,        93.32,1.68
G,SEC RE NCD 0% SR.VII,      1419.95,      1396.51,1.68
G,2.5%GOLDBONDS2029SR-I,     14778.08,     14534.41,1.68
G,ASIAN ENERGY SERVICES LTD,       288.10,       283.35,1.68
G,JAYKAY ENTERPRISES LTD,       191.07,       187.93,1.67
G,WINSOL ENGINEERS LIMITED,       161.30,       158.65,1.67
G,J B CHEMICALS AND PHARMA,      1850.40,      1820.00,1.67
G,BOROSIL RENEWABLES LTD,       547.95,       538.95,1.67
G,2.50%GOLDBONDS2030SR-I,     15210.00,     14960.46,1.67
G,USHA MARTIN LTD.,       451.30,       443.90,1.67
G,NELCAST LIMITED,       105.66,       103.93,1.66
G,PRUDENT CORP ADV SER LTD,      2594.00,      2551.60,1.66
G,AZAD ENGINEERING LIMITED,      1652.80,      1625.80,1.66
G,WEWORK INDIA MANAGEMENT L,       618.55,       608.45,1.66
G,LE MERITE EXPORTS LIMITED,       477.95,       470.15,1.66
G,HIMATSINGKA SEIDE LTD,       114.60,       112.73,1.66
G,DOLLEX AGROTECH LIMITED,        39.85,        39.20,1.66
G,RAYMOND LIFESTYLE LIMITED,      1036.40,      1019.50,1.66
G,THE GROB TEA COMPANY LTD,       999.05,       982.90,1.64
G,SHIVALIK BIMETAL CON. LTD,       433.50,       426.50,1.64
G,RAYMOND REALTY LIMITED,       529.95,       521.40,1.64
G,THE PHOENIX MILLS LTD,      1903.40,      1872.70,1.64
G,S A TECH SOFTWARE INDIA L,        56.00,        55.10,1.63
G,REFRACTORY SHAPES LIMITED,        56.00,        55.10,1.63
G,WONDER ELECTRICALS LTD,       153.75,       151.28,1.63
G,TD POWER SYSTEMS LTD.,       684.75,       673.75,1.63
G,ICICIPRAMC - ICICICOMMO,        98.98,        97.39,1.63
G,MEDISTEP HEALTHCARE LTD,        24.95,        24.55,1.63
G,POLYCAB INDIA LIMITED,      7798.00,      7673.00,1.63
G,GOI LOAN 8.83% 2041,       125.00,       123.00,1.63
G,RAJOO ENGINEERS LIMITED,        64.42,        63.39,1.62
G,SURYODAY SMALL FIN BK LTD,       143.96,       141.66,1.62
G,SIMPLEX INFRASTRUCTURES L,       251.48,       247.47,1.62
G,DSPAMC - DSPPSBKETF,        87.44,        86.05,1.62
G,VISAGAR POLYTEX LTD,         0.63,         0.62,1.61
G,VINNY OVERSEAS LIMITED,         1.26,         1.24,1.61
G,LAKSHYA POWERTECH LIMITED,       126.00,       124.00,1.61
G,VIJAYA DIAGNOSTIC CEN LTD,      1059.20,      1042.40,1.61
G,INOX INDIA LIMITED,      1130.80,      1112.90,1.61
G,ENVIRO INFRA ENGINEERS L,       206.75,       203.48,1.61
G,MAZDA LIMITED,       223.21,       219.68,1.61
G,ELGI EQUIPMENTS LTD,       483.80,       476.15,1.61
G,ROLLATAINERS LIMITED,         1.27,         1.25,1.60
G,MATRIMONY.COM LIMITED,       550.35,       541.70,1.60
G,PRIME FOCUS LIMITED,       232.98,       229.32,1.60
G,WHIRLPOOL OF INDIA LTD,       904.55,       890.35,1.59
G,MIRAEAMC - METAL,        11.48,        11.30,1.59
G,2.50%GOLDBONDS2028SR-II,     14639.86,     14410.86,1.59
G,MEGHMANI ORGANICS LIMITED,        64.73,        63.72,1.59
G,INDO-NATIONAL LIMITED,       413.65,       407.20,1.58
G,NILA INFRASTRUCTURES LTD,         9.64,         9.49,1.58
G,FORTIS HEALTHCARE LTD,       914.75,       900.55,1.58
G,ZEE MEDIA CORPORATION LTD,         9.02,         8.88,1.58
G,STL GLOBAL LIMITED,        12.90,        12.70,1.57
G,CORAL INDIA FIN & HOUS LT,        40.65,        40.02,1.57
G,ARCHEAN CHEMICAL IND LTD,       562.70,       554.00,1.57
G,PTC INDIA FIN SERV LTD,        34.28,        33.75,1.57
G,HERO MOTOCORP LIMITED,      5933.00,      5841.50,1.57
G,AKSH OPTIFIBRE LIMITED,         6.49,         6.39,1.56
G,BALAJI TELEFILMS LIMITED.,       107.30,       105.65,1.56
G,SAHANA SYSTEM LIMITED,       838.90,       826.00,1.56
G,ZYDUS WELLNESS LIMITED,       471.50,       464.25,1.56
G,POLY MEDICURE LIMITED,      1769.70,      1742.50,1.56
G,FINOLEX INDUSTRIES LTD,       178.51,       175.77,1.56
G,NIIT LIMITED,        92.65,        91.23,1.56
G,DATAMATICS GLOBAL SER LTD,       805.80,       793.45,1.56
G,NETWORK18 MEDIA & INV LTD,        43.78,        43.11,1.55
G,GOYAL ALUMINIUMS LIMITED,         7.19,         7.08,1.55
G,PNC INFRATECH LTD.,       255.15,       251.25,1.55
G,VODAFONE IDEA LIMITED,        11.78,        11.60,1.55
G,KOTHARI SUG & CHEM LTD.,        27.50,        27.08,1.55
G,ICICIPRAMC - PSUBANKICI,        87.78,        86.44,1.55
G,ICICIPRAMC - EVIETF,        32.17,        31.68,1.55
G,BIOFIL CHEM & PHARMA LTD,        33.49,        32.98,1.55
G,2.50%GOLDBONDS2028SR-IX,     14926.85,     14700.00,1.54
G,IND TERRAIN FASHIONS LTD,        34.90,        34.37,1.54
G,IRB INFRA DEV LTD.,        42.81,        42.16,1.54
G,BHAGERIA INDUSTRIES LTD,       183.41,       180.63,1.54
G,SEC RE NCD 9.71% SR VIII,       994.00,       979.00,1.53
G,ELLENBARRIE INDUS GASES L,       341.60,       336.45,1.53
G,ZOTA HEALTH CARE LIMITED,      1543.40,      1520.20,1.53
G,GRM OVERSEAS LIMITED,       163.92,       161.46,1.52
G,KRITIKA WIRES LIMITED,         7.33,         7.22,1.52
G,PICCADILY AGRO INDUSTRI L,       613.75,       604.55,1.52
G,KAUSHALYA INFRA DEV LTD.,       876.25,       863.15,1.52
G,BANK OF INDIA,       149.22,       146.99,1.52
G,FUSION FINANCE LIMITED,       161.95,       159.53,1.52
G,PANAMA PETROCHEM LTD,       311.55,       306.90,1.52
G,SIGNPOST INDIA LIMITED,       223.70,       220.38,1.51
G,ATLANTA ELECTRICALS LTD,       907.35,       893.90,1.50
G,ICICIPRAMC - METALIETF,        11.48,        11.31,1.50
G,KREBS BIOCHEMICALS & IND,        70.97,        69.92,1.50
G,MOLD-TEK PACKAGING LTD,       615.25,       606.15,1.50
G,INDUSTRIAL INV TRUST LTD,       167.09,       164.62,1.50
G,SAFE ENTER RETAIL FIX LTD,       263.90,       260.00,1.50
G,UNIHEALTH HOSPITALS LTD,       311.60,       307.00,1.50
G,NAVA LIMITED,       573.45,       565.00,1.50
G,LYPSA GEMS & JEWEL LTD,         5.44,         5.36,1.49
G,2.50%GOLDBONDS2028SR-IV,     14652.33,     14437.04,1.49
G,OIL COUNTRY TUBULAR LTD,        61.96,        61.05,1.49
G,GROWWAMC - GROWWEV,        32.03,        31.56,1.49
G,MANGAL ELECTRICAL IND L,       375.75,       370.25,1.49
G,BOSCH HOME COMFRT IND LTD,      1442.60,      1421.50,1.48
G,DCX SYSTEMS LIMITED,       193.56,       190.73,1.48
G,JUBILANT AGRI N CON PRO L,      2302.60,      2269.00,1.48
G,MIRAEAMC - DIVIDEND,        37.01,        36.47,1.48
G,MAN INFRA LTD,       129.57,       127.68,1.48
G,AIA ENGINEERING LIMITED,      4089.70,      4030.10,1.48
G,VMS TMT LIMITED,        54.91,        54.11,1.48
G,KHADIM INDIA LIMITED,       184.83,       182.14,1.48
G,KOTHARI PETROCHEM LTD,       132.24,       130.32,1.47
G,ADITYA BIRLA MONEY LTD,       144.65,       142.55,1.47
G,DEEPAK FERTILIZERS & PETR,      1261.80,      1243.50,1.47
G,SAURASHTRA CEMENT LIMITED,        83.55,        82.34,1.47
G,BSE LIMITED,      2666.50,      2628.00,1.46
G,ESCONET TECHNOLOGIES LTD,       138.70,       136.70,1.46
G,2.5%GOLDBONDS2028SR-III,     14606.62,     14396.15,1.46
G,PELATRO LIMITED,       355.00,       349.90,1.46
G,SAMBHV STEEL TUBES LTD,        97.53,        96.13,1.46
G,SESHAASAI TECHNOLOGIES L,       282.25,       278.20,1.46
G,TRIB BHIMJI ZAVERI LTD,       167.28,       164.88,1.46
G,SATI POLY PLAST LIMITED,        62.85,        61.95,1.45
G,DREAMFOLKS SERVICES LTD,       108.99,       107.43,1.45
G,TRACXN TECHNOLOGIES LTD,        40.53,        39.95,1.45
G,NATIONAL FERT. LTD,        91.66,        90.35,1.45
G,VIMTA LABS LIMITED,       610.20,       601.50,1.45
G,CHOICE INTERNATIONAL LTD,       850.30,       838.20,1.44
G,FIBERWEB INDIA LIMITED,        36.57,        36.05,1.44
G,IZMO LIMITED,       819.80,       808.15,1.44
G,JK PAPER LIMITED,       358.95,       353.85,1.44
G,3I INFOTECH LIMITED,        16.90,        16.66,1.44
G,CONTAINER CORP OF IND LTD,       531.80,       524.25,1.44
G,AIRAN LIMITED,        18.32,        18.06,1.44
G,ORIENT ELECTRIC LIMITED,       176.89,       174.38,1.44
G,NEULAND LAB LTD.,     15276.00,     15060.00,1.43
G,INDUS TOWERS LIMITED,       442.05,       435.80,1.43
G,DE NORA INDIA LIMITED,       693.85,       684.05,1.43
G,ENTERTAIN NET. IND. LTD.,       114.05,       112.44,1.43
G,BALKRISHNA PAPER MILLS L,        18.47,        18.21,1.43
G,2.50%GOLDBONDS2030SR-III,     15462.62,     15245.03,1.43
G,INDIA PESTICIDES LIMITED,       176.96,       174.47,1.43
G,SUPREME INDUSTRIES LTD,      3534.10,      3484.40,1.43
G,GOI LOAN  5.85% 2030,        98.89,        97.50,1.43
G,INTELLECT DESIGN ARENA,       961.25,       947.75,1.42
G,R.P.P INFRA PROJECTS LTD,       101.90,       100.47,1.42
G,ALPHAGEO (INDIA) LIMITED,       229.64,       226.42,1.42
G,UNSERENCD9.1%SRIIICIII&IV,      1070.00,      1055.00,1.42
G,J.G.CHEMICALS LIMITED,       357.35,       352.35,1.42
G,SASKEN TECHNOLOGIES LTD,      1545.40,      1523.80,1.42
G,E2E NETWORKS LIMITED,      2027.50,      1999.20,1.42
G,BLUSPRING ENTERPRISES LTD,        65.97,        65.05,1.41
G,MOTILALAMC - MOREALTY,        89.69,        88.44,1.41
G,CENTRAL DEPO SER (I) LTD,      1466.60,      1446.20,1.41
G,SAKUMA EXPORTS LIMITED,         2.16,         2.13,1.41
G,SHEEL BIOTECH LIMITED,        72.00,        71.00,1.41
G,PATEL ENGINEERING LTD.,        28.82,        28.42,1.41
G,FRESHARA AGRO EXPORTS LTD,       176.65,       174.20,1.41
G,RAILTEL CORP OF IND LTD,       376.15,       370.95,1.40
G,GROWWAMC - GROWWMETAL,        10.86,        10.71,1.40
G,MOTOR & GENERAL FINANCE L,        23.18,        22.86,1.40
G,ICICIPRAMC - BHARATIWIN,       119.10,       117.46,1.40
G,ZENITH DRUGS LIMITED,        51.10,        50.40,1.39
G,2.5%GOLDBONDS2029SR-III,     14698.00,     14496.84,1.39
G,PLASTIBLENDS INDIA LTD,       166.03,       163.76,1.39
G,MURUDESHWAR CERAMICS LTD,        35.13,        34.65,1.39
G,PCBL CHEMICAL LIMITED,       300.35,       296.25,1.38
G,STL NETWORKS LIMITED,        22.74,        22.43,1.38
G,PATEL INT. LOG. LTD,        13.94,        13.75,1.38
G,SBIAMC - SBIBPB,        50.64,        49.95,1.38
G,MANBA FINANCE LIMITED,       141.94,       140.01,1.38
G,INDUSIND BANK LIMITED,       902.45,       890.20,1.38
G,PLAZA WIRES LIMITED,        42.07,        41.50,1.37
G,C2C ADVANCED SYSTEMS LTD,       476.55,       470.10,1.37
G,STRLNG & WIL REN ENE LTD,       217.96,       215.01,1.37
G,KOTAKMAMC - MID150,        22.92,        22.61,1.37
G,VIP INDUSTRIES LTD,       388.45,       383.20,1.37
G,ANTONY WASTE HDG CELL LTD,       492.65,       486.00,1.37
G,UTIAMC-MIDCAPBETA,       228.37,       225.30,1.36
G,2.50%GOLDBONDS2029SR-XII,     14672.20,     14475.15,1.36
G,MADRAS FERTILISERS LTD,        80.65,        79.57,1.36
G,VISHNU PRAKASH R PUNGLI L,        50.84,        50.16,1.36
G,AERON COMPOSITE LIMITED,       104.90,       103.50,1.35
G,2.50%GOLDBONDS2029SR-X,     14739.00,     14542.50,1.35
G,NAMO EWASTE MANAGEMENT L,       184.05,       181.60,1.35
G,DAVANGERE SUGAR COMPANY L,         3.76,         3.71,1.35
G,NIDAN LABS AND HEALTH LTD,        18.85,        18.60,1.34
G,SBI-ETF GOLD,       115.53,       114.00,1.34
G,INDIAN RAIL TOUR CORP LTD,       694.85,       685.65,1.34
G,BIOCON LIMITED.,       392.95,       387.75,1.34
G,POSITRON ENERGY LIMITED,       211.80,       209.00,1.34
G,CONTROL PRINT LIMITED,       693.40,       684.25,1.34
G,IVP LTD,       153.97,       151.94,1.34
G,AKUMS DRUGS AND PHARMA L,       451.85,       445.90,1.33
G,MOHINI HEALTH&HYGIENE LTD,        38.00,        37.50,1.33
G,PONDY OXIDES & CHEM LTD,      1539.10,      1518.90,1.33
G,KAMDHENU VENTURES LIMITED,         6.11,         6.03,1.33
G,MIRAEAMC - EVINDIA,        32.10,        31.68,1.33
G,APCOTEX INDUSTRIES LIMITE,       370.85,       366.00,1.33
G,P N GADGIL JEWELLERS LTD,       612.75,       604.75,1.32
G,JTL INDUSTRIES LIMITED,        59.82,        59.04,1.32
G,PYRAMID TECHNOPLAST LTD,       165.01,       162.86,1.32
G,AXIS MF - AXIS GOLD ETF,       112.90,       111.43,1.32
G,AGARWAL INDS CORP LTD.,       720.05,       710.70,1.32
G,INCREDIBLE INDUSTRIES LTD,        40.82,        40.29,1.32
G,TIPS MUSIC LIMITED,       551.65,       544.50,1.31
G,SEC RED NCD 9.70% SR. V,      1073.90,      1060.00,1.31
G,SUPRIYA LIFESCIENCE LTD,       750.55,       740.85,1.31
G,J & K BANK LTD.,       102.36,       101.04,1.31
G,UMA EXPORTS LIMITED,        39.62,        39.11,1.30
G,HDFCAMC - HDFCMOMENT,        31.89,        31.48,1.30
G,ELIN ELECTRONICS LIMITED,       166.61,       164.47,1.30
G,EXPLEO SOLUTIONS LIMITED,       971.60,       959.15,1.30
G,PVR INOX LIMITED,      1030.20,      1017.00,1.30
G,ICICI PRUD MIDCAP SEL ETF,        18.77,        18.53,1.30
G,GROWWAMC - GROWWGOLD,       132.28,       130.59,1.29
G,OM INFRA LIMITED,        98.14,        96.89,1.29
G,MARKSANS PHARMA LIMITED,       182.19,       179.87,1.29
G,MANGALAM GLOBAL ENT LTD,        14.14,        13.96,1.29
G,ASTRAL LIMITED,      1453.40,      1434.90,1.29
G,AVALON TECHNOLOGIES LTD,       893.75,       882.40,1.29
G,RAMA STEEL TUBES LIMITED,         9.47,         9.35,1.28
G,SURAKSHA DIAGNOSTIC LTD,       276.65,       273.15,1.28
G,BHARTIYA INTERNATIONAL,       735.35,       726.05,1.28
G,HDFCAMC HDFCPSUBK,        87.58,        86.48,1.27
G,MOTILALAMC - MOVALUE,       118.82,       117.33,1.27
G,DIGIDRIVE DISTRIBUTORS L,        26.37,        26.04,1.27
G,ALEMBIC LIMITED,       103.37,       102.08,1.26
G,SYNGENE INTERNATIONAL LTD,       658.40,       650.20,1.26
G,DOLLAR INDUSTRIES LIMITED,       353.90,       349.50,1.26
G,FLYSBS AVIATION LIMITED,       535.50,       528.85,1.26
G,CLEAN SCIENCE & TECH LTD,       869.80,       859.00,1.26
G,FUTURE MKT NETWORKS LTD,         8.86,         8.75,1.26
G,R M DRIP & SPRINK SYS LTD,        85.41,        84.35,1.26
G,GLOBUS SPIRITS LTD,      1088.30,      1074.80,1.26
G,COFFEE DAY ENTERPRISE LTD,        36.36,        35.91,1.25
G,POWER INSTRUMENT (G) LTD,       125.30,       123.75,1.25
G,TECHNOCRAFT IND LTD,      2282.40,      2254.20,1.25
G,MOTILALAMC - MOMOMENTUM,        63.95,        63.16,1.25
G,SHILPA MEDICARE LTD,       319.80,       315.85,1.25
G,ASHIMA LTD,        19.44,        19.20,1.25
G,EMS LIMITED,       433.90,       428.55,1.25
G,SHIVALIK RASAYAN LIMITED,       361.70,       357.25,1.25
G,RADHIKA JEWELTECH LIMITED,        74.89,        73.97,1.24
G,GANESHA ECOSPHERE LIMITED,       851.30,       840.85,1.24
G,INDRAPRASTHA GAS LTD,       194.34,       191.96,1.24
G,SESHASAYEE PAPER & BOARDS,       240.04,       237.11,1.24
G,DSJ KEEP LEARNING LTD,         2.46,         2.43,1.23
G,MATRIX GEO SOLUTIONS LTD,       106.75,       105.45,1.23
G,MAHANAGAR GAS LTD.,      1142.00,      1128.10,1.23
G,AMBICA AGAR & AROMAINDLTD,        25.50,        25.19,1.23
G,ICICIPRAMC - ICICIAUTO,        29.65,        29.29,1.23
G,GROWWAMC - GROWWCAPM,         9.89,         9.77,1.23
G,LA OPALA RG LIMITED,       204.68,       202.20,1.23
G,CELEBRITY FASHIONS LTD,         9.08,         8.97,1.23
G,EXIDE INDUSTRIES LTD,       367.70,       363.25,1.23
G,GABRIEL INDIA LTD,      1051.60,      1038.90,1.22
G,EFC (I) LIMITED,       302.60,       298.95,1.22
G,HEMISPHERE PROP IND LTD,       137.94,       136.28,1.22
G,MAN INDUSTRIES (I) LTD.,       396.45,       391.70,1.21
G,GROWWAMC - GROWWRLTY,        10.03,         9.91,1.21
G,REGAAL RESOURCES LIMITED,        70.41,        69.57,1.21
G,ARIHANT CAPITAL MKTS LTD,        90.57,        89.49,1.21
G,2.50%GOLDBONDS2028SR-VI,     14648.92,     14474.61,1.20
G,NEXUS SELECT TRUST,       159.70,       157.80,1.20
G,RAIL VIKAS NIGAM LIMITED,       365.85,       361.50,1.20
G,AEL 8.85% 2028 SR III,      1018.60,      1006.51,1.20
G,JAY BEE LAMINATIONS LTD,       118.00,       116.60,1.20
G,CHOICEAMC - CHOICEGOLD,       134.05,       132.47,1.19
G,DOLPHIN OFF ENT (IND) L,       479.40,       473.75,1.19
G,BAJAJ HINDUSTHAN SUGAR LT,        18.68,        18.46,1.19
G,RUDRABHISHEK ENTERP LTD,       118.88,       117.48,1.19
G,B.L.KASHYAP & SON LTD,        53.50,        52.87,1.19
G,BOMBAY SUPER HYBRID SEEDS,       107.07,       105.81,1.19
G,LIBAS CONSU PRODUCTS LTD,        11.07,        10.94,1.19
G,ASTER DM HEALTHCARE LTD.,       613.90,       606.70,1.19
G,ASCOM LEASIN & INVEST LTD,       128.00,       126.50,1.19
G,KITEX GARMENTS LTD,       182.68,       180.54,1.19
G,HDFC GOLD ETF,       115.45,       114.10,1.18
G,GPT HEALTHCARE LIMITED,       141.84,       140.19,1.18
G,NIP IND ETF GOLD BEES,       111.82,       110.52,1.18
G,LAKSHMI FIN IND CORP LTD,       169.99,       168.02,1.17
G,IND SWIFT LABORATORIES LT,        91.55,        90.49,1.17
G,EDELAMC - EBANKNIFTY,        60.60,        59.90,1.17
G,NANDANI CREATION LIMITED,        32.08,        31.71,1.17
G,PI INDUSTRIES LTD,      3256.60,      3219.10,1.16
G,CELLO WORLD LIMITED,       547.25,       540.95,1.16
G,ICICIPRAMC-ICICIFIN,        33.02,        32.64,1.16
G,2.50%GOLDBONDS2028SR-I,     14771.93,     14602.24,1.16
G,SUPREME POWER EQUIPMENT L,       191.70,       189.50,1.16
G,SALZER ELECTRONICS LTD,       692.90,       684.95,1.16
G,ONE POINT ONE SOL LTD,        54.09,        53.47,1.16
G,EUREKA FORBES LIMITED,       628.55,       621.35,1.16
G,UTIAMC-UTIGOLDBETA,       113.55,       112.25,1.16
G,KEC INTL. LIMITED,       746.85,       738.30,1.16
G,TATAAML-TATAGOLD,        13.11,        12.96,1.16
G,DSPAMC - DSPGOLD,       131.18,       129.68,1.16
G,JUSTDIAL LTD.,       734.70,       726.30,1.16
G,MIRAEAMC - MAGOLDETF,       131.22,       129.72,1.16
G,PNB HOUSING FIN LTD.,       998.00,       986.60,1.16
G,AARVI ENCON LIMITED,       128.69,       127.22,1.16
G,ICICI PRUDENTIAL AMC LTD,      2662.20,      2631.80,1.16
G,NIP IND ETF INFRA BEES,      1008.86,       997.35,1.15
G,ROTO PUMPS LIMITED,        69.44,        68.65,1.15
G,KARUR VYSYA BANK LTD,       272.50,       269.40,1.15
G,QUANTUM GOLD FUND,       111.65,       110.38,1.15
G,UDAYSHIVAKUMAR INFRA LTD,        23.82,        23.55,1.15
G,CROMPT GREA CON ELEC LTD,       252.10,       249.25,1.14
G,GENESYS INTL CORPN LTD,       429.10,       424.25,1.14
G,ABS MARINE SERVICES LTD,       199.40,       197.15,1.14
G,KABRA EXTRUSION TECHNIK L,       228.65,       226.07,1.14
G,AVP INFRACON LIMITED,       119.70,       118.35,1.14
G,BIRLASLAMC - MOMENTUM,        32.00,        31.64,1.14
G,JK CEMENT LIMITED,      5560.50,      5498.00,1.14
G,GLAXOSMITHKLINE PHARMA LT,      2483.80,      2455.90,1.14
G,EVEREST KANTO CYLINDERLTD,       117.19,       115.88,1.13
G,MAITREYA MEDICARE LIMITED,       215.00,       212.60,1.13
G,LT FOODS LIMITED,       390.45,       386.10,1.13
G,NIPPONAMC - MANUFGBEES,       156.24,       154.50,1.13
G,2.50%GOLDBONDS2030SR-II,     15677.67,     15503.33,1.12
G,NIPPONAMC - NETFAUTO,       296.09,       292.80,1.12
G,INDO US BIOTECH LTD,       121.85,       120.50,1.12
G,TEXMACO RAIL & ENG. LTD.,       138.18,       136.65,1.12
G,KALYANI INVEST CO LTD,      5008.60,      4953.20,1.12
G,ADITYBIRLA SL GOLD ETF-GR,       118.84,       117.53,1.11
G,STERLITE TECHNOLOGIES LTD,       103.64,       102.50,1.11
G,UTI ASSET MNGMT CO LTD,      1127.70,      1115.30,1.11
G,MIRAEAMC - SELECTIPO,        46.40,        45.89,1.11
G,VOLTAMP TRANSFORMERS LTD,      7877.00,      7790.50,1.11
G,OCCL LIMITED,       102.00,       100.88,1.11
G,VIJI FINANCE LIMITED,         2.74,         2.71,1.11
G,ACME SOLAR HOLDINGS LTD,       240.47,       237.84,1.11
G,THE ANUP ENGINEERING LTD,      2256.40,      2231.80,1.10
G,2.50%GOLDBONDS2029SR-XI,     14786.17,     14625.00,1.10
G,CARYSIL LIMITED,       918.00,       908.00,1.10
G,ICICI PRUDENTIAL GOLD ETF,       115.74,       114.48,1.10
G,BEARDSELL LIMITED,        30.33,        30.00,1.10
G,ITC HOTELS LIMITED,       198.69,       196.53,1.10
G,SUVIDHAA INFOSERVE LTD,         3.68,         3.64,1.10
G,PRAKASH INDUSTRIES LTD,       147.51,       145.91,1.10
G,VIKRAM SOLAR LIMITED,       239.79,       237.19,1.10
G,GANGA FORGING LIMITED,         3.69,         3.65,1.10
G,ZERODHAAMC - GOLDCASE,        21.24,        21.01,1.09
G,DELTA CORP LIMITED,        70.47,        69.71,1.09
G,SANGINITA CHEMICALS LTD,        10.21,        10.10,1.09
G,SKM EGG PROD EXPORT(I) LT,       408.55,       404.15,1.09
G,MIRAEAMC - MANXT50,       723.09,       715.31,1.09
G,INDRAPRASTHA MEDICAL CORP,       455.45,       450.55,1.09
G,EASY TRIP PLANNERS LTD,         7.44,         7.36,1.09
G,2.5%GOLDBONDS2029SR-II,     14664.25,     14506.59,1.09
G,MOTILALAMC - MONEXT50,        69.77,        69.02,1.09
G,2.50%GOLDBONDS2029SR-IV,     14748.42,     14590.00,1.09
G,NIP IND ETF JUNIOR BEES,       755.86,       747.76,1.08
G,CENTURY ENKA LTD,       457.45,       452.55,1.08
G,BARODABNP - BBNPPGOLD,       130.85,       129.45,1.08
G,RITES LIMITED,       245.88,       243.25,1.08
G,INTL CONVEYORS LIMITED,        89.77,        88.81,1.08
G,KRYSTAL INTEGRATED SER L,       524.80,       519.20,1.08
G,PRO FX TECH LIMITED,        75.00,        74.20,1.08
G,ZODIAC ENERGY LIMITED,       304.90,       301.65,1.08
G,INDO FARM EQUIPMENT LTD,       219.22,       216.89,1.07
G,SANOFI INDIA LIMITED,      4141.80,      4097.90,1.07
G,GROWWAMC - GROWWMC150,       224.92,       222.54,1.07
G,GIC HOUSING FINANCE LTD,       179.93,       178.03,1.07
G,EDELAMC - ELM250,        17.05,        16.87,1.07
G,URJA GLOBAL LIMITED,        11.37,        11.25,1.07
G,IDEAFORGE TECHNO LTD,       469.10,       464.15,1.07
G,SMC GLOBAL SECURITIES LTD,        92.06,        91.09,1.06
G,HUHTAMAKI INDIA LIMITED,       212.60,       210.36,1.06
G,S J LOGISTICS (INDIA) LTD,       370.20,       366.30,1.06
G,GOI LOAN  6.8% 2060,        95.00,        94.00,1.06
G,KRISHANA PHOSCHEM LIMITED,       527.90,       522.35,1.06
G,ANGEL ONE LIMITED,      2387.90,      2362.80,1.06
G,RAMCO INDUSTRIES LIMITED,       314.45,       311.15,1.06
G,FILATEX INDIA LTD,        49.55,        49.03,1.06
G,GUJ STATE FERT & CHEM LTD,       183.91,       181.98,1.06
G,LOVABLE LINGERIE LTD,        81.03,        80.18,1.06
G,COMPUCOM SOFTWARE LTD,        16.24,        16.07,1.06
G,KOHINOOR FOODS LIMITED,        26.82,        26.54,1.06
G,MONTE CARLO FASHIONS LTD.,       643.15,       636.45,1.05
G,PARAMOUNT SPECIALI FORG L,        28.80,        28.50,1.05
G,ICICIPRAMC - OILIETF,        12.53,        12.40,1.05
G,SUPERHOUSE LIMITED,       146.62,       145.10,1.05
G,20 MICRONS LTD,       214.30,       212.08,1.05
G,GOI LOAN  6.01% 2030,       101.55,       100.50,1.04
G,ASHIANA HOUSING LTD,       286.00,       283.05,1.04
G,MOTILALAMC - MOMGF,       155.12,       153.52,1.04
G,PRAKASH PIPES LIMITED,       240.56,       238.08,1.04
G,NMDC LTD.,        84.53,        83.66,1.04
G,NELCO LTD,       729.60,       722.10,1.04
G,LOTUS EYE HOSP & INST L,       121.70,       120.45,1.04
G,ICICIPRAMC - ICICIMOM30,        32.14,        31.81,1.04
G,IFCI LTD,        53.62,        53.07,1.04
G,DCG CABLES & WIRES LTD,        68.45,        67.75,1.03
G,INFIBEAM AVENUES LIMITED,        16.65,        16.48,1.03
G,SREELEATHERS LIMITED,       220.40,       218.15,1.03
G,URBAN COMPANY LIMITED,       132.70,       131.35,1.03
G,SHREEOSWAL S AND CHE LTD,        17.72,        17.54,1.03
G,DEEPAK BUILDERS & ENG I L,       118.32,       117.12,1.02
G,PETRONET LNG LIMITED,       291.05,       288.10,1.02
G,NANDAN DENIM LIMITED,         2.96,         2.93,1.02
G,IMAGICAAWORLD ENT LTD,        48.35,        47.86,1.02
G,TATA INVESTMENT CORP LTD,       703.75,       696.65,1.02
G,JM FINANCIAL LIMITED,       149.06,       147.56,1.02
G,2.5%GOLDBONDS2029SR-VI,     14726.57,     14578.52,1.02
G,OM FREIGHT FORWARDERS LTD,        94.63,        93.68,1.01
G,REPCO HOME FINANCE LTD,       433.50,       429.15,1.01
G,SEQUENT SCIENTIFIC LTD.,       210.49,       208.38,1.01
G,QUICK HEAL TECH LTD,       269.40,       266.70,1.01
G,OSWAL AGRO MILLS LTD,        58.87,        58.28,1.01
G,CEIGALL INDIA LIMITED,       274.45,       271.70,1.01
G,EDELAMC - EGOLD,       134.90,       133.55,1.01
G,SDL TS 7.59% 2037,       101.00,        99.99,1.01
G,DSPAMC - MSCIADD,        31.14,        30.83,1.01
G,SIYARAM SILK MILLS LTD,       637.95,       631.60,1.01
G,G R INFRAPROJECTS LIMITED,      1009.75,       999.70,1.01
G,CINEVISTA LIMITED,        16.09,        15.93,1.00
G,SHYAM METALICS AND ENGY L,       850.30,       841.85,1.00
G,KALYANI FORGE LIMITED,       634.00,       627.70,1.00
G,GODREJ AGROVET LIMITED,       573.95,       568.25,1.00
G,ZERODHAAMC - SML100CASE,        10.08,         9.98,1.00
G,AKIKO GLOBAL SERVICES L,       262.60,       260.00,1.00
G,360ONEAMC - GOLD360,       131.50,       130.20,1.00
G,DHUNSERI INVESTMENTS LTD,      1234.80,      1222.60,1.00
G,MIRAEAMC - ALPHAETF,        25.31,        25.06,1.00
G,RPSG VENTURES LIMITED,       754.45,       747.00,1.00
G,SHREE RENUKA SUGARS LTD,        26.34,        26.08,1.00
G,2.50%GOLDBONDS2031SR-II,     15495.67,     15342.89,1.00
G,UNIVERSUS IMAGINGS LTD,       223.97,       221.77,0.99
G,UNIONAMC - UNIONGOLD,       132.35,       131.05,0.99
G,FISCHER MEDICAL VENTURE L,        41.83,        41.42,0.99
G,ZERODHAAMC - MID150CASE,        11.27,        11.16,0.99
G,SURYA ROSHNI LTD,       278.30,       275.60,0.98
G,BAJAJ ELECT.LTD,       479.35,       474.70,0.98
G,THE NEW INDIA ASSU CO LTD,       157.04,       155.52,0.98
G,RSWM LIMITED,       149.86,       148.41,0.98
G,TITAGARH RAIL SYSTEMS LTD,       890.35,       881.75,0.98
G,SHRINGAR HOU OF MANGALS L,       240.43,       238.11,0.97
G,SWARAJ SUITING LIMITED,       243.70,       241.35,0.97
G,DELHIVERY LIMITED,       404.50,       400.60,0.97
G,ARKADE DEVELOPERS LIMITED,       137.21,       135.89,0.97
G,BANKA BIOLOO LIMITED,        67.63,        66.98,0.97
G,AGI GREENPAC LIMITED,       759.65,       752.35,0.97
G,SADHANA NITROCHEM LIMITED,         7.29,         7.22,0.97
G,ECOS (INDIA) MOB & HOSP L,       199.96,       198.05,0.96
G,GKW LIMITED,      1723.00,      1706.60,0.96
G,CAN FIN HOMES LTD,       940.40,       931.45,0.96
G,BRAINBEES SOLUTIONS LTD,       289.80,       287.05,0.96
G,ICICIPRAMC - ICICIM150,        23.26,        23.04,0.95
G,RUCHI INFRASTRUCTURE LTD,         6.36,         6.30,0.95
G,CSL FINANCE LIMITED,       297.45,       294.65,0.95
G,KORE DIGITAL LIMITED,       180.60,       178.90,0.95
G,RACHANA INFRA LTD,        37.20,        36.85,0.95
G,ALPEX SOLAR LIMITED,       825.30,       817.55,0.95
G,MOTILALAMC - MOCAPITAL,        46.90,        46.46,0.95
G,2.50%GOLDBONDS2031SR-III,     15566.85,     15420.82,0.95
G,POLYPLEX CORPORATION LTD,       844.60,       836.70,0.94
G,UTSSAV CZ GOLD JEWELS LTD,       225.00,       222.90,0.94
G,KOTAK GOLD ETF,       112.33,       111.29,0.93
G,MOTILAL OS MIDCAP100 ETF,        66.01,        65.40,0.93
G,GOI LOAN  6.54% 2032,       102.95,       102.00,0.93
G,KRIDHAN INFRA LIMITED,         4.34,         4.30,0.93
G,ALANKIT LIMITED,        10.87,        10.77,0.93
G,MARINE ELECTRICAL (I) LTD,       213.63,       211.67,0.93
G,KOTAKMAMC - MOMENTUM30,        31.62,        31.33,0.93
G,SPIC LTD,        84.02,        83.25,0.92
G,RAMCO SYSTEMS LTD.,       573.55,       568.30,0.92
G,KOTAKMAMC - KOTAKMID50,       178.13,       176.50,0.92
G,TILAKNAGAR INDUSTRIES LTD,       459.00,       454.80,0.92
G,LANDMARK CARS LIMITED,       476.20,       471.85,0.92
G,MIRAEAMC - MAM150ETF,        23.00,        22.79,0.92
G,GOODLUCK INDIA LIMITED,      1074.50,      1064.70,0.92
G,KRISHIVAL FOODS LIMITED,       351.25,       348.05,0.92
G,MENON BEARINGS LIMITED,       111.97,       110.95,0.92
G,GROWWAMC - GROWWDEFNC,        77.98,        77.27,0.92
G,MOTILALAMC - MOMIDMTM,        63.72,        63.14,0.92
G,MEDI ASSIST HEALTH SER L,       467.70,       463.45,0.92
G,PRESTIGE ESTATE LTD,      1618.80,      1604.10,0.92
G,NDTV LTD,       100.28,        99.37,0.92
G,BHARAT DYNAMICS LIMITED,      1495.00,      1481.50,0.91
G,SBI-ETF NIFTY NEXT 50,       748.62,       741.86,0.91
G,KSB LIMITED,       753.05,       746.25,0.91
G,GFL LIMITED,        58.74,        58.21,0.91
G,SEC RED NCD 10.6% SR. VII,      1010.11,      1001.00,0.91
G,XCHANGING SOLUTIONS LTD,        82.11,        81.37,0.91
G,DAMODAR INDUSTRIES LTD,        30.09,        29.82,0.91
G,ICICIPRAMC - ICICIINFRA,       100.40,        99.50,0.90
G,SRIVASAVI ADHESIVE TAPE L,        50.25,        49.80,0.90
G,WAAREE RENEWABLE TECH LTD,       976.65,       967.95,0.90
G,WENDT (INDIA) LIMITED,      7860.50,      7790.50,0.90
G,MIRAEAMC - MAESGETF,        44.95,        44.55,0.90
G,MOTILALAMC - MON50EQUAL,        33.86,        33.56,0.89
G,LATENT VIEW ANALYTICS LTD,       459.10,       455.05,0.89
G,SEC RE NCD 10.03% SR 5,      1011.92,      1003.00,0.89
G,RAJPUTANA INDUSTRIES LTD,        85.25,        84.50,0.89
G,VALIANT LABORATORIES LTD,        69.39,        68.78,0.89
G,TBO TEK LIMITED,      1638.20,      1623.80,0.89
G,BAJEL PROJECTS LIMITED,       174.51,       172.98,0.88
G,UTIAMC-NEXT50BETA,        75.41,        74.75,0.88
G,BOND8.88% PA TF TR II S2B,      1129.49,      1119.61,0.88
G,ASHOKA BUILDCON LTD,       169.36,       167.88,0.88
G,DCB BANK LIMITED,       177.44,       175.89,0.88
G,CMS INFO SYSTEMS LIMITED,       355.30,       352.20,0.88
G,KALYANI STEELS LIMITED,       759.90,       753.30,0.88
G,WELSPUN CORP LIMITED,       806.35,       799.35,0.88
G,BHARAT FORGE LTD,      1477.20,      1464.40,0.87
G,TOKYO PLAST INTL LTD,       111.97,       111.00,0.87
G,EDELAMC - ECAPINSURE,        24.25,        24.04,0.87
G,ALOK INDUSTRIES LIMITED,        16.26,        16.12,0.87
G,VIP CLOTHING LIMITED,        31.36,        31.09,0.87
G,EXCEL INDUSTRIES LTD,       952.75,       944.55,0.87
G,BANDHANAMC - GOLDBND,       134.41,       133.26,0.86
G,SHRI AHIMSA NATURALS LTD,       240.45,       238.40,0.86
G,MOTILALAMC - MOSERVICE,        34.05,        33.76,0.86
G,MOTILALAMC - MOMENTUM50,        52.85,        52.40,0.86
G,PROSTARM INFO SYSTEMS LTD,       179.86,       178.33,0.86
G,ORBIT EXPORTS LIMITED,       195.19,       193.53,0.86
G,KAYNES TECHNOLOGY IND LTD,      3977.20,      3943.50,0.85
G,MIRAEAMC - INTERNET,        14.17,        14.05,0.85
G,SINDHU TRADE LINKS LTD,        20.11,        19.94,0.85
G,DSPAMC - NEXT30ADD,        41.42,        41.07,0.85
G,HUBTOWN LIMITED,       258.56,       256.38,0.85
G,ODIGMA CONSULTANCY SOL L,        32.05,        31.78,0.85
G,SG MART LIMITED,       386.20,       382.95,0.85
G,ORIENT CEMENT LTD.,       173.75,       172.29,0.85
G,ASTEC LIFESCIENCES LTD,       715.15,       709.15,0.85
G,DSPAMC - HEALTHADD,       148.53,       147.29,0.84
G,ICICIPRAMC - ICICIPHARM,       150.96,       149.70,0.84
G,MIRAEAMC - CONSUMER,        12.03,        11.93,0.84
G,SEC RE NCD 9.90% SR VII,      1084.00,      1075.00,0.84
G,GHCL LIMITED,       566.50,       561.80,0.84
G,GROWWAMC - GROWWLOVOL,        10.85,        10.76,0.84
G,DHARMAJ CROP GUARD LTD,       245.15,       243.12,0.83
G,ICICIPRAMC - ICICINXT50,        73.77,        73.16,0.83
G,AMRUTAJAN HEALTH LTD,       672.75,       667.20,0.83
G,JAGSONPAL PHARMACEUTICALS,       194.13,       192.53,0.83
G,WEST COAST PAPER MILLS LT,       419.90,       416.45,0.83
G,2.50%GOLDBONDS2029SR-V,     15170.00,     15045.52,0.83
G,2.50%GOLDBONDS2027SR-III,     15172.00,     15047.53,0.83
G,KAYA LIMITED,       402.90,       399.60,0.83
G,NAGREEKA EXPORTS LTD.,        25.65,        25.44,0.83
G,NGL FINE CHEM LIMITED,      1408.10,      1396.60,0.82
G,MIRAEAMC - MAMFGETF,       158.21,       156.92,0.82
G,GOI LOAN 7.57% 2033,       104.50,       103.65,0.82
G,MIRAEAMC - MAN50ETF,       284.31,       282.00,0.82
G,JUNIPER HOTELS LIMITED,       252.55,       250.50,0.82
G,MIRAEAMC - MIDSMALL,        48.11,        47.72,0.82
G,ANB METAL CAST LIMITED,       358.00,       355.10,0.82
G,GOI LOAN  7.36% 2052,       103.18,       102.35,0.81
G,ZENITH EXPORTS LTD,       210.22,       208.53,0.81
G,KEYSTONE REALTORS LIMITED,       541.75,       537.40,0.81
G,BIRLASLAMC - ABSLNN50ET,        73.52,        72.93,0.81
G,AKZO NOBEL INDIA LIMITED,      3211.60,      3185.90,0.81
G,MODI NATURALS LIMITED,       356.65,       353.80,0.81
G,PATANJALI FOODS LIMITED,       557.00,       552.55,0.81
G,LINDE INDIA LIMITED,      5955.50,      5908.00,0.80
G,3P LAND HOLDINGS LIMITED,        37.69,        37.39,0.80
G,FLAIR WRITING INDUST LTD,       314.25,       311.75,0.80
G,GALAXY SURFACTANTS LTD,      2050.60,      2034.30,0.80
G,MONOLITHISCH INDIA LTD,       503.50,       499.50,0.80
G,MIRAEAMC - EQUAL50,       338.65,       335.96,0.80
G,SEC RE NCD 8.5% SR.III,      1033.00,      1024.80,0.80
G,AONEAMC - AONEGOLD,        12.61,        12.51,0.80
G,POWERGRID INFRA. INVITS,        89.63,        88.92,0.80
G,HDB FINANCIAL SERVICES L,       770.15,       764.05,0.80
G,HDFCAMC - HDFCMID150,        22.76,        22.58,0.80
G,MANOJ VAIBHAV GEM N JEW L,       183.45,       182.00,0.80
G,2.5%GOLDBONDS2028SR-VIII,     14629.50,     14514.03,0.80
G,SHANTHI GEARS LTD,       468.95,       465.25,0.80
G,SUPREME FACILITY MGMT LTD,        31.70,        31.45,0.79
G,ASK AUTOMOTIVE LIMITED,       482.10,       478.30,0.79
G,GOI LOAN  6.95% 2061,        95.25,        94.50,0.79
G,ZUARI INDUSTRIES LIMITED,       324.45,       321.90,0.79
G,AXISAMC - AXISNIFTY,       288.97,       286.71,0.79
G,DATA PATTERNS INDIA LTD,      2621.70,      2601.20,0.79
G,L&T FINANCE LIMITED,       319.75,       317.25,0.79
G,HDFCAMC - HDFCSML250,       168.85,       167.53,0.79
G,JSW HOLDINGS LIMITED,     19930.00,     19775.00,0.78
G,NIPPONAMC - SNXT30BEES,        41.24,        40.92,0.78
G,DSPAMC - SMALLADD,        16.81,        16.68,0.78
G,MOTILALAMC - MOALPHA50,        50.60,        50.21,0.78
G,JINDAL DRILLING IND. LTD,       570.90,       566.50,0.78
G,EDELAMC - ESENSEX,        85.73,        85.07,0.78
G,MAHARASHTRA SEAMLESS LTD,       559.10,       554.80,0.78
G,KSHITIJ POLYLINE LIMITED,         2.61,         2.59,0.77
G,SEC RE NCD 10.15% SR.VII,       705.00,       699.60,0.77
G,LEXUS GRANITO (INDIA) LTD,        26.13,        25.93,0.77
G,BOND 7.19% PA TAX FREE S2,      1090.74,      1082.40,0.77
G,JARO INS OF TEC MG N RE L,       465.90,       462.35,0.77
G,VMART RETAIL LTD,       703.20,       697.85,0.77
G,GROWWAMC - GROWWNET,        10.53,        10.45,0.77
G,UTIAMC-NIFTYBETA,       289.61,       287.41,0.77
G,GROWWAMC - GROWWN200,        11.85,        11.76,0.77
G,BODAL CHEMICALS LTD,        53.99,        53.58,0.77
G,GMM PFAUDLER LIMITED,      1093.40,      1085.10,0.76
G,STUDIO LSD LIMITED,        13.20,        13.10,0.76
G,BFAM - BANKBETF,        60.81,        60.35,0.76
G,AVANTEL LIMITED,       157.67,       156.48,0.76
G,HDFCAMC - HDFCBSE500,        38.54,        38.25,0.76
G,SANOFI CONS HEALTHC IND L,      4595.80,      4561.30,0.76
G,GOI LOAN  6.99% 2051,        97.25,        96.52,0.76
G,UTTAM SUGAR MILLS LTD.,       253.20,       251.30,0.76
G,COROMANDEL INTERNTL. LTD,      2280.10,      2263.00,0.76
G,CREDO BRANDS MARKETING L,       100.19,        99.44,0.75
G,GROWWAMC - GROWWMOM50,        10.69,        10.61,0.75
G,ARC INSULATION & INSU LTD,        67.00,        66.50,0.75
G,INSECTICIDES (I) LTD,       710.35,       705.05,0.75
G,NIP IND ETF NIFTY BEES,       297.55,       295.33,0.75
G,ROSSARI BIOTECH LIMITED,       583.50,       579.15,0.75
G,NIP IND ETF BANK BEES,       619.91,       615.29,0.75
G,DISH TV INDIA LTD.,         4.03,         4.00,0.75
G,ZAGGLE PREPA OCEAN SER L,       349.95,       347.35,0.75
G,HDFCAMC - HDFCNEXT50,        71.49,        70.96,0.75
G,TRIDENT LIMITED,        27.03,        26.83,0.75
G,MOTILALAMC - MODEFENCE,        85.49,        84.86,0.74
G,JSW INFRASTRUCTURE LTD,       285.35,       283.25,0.74
G,MAHANAGAR TELEPHONE NIGAM,        36.77,        36.50,0.74
G,GUJARAT ALKALIES & CHEM,       504.65,       500.95,0.74
G,MIRAEAMC - EQUAL200,        13.65,        13.55,0.74
G,VEEDOL CORPORATION LTD,      1642.30,      1630.30,0.74
G,KOTAKMAMC - KOTAKMNC,        31.53,        31.30,0.73
G,MIRAEAMC - MAFSETF,        28.80,        28.59,0.73
G,21ST CENTURY MGMT SERVICE,        49.39,        49.03,0.73
G,S. P. APPARELS LIMITED,       709.75,       704.60,0.73
G,GTPL HATHWAY LIMITED,        99.29,        98.57,0.73
G,EIH ASSOCIATED HOTELS LTD,       359.10,       356.50,0.73
G,INDIAN ENERGY EXC LTD,       134.36,       133.39,0.73
G,BANDHANAMC - IDFNIFTYET,       288.37,       286.29,0.73
G,GOI LOAN 7.19% 2060,       100.00,        99.28,0.73
G,ADITYBIRLA SL NIF ETF-GR,        30.60,        30.38,0.72
G,SBI-ETF NIFTY BANK,       614.83,       610.42,0.72
G,ICICIPRAMC - IPRU5008,        61.44,        61.00,0.72
G,MIRAEAMC - SMALL250,        16.79,        16.67,0.72
G,NIP IND ETF MIDCAP 150,       232.35,       230.69,0.72
G,MOTILALAMC - MOSMALL250,        16.84,        16.72,0.72
G,ZERODHAAMC - TOP100CASE,        11.23,        11.15,0.72
G,AVT NATURAL PRODUCTS LTD,        67.51,        67.03,0.72
G,BEML LAND ASSETS LIMITED,       207.22,       205.75,0.71
G,BOMBAY BURMAH TRADING COR,      1880.90,      1867.60,0.71
G,TIPS FILMS LIMITED,       431.35,       428.30,0.71
G,BAHETI RECYCLING IND LTD,       609.40,       605.10,0.71
G,Z-TECH (INDIA) LIMITED,       659.65,       655.00,0.71
G,BF INVESTMENT LIMITED,       418.55,       415.60,0.71
G,BOHRA INDUSTRIES LIMITED,        17.06,        16.94,0.71
G,ZEE ENTERTAINMENT ENT LTD,        91.12,        90.48,0.71
G,DSPAMC - DSPBANK,        61.24,        60.81,0.71
G,ASHOKA METCAST LIMITED,        15.68,        15.57,0.71
G,HDFCAMC - HDFCGROWTH,       131.30,       130.38,0.71
G,LIKHITHA INFRASTRUC LTD,       193.41,       192.06,0.70
G,HDFCAMC - HDFCNIFBAN,        61.61,        61.18,0.70
G,SPENCER S RETAIL LIMITED,        41.66,        41.37,0.70
G,ICICI PRUD NIFTY ETF,       295.98,       293.92,0.70
G,EDELAMC - EMULTIMQ,        41.67,        41.38,0.70
G,FINO PAYMENTS BANK LTD,       258.95,       257.15,0.70
G,LICNAMC - LICNFESGP,       958.85,       952.20,0.70
G,MIRAEAMC - BANKETF,       609.61,       605.39,0.70
G,CREATIVE NEWTECH LIMITED,       729.85,       724.80,0.70
G,IRCON INTERNATIONAL LTD,       179.22,       177.98,0.70
G,POKARNA LIMITED,       845.90,       840.05,0.70
G,ESCORTS KUBOTA LIMITED,      3847.10,      3820.60,0.69
G,NITIN SPINNERS LIMITED,       320.15,       317.95,0.69
G,SBI-ETF NIFTY 50,       281.21,       279.28,0.69
G,DHAMPUR SUGAR MILLS LTD.,       123.90,       123.05,0.69
G,NIP IND ETF SHARIAH BEES,       521.09,       517.52,0.69
G,TAX FREE7.35% SR.IIA,      1138.50,      1130.71,0.69
G,2.50%GOLDBONDS2031SR-I,     15424.55,     15319.07,0.69
G,GENUS POWER INFRASTRU LTD,       300.40,       298.35,0.69
G,VEDANT FASHIONS LIMITED,       579.65,       575.70,0.69
G,INDO AMINES LIMITED,       129.58,       128.70,0.68
G,SBIAMC - SBINEQWETF,        33.96,        33.73,0.68
G,TCI EXPRESS LIMITED,       590.85,       586.85,0.68
G,GILLETTE INDIA LTD,      8207.50,      8152.00,0.68
G,GLOBE ENTERPRISE (I) LTD,         2.96,         2.94,0.68
G,SANGHVI MOVERS LTD,       349.95,       347.60,0.68
G,2.50%GOLDBONDS2028SR-V,     14732.80,     14634.04,0.67
G,FOCUS LIGHTG & FIXTRS LTD,        74.73,        74.23,0.67
G,SHIVA MILLS LIMITED,        61.32,        60.91,0.67
G,GANESH HOUSING LIMITED,       808.90,       803.50,0.67
G,LICNAMC - LICNFNHGP,       292.33,       290.38,0.67
G,GROWWAMC - GROWWNIFTY,        10.55,        10.48,0.67
G,NUVAMA WEALTH MANAGE LTD,      1468.20,      1458.50,0.67
G,AONEAMC - AONETOTAL,        12.14,        12.06,0.66
G,ICICI PRUDENTIAL NV20 ETF,        15.18,        15.08,0.66
G,SAWALIYA FOOD PRODUCTS L,       318.85,       316.75,0.66
G,KOTAKMAMC-KOTAKBKETF,       621.69,       617.60,0.66
G,MIRAEAMC - MULTICAP,        16.73,        16.62,0.66
G,MAGELLANIC CLOUD LIMITED,        25.91,        25.74,0.66
G,ONESOURCE SPECL PHARMA L,      1799.50,      1787.70,0.66
G,AJAX ENGINEERING LIMITED,       595.10,       591.20,0.66
G,MOTILALAMC - MONIFTY500,        24.50,        24.34,0.66
G,INSPIRISYS SOLUTIONS LTD,        90.35,        89.76,0.66
G,LIC MF - LIC GOLD ETF,     12166.75,     12087.35,0.66
G,ANDHRA PAPER LIMITED,        67.45,        67.01,0.66
G,DONEAR IND. LIMITED,        93.52,        92.91,0.66
G,MADHUCON PROJECTS LTD.,         6.14,         6.10,0.66
G,BFAM - NIFTYBETF,       268.91,       267.16,0.66
G,AONEAMC - AONENIFTY,        10.77,        10.70,0.65
G,INTEGRA ESSENTIA LIMITED,         1.54,         1.53,0.65
G,HINDUSTAN FOODS LIMITED,       516.20,       512.85,0.65
G,TRIVENI TURBINE LIMITED,       540.80,       537.30,0.65
G,HDFCAMC - HDFCPVTBAN,        29.37,        29.18,0.65
G,BHANSALI ENG. POLYMERS LT,        91.24,        90.65,0.65
G,SAKSOFT LIMITED,       198.34,       197.06,0.65
G,AXISAMC - AXISBNKETF,       617.08,       613.10,0.65
G,TAX FREE  7.64% SR. 108A,      1118.00,      1110.80,0.65
G,EMBASSY OFFICE PARKS REIT,       438.51,       435.69,0.65
G,HDFCAMC - HDFCNIFTY,       294.23,       292.34,0.65
G,CAPACITE INFRAPROJECT LTD,       257.85,       256.20,0.64
G,AVI ANSH TEXTILE LIMITED,       117.25,       116.50,0.64
G,INVESCO INDIA NIFTY ETF,      2981.46,      2962.39,0.64
G,YASHO INDUSTRIES LIMITED,      1439.10,      1429.90,0.64
G,BIRLA CABLE LIMITED,       136.54,       135.67,0.64
G,BIRLASLAMC - ABSLBANETF,        61.29,        60.90,0.64
G,PACE DIGITEK LIMITED,       188.95,       187.75,0.64
G,MUKTA ARTS LIMITED,        63.08,        62.68,0.64
G,KANORIA CHEMICALS & INDUS,        77.33,        76.84,0.64
G,FLEXITUFF VENTURES INT L,        12.68,        12.60,0.63
G,RAMKY INFRA LTD,       554.75,       551.25,0.63
G,HESTER BIOSCIENCES LTD,      1604.20,      1594.10,0.63
G,INFLUX HEALTHTECH LIMITED,       230.35,       228.90,0.63
G,REX PIPES AND CABLES LTD,       151.00,       150.05,0.63
G,MUNISH FORGE LIMITED,       103.65,       103.00,0.63
G,NEWGEN SOFTWARE TECH LTD,       840.15,       834.90,0.63
G,TRIGYN TECHNOLOGIES LTD,        67.23,        66.81,0.63
G,WEALTH FRST PORT. MG. LTD,       925.15,       919.40,0.63
G,GOI LOAN  7.26% 2032,       106.20,       105.54,0.63
G,MOTILAL OSWAL M50 ETF,       273.60,       271.90,0.63
G,AONEAMC - AONETMMQ50,         9.70,         9.64,0.62
G,GUJ NAR VAL FER & CHEM L,       493.55,       490.50,0.62
G,LICNAMC - LICNMID100,        61.50,        61.12,0.62
G,MIRAEAMC - TOP20,         9.72,         9.66,0.62
G,BAJAJ CONSUMER CARE LTD,       267.35,       265.70,0.62
G,APTUS VALUE HSG FIN I LTD,       283.80,       282.05,0.62
G,SONATA SOFTWARE LTD,       365.15,       362.90,0.62
G,INGERSOLL-RAND INDIA LTD,      3507.20,      3485.60,0.62
G,TEAMLEASE SERVICES LTD.,      1575.00,      1565.30,0.62
G,ASHWINI CONTAINER MOVER L,       138.10,       137.25,0.62
G,APOLLO TYRES LTD,       497.25,       494.20,0.62
G,SHAILY ENG PLASTICS LTD,      2239.90,      2226.20,0.62
G,7.64% TAX FREE TRI SRIIB,      1155.00,      1147.96,0.61
G,PARAMOUNT COMM LTD,        39.40,        39.16,0.61
G,DIXON TECHNO (INDIA) LTD,     12165.00,     12091.00,0.61
G,NIP IND ETF NIFTY 100,       284.40,       282.67,0.61
G,UNIVASTU INDIA LIMITED,        69.10,        68.68,0.61
G,THIRUMALAI CHEMICALS LTD,       235.37,       233.94,0.61
G,VINYL CHEMICALS (I) LTD.,       240.80,       239.34,0.61
G,HONDA I POWER PRODUCT LTD,      2347.40,      2333.20,0.61
G,FOSECO INDIA LTD,      4927.70,      4897.90,0.61
G,ORIENTAL TRIMEX LTD,         8.28,         8.23,0.61
G,L&T TECHNOLOGY SER. LTD.,      4406.60,      4380.00,0.61
G,DSPAMC - DSPNIFTY,       275.07,       273.41,0.61
G,SUPREME PETROCHEM LIMITED,       646.90,       643.00,0.61
G,SUPRAJIT ENGINEERING LTD,       473.60,       470.75,0.61
G,JK LAKSHMI CEMENT LTD,       798.30,       793.50,0.60
G,NIPPONAMC - NETFPHARMA,        23.34,        23.20,0.60
G,PIONEER EMBROIDERIES LTD,        28.37,        28.20,0.60
G,DPSC LIMITED,        10.03,         9.97,0.60
G,AMINES & PLASTICIZERS LTD,       192.33,       191.18,0.60
G,HEUBACH COLORANTS IND LTD,       476.80,       473.95,0.60
G,HEC INFRA PROJECTS LTD,       124.57,       123.83,0.60
G,TINNA RUBBER AND INFR LTD,       784.00,       779.35,0.60
G,RAJRATAN GLOBAL WIRE LTD,       463.90,       461.15,0.60
G,HEIDELBERGCEMENT (I) LTD,       175.65,       174.61,0.60
G,DSPAMC - DSPSENXETF,        87.88,        87.36,0.60
G,HDFCAMC - HDFCVALUE,       140.28,       139.45,0.60
G,ALIVUS LIFE SCIENCES LTD,       913.00,       907.60,0.59
G,TEXMO PIPE & PRODUCTS LTD,        49.15,        48.86,0.59
G,ICICI PRU LIFE INS CO LTD,       678.30,       674.30,0.59
G,HDFCAMC - HDFCSENSEX,        96.73,        96.16,0.59
G,MUSIC BROADCAST LIMITED,         6.79,         6.75,0.59
G,ONECLICK LOGISTICS IND L,       305.70,       303.90,0.59
G,LICNAMC - LICNFENGP,       292.28,       290.56,0.59
G,EPACK DURABLE LIMITED,       281.10,       279.45,0.59
G,ICICIPRAMC - ICICIQTY30,        22.15,        22.02,0.59
G,OSWAL PUMPS LIMITED,       528.45,       525.35,0.59
G,SEC RED NCD 9.31% SR.III,      1031.04,      1025.00,0.59
G,ACTIVE INFRASTRUCTURES L,       171.00,       170.00,0.59
G,CCL PRODUCTS (I) LTD,       915.70,       910.35,0.59
G,BIRLASLAMC - TECH,        41.26,        41.02,0.59
G,DSPAMC - DSPPVBKETF,        29.27,        29.10,0.58
G,PANACEA BIOTEC LTD,       379.85,       377.65,0.58
G,DSPAMC - DSPNEWETF,       348.83,       346.81,0.58
G,FUJIYAMA POWER SYSTEMS L,       224.71,       223.41,0.58
G,DSPAMC - MIDCAPADD,        22.53,        22.40,0.58
G,ZERODHAAMC - NIFTYCASE,        10.47,        10.41,0.58
G,DEEPAK NITRITE LTD,      1711.10,      1701.30,0.58
G,EDELAMC - ENIFTY,        26.24,        26.09,0.57
G,KOTAKMAMC - KOTAKCONS,       126.03,       125.31,0.57
G,AAKASH EXPLORATION SER L,         8.76,         8.71,0.57
G,COOL CAPS INDUSTRIES LTD,        70.20,        69.80,0.57
G,ORACLE FIN SERV SOFT LTD.,      7731.50,      7687.50,0.57
G,PAUSHAK LIMITED,       590.05,       586.70,0.57
G,MOTILALAMC - MOTOUR,        86.39,        85.90,0.57
G,SHYAM TELECOM LIMITED,        12.36,        12.29,0.57
G,ICICIPRAMC - ICICI500,        40.62,        40.39,0.57
G,VARROC ENGINEERING LTD.,       610.80,       607.35,0.57
G,H.G.INFRA ENGINEERING LTD,       744.10,       739.90,0.57
G,KANSAI NEROLAC PAINTS LTD,       241.08,       239.72,0.57
G,GOCL CORPORATION LIMITED,       292.65,       291.00,0.57
G,HDFCAMC - HDFCQUAL,        60.55,        60.21,0.56
G,SALASAR TECHNO ENGG. LTD.,         8.91,         8.86,0.56
G,BEML LIMITED,      1857.80,      1847.40,0.56
G,2.50%GOLDBONDS2029SR-IX,     14652.50,     14570.48,0.56
G,SHEELA FOAM LIMITED,       593.35,       590.05,0.56
G,SEC RE NCD 9% SR.VI,      1063.00,      1057.10,0.56
G,GOI LOAN  7.17% 2030,       104.58,       104.00,0.56
G,SEC RE NCD 8.90% SR VI,       974.40,       969.00,0.56
G,SATIA INDUSTRIES LIMITED,        67.09,        66.72,0.55
G,SUYOG TELEMATICS LIMITED,       617.05,       613.65,0.55
G,ICRA LIMITED,      6186.50,      6152.50,0.55
G,TAMILNADU PETROPRODUCTS L,       105.72,       105.14,0.55
G,SEC RED NCD 9.43% SR. VI,       997.99,       992.52,0.55
G,IIFL 9% TR I SR I,      1059.80,      1054.00,0.55
G,BARODABNP - BBNPNBETF,        60.33,        60.00,0.55
G,NIP IND ETF ETF NV20,       155.50,       154.65,0.55
G,NATCO PHARMA LTD.,       893.05,       888.20,0.55
G,TATA CHEMICALS LTD,       755.25,       751.15,0.55
G,ICICIPRAMC - TOP15IETF,        11.09,        11.03,0.54
G,AMBER ENTERPRISES (I) LTD,      6482.50,      6447.50,0.54
G,NIP IND ETF DIV OPP,        83.79,        83.34,0.54
G,AUTOMOTIVE STAMPINGS & AS,       485.10,       482.50,0.54
G,UTIAMC-BANKBETA,        61.82,        61.49,0.54
G,BIRLASLAMC - HEALTHY,        15.09,        15.01,0.53
G,ALKALI METALS LTD,        81.16,        80.73,0.53
G,BELRISE INDUSTRIES LTD,       185.05,       184.07,0.53
G,CEMINDIA PROJECTS LIMITED,       774.65,       770.55,0.53
G,NILKAMAL LIMITED,      1406.40,      1399.00,0.53
G,JAGRAN PRAKASHAN LIMITED,        72.27,        71.89,0.53
G,TALBROS AUTO. COMP. LTD,       276.30,       274.85,0.53
G,KOTAKMAMC - NIFTY100EW,        34.50,        34.32,0.52
G,PIL ITALICA LIFESTYLE LTD,         9.60,         9.55,0.52
G,RAJSHREE SUGAR & CHEMICAL,        34.63,        34.45,0.52
G,GROWWAMC - GROWWSC250,         9.64,         9.59,0.52
G,ESTER INDUSTRIES LTD,       102.37,       101.84,0.52
G,KOTAKMAMC - KOTAKALPHA,        48.45,        48.20,0.52
G,GOI TBILL 182D-19/02/26,        98.85,        98.34,0.52
G,GROWWAMC - GROWWNXT50,        70.19,        69.83,0.52
G,SHYAM DHANI INDUSTRIES L,       126.75,       126.10,0.52
G,AUSTRALIAN PREM SOLAR I L,       372.25,       370.35,0.51
G,DEN NETWORKS LTD,        31.38,        31.22,0.51
G,KANDARP DG SMART BPO LTD,       147.20,       146.45,0.51
G,ARVIND FASHIONS LIMITED,       510.55,       507.95,0.51
G,FOODS & INNS LIMITED,        68.74,        68.39,0.51
G,SUN PHARMA ADV.RES.CO.LTD,       135.72,       135.03,0.51
G,DALMIA BHARAT LIMITED,      2147.10,      2136.20,0.51
G,QUANTUM NIFTY 50 ETF,      2872.49,      2858.02,0.51
G,VAKRANGEE LIMITED,         7.99,         7.95,0.50
G,2.5%GOLDBONDS2029SR-VII,     14657.01,     14583.72,0.50
G,A AND M JUMBO BAGS LTD,        10.00,         9.95,0.50
G,ARUNAYA ORGANICS LIMITED,        20.00,        19.90,0.50
G,TAX FREE  7.53% SR. 103 A,      1104.00,      1098.50,0.50
G,MIRAEAMC - SMALLCAP,        44.17,        43.95,0.50
G,SEPC LIMITED,        10.06,        10.01,0.50
G,SUNFLAG IRON AND STEEL CO,       273.45,       272.10,0.50
G,PARAG MILK FOODS LTD.,       304.55,       303.05,0.49
G,INTRASOFT TECH. LTD,        91.59,        91.14,0.49
G,BASF INDIA LTD,      3934.80,      3915.50,0.49
G,GOI LOAN  6.79% 2034,       102.00,       101.50,0.49
G,FACT LTD,       908.05,       903.60,0.49
G,KFIN TECHNOLOGIES LIMITED,      1082.00,      1076.70,0.49
G,MOTILALAMC - MOMNC,        30.65,        30.50,0.49
G,NIRMAN AGRI GENTICS LTD,        61.30,        61.00,0.49
G,BCL INDUSTRIES LIMITED,        32.74,        32.58,0.49
G,SCODA TUBES LIMITED,       163.73,       162.93,0.49
G,REDINGTON LIMITED,       276.30,       274.95,0.49
G,ELEGANZ INTERIORS LIMITED,        92.25,        91.80,0.49
G,SANSTAR LIMITED,        96.46,        95.99,0.49
G,SMARTLINK HOLDINGS LTD,       131.45,       130.81,0.49
G,NOIDA TOLL BRIDGE CO LTD,         4.11,         4.09,0.49
G,SBIAMC - SBIETFIT,       420.97,       418.93,0.49
G,BASILIC FLY STUDIO LTD,       340.50,       338.85,0.49
G,SAMPANN UTPADAN INDIA LTD,        33.06,        32.90,0.49
G,MAITHAN ALLOYS LTD,      1013.30,      1008.40,0.49
G,SBIAMC - SBIETFPB,       294.40,       292.98,0.48
G,MOTILALAMC - MONIFTY100,        26.97,        26.84,0.48
G,MASTER TRUST LIMITED,       118.26,       117.69,0.48
G,VENTIVE HOSPITALITY LTD,       748.15,       744.55,0.48
G,ACC LIMITED,      1748.80,      1740.40,0.48
G,GOLDIAM INTERNATIONAL LTD,       364.55,       362.80,0.48
G,PICTUREPOST STUDIOS LTD,        10.45,        10.40,0.48
G,INDEGENE LIMITED,       522.55,       520.05,0.48
G,INTERNATIO GEMM INS (I) L,       334.60,       333.00,0.48
G,RELIGARE ENTER. LTD.,       249.06,       247.87,0.48
G,ROSSELL TECHSYS LIMITED,       629.85,       626.85,0.48
G,JAI CORP LIMITED,       132.27,       131.64,0.48
G,DIFFUSION ENGINEERS LTD,       336.25,       334.65,0.48
G,HILTON METAL FORGING LTD,        35.79,        35.62,0.48
G,2.50%GOLDBONDS2030SR-X,     15069.00,     14998.00,0.47
G,KOLTE PATIL DEV. LTD.,       393.00,       391.15,0.47
G,HDFCAMC - HDFCNIFIT,        40.41,        40.22,0.47
G,3M INDIA LIMITED,     36170.00,     36000.00,0.47
G,HDFCAMC - HDFCNIF100,        27.66,        27.53,0.47
G,BANK OF MAHARASHTRA,        63.93,        63.63,0.47
G,HPL ELECTRIC & POWER LTD,       407.60,       405.70,0.47
G,NBCC (INDIA) LIMITED,       122.67,       122.10,0.47
G,SEC RED NCD 10% SR. VI,      1041.84,      1037.00,0.47
G,MAHESHWARI LOGISTICS LTD.,        47.55,        47.33,0.46
G,BARAK VALLEY CEM. LTD.,        43.23,        43.03,0.46
G,TASTY BITE EATABLES LTD,      7894.00,      7857.50,0.46
G,TATA TELESERV(MAHARASTRA),        49.79,        49.56,0.46
G,STEEL STRIPS WHEELS LTD.,       210.88,       209.91,0.46
G,M AND B ENGINEERING LTD,       384.20,       382.45,0.46
G,7.69% TAX FREETRII SR2B,      1101.00,      1096.00,0.46
G,SMARTWORKS COWORKING SP L,       507.80,       505.50,0.45
G,JAIPRAKASH POWER VEN. LTD,        17.69,        17.61,0.45
G,MOLD-TEK TECHNOLOGIES LTD,       151.18,       150.50,0.45
G,PRUDENTIAL SUGAR CORPORAT,        20.03,        19.94,0.45
G,JANA SMALL FIN BANK LTD,       423.45,       421.55,0.45
G,GENERAL INS CORP OF INDIA,       379.55,       377.85,0.45
G,DSPAMC - DSPIT,        40.19,        40.01,0.45
G,MAXPOSURE LIMITED,        44.75,        44.55,0.45
G,ICICIPRAMC - ICICIBANKP,        29.16,        29.03,0.45
G,PRISM JOHNSON LIMITED,       139.16,       138.54,0.45
G,MIRAEAMC - SENSEXETF,        87.75,        87.36,0.45
G,TSIIC 9.35% 2028 SR I- B,    101633.00,    101182.00,0.45
G,BTRFLY GANDHI APPL LTD,       643.15,       640.30,0.45
G,DSPAMC - DSPQ50ETF,       248.69,       247.59,0.44
G,KNOWLEDGE REALTY TRUST,       124.37,       123.82,0.44
G,EMAMI PAPER MILLS LIMITED,        88.40,        88.01,0.44
G,RUPA & COMPANY LTD,       161.68,       160.97,0.44
G,DALMIA BHARAT SUG IN LTD,       297.40,       296.10,0.44
G,BLISS GVS PHARMA LTD,       162.82,       162.11,0.44
G,VARDHMAN SPC STEEL LTD,       286.80,       285.55,0.44
G,ICICI PRUD NIFTY 100 ETF,        29.85,        29.72,0.44
G,DEVYANI INTERNATIONAL LTD,       148.07,       147.43,0.43
G,SHAKTI PUMPS (I) LTD,       742.50,       739.30,0.43
G,ENERGY MISSION MACH IND L,       186.00,       185.20,0.43
G,UNICHEM LABORATORIES LTD,       441.80,       439.90,0.43
G,AGNI GREEN POWER LTD,        23.35,        23.25,0.43
G,ICICI PRUD SENSEX ETF,       978.75,       974.57,0.43
G,GALA PRECISION ENG LTD,       785.80,       782.45,0.43
G,SEC RE NCD 8.65% SR.V,       982.99,       978.80,0.43
G,ZEN TECHNOLOGIES LIMITED,      1362.40,      1356.60,0.43
G,ATHER ENERGY LIMITED,       741.65,       738.50,0.43
G,SEC RE NCD SR.VI,      1294.97,      1289.50,0.42
G,KAKATIYA CEM SUGAR &IND L,       128.69,       128.15,0.42
G,KOTAKMAMC - KTKNV20ETF,       155.28,       154.63,0.42
G,BARTRONICS INDIA LIMITED,        12.00,        11.95,0.42
G,KOTAKMAMC - MSCIINDIA,        31.35,        31.22,0.42
G,IPCA LABORATORIES LTD,      1404.00,      1398.20,0.41
G,TIGER LOGISTICS (INDIA) L,        36.53,        36.38,0.41
G,MIRAEAMC - MANV30F,       216.93,       216.04,0.41
G,JAYSHREE TEA & INDUSTRIES,        88.11,        87.75,0.41
G,MOTILALAMC - MOIPO,        46.54,        46.35,0.41
G,KOTAKMAMC - KOTAKLOVOL,        22.10,        22.01,0.41
G,MADHYA BHARAT AGRO P. LTD,       429.80,       428.05,0.41
G,MIRZA INTERNATIONAL LIMIT,        37.08,        36.93,0.41
G,K M SUGAR MILLS LTD,        27.23,        27.12,0.41
G,SUNDARAM BRAK LININGS LTD,       693.65,       690.85,0.41
G,NIP IND ETF IT,        42.14,        41.97,0.41
G,USHA MARTIN EDU & SOL LTD,         4.98,         4.96,0.40
G,RAM RATNA WIRES LIMITED,       311.35,       310.10,0.40
G,2.50%GOLDBONDS2029SR-VIII,     14816.77,     14757.50,0.40
G,SEC RE NCD 0% SR.VII,      1250.00,      1245.00,0.40
G,SHRE PUSH CHEM & FERT LTD,       378.55,       377.05,0.40
G,BLUE JET HEALTHCARE LTD,       531.10,       529.00,0.40
G,COCHIN SHIPYARD LIMITED,      1629.00,      1622.60,0.39
G,GO FASHION INDIA LTD,       460.30,       458.50,0.39
G,INDIA SHELTER FIN CORP L,       820.25,       817.05,0.39
G,KIRLOSKAR ELECTRIC CO LTD,       105.16,       104.75,0.39
G,HEALTHCARE GLOB. ENT. LTD,       655.35,       652.80,0.39
G,HOME FIRST FIN CO IND LTD,      1105.10,      1100.80,0.39
G,SERENCD 8.65% SR.VI OP12,      1015.70,      1011.75,0.39
G,ICICI PR NIF LW VL 30 ETF,        23.27,        23.18,0.39
G,ITI LTD,       312.05,       310.85,0.39
G,GOI LOAN  7.41% 2036,       104.90,       104.50,0.38
G,ICICIPRAMC - ICICITECH,        42.09,        41.93,0.38
G,SBIAMC - SBIETFQLTY,       232.50,       231.62,0.38
G,KRISHCA STRAPPING SLTN L,       198.50,       197.75,0.38
G,KOTAKMAMC - CHEMICAL,        29.13,        29.02,0.38
G,KPIT TECHNOLOGIES LIMITED,      1167.60,      1163.20,0.38
G,NALWA SONS INVESTMENT LTD,      6543.50,      6519.00,0.38
G,TIMKEN INDIA LTD.,      3052.60,      3041.20,0.37
G,STYRENIX PERFORMANCE LTD,      2035.50,      2027.90,0.37
G,AXISAMC - AXISTECETF,       418.03,       416.47,0.37
G,STANDARD INDUSTRIES LTD.,        16.15,        16.09,0.37
G,CASTROL INDIA LIMITED,       191.50,       190.79,0.37
G,SHRIRAM PROPERTIES LTD,        84.19,        83.88,0.37
G,TIL LTD,       272.40,       271.40,0.37
G,AJANTA PHARMA LIMITED,      2949.20,      2938.40,0.37
G,S D RETAIL LIMITED,        82.00,        81.70,0.37
G,PAGE INDUSTRIES LTD,     35775.00,     35645.00,0.36
G,BATA INDIA LTD,       950.15,       946.70,0.36
G,CERA SANITARYWARE LTD,      5258.00,      5239.00,0.36
G,JAIN DVR EQUITY SHARES,        27.71,        27.61,0.36
G,IDFC FIRST BANK LIMITED,        85.92,        85.61,0.36
G,SUNTECK REALTY LIMITED,       431.45,       429.90,0.36
G,ROSSELL INDIA LIMITED,        50.34,        50.16,0.36
G,SEC RE NCD 7.90% STRPP C,       420.38,       418.88,0.36
G,ESAB INDIA LTD,      6167.50,      6145.50,0.36
G,KOPRAN LTD,       152.08,       151.54,0.36
G,SAHASRA ELECTRONIC SOLU L,       299.25,       298.20,0.35
G,DIVGI TORQTRANSFER SYST L,       613.50,       611.35,0.35
G,UTIAMC-SENSEXBETA,       941.29,       938.00,0.35
G,RELIANCE CHEMOTEX IND LTD,       137.75,       137.27,0.35
G,AXISAMC - AXISHCETF,       149.29,       148.77,0.35
G,MAGNUM VENTURES LTD.,        23.00,        22.92,0.35
G,UNSE RE NCD 9.6% SR.II,       998.85,       995.38,0.35
G,SHARP CHUCKS N MACHINES L,       144.00,       143.50,0.35
G,RUDRA GLOBAL INFRA PROD L,        25.95,        25.86,0.35
G,UTIAMC-ITBETA,       398.00,       396.62,0.35
G,SHREE RAMA NEWSPRINT LTD,        31.81,        31.70,0.35
G,SURAJ ESTATE DEVELOPERS L,       261.45,       260.55,0.35
G,SEC RE NCD SR 2,      1166.01,      1162.00,0.35
G,TEAM INDIA GUARANTY LTD,       293.65,       292.65,0.34
G,JUPITER WAGONS LIMITED,       338.25,       337.10,0.34
G,JOCIL LIMITED,       144.49,       144.00,0.34
G,BIRLASLAMC - BSLSENETFG,        85.62,        85.33,0.34
G,HDFC AMC LIMITED,      2657.20,      2648.20,0.34
G,DR AGARWALS HEALTH CARE L,       501.95,       500.25,0.34
G,SEC RE NCD 8.75% SR.IV,      1035.00,      1031.50,0.34
G,MOTILALAMC - MOHEALTH,        44.49,        44.34,0.34
G,CAPITAL INFRA TRUST,        74.49,        74.24,0.34
G,KEI INDUSTRIES LTD.,      4529.60,      4514.50,0.33
G,UNITED DRILLING TOOLS LTD,       201.41,       200.74,0.33
G,GOI LOAN  7.18% 2037,       105.42,       105.07,0.33
G,AARTI INDUSTRIES LTD,       376.95,       375.70,0.33
G,AXISAMC - AXSENSEX,        88.09,        87.80,0.33
G,INDIAN METALS & FERRO,      1496.10,      1491.20,0.33
G,EIH LIMITED,       367.30,       366.10,0.33
G,PITTI ENGINEERING LIMITED,       827.20,       824.50,0.33
G,INDIGRID INFRASTRUCT TRST,       168.80,       168.25,0.33
G,ATL RE.0.50 PPD UP,        12.29,        12.25,0.33
G,KOTAKMAMC - QUALITY30,        21.57,        21.50,0.33
G,ICICIPRAMC - ICICIALPLV,        28.03,        27.94,0.32
G,ADITYA VISION LIMITED,       483.55,       482.00,0.32
G,9.01% TAX FREETRII SR3B,      1250.00,      1246.01,0.32
G,SETCO AUTOMOTIVE LTD,        15.73,        15.68,0.32
G,V.L.INFRAPROJECTS LIMITED,        31.50,        31.40,0.32
G,EURO (I) FRESH FOODS LTD,       268.05,       267.20,0.32
G,UNSEC RE NCD 0% SR.III,      1485.00,      1480.30,0.32
G,MAHINDRA LIFESPACE DEVLTD,       395.10,       393.85,0.32
G,DDEV PLASTIKS IND LTD,       301.45,       300.50,0.32
G,BIRLASLAMC - NIFTYQLITY,        22.26,        22.19,0.32
G,BAL PHARMA LTD.,        73.25,        73.02,0.31
G,AMBIKA COTTON MILL LTD.,      1247.20,      1243.30,0.31
G,KOTAK NIFTY ETF,       289.23,       288.33,0.31
G,LE TRAVENUES TECHNOLOGY L,       241.60,       240.85,0.31
G,CHALET HOTELS LIMITED,       902.50,       899.70,0.31
G,MANAKSIA LTD.,        64.82,        64.62,0.31
G,EFFWA INFRA & RESEARCH L,       227.70,       227.00,0.31
G,GENUS P&B LIMITED,        13.02,        12.98,0.31
G,MOTILALAMC - MOLOWVOL,        39.11,        38.99,0.31
G,CELL POINT (INDIA) LTD,        16.35,        16.30,0.31
G,REFEX INDUSTRIES LIMITED,       262.30,       261.50,0.31
G,MOTILALAMC - MOQUALITY,       200.02,       199.41,0.31
G,OIL INDIA LTD,       428.85,       427.55,0.30
G,ETHOS LIMITED,      2953.50,      2944.60,0.30
G,CYIENT DLM LIMITED,       415.85,       414.60,0.30
G,VIDYA WIRES LIMITED,        50.13,        49.98,0.30
G,ORKLA INDIA LIMITED,       635.40,       633.50,0.30
G,NAHAR SPINNING MILLS LTD.,       194.57,       193.99,0.30
G,APRAMEYA ENGINEERING LTD,       302.00,       301.10,0.30
G,GATEWAY DISTRIPARKS LTD,        60.58,        60.40,0.30
G,DEEM ROLL TECH LIMITED,        50.55,        50.40,0.30
G,CHAMUNDA ELECTRICAL LTD,        51.00,        50.85,0.29
G,KATARIA INDUSTRIES LTD,       102.05,       101.75,0.29
G,SOMI CONVEYOR BELT. LTD.,       126.59,       126.22,0.29
G,MOTILALAMC - MONQ50,        99.36,        99.07,0.29
G,KILITCH DRUGS INDIA LTD,       360.40,       359.35,0.29
G,TRANSWORLD SHIP LINES LTD,       199.15,       198.57,0.29
G,RADAAN MEDIAWORKS (I) LTD,         3.44,         3.43,0.29
G,TATAAML - NETF,       283.86,       283.04,0.29
G,VINATI ORGANICS LTD,      1601.20,      1596.60,0.29
G,LLOYD RS.0.50 PPD UP,        38.50,        38.39,0.29
G,KINGFA SCI & TEC IND LTD.,      4436.20,      4423.70,0.28
G,VINTAGE COFFEE N BVRGS L,       160.68,       160.23,0.28
G,WELSPUN LIVING LIMITED,       132.42,       132.05,0.28
G,HDFCAMC - HDFCLOWVOL,        21.64,        21.58,0.28
G,KAMDHENU LIMITED,        25.29,        25.22,0.28
G,BROOKFIELD INDIA RET,       334.49,       333.57,0.28
G,IRB INVIT FUND,        62.53,        62.36,0.27
G,R K SWAMY LIMITED,       111.06,       110.76,0.27
G,MASTEK LTD,      2116.20,      2110.50,0.27
G,ALL TIME PLASTICS LIMITED,       263.35,       262.65,0.27
G,RAINBOW CHILDRENS MED LTD,      1318.90,      1315.40,0.27
G,NIP IND ETF CONSUMPTION,       136.25,       135.89,0.26
G,ARHAM TECHNOLOGIES LTD,       151.50,       151.10,0.26
G,TATAAML - TNIDETF,        99.13,        98.87,0.26
G,KOTAKMAMC - KOTAKIT,        41.94,        41.83,0.26
G,FEDERAL BANK LTD,       266.95,       266.25,0.26
G,CUMMINS INDIA LTD,      4482.10,      4470.60,0.26
G,GMR AIRPORTS LIMITED,       105.77,       105.50,0.26
G,SBIAMC - SETF10GILT,       259.82,       259.16,0.25
G,SBIAMC - SBIETFCON,       126.03,       125.71,0.25
G,TEJAS NETWORKS LIMITED,       453.25,       452.10,0.25
G,GOI TBILL 91D-19/02/26,        99.25,        99.00,0.25
G,TAX FREE7.60% SR.IIB,      1154.98,      1152.08,0.25
G,MIRAEAMC - ITETF,        40.09,        39.99,0.25
G,PRESSTONIC ENGINEERING L,        60.65,        60.50,0.25
G,GOI LOAN  7.46% 2073,       101.85,       101.60,0.25
G,8.91%S-R-NCD SERIES 3B,      1230.00,      1227.00,0.24
G,GLOBALE TESSILE LIMITED,        12.33,        12.30,0.24
G,SATIN CREDIT NET LTD,       144.64,       144.29,0.24
G,MANGLAM INFRA & ENG LTD,        20.75,        20.70,0.24
G,PRIME SECURITIES LIMITED,       275.35,       274.70,0.24
G,PASHUPATI COTSPIN LIMITED,       808.60,       806.70,0.24
G,CORDS CABLE INDUS LTD.,       187.53,       187.09,0.24
G,INDIAN CARD CLOTHING CO.,       241.63,       241.07,0.23
G,GOI LOAN  7.25% 2063,        99.48,        99.25,0.23
G,CONSO. FIN. & HOLD. LTD.,       164.73,       164.35,0.23
G,INDO RAMA SYNTHETICS LTD,        48.11,        48.00,0.23
G,RUCHIRA PAPERS LIMITED,       122.71,       122.43,0.23
G,KRBL LIMITED,       396.40,       395.50,0.23
G,NINTEC SYSTEMS LIMITED,       398.50,       397.60,0.23
G,MAHARASHTRA SCOOTERS LTD,     14237.00,     14205.00,0.23
G,SCHNEIDER ELECTRIC INFRA,       717.30,       715.70,0.22
G,EURO PANEL PRODUCTS LTD,       175.59,       175.20,0.22
G,KEYNOTE FIN SERV LTD.,       315.80,       315.10,0.22
G,PIX TRANSMISSIONS LIMITED,      1404.30,      1401.20,0.22
G,EQUITAS SMALL FIN BNK LTD,        64.16,        64.02,0.22
G,TRANSINDIA REAL ESTATE L,        28.39,        28.33,0.21
G,NUPUR RECYCLERS LIMITED,        56.80,        56.68,0.21
G,NIP IND ETF LONGTERM GILT,        29.24,        29.18,0.21
G,HATSUN AGRO PRODUCT LTD.,       975.85,       973.85,0.21
G,2.50%GOLDBONDS2026SR-I,     14949.00,     14918.99,0.20
G,SHAH METACORP LIMITED,         5.01,         5.00,0.20
G,SHANTI GOLD INTERNATION L,       190.48,       190.10,0.20
G,AVANTI FEEDS LIMITED,       880.25,       878.50,0.20
G,COUNTRY CLUB HOSP HOL LTD,        15.23,        15.20,0.20
G,SEC RE NCD 9.25% SR I,      1035.00,      1032.97,0.20
G,SEC RED NCD 8.40% SR.V,      1022.00,      1020.00,0.20
G,DCM LTD,        92.54,        92.36,0.19
G,MITCON CON & ENG SER LTD,        66.88,        66.75,0.19
G,BANDHAN BANK LIMITED,       144.46,       144.18,0.19
G,JINDAL STAINLESS LIMITED,       855.40,       853.75,0.19
G,SEC RE NCD 9.32% SR III,      1040.00,      1038.00,0.19
G,SEC RE NCD 9.39% SR.VIII,       401.07,       400.30,0.19
G,TARSONS PRODUCTS LIMITED,       235.25,       234.80,0.19
G,ASSO ALCOHOLS & BREW LTD,       952.30,       950.50,0.19
G,ORCHID PHARMA LIMITED,       794.65,       793.15,0.19
G,SHILCHAR TECHNOLOGIES LTD,      3837.50,      3830.30,0.19
G,DSPAMC - TOP10ADD,       101.46,       101.27,0.19
G,JUPITER LIFE LINE HOSP L,      1400.40,      1397.80,0.19
G,UNSERENCD8.85%SRIVCIII&IV,      1085.00,      1083.00,0.18
G,SEC RED NCD 9.10% SR.VI,      1087.00,      1085.00,0.18
G,7.51 NCD 16FEB28 TR1 SR2,      1110.00,      1108.00,0.18
G,SARASWATI SAREE DEPOT LTD,        78.16,        78.02,0.18
G,SHIVA TEXYARN LIMITED,       185.42,       185.09,0.18
G,NAVKAR CORPORATION LTD.,       101.32,       101.14,0.18
G,RELCAPAMC-NETFSDL26,       135.38,       135.14,0.18
G,DHUNSERI TEA & IND. LTD.,       158.94,       158.66,0.18
G,EDELAMC - EBBETF0433,      1276.46,      1274.25,0.17
G,SUNDROP BRANDS LIMITED,       725.20,       723.95,0.17
G,SUBEX LTD,        11.72,        11.70,0.17
G,ASIAN GRANITO IND. LTD.,        76.65,        76.52,0.17
G,ISHAN DYES N CHEMICALS L,        65.03,        64.92,0.17
G,TVS SRICHAKRA LIMITED,      4343.90,      4336.60,0.17
G,FDC LIMITED,       419.55,       418.85,0.17
G,COUNTRY CONDO S LIMITED,         6.04,         6.03,0.17
G,TTK HEALTHCARE LIMITED,      1028.50,      1026.80,0.17
G,APMD 9.30% 2028 STRPP B,    102869.99,    102700.00,0.17
G,RHI MAGNESITA INDIA LTD,       455.30,       454.55,0.16
G,GOI LOAN   7.09% 2074,        97.25,        97.09,0.16
G,INDIQUBE SPACES LIMITED,       210.03,       209.69,0.16
G,KODY TECHNOLAB LIMITED,       930.00,       928.50,0.16
G,RELAXO FOOT LTD.,       403.30,       402.65,0.16
G,GOI TBILL 91D-08/01/26,        99.85,        99.69,0.16
G,ATAM VALVES LIMITED,        82.58,        82.45,0.16
G,SEC RE NCD 9.90% SR IV,      1017.67,      1016.07,0.16
G,AKME FINTRADE (INDIA) LTD,         6.42,         6.41,0.16
G,ORIENTAL AROMATICS LTD,       289.95,       289.50,0.16
G,TATAAML - NPBET,       297.72,       297.26,0.15
G,MOTILAL OS NASDAQ100 ETF,       234.90,       234.54,0.15
G,KCP SUGAR IND CORP LTD.,        26.14,        26.10,0.15
G,STAR CEMENT LIMITED,       222.51,       222.17,0.15
G,SHARE IND. SECURITIES LTD,       164.64,       164.39,0.15
G,I G PETROCHEMICALS LTD,       395.60,       395.00,0.15
G,VARDHMAN TEXTILES LIMITED,       436.10,       435.45,0.15
G,GOI LOAN  7.34% 2064,       101.15,       101.00,0.15
G,RITCO LOGISTICS LIMITED,       270.55,       270.15,0.15
G,WEBSOL ENERGY SYSTEM LTD,        88.48,        88.35,0.15
G,GNG ELECTRONICS LIMITED,       310.70,       310.25,0.15
G,EURO PRATIK SALES LIMITED,       311.85,       311.40,0.14
G,EDELAMC - EBBETF0431,      1398.58,      1396.59,0.14
G,LIBERTY SHOES LTD,       282.15,       281.75,0.14
G,GOI LOAN  5.74% 2026,        99.94,        99.80,0.14
G,8.92% TAX FREE NCD,      1241.16,      1239.44,0.14
G,SYSTEMATIX CORP SERVICE L,       141.82,       141.63,0.13
G,IIFL TR I SR II,      1050.00,      1048.60,0.13
G,LAXMI ORGANIC INDUS LTD,       168.12,       167.90,0.13
G,INVENTURUS KNOWLEDGE SO L,      1684.40,      1682.20,0.13
G,AHLUWALIA CONT IND LTD,       960.45,       959.20,0.13
G,7.64% TAX FREETRI SR2B,      1170.00,      1168.49,0.13
G,AFIL 12% 2028,      9813.60,      9801.00,0.13
G,SBFC FINANCE LIMITED,       102.99,       102.86,0.13
G,ANANTAM HIGHWAYS TRUST,       103.98,       103.85,0.13
G,GTL LTD,         8.09,         8.08,0.12
G,CHAVDA INFRA LIMITED,       123.50,       123.35,0.12
G,A B COTSPIN INDIA LIMITED,       412.20,       411.70,0.12
G,DB (INT) STOCK BROKERS,        24.87,        24.84,0.12
G,AGARWAL FLOAT GLASS I LTD,        42.05,        42.00,0.12
G,LUPIN LIMITED,      2105.30,      2102.80,0.12
G,ICICIPRAMC - ICICICONSU,       126.75,       126.60,0.12
G,UTIAMC-GILT10BETA,        26.11,        26.08,0.12
G,PINE LABS LIMITED,       235.39,       235.12,0.11
G,SEC RE NCD 8.85% SR I,      1056.20,      1055.00,0.11
G,CANARA ROBECO AMC LIMITED,       311.05,       310.70,0.11
G,PERSISTENT SYSTEMS LTD,      6289.50,      6282.50,0.11
G,DHANUKA AGRITECH LTD,      1178.70,      1177.40,0.11
G,PARTY CRUISERS LIMITED,        91.10,        91.00,0.11
G,ICICIPRAMC - ICICI10GS,       258.79,       258.51,0.11
G,GRAVITA INDIA LIMITED,      1860.50,      1858.50,0.11
G,NIVA BUPA HEALTH INS CO L,        75.16,        75.08,0.11
G,SREE RAYALSEEMA HHP LTD.,       517.60,       517.05,0.11
G,N R AGARWAL INDS LTD,       475.40,       474.90,0.11
G,BRACE PORT LOGISTICS LTD,        95.95,        95.85,0.10
G,VISHAL MEGA MART LIMITED,       135.95,       135.81,0.10
G,PTL ENTERPRISES LTD,        39.31,        39.27,0.10
G,JYOTI CNC AUTOMATION LTD,       993.95,       992.95,0.10
G,GOI LOAN  6.33% 2035,        99.60,        99.50,0.10
G,CHEMBOND MATERIALTECH LTD,       161.36,       161.20,0.10
G,INDIA TOUR. DEV. CO. LTD.,       607.65,       607.05,0.10
G,SIL INVESTMENTS LIMITED,       518.05,       517.55,0.10
G,VCCL 11.5% 2028 SR C,    100283.56,    100189.04,0.09
G,DSPAMC - FLEXIADD,        10.63,        10.62,0.09
G,APSBC 9.15% 2034 STRPP I,    102176.95,    102081.31,0.09
G,GUJARAT PIPAVAV PORT LTD,       182.31,       182.14,0.09
G,SEC RE NCD 8.75% SR.III,      1076.00,      1075.00,0.09
G,SEC RED NCD 10.27% SR. VI,      1105.00,      1104.00,0.09
G,BAID FINSERV LIMITED,        11.06,        11.05,0.09
G,HINDUSTAN OIL EXPLORATION,       156.39,       156.25,0.09
G,8.72% UNSECURED NCD,      1006.00,      1005.10,0.09
G,MAGADH SUGAR & ENERGY LTD,       504.55,       504.10,0.09
G,SCHAEFFLER INDIA LIMITED,      3874.30,      3870.90,0.09
G,ZIM LABORATORIES LIMITED,        70.43,        70.37,0.09
G,MINDSPACE BUSINESS P REIT,       474.41,       474.01,0.08
G,8.67% TAX FREE NCD,      1226.00,      1225.00,0.08
G,ANDHRA SUGARS LTD,        75.98,        75.92,0.08
G,SAVITA OIL TECHNOLO. LTD,       382.05,       381.75,0.08
G,EDELAMC - BBETF0432,      1314.86,      1313.83,0.08
G,BAYER CROPSCIENCE LTD,      4546.70,      4543.20,0.08
G,AFFLE 3I LIMITED,      1782.70,      1781.40,0.07
G,SUVEN LIFE SCIENCES LTD,       164.81,       164.69,0.07
G,GREAVES COTTON LTD.,       193.35,       193.21,0.07
G,KEWAL KIRAN CLOTHING LTD,       483.95,       483.60,0.07
G,8.91% TAX FREE NCD,      1314.00,      1313.05,0.07
G,SRF LTD,      3059.50,      3057.30,0.07
G,APSBC 9.15% 2035 STRPP J,    102308.45,    102235.27,0.07
G,RASHI PERIPHERALS LIMITED,       360.80,       360.55,0.07
G,ORIANA POWER LIMITED,      2251.75,      2250.20,0.07
G,AEROFLEX NEU LIMITED,        74.95,        74.90,0.07
G,SEC RE NCD 9% SR.V,      1044.97,      1044.28,0.07
G,SKF INDIA LTD,      1857.40,      1856.20,0.06
G,UTIAMC-GILT5BETA,        63.23,        63.19,0.06
G,GOKUL AGRO RESOURCES LTD,       179.11,       179.00,0.06
G,MANUGRAPH INDIA LIMITED,        16.29,        16.28,0.06
G,BOND 8.71% TAX FREE S2B,      1093.01,      1092.38,0.06
G,BALRAMPUR CHINI MILLS LTD,       438.55,       438.30,0.06
G,AMARA RAJA ENERGY MOB LTD,       928.30,       927.80,0.05
G,8.20 NCD05MAR27 FV 1000,      1101.08,      1100.50,0.05
G,SERENCD 8.98% SR.VI OP2,      1085.55,      1085.00,0.05
G,CAMBRIDGE TECH ENTER LTD,        39.90,        39.88,0.05
G,BANNARI AMMAN SUGARS LTD,      3602.40,      3600.60,0.05
G,KCP LTD,       180.25,       180.16,0.05
G,APSBC 9.15% 2030 STRPP E,    101450.00,    101400.00,0.05
G,KRISHNA DEF AND ALD IND L,       812.65,       812.25,0.05
G,WONDERLA HOLIDAYS LTD.,       527.40,       527.15,0.05
G,SBIAMC - SBILIQETF,      1021.28,      1020.82,0.05
G,ZERODHAAMC - LIQUIDCASE,       112.14,       112.09,0.04
G,SHREE DIGVIJAY CEM CO LTD,        91.02,        90.98,0.04
G,TVS SUPPLY CHAIN SOL L,       114.27,       114.22,0.04
G,AONEAMC - AONELIQUID,      1041.43,      1040.99,0.04
G,ICICIPRAMC - CASHIETF,      1043.99,      1043.55,0.04
G,BFAM - LIQUIDBETF,      1063.68,      1063.24,0.04
G,MIRAEAMC - LIQUIDPLUS,      1066.86,      1066.42,0.04
G,GLAND PHARMA LIMITED,      1715.80,      1715.10,0.04
G,DSPAMC - LIQUIDADD,      1107.52,      1107.07,0.04
G,KOTAKMAMC - KOTAKLIQ,      1085.36,      1084.92,0.04
G,GOI TBILL 91D-29/01/26,        99.40,        99.36,0.04
G,JINDAL PHOTO LIMITED,      1501.30,      1500.70,0.04
G,EDELAMC - ELIQUID,      1013.08,      1012.68,0.04
G,SHRIRAM - LIQUIDSHRI,      1086.46,      1086.04,0.04
G,ANIK INDUSTRIES LTD,        51.80,        51.78,0.04
G,GOI LOAN  7.1% 2034,       103.75,       103.71,0.04
G,NIPPONAMC - LIQGRWBEES,      1022.65,      1022.26,0.04
G,GROWWAMC - GROWWLIQID,       107.31,       107.27,0.04
G,HDFCAMC - HDFCLIQUID,      1042.89,      1042.51,0.04
G,UMIYA BUILDCON LIMITED,        87.62,        87.59,0.03
G,WESTERN CARRIERS (IND) L,       120.17,       120.13,0.03
G,STEEL CITY SECURITIES LTD,        92.15,        92.12,0.03
G,MANALI PETROCHEMICALS LT,        62.88,        62.86,0.03
G,GOI TBILL 364D-20/02/26,        99.15,        99.12,0.03
G,SINTERCOM INDIA LIMITED,        99.87,        99.84,0.03
G,PATIL AUTOMATION LIMITED,       179.00,       178.95,0.03
G,BALAJI AMINES LIMITED,      1110.00,      1109.70,0.03
G,BIRLASLAMC - ABGSEC,       111.19,       111.16,0.03
G,EIMCO ELECON (INDIA) LTD,      1625.30,      1624.90,0.02
G,VIBHOR STEEL TUBES LTD,       136.63,       136.60,0.02
G,ECL 8.88% 2028 SR V,       968.25,       968.04,0.02
G,TEGA INDUSTRIES LIMITED,      1950.20,      1949.80,0.02
G,WESTLIFE FOODWORLD LTD,       538.65,       538.55,0.02
G,HINDWARE HME INOVATON LTD,       272.00,       271.95,0.02
G,THE RUBY MILLS LTD,       223.04,       223.00,0.02
G,HIKAL LIMITED,       226.96,       226.92,0.02
G,TEJAS CARGO INDIA LIMITED,       300.05,       300.00,0.02
G,7.74% TAX FREE NCD,      1165.11,      1164.92,0.02
G,REDTAPE LIMITED,       124.22,       124.20,0.02
G,RELCAPAMC - NETFGILT5Y,        63.59,        63.58,0.02
G,TAX FREE 7.69% SR. IIB,      1116.05,      1115.90,0.01
G,SEC RE NCD 9.65% SR IV,      1043.13,      1043.00,0.01
G,BIRLASOFT LIMITED,       432.05,       432.00,0.01
G,UFLEX LIMITED,       498.60,       498.55,0.01
G,2.50%GOLDBONDS2027SR-IV,     14800.00,     14799.03,0.01
G,AEL 9.3% 2030 SR VII,      1060.31,      1060.25,0.01
G,KAMAT HOTELS (I) LTD,       238.41,       238.40,0.00
G,SEC RE NCD 8.20% SR.III,       990.00,       989.98,0.00
G,SEC RE NCD 10.30% SR.VII,       665.80,       665.79,0.00
G,2.50%GOLDBONDS2027SR-I,     15200.00,     15199.80,0.00
G,ISF 9.75% NCD 2028,     98598.01,     98598.00,0.00
 , , , , 
L,TOURISM FINANCE CORP. OF,        55.24,        69.05,-20.00
L,CUPID LIMITED,       419.95,       524.90,-19.99
L,SEC RE NCD 9.48% SR V,       316.00,       377.00,-16.18
L,SNEHAA ORGANICS LIMITED,        60.35,        70.60,-14.52
L,SEC RE NCD 9.25% SR.VII,       957.65,      1068.00,-10.33
L,VIVIMED LABS LIMITED,        15.12,        16.79,-9.95
L,KIRI INDUSTRIES LIMITED,       616.00,       682.35,-9.72
L,INNOMET ADVANCED MATERI L,        98.50,       107.35,-8.24
L,KONSTELEC ENGINEERS LTD,        47.15,        51.25,-8.00
L,ELDECO HSG & IND LTD.,       926.40,      1000.90,-7.44
L,SEC RE NCD 10.75% SR XI,       950.20,      1025.00,-7.30
L,VIPUL LIMITED,        11.77,        12.66,-7.03
L,OPTIVALUE TEK CONSULT LTD,        81.95,        87.95,-6.82
L,JYOTI GLOBAL PLAST LTD,        42.35,        45.30,-6.51
L,TECIL CHEMICALS,        18.73,        20.00,-6.35
L,ASPINWALL & CO LTD,       241.05,       257.15,-6.26
L,WINNY IMMIGRA & EDU SER L,        71.00,        75.50,-5.96
L,INTEGRATED PERSO SER LTD,       270.00,       287.00,-5.92
L,SERENCD8.84%SRVICIII&IV,       940.00,       998.95,-5.90
L,TUNWAL E-MOTORS LIMITED,        36.05,        38.10,-5.38
L,OWAIS METAL & MINERAL,       256.05,       270.60,-5.38
L,RAJGOR CASTOR DERIVATI L,        20.00,        21.10,-5.21
L,DUCOL ORGS AND COLOURS LT,       151.60,       159.85,-5.16
L,TAPI FRUIT PROCESSING LTD,        68.30,        72.00,-5.14
L,BSL LTD,       147.17,       155.13,-5.13
L,SACHEEROME LIMITED,       376.45,       396.25,-5.00
L,MANAKSIA STEELS LTD,        68.84,        72.46,-5.00
L,SUNDREX OIL COMPANY LTD,        56.10,        59.05,-5.00
L,MARC TECHNOCRATS LIMITED,        53.30,        56.10,-4.99
L,INDO THAI SEC LTD,       267.60,       281.65,-4.99
L,GIRIRAJ CIVIL DEVP LTD,       246.05,       258.95,-4.98
L,DHARA RAIL PROJECTS LTD,       142.20,       149.65,-4.98
L,SHRI KANHA STAINLESS LTD,        26.75,        28.15,-4.97
L,MARINETRANS INDIA LIMITED,        22.05,        23.20,-4.96
L,JEYYAM GLOBAL FOODS LTD,        56.60,        59.55,-4.95
L,AATMAJ HEALTHCARE LIMITED,        24.00,        25.25,-4.95
L,EPW INDIA LIMITED,       108.70,       114.35,-4.94
L,A G UNIVERSAL LIMITED,        65.55,        68.95,-4.93
L,RADICO KHAITAN LTD,      3094.20,      3253.90,-4.91
L,WEALTH - TWCGOLDETF,       131.55,       138.24,-4.84
L,ROCKINGDEALS CIRCU ECO L,       222.35,       233.65,-4.84
L,ANI INTEGRATED SERV LTD.,        80.50,        84.50,-4.73
L,PARAMOUNT DYE TEC LIMITED,        49.45,        51.90,-4.72
L,ONYX BIOTEC LIMITED,        38.20,        40.05,-4.62
L,MANGALAM ALLOYS LIMITED,        47.50,        49.80,-4.62
L,SPUNWEB NONWOVEN LIMITED,       136.40,       142.85,-4.52
L,INDOSOLAR LIMITED,       512.60,       536.50,-4.45
L,RAJDARSHAN INDUSTRIES LTD,        44.89,        46.97,-4.43
L,POLYSIL IRRIGATION SYST L,       284.45,       297.50,-4.39
L,BRAND CONCEPTS LIMITED,       337.70,       353.05,-4.35
L,BALAXI PHARMA LTD,        27.06,        28.29,-4.35
L,MODERN THREADS INDIA LTD,        44.01,        46.00,-4.33
L,PRITIKA ENG COMPO LTD,        78.00,        81.50,-4.29
L,GALAXY MEDICARE LIMITED,        20.85,        21.75,-4.14
L,OSIA HYPER RETAIL LIMITED,        15.58,        16.25,-4.12
L,SAPPHIRE FOODS INDIA LTD,       252.00,       262.70,-4.07
L,VINEET LABORATORIES LTD,        34.41,        35.87,-4.07
L,SHUBHSHREE BIOFUELS ENE L,       379.00,       395.00,-4.05
L,MOXSH OVERSEAS EDUCON LTD,        81.00,        84.40,-4.03
L,SEC RED NCD 8.10% SR.IV,      1006.00,      1048.00,-4.01
L,PURPLE UNITED SALES LTD,       396.45,       412.90,-3.98
L,PROLIFE INDUSTRIES LTD,        70.25,        73.15,-3.96
L,SEMAC CONSTRUCTION LTD,       298.00,       309.80,-3.81
L,SURATWWALA BUS GROUP LTD,        34.32,        35.66,-3.76
L,TRANSTEEL SEATING TECH L,       142.35,       147.85,-3.72
L,CHAMAN METALLICS LIMITED,       118.25,       122.75,-3.67
L,VITAL CHEMTECH LIMITED,        56.65,        58.80,-3.66
L,GRP LIMITED,      1739.80,      1805.70,-3.65
L,2.50%GOLDBONDS2027SR-V,     14645.80,     15200.00,-3.65
L,TRIDHYA TECH LIMITED,        14.55,        15.10,-3.64
L,QUALITY FOILS (INDIA) LTD,        60.85,        63.15,-3.64
L,IBL FINANCE LIMITED,        56.95,        59.10,-3.64
L,INDIABULLS LIMITED,        16.47,        17.09,-3.63
L,WAKEFIT INNOVATIONS LTD,       179.31,       186.03,-3.61
L,SURANI STEEL TUBES LTD.,        57.80,        59.95,-3.59
L,IVALUE INFOSOLUTIONS LTD,       270.65,       280.65,-3.56
L,ALLIED BLEND N DISTILS L,       580.00,       601.15,-3.52
L,NIRAJ ISPAT IND LTD,       201.46,       208.79,-3.51
L,ALLDIGI TECH LIMITED,       836.95,       867.15,-3.48
L,BABA FOOD PROCESSING,        32.10,        33.25,-3.46
L,DIAMINES & CHEMICALS LTD,       263.70,       273.05,-3.42
L,MAHA RASHTRA APEX COPR. L,       104.41,       108.11,-3.42
L,YASH OPTICS & LENS LTD,       118.70,       122.90,-3.42
L,DAR CREDIT & CAPITAL LTD,        44.45,        46.00,-3.37
L,VASA DENTICITY LIMITED,       559.55,       579.00,-3.36
L,KARNATAKA BANK LIMITED,       200.00,       206.92,-3.34
L,DREDGING CORP OF INDIA,       963.95,       997.30,-3.34
L,NEWMALAYALAM STEEL LTD,        30.05,        31.05,-3.22
L,UGRO CAPITAL LIMITED,       176.58,       182.43,-3.21
L,ABM INTERNATIONAL LTD,        42.00,        43.35,-3.11
L,CLEAR SECURED SERVICES L,       129.20,       133.35,-3.11
L,SAMAY PROJECT SERVICES L,        43.70,        45.10,-3.10
L,ARMAN FIN SERV LTD,      1520.90,      1568.70,-3.05
L,CASH UR DRIVE MARKETING L,       132.85,       137.00,-3.03
L,ICDS LTD,        45.22,        46.63,-3.02
L,WAAREE ENERGIES LIMITED,      2866.30,      2955.30,-3.01
L,CALSOFT RS.2.50 PPD UP,         5.16,         5.32,-3.01
L,SAMEERA AGRO AND INFRA L,        12.90,        13.30,-3.01
L,M.V.K. AGRO FOOD PROD LTD,       727.05,       749.55,-3.00
L,SATTVA ENGINEERING CSTN L,        62.10,        64.00,-2.97
L,RULKA ELECTRICALS LIMITED,       106.50,       109.75,-2.96
L,HEADS UP VENTURES LIMITED,         8.86,         9.13,-2.96
L,ANLON TECHNOLOGY SOL LTD,       396.95,       409.00,-2.95
L,ENVIROTECH SYSTEMS LTD,       115.95,       119.40,-2.89
L,UNIPHOS ENTERPRISES LTD,       145.57,       149.90,-2.89
L,AUTHUM INVEST & INFRA LTD,      3045.80,      3136.00,-2.88
L,ESSEN SPECIALITY FILMS L,       175.75,       180.95,-2.87
L,UNSEC RED NCD 10.0% SR. V,       991.00,      1020.00,-2.84
L,MARATHON NXTGEN REALT LTD,       529.15,       544.60,-2.84
L,INFINIUM PHARMACHEM LTD,       218.55,       224.90,-2.82
L,EPACK PREFAB TECHN LTD,       260.90,       268.45,-2.81
L,ANTARCTICA LTD,         1.04,         1.07,-2.80
L,SEC RE NCD 10.03% SR X,       700.20,       720.00,-2.75
L,TANKUP ENGINEERS LIMITED,       710.00,       730.00,-2.74
L,POPULAR VEHICLES N SER L,       118.26,       121.55,-2.71
L,ATLAS CYCLE (HARYANA) LTD,       104.39,       107.27,-2.68
L,AMJ LAND HOLDINGS LIMITED,        51.37,        52.78,-2.67
L,AAKAAR MEDICAL TECHNO LTD,        70.10,        72.00,-2.64
L,BIGBLOC CONSTRUCTION LTD,        73.06,        75.04,-2.64
L,NAKODA GROUP OF IND. LTD,        29.96,        30.77,-2.63
L,BHAGIRADHA CHEM & INDS L,       200.62,       206.04,-2.63
L,SEC RE NCD 9.10% SR III,      1040.00,      1068.00,-2.62
L,GANESH INFRAWORLD LIMITED,       142.00,       145.80,-2.61
L,NURECA LIMITED,       302.70,       310.80,-2.61
L,CYBERMEDIA RS.5 PPD UP,         6.03,         6.19,-2.58
L,FINKURVE FINANCIAL SERV L,        98.58,       101.14,-2.53
L,HI GREEN CARBON LIMITED,       165.60,       169.90,-2.53
L,MICROPRO SOFTWARE SOL L,        19.50,        20.00,-2.50
L,ABHISHEK INTEGRATIONS LTD,        39.00,        40.00,-2.50
L,DIGICONTENT LIMITED,        32.60,        33.43,-2.48
L,UNITED HEAT TRANSFER LTD,        55.10,        56.50,-2.48
L,WELSPUN INV & COMM LTD,      1309.70,      1342.80,-2.46
L,MANGALAM WORLDWIDE LTD,       272.55,       279.35,-2.43
L,PRECOT LIMITED,       385.35,       394.95,-2.43
L,MARKOLINES PAVEMENT TEC L,       157.73,       161.64,-2.42
L,R&B DENIMS LIMITED,       131.63,       134.89,-2.42
L,SPEB ADHESIVES LIMITED,        50.55,        51.80,-2.41
L,THOMAS COOK (INDIA) LTD,       144.98,       148.55,-2.40
L,PRITISH NANDY COMMUNICATI,        26.85,        27.51,-2.40
L,ROCKINGDCE RS.5 PPD UP,        85.90,        88.00,-2.39
L,DURLAX TOP SURFACE LTD,        41.00,        42.00,-2.38
L,SHRADHA INFRAPROJECTS LTD,        37.34,        38.25,-2.38
L,VISHNUSURYA PROJ N INFR L,       176.70,       181.00,-2.38
L,AGRO PHOS INDIA LIMITED,        40.48,        41.46,-2.36
L,DELTA MANUFACTURING LTD,        67.36,        68.99,-2.36
L,DR. LAL PATH LABS LTD.,      1474.20,      1509.80,-2.36
L,ALUWIND INFRA-TECH LTD,        69.35,        71.00,-2.32
L,NIRAJ CEMENT STRUC LTD,        39.24,        40.17,-2.32
L,SANGAM (INDIA) LTD,       480.20,       491.50,-2.30
L,CHENNAI PETROLEUM CORP LT,       827.20,       846.55,-2.29
L,LORDS CHLORO ALKALI LTD,       163.11,       166.91,-2.28
L,ANJANI PORTLAND CEM LTD,       124.76,       127.66,-2.27
L,KN AGRI RESOURCES LIMITED,       199.72,       204.36,-2.27
L,ATC ENERGIES SYSTEM LTD,        36.60,        37.45,-2.27
L,KDDL LIMITED,      2410.00,      2465.60,-2.26
L,RAJ TV NETWORK LTD,        42.25,        43.22,-2.24
L,SHREE TIRUPATI BALAJEE,       698.00,       714.00,-2.24
L,GE VERNOVA T&D INDIA LTD,      3093.70,      3164.50,-2.24
L,RUBICON RESEARCH LIMITED,       661.40,       676.50,-2.23
L,CYBER MEDIA (INDIA) LTD.,        17.14,        17.53,-2.22
L,SUBA HOTELS LIMITED,       140.75,       143.95,-2.22
L,SHREE KARNI FABCOM LTD,       484.00,       495.00,-2.22
L,LAGNAM SPINTEX LIMITED,        73.47,        75.11,-2.18
L,CL EDUCATE LIMITED,        86.17,        88.09,-2.18
L,ART NIRMAN LIMITED,        46.67,        47.70,-2.16
L,GOI LOAN 7.40% 2035,       104.71,       107.00,-2.14
L,VISION INFRA EQUIP SOL L,       251.50,       257.00,-2.14
L,5PAISA CAPITAL LIMITED,       367.80,       375.80,-2.13
L,PARTH ELEC & ENG LTD,       206.50,       210.95,-2.11
L,PFL 9.20% SR III 2028,      1028.00,      1050.00,-2.10
L,JNK INDIA LIMITED,       235.95,       240.97,-2.08
L,ECLERX SERVICES LTD,      4721.50,      4821.70,-2.08
L,BODHI TREE MULTIMEDIA LTD,         8.49,         8.67,-2.08
L,SCL 8.65% 2027 SR II,       948.00,       968.00,-2.07
L,INFOLLION RESEARCH SER L,       382.00,       390.00,-2.05
L,RAJNANDINI METAL LIMITED,         4.78,         4.88,-2.05
L,ATUL AUTO LIMITED,       464.10,       473.80,-2.05
L,ITALIAN EDIBLES LIMITED,        29.00,        29.60,-2.03
L,KNOWLEDGE MARINE & EN W L,      1888.10,      1926.90,-2.01
L,ASTRAZENECA PHARMA IND LT,      8601.50,      8777.50,-2.01
L,SONA MACHINERY LIMITED,        46.50,        47.45,-2.00
L,ANONDITA MEDICARE LIMITED,      1012.25,      1032.90,-2.00
L,ASTRA MICROWAVE LTD,       963.35,       983.00,-2.00
L,NITCO LIMITED,        99.14,       101.16,-2.00
L,DHARIWALCORP LIMITED,       361.00,       368.35,-2.00
L,VIGOR PLAST INDIA LIMITED,        71.55,        73.00,-1.99
L,INDIFRA LIMITED,        14.90,        15.20,-1.97
L,SAR TELEVENTURE LIMITED,       250.95,       256.00,-1.97
L,NEWJAISA TECHNOLOGIES LTD,        27.40,        27.95,-1.97
L,LORENZINI APPARELS LTD,         8.98,         9.16,-1.97
L,UFO MOVIEZ INDIA LTD.,        81.77,        83.40,-1.95
L,PONNIE SUGARS (ERODE) LTD,       263.95,       269.20,-1.95
L,TECHD CYBERSECURITY LTD,       609.00,       621.10,-1.95
L,PRIZOR VIZTECH LIMITED,       294.65,       300.50,-1.95
L,RICO AUTO INDUSTRIES LTD,       135.38,       138.05,-1.93
L,APL APOLLO TUBES LTD,      1931.90,      1970.00,-1.93
L,EXCELSOFT TECHNOLOGIES L,        89.12,        90.87,-1.93
L,CHEMCON SPECIAL CHEM LTD,       208.04,       212.10,-1.91
L,SOLEX ENERGY LIMITED,      1323.60,      1349.40,-1.91
L,JHS SVENDGAARD RETAIL V L,        24.23,        24.70,-1.90
L,GOKALDAS EXPORTS LTD.,       718.20,       732.10,-1.90
L,A2Z INFRA ENGINEERING LTD,        15.53,        15.83,-1.90
L,AURO IMPEX & CHEMICALS L,        39.25,        40.00,-1.88
L,SHREEJI SHIPPING GLOBAL L,       370.00,       377.05,-1.87
L,RAVINDER HEIGHTS LIMITED,        50.96,        51.93,-1.87
L,SERENCD 9.05% SR.VI OPII,      1079.51,      1100.00,-1.86
L,STYLAM INDUSTRIES LIMITED,      2207.80,      2249.60,-1.86
L,CONCORD BIOTECH LIMITED,      1311.50,      1336.30,-1.86
L,PRABHA ENERGY LIMITED,       183.59,       187.06,-1.86
L,LEMON TREE HOTELS LTD,       153.99,       156.89,-1.85
L,METRO BRANDS LIMITED,      1180.10,      1202.30,-1.85
L,NEOGEN CHEMICALS LIMITED,      1154.30,      1176.00,-1.85
L,AKSHARCHEM INDIA LIMITED,       239.07,       243.52,-1.83
L,QUEST LABORATORIES LTD,       109.00,       111.00,-1.80
L,INNOVA CAPTAB LIMITED,       725.15,       738.45,-1.80
L,GODFREY PHILLIPS INDIA LT,      2249.30,      2290.50,-1.80
L,JIND POL INV & FIN CO LTD,      1022.30,      1041.00,-1.80
L,VA TECH WABAG LTD,      1291.60,      1315.20,-1.79
L,AAREY DRUGS & PHARM LTD,        66.34,        67.55,-1.79
L,BERGER PAINTS (I) LTD,       524.10,       533.65,-1.79
L,DHANLAXMI CROP SCIENCE L,        30.20,        30.75,-1.79
L,ORIENT HOTELS LTD,       107.93,       109.89,-1.78
L,CP CAPITAL LIMITED,       113.55,       115.61,-1.78
L,MIDWEST LIMITED,      1711.60,      1742.60,-1.78
L,SHREE RAMA MULTI TECH LTD,        68.00,        69.23,-1.78
L,SHANTI OVERSEAS INDIA LTD,         8.86,         9.02,-1.77
L,INDEF MANUFACTURING LTD,       357.30,       363.75,-1.77
L,RENAISSANCE GLOBAL LTD,       124.46,       126.70,-1.77
L,ORIENT BELL LIMITED,       303.35,       308.80,-1.76
L,UMA CONVERTER LIMITED,        19.65,        20.00,-1.75
L,VST INDUSTRIES LTD,       251.05,       255.50,-1.74
L,EMERALD TYRE MANUF LTD,       104.55,       106.40,-1.74
L,GRAPHISADS LIMITED,        48.05,        48.90,-1.74
L,8.92% SEC RED BOND S3B,      1300.04,      1323.00,-1.74
L,GVPTECH RE.1 PPD UP,         4.54,         4.62,-1.73
L,HFCL LIMITED,        67.73,        68.92,-1.73
L,DHRUV CONSULTANCY SER LTD,        47.25,        48.08,-1.73
L,MAHALAXMI RUBTECH LIMITED,       206.32,       209.94,-1.72
L,SAJ HOTELS LIMITED,        57.00,        58.00,-1.72
L,LAMOSAIC INDIA LIMITED,        34.55,        35.15,-1.71
L,GINNI FILAMENTS LTD,        41.51,        42.23,-1.70
L,APOLLO SINDOORI HOTEL LTD,      1188.00,      1208.60,-1.70
L,BOMBAY DYEING & MFG. CO L,       130.01,       132.26,-1.70
L,PRIME CABLE INDUSTRIES L,        80.90,        82.30,-1.70
L,WOL 3D INDIA LIMITED,       172.05,       175.00,-1.69
L,PRINCE PIPES FITTINGS LTD,       262.70,       267.20,-1.68
L,NETWEB TECH INDIA LTD,      3024.10,      3075.90,-1.68
L,THE WESTERN INDIA PLY LTD,       146.51,       149.01,-1.68
L,GVP INFOTECH LIMITED,         8.81,         8.96,-1.67
L,C.E. INFO SYSTEMS LIMITED,      1701.80,      1730.70,-1.67
L,UNITECH LTD,         5.95,         6.05,-1.65
L,PALASH SECURITIES LTD,       107.23,       109.03,-1.65
L,ARCHIDPLY IND. LTD,        89.41,        90.90,-1.64
L,GANDHAR OIL REFINE IND L,       151.76,       154.28,-1.63
L,DHAMPUR BIO ORGANICS LTD,        80.26,        81.59,-1.63
L,SUNGARNER ENERGIES LTD,       206.60,       210.00,-1.62
L,MAXVOLT ENERGY INDUS L,       484.00,       491.95,-1.62
L,VARDHAMAN ACRYLICS LTD,        38.98,        39.62,-1.62
L,WINDLAS BIOTECH LIMITED,       788.90,       801.70,-1.60
L,CURIS LIFESCIENCES LTD,       123.50,       125.50,-1.59
L,PEARL POLYMERS LTD,        23.02,        23.39,-1.58
L,SPANDANA RS.5 PPD UP,       137.65,       139.85,-1.57
L,KOTYARK INDUSTRIES LTD,       234.70,       238.45,-1.57
L,SHARDA CROPCHEM LTD.,       855.20,       868.85,-1.57
L,SHIVASHRIT FOODS LIMITED,       127.00,       129.00,-1.55
L,TGB BANQUETS&HOTELS LTD,         9.59,         9.74,-1.54
L,SAGARDEEP ALLOYS LIMITED,        27.50,        27.93,-1.54
L,THEJO ENGINEERING LIMITED,      1703.00,      1729.50,-1.53
L,SPML INFRA LIMITED,       187.40,       190.29,-1.52
L,ECOLINE EXIM LIMITED,       130.00,       132.00,-1.52
L,KANPUR PLASTIPACK LIMITED,       176.98,       179.70,-1.51
L,M K PROTEINS LIMITED,         5.96,         6.05,-1.49
L,BLS E-SERVICES LIMITED,       199.35,       202.36,-1.49
L,APOLLO MICRO SYSTEMS LTD,       271.90,       276.00,-1.49
L,SEC RE NCD 10.40% SR.II,       995.00,      1010.00,-1.49
L,MADHUSUDAN MASALA LIMITED,       129.50,       131.45,-1.48
L,RATNAMANI MET & TUB LTD.,      2354.00,      2389.40,-1.48
L,STEEL EXCHANGE INDIA LTD,         9.37,         9.51,-1.47
L,GOLDSTAR POWER LIMITED,         6.70,         6.80,-1.47
L,WALCHANDNAGAR INDUSTRIES,       187.96,       190.76,-1.47
L,WOMANCART LIMITED,       270.10,       274.10,-1.46
L,SAAKSHI MEDTEC N PANELS L,       179.10,       181.75,-1.46
L,STANLEY LIFESTYLES LTD,       191.95,       194.79,-1.46
L,BLUE DART EXPRESS LTD,      5593.50,      5676.00,-1.45
L,CIE AUTOMOTIVE INDIA LTD,       427.75,       434.05,-1.45
L,AEL 9% 2030 SR VI,      1032.00,      1047.00,-1.43
L,VRAJ IRON AND STEEL LTD,       131.72,       133.63,-1.43
L,BAJAJ HEALTHCARE LIMITED,       418.60,       424.65,-1.42
L,LAXMI DENTAL LIMITED,       270.85,       274.75,-1.42
L,RACE ECO CHAIN LIMITED,       140.33,       142.35,-1.42
L,PRECISION CAMSHAFTS LTD.,       169.97,       172.41,-1.42
L,HANDSON GBL MNGMNT LTD,        68.28,        69.26,-1.41
L,MRPL,       151.31,       153.48,-1.41
L,VIKRAN ENGINEERING LTD,        99.17,       100.59,-1.41
L,BAWEJA STUDIOS LIMITED,        42.35,        42.95,-1.40
L,BALAJI PHOSPHATES LIMITED,       141.50,       143.50,-1.39
L,SRG HOUSING FINANCE L,       286.90,       290.95,-1.39
L,EXCEL REALTY N INFRA LTD,         1.42,         1.44,-1.39
L,PULZ ELECTRONICS LIMITED,        31.95,        32.40,-1.39
L,ELECTRONICS MART IND LTD,       105.14,       106.62,-1.39
L,ESFB 11.1% 2031 SR 1,     97625.00,     98999.00,-1.39
L,AARTI DRUGS LTD.,       410.95,       416.65,-1.37
L,PTC INDUSTRIES LIMITED,     18103.00,     18352.00,-1.36
L,DECCAN CEMENTS LIMITED,       730.90,       740.95,-1.36
L,BANSWARA SYNTEX LIMITED,       114.38,       115.95,-1.35
L,ADITYA INFOTECH LIMITED,      1501.40,      1522.00,-1.35
L,GOI LOAN  7.18% 2033,       104.27,       105.70,-1.35
L,MANGAL CREDIT N FINCORP L,       164.80,       167.06,-1.35
L,AEGIS VOPAK TERMINALS LTD,       248.82,       252.22,-1.35
L,BHARAT ROAD NETWORK LTD,        22.12,        22.42,-1.34
L,HITECH CORPORATION LTD,       169.41,       171.70,-1.33
L,INDIGO PAINTS LIMITED,      1171.20,      1187.00,-1.33
L,EPIGRAL LIMITED,      1245.80,      1262.60,-1.33
L,GEM AROMATICS LIMITED,       166.12,       168.36,-1.33
L,PB FINTECH LIMITED,      1781.80,      1805.80,-1.33
L,AWL AGRI BUSINESS LIMITED,       236.27,       239.45,-1.33
L,BARFLEX POLYFILMS LIMITED,        74.60,        75.60,-1.32
L,SHEKHAWATI INDUSTRIES LTD,        18.70,        18.95,-1.32
L,MAHALAXMI FABRIC MILLS LT,        24.70,        25.03,-1.32
L,STAR PAPER MILLS LTD,       165.29,       167.49,-1.31
L,RNFI SERVICES LIMITED,       312.30,       316.45,-1.31
L,PDS LIMITED,       368.80,       373.70,-1.31
L,INDO COUNT INDUSTRIES LTD,       280.10,       283.80,-1.30
L,DIGISPICE TECHNOLOGIES LT,        23.54,        23.85,-1.30
L,SURANA TELECOM AND POW LT,        19.76,        20.02,-1.30
L,GUFIC BIOSCIENCES LTD.,       337.00,       341.40,-1.29
L,STARTECK FINANCE LIMITED,       291.05,       294.85,-1.29
L,DILIGENT MEDIA CORP LTD.,         3.84,         3.89,-1.29
L,MEESHO LIMITED,       179.25,       181.58,-1.28
L,MODIS NAVNIRMAN LTD,       339.05,       343.45,-1.28
L,SEC RE NCD 8.65% SR III,       972.40,       985.00,-1.28
L,APOLLO PIPES LIMITED,       289.75,       293.50,-1.28
L,DILIP BUILDCON LIMITED,       467.85,       473.90,-1.28
L,PASUPATI ACRYLON LIMITED,        51.34,        52.00,-1.27
L,PRATHAM EPC PROJECTS LTD,       148.00,       149.90,-1.27
L,KABRA JEWELS LIMITED,        89.60,        90.75,-1.27
L,ABBOTT INDIA LIMITED,     28125.00,     28485.00,-1.26
L,TECHERA ENGINEER (IND) L,       209.75,       212.40,-1.25
L,YUKEN INDIA LIMITED,       885.10,       896.25,-1.24
L,JAYESH LOGISTICS LIMITED,       162.75,       164.80,-1.24
L,RAGHAV PRODUCTIVITY ENH L,       953.05,       964.95,-1.23
L,NRB BEARING LIMITED,       269.05,       272.40,-1.23
L,INDOCO REMEDIES LTD.,       226.65,       229.47,-1.23
L,NEOCHEM BIO SOLUTIONS LTD,        84.45,        85.50,-1.23
L,THERMAX LTD,      3025.90,      3063.40,-1.22
L,ESAF SMALL FINANCE BANK L,        26.77,        27.10,-1.22
L,BLB LIMITED,        13.80,        13.97,-1.22
L,GUJARAT THEMIS BIOSYN LTD,       435.20,       440.55,-1.21
L,NEPTUNE PETROCHEMICALS L,       199.50,       201.95,-1.21
L,AMD INDUSTRIES LIMITED,        47.29,        47.87,-1.21
L,DELTA AUTOCORP LIMITED,        50.00,        50.60,-1.19
L,R. S. SOFTWARE (INDIA) LI,        50.96,        51.57,-1.18
L,PRATAAP SNACKS LIMITED,      1203.60,      1218.00,-1.18
L,TATA COMMUNICATIONS LTD,      1790.10,      1811.50,-1.18
L,TRIDENT TECHLABS LIMITED,       322.35,       326.20,-1.18
L,ANTELOPUS SELAN ENRGY LTD,       406.40,       411.25,-1.18
L,GRAND CONTINENT HOTELS L,       164.00,       165.95,-1.18
L,WOCKHARDT LIMITED,      1406.20,      1422.90,-1.17
L,RAJPUTANA BIODIESEL LTD,       240.10,       242.95,-1.17
L,TCPL PACKAGING LIMITED,      3006.00,      3041.40,-1.16
L,STRIDES PHARMA SCI LTD,       900.75,       911.35,-1.16
L,ADIT BIRL SUN LIF AMC LTD,       833.60,       843.40,-1.16
L,RATEGAIN TRAVEL TECHN LTD,       693.85,       702.00,-1.16
L,UPDATER SERVICES LIMITED,       191.27,       193.51,-1.16
L,RALLIS INDIA LTD,       273.90,       277.10,-1.15
L,ANZEN IND ENE YLD PLU TRU,       116.00,       117.35,-1.15
L,ICICIPRAMC - ICICIFMCG,        56.85,        57.51,-1.15
L,PARIN ENTERPRISES LIMITED,       587.20,       594.00,-1.14
L,PHYSICSWALLAH LIMITED,       131.12,       132.63,-1.14
L,VST TILLERS TRACTORS LTD,      6129.50,      6200.00,-1.14
L,OMAXE LIMITED,        79.99,        80.90,-1.12
L,TAINWALA CHEMICAL AND PLA,       193.33,       195.50,-1.11
L,VADILAL INDUSTRIES LTD,      4861.70,      4916.10,-1.11
L,INDO BORAX & CHEMICAL LTD,       268.20,       271.20,-1.11
L,NAGARJUN FERT AND CHE LTD,         5.37,         5.43,-1.10
L,MRS BECTORS FOOD SPE LTD,       244.49,       247.22,-1.10
L,UN SE RE NCD 8.55% SR.VI,      1040.00,      1051.56,-1.10
L,P. E. ANALYTICS LIMITED,       180.00,       182.00,-1.10
L,AARTI SURFACTANTS LIMITED,       387.55,       391.85,-1.10
L,MAX ESTATES LIMITED,       451.90,       456.90,-1.09
L,ADANI TOTAL GAS LIMITED,       587.60,       594.10,-1.09
L,PUNJAB CHEM & CROP PROT L,      1177.70,      1190.70,-1.09
L,AKANKSHA POWER N INFRA L,        68.25,        69.00,-1.09
L,AHLADA ENGINEERS LIMITED,        47.43,        47.95,-1.08
L,GOI LOAN 10.18% 2026,       105.00,       106.15,-1.08
L,AAVAS FINANCIERS LIMITED,      1443.40,      1459.20,-1.08
L,GANGES SECURITIES LIMITED,       135.58,       137.06,-1.08
L,FLYWINGS SIMULAT T C LTD,       221.15,       223.55,-1.07
L,STAR HEALTH & AL INS CO L,       459.75,       464.70,-1.07
L,SUTLEJ TEXT & INDUS LTD,        31.70,        32.04,-1.06
L,CINELINE INDIA LIMITED,        85.91,        86.83,-1.06
L,HINDUJA GLOBAL SOLS. LTD.,       453.25,       458.10,-1.06
L,SARLA PERF. FIBERS LTD,        90.34,        91.30,-1.05
L,REXPRO ENTERPRISES LTD,        56.90,        57.50,-1.04
L,ORISSA BENGAL CARRIER LTD,        55.10,        55.68,-1.04
L,DRONE DESTINATION LIMITED,        66.75,        67.45,-1.04
L,SHEETAL UNIVERSAL LIMITED,       164.15,       165.85,-1.03
L,TAJ GVK HOTELS & RESORTS,       420.65,       425.00,-1.02
L,WCAPL 10.75% 2028,      9700.00,      9800.00,-1.02
L,UNSE RE NCD 0% SR.III,      1541.00,      1556.80,-1.01
L,ALPA LABORATORIES LTD,        78.04,        78.84,-1.01
L,ATMASTCO LIMITED,       131.95,       133.30,-1.01
L,KHFM HOS FAC MANA SER LTD,        63.60,        64.25,-1.01
L,P&G HYGIENE & HEALTH CARE,     12854.00,     12985.00,-1.01
L,SBC EXPORTS LIMITED,        28.47,        28.76,-1.01
L,SWARAJ ENGINES LTD,      3690.50,      3727.90,-1.00
L,2.50%GOLDBONDS2027SR-VI,     14850.00,     15000.00,-1.00
L,SDL TS 7.46% 2030,        99.00,       100.00,-1.00
L,SDL TS 7.84% 2039,        99.00,       100.00,-1.00
L,COHANCE LIFESCIENCES LTD,       518.30,       523.50,-0.99
L,CENTUM ELECTRONICS LTD,      2266.80,      2289.50,-0.99
L,ELECTROTHERM (I) LTD.,       868.90,       877.60,-0.99
L,ADITYA BIRLA LIFES BRAN L,       125.18,       126.43,-0.99
L,FAIRCHEM ORGANICS LIMITED,       767.10,       774.75,-0.99
L,JK TYRE & INDUSTRIES LTD,       511.55,       516.65,-0.99
L,ARTEMIS MED SERVICE LTD,       276.15,       278.90,-0.99
L,GARWARE TECH FIBRES LTD,       689.75,       696.60,-0.98
L,SURYALAKSHMI COT MIL LTD,        58.45,        59.03,-0.98
L,DODLA DAIRY LIMITED,      1220.40,      1232.50,-0.98
L,SALONA COTSPIN LTD.,       258.35,       260.90,-0.98
L,ADITYA BIRLA REAL EST LTD,      1664.20,      1680.60,-0.98
L,AVRO INDIA LIMITED,       117.78,       118.94,-0.98
L,GOI LOAN  7.33% 2026,       101.60,       102.60,-0.97
L,OBSC PERFECTION LIMITED,       304.85,       307.85,-0.97
L,MTAR TECHNOLOGIES LIMITED,      2372.20,      2395.50,-0.97
L,CHEVIOT COMPANY LIMITED,      1073.50,      1084.00,-0.97
L,DELPHI WORLD MONEY LTD,       234.23,       236.52,-0.97
L,S&S POWER SWITCHGEARS LTD,       301.85,       304.80,-0.97
L,ATUL LTD,      6109.50,      6169.00,-0.96
L,TUBE INVEST OF INDIA LTD,      2597.70,      2622.90,-0.96
L,IRIS CLOTHINGS LIMITED,        37.18,        37.54,-0.96
L,KRSNAA DIAGNOSTICS LTD,       733.35,       740.45,-0.96
L,SERENCD 8.70% SR.VII OPII,      1040.00,      1050.00,-0.95
L,ABHA POWER N STEEL LTD,        36.55,        36.90,-0.95
L,DYNACONS SYS & SOLN LTD,      1005.00,      1014.60,-0.95
L,DCM SHRIRAM LIMITED,      1257.20,      1269.20,-0.95
L,GMR POW AND URBAN INFRA L,       110.23,       111.28,-0.94
L,MANAPPURAM FINANCE LTD,       311.15,       314.10,-0.94
L,MANGALAM ORGANICS LIMITED,       480.45,       485.00,-0.94
L,GOI LOAN   6.98% 2054,        94.16,        95.05,-0.94
L,MPS LIMITED,      1985.90,      2004.60,-0.93
L,TOTAL TRANSPORT SYS LTD,        76.74,        77.46,-0.93
L,KRITI INDUSTRIES IND LTD,        80.01,        80.76,-0.93
L,THANGAMAYIL JEWELLERY LTD,      3229.50,      3259.60,-0.92
L,GOYAL SALT LIMITED,       161.50,       163.00,-0.92
L,OSEL DEVICES LIMITED,       550.40,       555.50,-0.92
L,SHREYANS INDUSTRIES LTD,       173.80,       175.41,-0.92
L,BMW VENTURES LIMITED,        57.52,        58.05,-0.91
L,AWFIS SPACE SOLUTIONS LTD,       493.90,       498.40,-0.90
L,ASIAN HOTELS (NORTH) LTD,       324.00,       326.95,-0.90
L,RESPONSIVE INDUSTRIES LTD,       197.69,       199.48,-0.90
L,SWIGGY LIMITED,       387.20,       390.70,-0.90
L,LG BALAKRISHNAN & BROS,      1773.10,      1789.10,-0.89
L,CENTRUM CAPITAL LIMITED,        29.09,        29.35,-0.89
L,KIOCL LIMITED,       402.80,       406.40,-0.89
L,BEACON TRUSTEESHIP LTD,        84.45,        85.20,-0.88
L,MITTAL LIFE STYLE LIMITED,         1.13,         1.14,-0.88
L,WELSPUN ENTERPRISES LTD.,       509.95,       514.45,-0.87
L,GODREJ INDUSTRIES LTD,      1021.10,      1030.10,-0.87
L,TARMAT LIMITED,        51.07,        51.52,-0.87
L,GPT INFRAPROJECTS LTD,       108.54,       109.49,-0.87
L,DRC SYSTEMS INDIA LIMITED,        17.24,        17.39,-0.86
L,PUDUMJEE PAPER PRO. LTD,        97.67,        98.51,-0.85
L,PHANTOM DIGITAL EFF LTD,       238.95,       241.00,-0.85
L,KALANA ISPAT LIMITED,        23.50,        23.70,-0.84
L,EPL LIMITED,       214.38,       216.20,-0.84
L,MUSIC BROADCAST LIMITED,       118.20,       119.20,-0.84
L,VERTOZ LIMITED,        69.80,        70.39,-0.84
L,MAN COAT METAL & IND LTD,       131.49,       132.58,-0.82
L,MIRAEAMC - MAFANG,       167.72,       169.11,-0.82
L,VAIBHAV GLOBAL LIMITED,       237.86,       239.83,-0.82
L,RADIANT CASH MGMT SER LTD,        51.42,        51.84,-0.81
L,EPPELTONE ENGINEERS LTD,       202.55,       204.20,-0.81
L,DYNAMIC SRVCS & SEC LTD,       129.25,       130.30,-0.81
L,NAGA DHUNSERI GROUP LTD,      2804.00,      2826.70,-0.80
L,GOI LOAN  7.3% 2053,       100.21,       101.01,-0.79
L,HINDPRAKASH INDUSTRY LTD,       143.11,       144.25,-0.79
L,2.50%GOLDBONDS2028SR-X,     14400.00,     14514.10,-0.79
L,SAHYADRI INDUSTRIES LTD,       257.00,       259.00,-0.77
L,GOI LOAN 8.13% 2045,       116.00,       116.90,-0.77
L,MPHASIS LIMITED,      2807.20,      2828.60,-0.76
L,APAR INDUSTRIES LTD.,      8264.50,      8327.50,-0.76
L,SEC RE NCD 10.50% SR 6,       990.00,       997.50,-0.75
L,MAHINDRA LOGISTIC LIMITED,       317.15,       319.55,-0.75
L,PRAMARA PROMOTIONS LTD,       346.90,       349.50,-0.74
L,INDIAMART INTERMESH LTD,      2177.80,      2194.10,-0.74
L,SUPREME HOLDIN N HOSP I L,        71.80,        72.33,-0.73
L,SUN TV NETWORK LIMITED,       582.85,       587.15,-0.73
L,GUJARAT FLUOROCHEM LTD,      3648.00,      3674.90,-0.73
L,GOI LOAN  7.37% 2028,       104.50,       105.27,-0.73
L,RUBFILA INTERNATIONAL LTD,        73.67,        74.21,-0.73
L,UNITED BREWERIES LTD,      1596.40,      1608.10,-0.73
L,KROSS LIMITED,       204.87,       206.37,-0.73
L,WORTH PERIPHERALS LIMITED,       138.33,       139.34,-0.72
L,MAMATA MACHINERY LIMITED,       431.95,       435.10,-0.72
L,ORIENT PRESS LIMITED,        77.00,        77.56,-0.72
L,RAJ OIL MILLS LIMITED,        50.91,        51.28,-0.72
L,GANGA BATH FITTINGS LTD,        20.75,        20.90,-0.72
L,GOI LOAN  7.23% 2039,       102.51,       103.25,-0.72
L,GANDHI SPL. TUBES LTD,       790.85,       796.55,-0.72
L,HEG LTD,       619.70,       624.15,-0.71
L,GANESH CONSUMER PRODUCT L,       224.77,       226.38,-0.71
L,ZODIAC CLOTHING CO. LTD.,        85.20,        85.81,-0.71
L,GUJARAT KIDNEY N SUP SP L,       102.71,       103.44,-0.71
L,D. P. ABHUSHAN LIMITED,      1417.20,      1427.20,-0.70
L,VAIDYA SANE AYUR LAB LTD,       284.00,       286.00,-0.70
L,ALKYL AMINES CHEM. LTD,      1607.10,      1618.40,-0.70
L,CREATIVE EYE LIMITED,         7.15,         7.20,-0.69
L,BRIGADE ENTER. LTD,       890.45,       896.65,-0.69
L,VLS FINANCE LTD,       303.30,       305.40,-0.69
L,NARAYANA HRUDAYALAYA LTD.,      1921.10,      1934.40,-0.69
L,ALLCARGO TERMINALS LTD,        28.19,        28.38,-0.67
L,EID PARRY INDIA LTD,      1011.20,      1018.00,-0.67
L,SWAN CORP LIMITED,       462.85,       465.95,-0.67
L,MIRAEAMC - MASPTOP50,        71.71,        72.19,-0.66
L,DISHMAN CARBO AMCIS LTD,       254.78,       256.48,-0.66
L,STEEL AUTHORITY OF INDIA,       147.47,       148.45,-0.66
L,BRIGHTCOM GROUP LIMITED,        10.55,        10.62,-0.66
L,SIDDHI COTSPIN LIMITED,        30.20,        30.40,-0.66
L,PRIVI SPECIALITY CHE LTD,      2780.90,      2799.20,-0.65
L,DIAMOND POWER INFRA LTD,       137.01,       137.91,-0.65
L,AION-TECH SOLUTIONS LTD,        50.52,        50.85,-0.65
L,HARSHA ENGINEERS INT LTD,       387.45,       389.95,-0.64
L,LOKESH MACHINES LTD,       169.35,       170.44,-0.64
L,ONE MOBIKWIK SYSTEMS LTD,       228.60,       230.05,-0.63
L,BHARAT RASAYAN LTD,      2202.00,      2215.90,-0.63
L,YATRA ONLINE LIMITED,       174.91,       176.01,-0.62
L,ADVANCED ENZYME TECH LTD,       302.15,       304.05,-0.62
L,JITF INFRALOGISTICS LTD,       279.50,       281.25,-0.62
L,GRANULES INDIA LIMITED,       615.35,       619.20,-0.62
L,SEC RE NCD 8.65% SR.V,       982.14,       988.26,-0.62
L,BALU FORGE INDUSTRIES LTD,       596.40,       600.10,-0.62
L,BOND 9.01%PA TF TR-I S 3B,      6246.00,      6284.34,-0.61
L,AURUM PROPTECH LIMITED,       187.11,       188.25,-0.61
L,AIRTEL RS. 1.25 PPD UP,      1687.40,      1697.65,-0.60
L,GOI LOAN  6.10% 2031,        99.40,       100.00,-0.60
L,SINCLAIRS HOTELS LIMITED,        82.94,        83.44,-0.60
L,THAAI CASTING LIMITED,        99.95,       100.55,-0.60
L,AEQUS LIMITED,       137.37,       138.19,-0.59
L,MEDICAMEN BIOTECH LIMITED,       379.30,       381.55,-0.59
L,TAX FREE7.50% SR.104 A,      1181.00,      1188.00,-0.59
L,EMMVEE PHOTOVOLTAIC PWR L,       187.75,       188.86,-0.59
L,EMKAY TOOLS LIMITED,       840.05,       845.00,-0.59
L,LLOYD RE.0.50 PPD UP,        40.98,        41.22,-0.58
L,PFIZER LTD,      4887.20,      4915.80,-0.58
L,AXISAMC - AXISCETF,       125.76,       126.49,-0.58
L,MASON INFRATECH LIMITED,       191.90,       193.00,-0.57
L,CALIFORNIA SOFTWARE CO LT,        15.73,        15.82,-0.57
L,CAPILLARY TECHNO INDIA L,       673.20,       677.05,-0.57
L,PAVNA INDUSTRIES LIMITED,        22.75,        22.88,-0.57
L,TV TODAY NETWORK LTD,       140.58,       141.38,-0.57
L,AIRO LAM LIMITED,       101.01,       101.58,-0.56
L,MRF LTD,    150685.00,    151535.00,-0.56
L,FONEBOX RETAIL LIMITED,        89.50,        90.00,-0.56
L,HINDUSTAN PETROLEUM CORP,       495.85,       498.60,-0.55
L,ASAHI INDIA GLASS LIMITED,       992.10,       997.60,-0.55
L,AFIL 12% 2027,      9750.00,      9804.00,-0.55
L,POONAWALLA FINCORP LTD,       480.55,       483.20,-0.55
L,VILAS TRANSCORE LIMITED,       403.60,       405.80,-0.54
L,ENTERO HEALTHCARE SOLU L,      1123.50,      1129.60,-0.54
L,8.76% TAX FREETRI SR2B,      1108.00,      1114.00,-0.54
L,ADOR WELDING LTD,      1037.70,      1043.30,-0.54
L,SUNDARAM FINANCE LTD,      5293.00,      5321.50,-0.54
L,AFCONS INFRASTRUCTURE LTD,       390.85,       392.95,-0.53
L,GLOBE INTL CARRIERS LTD,        46.95,        47.20,-0.53
L,SAFARI IND (INDIA) LTD,      2168.50,      2180.00,-0.53
L,AUTOLINE INDUSTRIES LTD,        79.35,        79.77,-0.53
L,JHS SVEND. LAB. LTD,         9.48,         9.53,-0.52
L,BOROSIL SCIENTIFIC LTD,       119.58,       120.21,-0.52
L,UNITED NILGIRI TEA LTD,       458.10,       460.50,-0.52
L,SEAMEC LIMITED,      1088.10,      1093.80,-0.52
L,EMA PARTNERS INDIA LTD,        95.50,        96.00,-0.52
L,ARO GRANITE IND. LTD.,        32.87,        33.04,-0.51
L,IIFL CAPITAL SERVICES LTD,       377.85,       379.80,-0.51
L,SOFTTECH ENGINEERS LTD,       312.45,       314.05,-0.51
L,SADBHAV INFRA PROJ LTD.,         3.91,         3.93,-0.51
L,HEXAWARE TECHNOLOGIES LTD,       754.15,       758.00,-0.51
L,THE UGAR SUGAR WORKS LTD,        41.72,        41.93,-0.50
L,ANAND RATHI WEALTH LTD,      3079.40,      3094.90,-0.50
L,CANARYS AUTOMATIONS LTD,        30.00,        30.15,-0.50
L,NAVIN FLUORINE INT. LTD,      5903.00,      5932.50,-0.50
L,ASTRON PAPER BORD MIL LTD,         6.02,         6.05,-0.50
L,LAMBODHARA TEXTILES LTD.,       120.91,       121.51,-0.49
L,NOCIL LIMITED,       151.99,       152.73,-0.48
L,TROM INDUSTRIES LIMITED,        72.15,        72.50,-0.48
L,VARDHMAN POLYTEX LTD.,         6.23,         6.26,-0.48
L,VOLER CAR LIMITED,       208.00,       209.00,-0.48
L,ASAHI SONGWON COLOR LTD,       260.95,       262.20,-0.48
L,SATHLOKHAR SYN E&C GLOB L,       459.30,       461.50,-0.48
L,BROOKS LAB LIMITED,        77.26,        77.63,-0.48
L,MACOBS TECHNOLOGIES LTD,       209.00,       210.00,-0.48
L,MUTHOOT FINANCE LIMITED,      3820.80,      3839.00,-0.47
L,DEEP INDUSTRIES LIMITED,       454.75,       456.90,-0.47
L,EMKAY GLOBAL FIN SERV LTD,       286.25,       287.60,-0.47
L,SPECTRUM ELECTRIC IND LTD,      1218.80,      1224.50,-0.47
L,TIJARIA POLYPIPES LTD,         4.33,         4.35,-0.46
L,SUNDRAM FASTENERS LTD,       941.80,       946.15,-0.46
L,BHARTI HEXACOM LIMITED,      1802.10,      1810.40,-0.46
L,V2 RETAIL LIMITED,      2438.50,      2449.70,-0.46
L,EMAMI LIMITED,       522.55,       524.95,-0.46
L,BANNARI AM SPIN MILL LTD.,        26.19,        26.31,-0.46
L,SKF IND (INDUSTRIAL) LTD,      2588.20,      2600.00,-0.45
L,SYSTANGO TECHNOLOGIES LTD,       319.00,       320.45,-0.45
L,SEC RE NCD SR V,      1105.00,      1110.00,-0.45
L,IRM ENERGY LIMITED,       288.05,       289.35,-0.45
L,KALPATARU PROJECT INT LTD,      1196.80,      1202.20,-0.45
L,UNSE RE NCD 10% SR.I,      1057.25,      1062.01,-0.45
L,JASH ENGINEERING LIMITED,       433.35,       435.30,-0.45
L,63 MOONS TECHNOLOGIES LTD,       725.75,       729.00,-0.45
L,MALU PAPER MILLS LIMITED,        35.73,        35.89,-0.45
L,PAISALO DIGITAL LIMITED,        36.30,        36.46,-0.44
L,SUMMIT SECURITIES LTD,      1928.80,      1937.30,-0.44
L,DC INFOTECH AND COMUN LTD,       245.74,       246.81,-0.43
L,NITIRAJ ENGINEERS LTD,       186.60,       187.41,-0.43
L,PRECISION WIRES INDIA LTD,       247.48,       248.55,-0.43
L,SPANDANA SPHOORTY FIN LTD,       266.20,       267.35,-0.43
L,MONARCH NETWORTH CAP LTD,       313.05,       314.40,-0.43
L,CIGNITI TECHNOLOGIES LTD,      1624.00,      1631.00,-0.43
L,SEC RED NCD 9.30% SR. II,      1070.40,      1075.00,-0.43
L,HIND RECTIFIER LIMITED,      1496.40,      1502.80,-0.43
L,INTERARCH BLDNG SOLTN LTD,      2293.00,      2302.60,-0.42
L,8.75% TAX FREE TR I S IIB,      1200.00,      1205.00,-0.41
L,TPL PLASTECH LIMITED,        66.00,        66.27,-0.41
L,HISAR METAL IND. LIMITED,       163.26,       163.91,-0.40
L,TAMILNADU TELECOMMUNICATI,        10.08,        10.12,-0.40
L,FIVE-STAR BUS FIN LTD,       532.25,       534.35,-0.39
L,8.50% TAX FREE TR I S IIA,      1160.00,      1164.56,-0.39
L,SEC RE NCGB 8.25% STRPP B,       255.00,       256.00,-0.39
L,JAINIK POWER CABLES LTD,       127.50,       128.00,-0.39
L,MIRAEAMC - MAHKTECH,        25.59,        25.69,-0.39
L,TARA CHAND INFRA SOLN LTD,        79.61,        79.92,-0.39
L,MAWANA SUGARS LIMITED,        87.44,        87.78,-0.39
L,V MARC INDIA LIMITED,       672.10,       674.70,-0.39
L,VINDHYA TELELINKS LTD,      1417.60,      1423.00,-0.38
L,BIKAJI FOODS INTERN LTD,       735.60,       738.40,-0.38
L,ARCHIES LTD,        18.43,        18.50,-0.38
L,SUKHJIT STARCH & CHEM LTD,       185.16,       185.86,-0.38
L,PAR DRUGS AND CHEM LTD,       101.30,       101.68,-0.37
L,SERENCD8.65%SR.IIICIII&IV,      1040.10,      1044.00,-0.37
L,UNITED FOODBRANDS LIMITED,       216.11,       216.92,-0.37
L,HMA AGRO INDUSTRIES LTD,        29.46,        29.57,-0.37
L,HOAC FOODS INDIA LIMITED,       338.80,       340.05,-0.37
L,PROCTER & GAMBLE HEALTH L,      5701.50,      5722.50,-0.37
L,E FACTOR EXPERIENCES LTD,       339.70,       340.95,-0.37
L,SPORTKING INDIA LIMITED,        87.06,        87.38,-0.37
L,RAJSHREE POLYPACK LTD,        19.10,        19.17,-0.37
L,GLOBAL VEC HELICORP LTD,       200.24,       200.97,-0.36
L,BLUE PEBBLE LIMITED,       124.60,       125.05,-0.36
L,KHAITAN CHEM & FERT LTD,        78.31,        78.59,-0.36
L,MARICO LIMITED,       757.75,       760.45,-0.36
L,VIDHI SPCLTY F INGRDNTS L,       337.80,       339.00,-0.35
L,LAURUS LABS LIMITED,      1106.50,      1110.40,-0.35
L,UTIAMC-SNXT50BETA,        94.06,        94.39,-0.35
L,SILKY OVERSEAS LIMITED,       144.40,       144.90,-0.35
L,MACPOWER CNC MACHINES LTD,      1019.40,      1022.90,-0.34
L,GULF OIL LUB. IND. LTD.,      1211.70,      1215.80,-0.34
L,7.60% TAX FREE NCD,      1185.00,      1189.00,-0.34
L,2.50%GOLDBONDS2026SR-II,     14950.00,     15000.00,-0.33
L,GOI TBILL 91D-05/03/26,        98.79,        99.12,-0.33
L,COFORGE LIMITED,      1650.30,      1655.80,-0.33
L,SPECIALITY REST LTD,       109.22,       109.58,-0.33
L,WISE TRAVEL INDIA LIMITED,       136.80,       137.25,-0.33
L,ARVIND SMARTSPACES LTD,       594.30,       596.25,-0.33
L,CHOLAMANDALAM FIN HOL LTD,      1872.50,      1878.60,-0.32
L,GREENLEAF ENVIROTECH LTD,       171.00,       171.55,-0.32
L,FSN E COMMERCE VENTURES,       264.90,       265.75,-0.32
L,ARIHANT SUPERSTRUCT LTD,       343.00,       344.10,-0.32
L,LLOYDS ENGG WORK LIMITED,        56.14,        56.32,-0.32
L,SURAJ LIMITED,       244.28,       245.06,-0.32
L,INDIA GLYCOLS LTD,      1006.10,      1009.30,-0.32
L,KNR CONSTRU LTD.,       161.03,       161.54,-0.32
L,AGARWAL TOUGH GLASS IND L,       127.30,       127.70,-0.31
L,SHEETAL COOL PRODUCTS LTD,       319.75,       320.75,-0.31
L,REPRO INDIA LIMITED,       463.65,       465.10,-0.31
L,ALEMBIC PHARMA LTD,       835.05,       837.65,-0.31
L,MONEYBOXX FINANCE LIMITED,        61.81,        62.00,-0.31
L,MAHICKRA CHEMICAL LIMITED,       149.50,       149.95,-0.30
L,M&M FIN. SERVICES LTD,       402.95,       404.15,-0.30
L,MEDPLUS HEALTH SERV LTD,       808.25,       810.65,-0.30
L,ADROIT INFOTECH LIMITED,        10.13,        10.16,-0.30
L,SAI SILKS (KALAMANDIR) L,       152.39,       152.84,-0.29
L,GANESH GREEN BHARAT LTD,       323.50,       324.45,-0.29
L,SUDEEP PHARMA LIMITED,       596.80,       598.55,-0.29
L,KPR MILL LTD.,       909.75,       912.40,-0.29
L,MALLCOM (INDIA) LIMITED,      1169.60,      1173.00,-0.29
L,CYIENT LIMITED,      1105.90,      1109.10,-0.29
L,ELECTROSTEEL CASTINGS LTD,        76.75,        76.97,-0.29
L,FINEOTEX CHEMICAL LIMITED,        24.48,        24.55,-0.29
L,TAC INFOSEC LIMITED,       758.30,       760.45,-0.28
L,ANNAPURNA SWADISHT LTD,       194.30,       194.85,-0.28
L,VASWANI IND LTD,        60.06,        60.23,-0.28
L,AARTI PHARMALABS LIMITED,       742.10,       744.20,-0.28
L,CRIZAC LIMITED,       283.15,       283.95,-0.28
L,ZENITH STEEL PIP IND LTD,         7.23,         7.25,-0.28
L,PURAVANKARA LIMITED,       240.22,       240.88,-0.27
L,TAX FREE 7.29% SR. IB,      1021.20,      1024.00,-0.27
L,SRIVARI SPICES N FOODS L,       129.85,       130.20,-0.27
L,LLOYDS METALS N ENERGY L,      1348.80,      1352.40,-0.27
L,THE P K TEA PROD CO LTD,       850.35,       852.60,-0.26
L,SEC RE NCD 7.97% SR.VI,      1020.00,      1022.67,-0.26
L,CENTURY PLYBOARDS (I) LTD,       824.10,       826.25,-0.26
L,R SYS INTERNATIONAL LTD,       406.70,       407.75,-0.26
L,UNIMECH AEROSPACE N MFG L,       911.05,       913.40,-0.26
L,ZENSAR TECHNOLOGIES  LTD,       699.35,       701.15,-0.26
L,JUBILANT PHARMOVA LTD,      1055.40,      1058.10,-0.26
L,D.B.CORP LTD,       260.35,       261.00,-0.25
L,GLOSTER LIMITED,       666.40,       668.05,-0.25
L,FINOLEX CABLES LTD,       784.45,       786.35,-0.24
L,GOI LOAN  7.09% 2054,       101.25,       101.49,-0.24
L,SEC RE NCD 0% SR.IV,      1272.00,      1275.00,-0.24
L,ICE MAKE REFRIGERAT LTD,       807.50,       809.40,-0.23
L,ROX HI TECH LIMITED,        43.40,        43.50,-0.23
L,2.50%GOLDBONDS2027SR-VII,     14761.00,     14794.96,-0.23
L,ROYAL ORCHID HOTELS LTD,       414.15,       415.10,-0.23
L,N.B.I. IND. FIN. CO. LTD,      2232.90,      2238.00,-0.23
L,TOUCHWOOD ENTERTAIN LTD.,       105.74,       105.98,-0.23
L,SKY GOLD AND DIAMONDS LTD,       332.65,       333.40,-0.22
L,MAYUR UNIQUOTERS LTD,       514.20,       515.35,-0.22
L,STEL HOLDINGS LIMITED,       493.30,       494.40,-0.22
L,MY MUDRA FINCORP LIMITED,        91.05,        91.25,-0.22
L,JAIN IRRIGATION SYSTEMS,        41.82,        41.91,-0.21
L,AVONMORE CAP&MGT SERV LTD,        18.65,        18.69,-0.21
L,TRANSPORT CORPN OF INDIA,      1082.00,      1084.30,-0.21
L,AYM SYNTEX LIMITED,       170.22,       170.58,-0.21
L,MANGALAM CEMENT LTD,       762.95,       764.55,-0.21
L,GARDEN REACH SHIP&ENG LTD,      2437.00,      2442.10,-0.21
L,LMW LIMITED,     14954.00,     14985.00,-0.21
L,GOI LOAN  7.24% 2055,       101.91,       102.12,-0.21
L,BOND 8.30% PA TAX FREE S2,      1050.14,      1052.30,-0.21
L,MOTISONS JEWELLERS LTD,        14.59,        14.62,-0.21
L,RAIN INDUSTRIES LIMITED,       146.42,       146.72,-0.20
L,GILLANDERS ARBUTHNOT LTD,       104.99,       105.20,-0.20
L,INDUS INFRA TRUST,       116.45,       116.68,-0.20
L,CAREER POINT EDUTECH LTD,       253.45,       253.95,-0.20
L,PARADEEP PHOSPHATES LTD,       164.56,       164.88,-0.19
L,ADITYA BIRLA CAPITAL LTD.,       361.25,       361.95,-0.19
L,AEL 9.15% 2028 SR IV,      1050.00,      1052.00,-0.19
L,VESUVIUS INDIA LTD,       481.45,       482.35,-0.19
L,SANGANI HOSPITALS LIMITED,        53.85,        53.95,-0.19
L,UNSEC RED NCD 10.5% SR.VI,      1080.00,      1082.00,-0.18
L,NUCLEUS SOFTWARE EXPORTS,       920.45,       922.15,-0.18
L,SULA VINEYARDS LIMITED,       218.19,       218.59,-0.18
L,CROWN LIFTERS LIMITED,       137.55,       137.80,-0.18
L,MAX FINANCIAL SERV LTD,      1671.00,      1674.00,-0.18
L,BALMER LAWRIE & CO LTD,       184.43,       184.76,-0.18
L,COLGATE PALMOLIVE LTD.,      2090.10,      2093.80,-0.18
L,PILANI INV & IND COR LTD,      5170.00,      5179.00,-0.17
L,CITY UNION BANK LTD,       288.50,       289.00,-0.17
L,STEELCAST LIMITED,       210.31,       210.67,-0.17
L,SUMITOMO CHEM INDIA LTD,       468.70,       469.50,-0.17
L,TRIVENI ENGG. & INDS. LTD,       381.20,       381.85,-0.17
L,TAX FREE 7.39% SR. IIA,      1204.00,      1206.00,-0.17
L,NEXT MEDIAWORKS LIMITED,         6.10,         6.11,-0.16
L,PLATINUM INDUSTRIES LTD,       245.65,       246.05,-0.16
L,FAZE THREE LIMITED,       409.25,       409.90,-0.16
L,GOI LOAN  6.76% 2061,        95.19,        95.34,-0.16
L,CSB BANK LIMITED,       483.15,       483.90,-0.15
L,PREMIER ENERGIES LIMITED,       845.90,       847.20,-0.15
L,THE RAMCO CEMENTS LIMITED,      1056.70,      1058.30,-0.15
L,SIGNATUREGLOBAL INDIA LTD,      1127.00,      1128.70,-0.15
L,GOI LOAN  7.4% 2062,       101.75,       101.90,-0.15
L,ARFIN INDIA LIMITED,        74.78,        74.89,-0.15
L,RAVINDRA ENERGY LIMITED,       156.51,       156.74,-0.15
L,TTK PRESTIGE LTD,       614.20,       615.10,-0.15
L,LUX INDUSTRIES LIMITED,      1110.90,      1112.50,-0.14
L,SML MAHINDRA LIMITED,      4086.00,      4091.80,-0.14
L,RENOL POLYCHEM LIMITED,       144.80,       145.00,-0.14
L,SHANKARA BLDG PRODUCT LTD,       106.35,       106.49,-0.13
L,AVG LOGISTICS LIMITED,       175.15,       175.38,-0.13
L,GO DIGIT GENERAL INS LTD,       346.35,       346.80,-0.13
L,SHREE VASU LOGISTICS LTD,       699.70,       700.60,-0.13
L,ICICIPRAMC - ICICI5GSEC,        63.75,        63.83,-0.13
L,SUPER SPINNING MILLS LTD,         8.08,         8.09,-0.12
L,DHANLAXMI BANK LIMITED,        24.96,        24.99,-0.12
L,INTERIORS & MORE LIMITED,       249.70,       250.00,-0.12
L,SONAM LIMITED,        41.99,        42.04,-0.12
L,T T LIMITED,         8.42,         8.43,-0.12
L,GEEKAY WIRES LIMITED,        33.71,        33.75,-0.12
L,ENDURANCE TECHNO. LTD.,      2540.20,      2543.20,-0.12
L,GOA CARBON LIMITED,       424.35,       424.85,-0.12
L,SEC RED NCD 10.15% SR. VI,      1020.80,      1022.00,-0.12
L,ATAL REALTECH LIMITED,        25.97,        26.00,-0.12
L,MARAL OVERSEAS LTD,        43.94,        43.99,-0.11
L,MAHINDRA HOLIDAYS LTD,       308.05,       308.40,-0.11
L,PARK MEDI WORLD LIMITED,       149.73,       149.90,-0.11
L,KAVERI SEED CO. LTD.,       973.50,       974.60,-0.11
L,RELIANCE INDUSTRIAL INFRA,       817.30,       818.20,-0.11
L,ELGI RUBBER CO. LTD,        45.57,        45.62,-0.11
L,G M BREWERIES LTD,      1207.20,      1208.50,-0.11
L,ADVANCE AGROLIFE LIMITED,       121.26,       121.39,-0.11
L,HERANBA INDUSTRIES LTD,       243.19,       243.45,-0.11
L,UNIVERSAL CABLES LTD,       956.90,       957.90,-0.10
L,LICNAMC - LICNMFET,        28.71,        28.74,-0.10
L,ZERODHAAMC - LTGILTCASE,        29.71,        29.74,-0.10
L,CAPRI GLOBAL CAPITAL LTD,       185.22,       185.40,-0.10
L,VARDHMAN HOLDINGS LIMITED,      3601.70,      3605.20,-0.10
L,SEC RE NCD 10.00% SR IV,      1030.00,      1031.00,-0.10
L,AEL 8.95% 2027 SR I,      1040.01,      1041.00,-0.10
L,BLS INTL SERVS LTD,       316.80,       317.10,-0.09
L,ARVIND LIMITED,       318.35,       318.65,-0.09
L,ABANS FINANCIAL SRVCS LTD,       202.42,       202.61,-0.09
L,AEL 0% 2027 SR II,      1048.00,      1048.95,-0.09
L,ANUPAM RASAYAN INDIA LTD,      1325.30,      1326.50,-0.09
L,ACE INTEGRATED SOLU. LTD.,        22.74,        22.76,-0.09
L,JULLUNDUR MOT AGENCY LTD,        79.68,        79.75,-0.09
L,LG ELECTRONICS INDIA LTD,      1483.40,      1484.70,-0.09
L,UPL LIMITED,       804.65,       805.35,-0.09
L,DCW LTD,        57.73,        57.78,-0.09
L,CANTABIL RETAIL LTD,       289.15,       289.40,-0.09
L,SAKAR HEALTHCARE LIMITED,       406.55,       406.90,-0.09
L,ACUTAAS CHEMICALS LIMITED,      1749.30,      1750.80,-0.09
L,DANISH POWER LIMITED,       645.25,       645.80,-0.09
L,NCC LIMITED,       161.49,       161.62,-0.08
L,KOTHARI PRODUCTS LTD,        75.18,        75.24,-0.08
L,SYMPHONY LIMITED,       916.00,       916.70,-0.08
L,VRL LOGISTICS LIMITED,       268.55,       268.75,-0.07
L,JAYANT AGRO ORGANICS LTD,       201.54,       201.69,-0.07
L,HEXA TRADEX LIMITED,       162.25,       162.37,-0.07
L,HINDCON CHEMICALS LIMITED,        27.21,        27.23,-0.07
L,DIVINE POWER ENERGY LTD,       272.10,       272.30,-0.07
L,CHAMBAL FERTILIZERS LTD,       479.90,       480.25,-0.07
L,EDELAMC - EBBETF0430,      1563.19,      1564.32,-0.07
L,BIRLA CORPORATION LTD,      1109.30,      1110.10,-0.07
L,BILLIONBRAINS GARAGE VN L,       155.19,       155.30,-0.07
L,TEXMACO INFRA & HOLDG LTD,        99.77,        99.84,-0.07
L,ADVANI HOT.& RES.(I) LTD,        58.08,        58.12,-0.07
L,SEC RE NCD 8.42% SR.V,       991.21,       991.85,-0.06
L,MOTILALAMC - G5,        62.95,        62.99,-0.06
L,JINDAL POLY FILMS LIMITED,       479.95,       480.25,-0.06
L,ISGEC HEAVY ENG LTD,       898.50,       899.05,-0.06
L,GANESH BENZOPLAST LIMITED,        81.69,        81.74,-0.06
L,ACCRETION PHARMA LIMITED,        84.00,        84.05,-0.06
L,SWELECT ENERGY SYS LTD,       617.55,       617.90,-0.06
L,SRM CONTRACTORS LIMITED,       533.40,       533.70,-0.06
L,MSP STEEL & POWER LTD.,        37.03,        37.05,-0.05
L,THE GE SHPG.LTD,      1114.00,      1114.60,-0.05
L,GREENPANEL INDUSTRIES LTD,       230.80,       230.92,-0.05
L,GOI TBILL 182D-21/05/26,        97.45,        97.50,-0.05
L,SEC RE NCD 9% SR.VI,      1017.00,      1017.50,-0.05
L,KHAITAN (INDIA)LTD.,       104.01,       104.06,-0.05
L,GOI LOAN 8.24%2027,       105.01,       105.06,-0.05
L,THE INVEST TRUST OF IND L,       116.96,       117.01,-0.04
L,GOI TBILL 364D-19/11/26,        94.79,        94.83,-0.04
L,BOND 8.88% PA TF TII-SIIB,      1169.51,      1170.00,-0.04
L,MUKKA PROTEINS LIMITED,        24.05,        24.06,-0.04
L,GOI LOAN  6.68% 2040,       100.10,       100.14,-0.04
L,IND MOTOR PART & ACC LTD,      1042.60,      1043.00,-0.04
L,CAMPUS ACTIVEWEAR LIMITED,       261.85,       261.95,-0.04
L,JUBILANT FOODWORKS LTD,       552.95,       553.15,-0.04
L,SHALBY LIMITED,       202.89,       202.96,-0.03
L,MIRAEAMC - MAGS813ETF,        29.65,        29.66,-0.03
L,UPSURGE SEEDS OF AGRI LTD,       151.00,       151.05,-0.03
L,CHANDAN HEALTHCARE LTD,       316.50,       316.60,-0.03
L,PARAS DEF AND SPCE TECH L,       683.75,       683.95,-0.03
L,SEC RE NCD 7.90% STRPP B,       314.80,       314.89,-0.03
L,STANDARD GLASS LIN TECH L,       149.83,       149.87,-0.03
L,GOI LOAN 9.20% 2030,       114.50,       114.53,-0.03
L,ADF FOODS LIMITED,       204.09,       204.14,-0.02
L,MADHAV MARBLE & GRANITE,        42.94,        42.95,-0.02
L,CARBORUNDUM UNIVERSAL LTD,       859.55,       859.75,-0.02
L,GOI LOAN  6.90% 2065,        95.97,        95.99,-0.02
L,KPI GREEN ENERGY LIMITED,       485.15,       485.25,-0.02
L,ENCOMPASS DESIGN INDIA L,       253.95,       254.00,-0.02
L,DMCC SPECIALITY CHEMICALS,       255.55,       255.60,-0.02
L,SEC RE NCD 9.70% SR VII,      1024.50,      1024.70,-0.02
L,GRINDWELL NORTON LIMITED,      1557.90,      1558.20,-0.02
L,BOND 8.10% PA TAX FREE S2,      1050.40,      1050.60,-0.02
L,GOI TBILL 91D-27/03/26,        98.70,        98.71,-0.01
L,GOI LOAN   6.79% 2031,       100.20,       100.21,-0.01
L,PENNAR INDUSTRIES LTD,       202.77,       202.79,-0.01
L,GOI LOAN 7.38% 2027,       102.57,       102.58,-0.01
L,RPG LIFE SCIENCES LTD,      2312.50,      2312.70,-0.01
L,ACCELYA SOLN INDIA LTD,      1309.20,      1309.30,-0.01
L,AU SMALL FINANCE BANK LTD,       999.40,       999.45,-0.01
L,UNSEC RE NCD 9.60% SR.II,       997.95,       997.98,-0.00
L,IREDA 8.80NCDTR I SR II B,      1169.99,      1170.00,-0.00
L,TSI 9.35% 30 SR I-D,    102724.00,    102724.38,-0.00
