GAIN_LOSS,SECURITY,CLOSE_PRIC,PREV_CL_PR,PERCENT_CG
 ,Nifty 50 Sec., , , 
 , , , , 
G,SHRIRAM FINANCE LIMITED,       979.40,       955.50,2.50
G,HINDALCO  INDUSTRIES  LTD,       884.15,       865.00,2.21
G,BAJAJ AUTO LIMITED,      9282.00,      9087.00,2.15
G,TATA STEEL LIMITED,       175.80,       172.30,2.03
G,MAHINDRA & MAHINDRA LTD,      3660.30,      3592.10,1.90
G,JSW STEEL LIMITED,      1111.60,      1092.60,1.74
G,AXIS BANK LIMITED,      1246.00,      1232.00,1.14
G,TATA MOTORS PASS VEH LTD,       361.75,       358.60,0.88
G,BHARTI AIRTEL LIMITED,      2099.80,      2081.60,0.87
G,STATE BANK OF INDIA,       973.45,       965.05,0.87
G,BAJAJ FINSERV LTD.,      2026.40,      2012.10,0.71
G,MARUTI SUZUKI INDIA LTD.,     16647.00,     16542.00,0.63
G,ADANI ENTERPRISES LIMITED,      2214.70,      2203.20,0.52
G,ADANI PORT & SEZ LTD,      1461.20,      1454.40,0.47
G,LARSEN & TOUBRO LTD.,      4052.00,      4038.70,0.33
G,SUN PHARMACEUTICAL IND L,      1720.20,      1717.20,0.17
G,BHARAT ELECTRONICS LTD,       393.30,       393.25,0.01
 , , , , 
L,MAX HEALTHCARE INS LTD,      1040.80,      1064.10,-2.19
L,ETERNAL LIMITED,       277.10,       282.85,-2.03
L,INFOSYS LIMITED,      1621.60,      1644.70,-1.40
L,TATA CONSUMER PRODUCT LTD,      1179.00,      1195.20,-1.36
L,APOLLO HOSPITALS ENTER. L,      6990.00,      7084.50,-1.33
L,INTERGLOBE AVIATION LTD,      5018.00,      5085.50,-1.33
L,EICHER MOTORS LTD,      7192.50,      7272.00,-1.09
L,HCL TECHNOLOGIES LTD,      1615.20,      1630.80,-0.96
L,BAJAJ FINANCE LIMITED,       989.30,       998.00,-0.87
L,ULTRATECH CEMENT LIMITED,     11705.00,     11799.00,-0.80
L,SBI LIFE INSURANCE CO LTD,      1995.50,      2009.80,-0.71
L,COAL INDIA LTD,       398.00,       400.65,-0.66
L,ASIAN PAINTS LIMITED,      2758.30,      2775.40,-0.62
L,ITC LTD,       400.60,       402.60,-0.50
L,JIO FIN SERVICES LTD,       292.50,       293.95,-0.49
L,TECH MAHINDRA LIMITED,      1604.60,      1612.40,-0.48
L,HDFC LIFE INS CO LTD,       743.00,       746.45,-0.46
L,NESTLE INDIA LIMITED,      1274.10,      1280.00,-0.46
L,TRENT LTD,      4207.70,      4226.00,-0.43
L,RELIANCE INDUSTRIES LTD,      1539.80,      1545.60,-0.38
L,KOTAK MAHINDRA BANK LTD,      2152.70,      2158.60,-0.27
L,TITAN COMPANY LIMITED,      3974.10,      3983.70,-0.24
L,WIPRO LTD,       263.65,       264.24,-0.22
L,DR. REDDY S LABORATORIES,      1265.80,      1268.60,-0.22
L,NTPC LTD,       324.90,       325.50,-0.18
L,TATA CONSULTANCY SERV LT,      3246.80,      3251.50,-0.14
L,HINDUSTAN UNILEVER LTD.,      2290.20,      2293.30,-0.14
L,CIPLA LTD,      1492.50,      1494.00,-0.10
L,POWER GRID CORP. LTD.,       260.35,       260.60,-0.10
L,HDFC BANK LTD,       990.90,       991.70,-0.08
L,OIL AND NATURAL GAS CORP.,       234.68,       234.82,-0.06
L,ICICI BANK LTD.,      1342.50,      1343.30,-0.06
L,GRASIM INDUSTRIES LTD,      2841.70,      2842.40,-0.02
 , , , , 
 ,Nifty Next 50 Sec., , , 
 , , , , 
G,JINDAL STEEL LIMITED,      1021.30,       990.50,3.11
G,ADANI POWER LTD,       144.65,       140.44,3.00
G,ADANI ENERGY SOLUTION LTD,      1024.15,       999.35,2.48
G,VEDANTA LIMITED,       605.55,       593.10,2.10
G,CANARA BANK,       154.03,       150.92,2.06
G,BANK OF BARODA,       293.00,       287.60,1.88
G,TVS MOTOR COMPANY  LTD,      3634.60,      3574.20,1.69
G,PUNJAB NATIONAL BANK,       122.38,       120.54,1.53
G,HINDUSTAN ZINC LIMITED,       625.30,       618.55,1.09
G,LIFE INSURA CORP OF INDIA,       849.25,       842.25,0.83
G,TORRENT PHARMACEUTICALS L,      3822.10,      3793.70,0.75
G,LTIMINDTREE LIMITED,      6074.00,      6033.50,0.67
G,ICICI LOMBARD GIC LIMITED,      1955.00,      1943.20,0.61
G,ADANI GREEN ENERGY LTD,      1007.10,      1001.90,0.52
G,GODREJ CONSUMER PRODUCTS,      1212.20,      1206.30,0.49
G,VARUN BEVERAGES LIMITED,       484.45,       482.70,0.36
G,SHREE CEMENT LIMITED,     26340.00,     26275.00,0.25
G,CHOLAMANDALAM IN & FIN CO,      1701.50,      1698.80,0.16
G,GAIL (INDIA) LTD,       170.63,       170.42,0.12
G,SAMVRDHNA MTHRSN INTL LTD,       119.75,       119.64,0.09
 , , , , 
L,MAZAGON DOCK SHIPBUIL LTD,      2462.40,      2537.30,-2.95
L,SOLAR INDUSTRIES (I) LTD,     12028.00,     12331.00,-2.46
L,BAJAJ HOLDINGS & INVS LTD,     10982.00,     11250.00,-2.38
L,INFO EDGE (I) LTD,      1335.00,      1359.50,-1.80
L,THE INDIAN HOTELS CO. LTD,       729.55,       742.15,-1.70
L,INDIAN RAILWAY FIN CORP L,       124.59,       126.35,-1.39
L,REC LIMITED,       351.40,       355.95,-1.28
L,DLF LIMITED,       680.65,       688.75,-1.18
L,HINDUSTAN AERONAUTICS LTD,      4325.50,      4374.30,-1.12
L,CG POWER AND IND SOL LTD,       641.05,       647.25,-0.96
L,AVENUE SUPERMARTS LIMITED,      3753.50,      3788.00,-0.91
L,HYUNDAI MOTOR INDIA LTD,      2301.60,      2321.30,-0.85
L,SIEMENS LTD,      3029.50,      3054.30,-0.81
L,LODHA DEVELOPERS LIMITED,      1056.90,      1064.70,-0.73
L,POWER FIN CORP LTD.,       349.35,       351.55,-0.63
L,BHARAT PETROLEUM CORP  LT,       369.50,       371.60,-0.57
L,ABB INDIA LIMITED,      5138.50,      5165.00,-0.51
L,TATA POWER CO LTD,       374.35,       376.20,-0.49
L,BRITANNIA INDUSTRIES LTD,      6013.00,      6041.50,-0.47
L,DIVI S LABORATORIES LTD,      6360.50,      6390.50,-0.47
L,UNITED SPIRITS LIMITED,      1423.80,      1429.70,-0.41
L,AMBUJA CEMENTS LTD,       550.00,       552.10,-0.38
L,ZYDUS LIFESCIENCES LTD,       901.45,       904.60,-0.35
L,JSW ENERGY LIMITED,       469.75,       471.15,-0.30
L,BOSCH LIMITED,     35525.00,     35630.00,-0.29
L,INDIAN OIL CORP LTD,       161.57,       161.98,-0.25
L,HAVELLS INDIA LIMITED,      1413.00,      1415.20,-0.16
L,SIEMENS ENERGY INDIA LTD,      2574.50,      2578.50,-0.16
L,PIDILITE INDUSTRIES LTD,      1450.90,      1452.80,-0.13
 , , , , 
 ,OTHER SECURITIES, , , 
 , , , , 
G,NRB INDUS. BEARINGS LTD.,        34.65,        28.88,19.98
G,ORIENT TECHNOLOGIES LTD,       395.25,       330.90,19.45
G,ORIENT CERATECH LIMITED,        52.23,        44.14,18.33
G,KPI GREEN ENERGY LIMITED,       474.20,       404.85,17.13
G,INDO COUNT INDUSTRIES LTD,       298.45,       260.25,14.68
G,ROYAL ARC ELECTRODES LTD,       160.00,       142.00,12.68
G,SILVER TOUCH TECHNO LTD,      1011.85,       908.45,11.38
G,SHIVALIC POWER CONTROL L,        90.90,        81.80,11.12
G,KHADIM INDIA LIMITED,       175.24,       157.98,10.93
G,MEDISTEP HEALTHCARE LTD,        25.40,        23.05,10.20
G,KONSTELEC ENGINEERS LTD,        51.50,        46.85,9.93
G,NAGARJUN FERT AND CHE LTD,         5.32,         4.84,9.92
G,UNITED FOODBRANDS LIMITED,       205.42,       187.19,9.74
G,SEC RE NCD 0% SR.IV,      1395.57,      1274.00,9.54
G,HINDUSTAN COPPER LTD,       533.35,       487.45,9.42
G,SHREEJI GLOBAL FMCG LTD,       114.85,       105.00,9.38
G,EXCELSOFT TECHNOLOGIES L,        92.29,        84.70,8.96
G,SHREE RAMA MULTI TECH LTD,        64.85,        59.79,8.46
G,ASIAN HOTELS (NORTH) LTD,       315.05,       290.75,8.36
G,SHIVAM AUTO.LTD,        23.75,        21.94,8.25
G,BIGBLOC CONSTRUCTION LTD,        72.38,        66.95,8.11
G,MUNISH FORGE LIMITED,       103.40,        95.75,7.99
G,INVICTA DIAGNOSTIC LTD,        84.55,        78.30,7.98
G,MAITREYA MEDICARE LIMITED,       217.95,       202.05,7.87
G,OPTIVALUE TEK CONSULT LTD,        79.00,        73.35,7.70
G,ASAHI INDIA GLASS LIMITED,      1037.60,       963.90,7.65
G,SEC RE NCD 9.71% SR VIII,       979.00,       910.20,7.56
G,JAYASWAL NECO INDUSTR LTD,        92.55,        86.19,7.38
G,YASONS CHEMEX CARE LTD,        13.10,        12.20,7.38
G,SUKHJIT STARCH & CHEM LTD,       189.42,       176.82,7.13
G,VARDHAMAN ACRYLICS LTD,        40.30,        37.62,7.12
G,DOLPHIN OFF ENT (IND) L,       458.20,       430.20,6.51
G,ICDS LTD,        44.80,        42.13,6.34
G,R K SWAMY LIMITED,       114.89,       108.21,6.17
G,CROP LIFE SCIENCE LIMITED,        49.90,        47.00,6.17
G,ENTERO HEALTHCARE SOLU L,      1005.90,       949.20,5.97
G,IIFL CAPITAL SERVICES LTD,       350.20,       330.50,5.96
G,MARATHON NXTGEN REALT LTD,       531.15,       501.80,5.85
G,INDIAN OVERSEAS BANK,        35.80,        33.84,5.79
G,RAJ TV NETWORK LTD,        42.96,        40.61,5.79
G,NAKODA GROUP OF IND. LTD,        31.72,        30.02,5.66
G,KRIDHAN INFRA LIMITED,         4.43,         4.20,5.48
G,TAPI FRUIT PROCESSING LTD,        68.50,        65.00,5.38
G,INNOMET ADVANCED MATERI L,       103.00,        97.75,5.37
G,KIOCL LIMITED,       398.85,       378.80,5.29
G,SANSTAR LIMITED,        93.35,        88.66,5.29
G,CRAYONS ADVERTISING LTD,        39.10,        37.15,5.25
G,NATIONAL ALUMINIUM CO LTD,       316.60,       300.90,5.22
G,HONASA CONSUMER LIMITED,       291.35,       277.00,5.18
G,STEEL AUTHORITY OF INDIA,       141.02,       134.09,5.17
G,SG MART LIMITED,       380.05,       361.40,5.16
G,SKF INDIA LTD,      1867.60,      1776.00,5.16
G,JINDAL STAINLESS LIMITED,       836.00,       795.10,5.14
G,SHREEJI SHIPPING GLOBAL L,       360.65,       343.35,5.04
G,RAYMOND REALTY LIMITED,       506.55,       482.35,5.02
G,SACHEEROME LIMITED,       363.30,       346.00,5.00
G,C P S SHAPERS LIMITED,      1146.60,      1092.00,5.00
G,GOI LOAN 8.6% 2028,       113.82,       108.40,5.00
G,S&S POWER SWITCHGEARS LTD,       276.47,       263.31,5.00
G,TAURIAN MPS LIMITED,       228.10,       217.25,4.99
G,GIRIRAJ CIVIL DEVP LTD,       259.80,       247.45,4.99
G,TRANSWIND INFRA LIMITED,        23.15,        22.05,4.99
G,MADHAV COPPER LIMITED,        68.19,        64.95,4.99
G,SIDDHIKA COATINGS LIMITED,       208.45,       198.55,4.99
G,VADIVARHE SPCLTY CHEM LTD,        16.85,        16.05,4.98
G,SOTAC PHARMACEUTICALS LTD,       129.55,       123.40,4.98
G,OSIA HYPER RETAIL LIMITED,        14.75,        14.05,4.98
G,MANAV INFRA PROJECTS LTD,        31.65,        30.15,4.98
G,MANGALAM DRUG & CHEM LTD,        26.20,        24.96,4.97
G,CADSYS (INDIA) LIMITED,        46.65,        44.45,4.95
G,DOCMODE HEALTH TECH LTD,        67.95,        64.75,4.94
G,S A TECH SOFTWARE INDIA L,        52.15,        49.70,4.93
G,A G UNIVERSAL LIMITED,        67.10,        63.95,4.93
G,CYBERMEDIA RS.5 PPD UP,         6.19,         5.90,4.92
G,NAVKAR URBANSTRUCTURE LTD,         1.51,         1.44,4.86
G,UPSURGE SEEDS OF AGRI LTD,       152.00,       145.00,4.83
G,DAVANGERE SUGAR COMPANY L,         3.71,         3.54,4.80
G,PREMIER POLYFILM LTD,        41.26,        39.37,4.80
G,SEMAC CONSTRUCTION LTD,       307.95,       294.00,4.74
G,SIGNORIA CREATION LIMITED,       100.45,        95.90,4.74
G,POLYSIL IRRIGATION SYST L,       306.90,       293.00,4.74
G,BANK OF MAHARASHTRA,        60.51,        57.77,4.74
G,FORCE MOTORS LIMITED,     19845.00,     18951.00,4.72
G,ALLDIGI TECH LIMITED,       852.25,       814.15,4.68
G,ANLON TECHNOLOGY SOL LTD,       410.40,       392.10,4.67
G,M&M FIN. SERVICES LTD,       404.40,       386.40,4.66
G,QUEST LABORATORIES LTD,       104.65,       100.00,4.65
G,RENOL POLYCHEM LIMITED,       147.00,       140.50,4.63
G,NIRAJ ISPAT IND LTD,       201.89,       193.00,4.61
G,CUPID LIMITED,       509.00,       486.60,4.60
G,KOPRAN LTD,       150.15,       143.56,4.59
G,KRITI NUTRIENTS LIMITED,        69.53,        66.50,4.56
G,WILLIAMSON MAGOR,        29.91,        28.61,4.54
G,ADIT BIRL SUN LIF AMC LTD,       828.75,       792.85,4.53
G,PIL ITALICA LIFESTYLE LTD,        10.03,         9.60,4.48
G,INDO FARM EQUIPMENT LTD,       211.15,       202.10,4.48
G,NAZARA TECHNOLOGIES LTD,       264.50,       253.30,4.42
G,SUNLITE RECYCLING IND LTD,       313.00,       299.85,4.39
G,GAYATRI RUBB AND CHEM LTD,       385.50,       369.40,4.36
G,ASHIMA LTD,        18.94,        18.15,4.35
G,NAVIN FLUORINE INT. LTD,      6136.50,      5881.00,4.34
G,AUTHUM INVEST & INFRA LTD,      2999.30,      2875.00,4.32
G,MOTHERSON SUMI WRNG IND L,        48.82,        46.82,4.27
G,GRAPHISADS LIMITED,        47.65,        45.70,4.27
G,GENESYS INTL CORPN LTD,       443.85,       425.75,4.25
G,THINKING HATS ENTER SOL L,        27.00,        25.90,4.25
G,LAKSHYA POWERTECH LIMITED,       124.30,       119.25,4.23
G,REGENCY CERAMICS LTD.,        48.98,        47.00,4.21
G,SAGARDEEP ALLOYS LIMITED,        28.84,        27.68,4.19
G,JBM AUTO LIMITED,       634.20,       608.70,4.19
G,RITE ZONE CHEMCON IND LTD,        22.40,        21.50,4.19
G,ROSSELL INDIA LIMITED,        50.81,        48.78,4.16
G,CONCORD ENVIRO SYSTEMS L,       462.40,       444.10,4.12
G,ZIM LABORATORIES LIMITED,        71.31,        68.49,4.12
G,BODHI TREE MULTIMEDIA LTD,         8.10,         7.78,4.11
G,ZENITH EXPORTS LTD,       220.45,       211.80,4.08
G,GENERAL INS CORP OF INDIA,       384.40,       369.45,4.05
G,GREENCHEF APPLIANCES LTD,        58.20,        55.95,4.02
G,SML MAHINDRA LIMITED,      3962.70,      3810.50,3.99
G,ALPEX SOLAR LIMITED,       813.10,       782.10,3.96
G,SELLOWRAP INDUSTRIES LTD,        79.00,        76.00,3.95
G,KEYNOTE FIN SERV LTD.,       313.15,       301.30,3.93
G,BETA DRUGS LIMITED,      1572.20,      1512.80,3.93
G,ALPA LABORATORIES LTD,        79.21,        76.23,3.91
G,COMMITTED CARGO CARE LTD,       203.40,       195.75,3.91
G,CANTABIL RETAIL LTD,       261.81,       251.98,3.90
G,SUBA HOTELS LIMITED,       143.95,       138.55,3.90
G,RADICO KHAITAN LTD,      3376.00,      3249.70,3.89
G,PERFECT INFRAENGINEER LTD,         4.05,         3.90,3.85
G,VIVIANA POWER TECH LTD,       727.80,       700.95,3.83
G,V.L.INFRAPROJECTS LIMITED,        30.00,        28.90,3.81
G,GINNI FILAMENTS LTD,        41.09,        39.59,3.79
G,SANDUR MANG & IRON ORES L,       240.96,       232.20,3.77
G,REVATHI EQUIPMENT INDIA L,       714.10,       688.20,3.76
G,ENFUSE SOLUTIONS LIMITED,       220.00,       212.05,3.75
G,PC JEWELLER LTD,         9.15,         8.82,3.74
G,KNOWLEDGE MARINE & EN W L,      1865.40,      1798.50,3.72
G,FEDERAL-MOGUL GOETZE (IND,       460.20,       443.70,3.72
G,KANDARP DG SMART BPO LTD,       144.30,       139.15,3.70
G,SAHAJ SOLAR LIMITED,       180.30,       173.90,3.68
G,PRAKASH INDUSTRIES LTD,       146.07,       140.91,3.66
G,UNIVERSAL CABLES LTD,       890.50,       859.25,3.64
G,CENTRUM CAPITAL LIMITED,        28.83,        27.82,3.63
G,ADVANCED ENZYME TECH LTD,       299.90,       289.40,3.63
G,HONDA I POWER PRODUCT LTD,      2343.40,      2261.40,3.63
G,CSB BANK LIMITED,       440.30,       424.95,3.61
G,SAVY INFRA AND LOGI LTD,       165.10,       159.35,3.61
G,PLAZA WIRES LIMITED,        41.95,        40.49,3.61
G,MATRIX GEO SOLUTIONS LTD,       104.00,       100.40,3.59
G,EURO (I) FRESH FOODS LTD,       269.84,       260.53,3.57
G,ANAND RATHI SH N STK BR L,       636.95,       615.05,3.56
G,NMDC STEEL LIMITED,        43.27,        41.79,3.54
G,MADHAV MARBLE & GRANITE,        42.53,        41.08,3.53
G,ALMONDZ GLOBAL SEC LTD,        18.20,        17.58,3.53
G,ELGI EQUIPMENTS LTD,       472.00,       455.95,3.52
G,NEWMALAYALAM STEEL LTD,        31.05,        30.00,3.50
G,INDO BORAX & CHEMICAL LTD,       268.78,       259.70,3.50
G,ISGEC HEAVY ENG LTD,       918.40,       887.75,3.45
G,STEL HOLDINGS LIMITED,       513.75,       496.65,3.44
G,KOTYARK INDUSTRIES LTD,       244.65,       236.55,3.42
G,YUKEN INDIA LIMITED,       888.05,       858.85,3.40
G,LASA SUPERGENERICS LTD,         9.18,         8.88,3.38
G,NURECA LIMITED,       293.30,       283.75,3.37
G,JAIN IRRIGATION SYSTEMS,        41.48,        40.13,3.36
G,SILKFLEX POLYMERS INDIA L,        92.25,        89.25,3.36
G,CLASSIC ELECTRODE (IND) L,        77.50,        75.00,3.33
G,SAMPANN UTPADAN INDIA LTD,        33.89,        32.80,3.32
G,KEWAL KIRAN CLOTHING LTD,       492.30,       476.50,3.32
G,VLS FINANCE LTD,       293.00,       283.60,3.31
G,TVS SUPPLY CHAIN SOL L,       110.94,       107.40,3.30
G,OLA ELECTRIC MOBILITY LTD,        36.58,        35.43,3.25
G,HERCULES INVESTMENTS LTD,       158.82,       153.85,3.23
G,RKEC PROJECTS LIMITED,        54.84,        53.13,3.22
G,ON DOOR CONCEPTS LIMITED,       119.15,       115.45,3.20
G,NMDC LTD.,        83.41,        80.84,3.18
G,SPECTRUM ELECTRIC IND LTD,      1218.10,      1180.80,3.16
G,RAJ OIL MILLS LIMITED,        51.81,        50.23,3.15
G,INDIAN BANK,       809.00,       784.45,3.13
G,SANGAM (INDIA) LTD,       474.05,       459.70,3.12
G,HUBTOWN LIMITED,       239.55,       232.30,3.12
G,SAKTHI SUGARS LTD,        19.27,        18.69,3.10
G,M.V.K. AGRO FOOD PROD LTD,       762.15,       739.30,3.09
G,KINGFA SCI & TEC IND LTD.,      4342.20,      4214.00,3.04
G,MOVING MEDIA ENTER LTD,        51.00,        49.50,3.03
G,8.79% SEC RED BOND S2B,      1166.76,      1132.45,3.03
G,PRESSTONIC ENGINEERING L,        61.65,        59.85,3.01
G,AIA ENGINEERING LIMITED,      3949.70,      3834.80,3.00
G,DREDGING CORP OF INDIA,      1005.20,       976.40,2.95
G,PUSHPA JEWELLERS LIMITED,       105.00,       102.00,2.94
G,CAN FIN HOMES LTD,       927.20,       900.75,2.94
G,KRITI INDUSTRIES IND LTD,        81.75,        79.42,2.93
G,2.50%GOLDBONDS2027SR-V,     15511.00,     15073.57,2.90
G,GOYAL SALT LIMITED,       160.00,       155.50,2.89
G,HARIOM PIPE INDUSTRIES L,       362.85,       352.65,2.89
G,KARNATAKA BANK LIMITED,       205.91,       200.13,2.89
G,PASUPATI ACRYLON LIMITED,        55.25,        53.70,2.89
G,K.P. ENERGY LIMITED,       344.20,       334.65,2.85
G,HEXAWARE TECHNOLOGIES LTD,       762.45,       741.35,2.85
G,JM FINANCIAL LIMITED,       148.26,       144.16,2.84
G,ARFIN INDIA LIMITED,        70.53,        68.58,2.84
G,3M INDIA LIMITED,     35290.00,     34315.00,2.84
G,VASWANI IND LTD,        63.00,        61.26,2.84
G,NGL FINE CHEM LIMITED,      1331.90,      1295.20,2.83
G,MUFIN GREEN FINANCE LTD,       115.42,       112.24,2.83
G,WISE TRAVEL INDIA LIMITED,       139.95,       136.10,2.83
G,AUTOMOTIVE AXLES LIMITED,      1872.20,      1820.70,2.83
G,KRITIKA WIRES LIMITED,         7.33,         7.13,2.81
G,ANONDITA MEDICARE LIMITED,       968.75,       942.35,2.80
G,GODAWARI POW & ISP LTD,       263.53,       256.39,2.78
G,CARTRADE TECH LIMITED,      2768.50,      2694.00,2.77
G,NIRAJ CEMENT STRUC LTD,        40.91,        39.81,2.76
G,UNICOMMERCE ESOLUTIONS L,       117.19,       114.05,2.75
G,PALRED TECHNOLOGIES LTD,        40.75,        39.66,2.75
G,GROWWAMC - GROWWMETAL,        10.51,        10.23,2.74
G,REPCO HOME FINANCE LTD,       413.25,       402.25,2.73
G,KONTOR SPACE LIMITED,        67.80,        66.00,2.73
G,PRIVI SPECIALITY CHE LTD,      3190.50,      3106.20,2.71
G,VENTIVE HOSPITALITY LTD,       739.60,       720.10,2.71
G,SAI LIFE SCIENCES LIMITED,       910.35,       886.35,2.71
G,METRO BRANDS LIMITED,      1182.20,      1151.10,2.70
G,PRIME CABLE INDUSTRIES L,        87.60,        85.30,2.70
G,WEALTH FRST PORT. MG. LTD,       945.30,       920.60,2.68
G,KOHINOOR FOODS LIMITED,        26.80,        26.10,2.68
G,SAMEERA AGRO AND INFRA L,        13.40,        13.05,2.68
G,URBAN COMPANY LIMITED,       131.53,       128.11,2.67
G,GUJARAT AMBUJA EXPORTS LT,       133.07,       129.61,2.67
G,ELDECO HSG & IND LTD.,       989.55,       963.85,2.67
G,SHREE KARNI FABCOM LTD,       496.90,       484.00,2.67
G,MAXVOLT ENERGY INDUS L,       491.50,       478.75,2.66
G,CARYSIL LIMITED,       886.80,       863.80,2.66
G,QUADRANT FUTURE TEK LTD,       325.95,       317.50,2.66
G,PRICOL LIMITED,       643.65,       627.05,2.65
G,BOMBAY BURMAH TRADING COR,      1877.00,      1828.60,2.65
G,VIJI FINANCE LIMITED,         2.72,         2.65,2.64
G,HERO MOTOCORP LIMITED,      5711.00,      5566.00,2.61
G,BANKA BIOLOO LIMITED,        65.87,        64.20,2.60
G,GOI LOAN 8.97% 2030,       118.50,       115.50,2.60
G,KSR FOOTWEAR LIMITED,        15.05,        14.67,2.59
G,LAXMI DENTAL LIMITED,       270.60,       263.80,2.58
G,ATAL REALTECH LIMITED,        26.02,        25.37,2.56
G,CURIS LIFESCIENCES LTD,       122.40,       119.35,2.56
G,CAPRI GLOBAL CAPITAL LTD,       180.64,       176.18,2.53
G,SUVEN LIFE SCIENCES LTD,       167.44,       163.32,2.52
G,TECIL CHEMICALS,        19.93,        19.44,2.52
G,EMERALD TYRE MANUF LTD,       104.40,       101.85,2.50
G,STANDARD GLASS LIN TECH L,       148.70,       145.07,2.50
G,KAUSHALYA LOGISTICS LTD,        49.20,        48.00,2.50
G,KAYTEX FABRICS LIMITED,        73.80,        72.00,2.50
G,HT MEDIA LIMITED,        23.62,        23.05,2.47
G,KANANI INDUSTRIES LTD,         1.66,         1.62,2.47
G,SINDHU TRADE LINKS LTD,        19.93,        19.45,2.47
G,BIRLASLAMC - SILVER,       231.74,       226.16,2.47
G,SURYALAKSHMI COT MIL LTD,        60.40,        58.95,2.46
G,CL EDUCATE LIMITED,        87.13,        85.04,2.46
G,ADROIT INFOTECH LIMITED,        10.44,        10.19,2.45
G,GEEKAY WIRES LIMITED,        32.18,        31.41,2.45
G,MINDTECK (INDIA) LIMITED,       203.48,       198.62,2.45
G,INDIAN METALS & FERRO,      1476.10,      1441.00,2.44
G,VMS TMT LIMITED,        52.74,        51.49,2.43
G,SHALIM PAINTS LTD,        59.95,        58.54,2.41
G,KDDL LIMITED,      2441.00,      2383.80,2.40
G,MANALI PETROCHEMICALS LT,        62.33,        60.87,2.40
G,JHS SVEND. LAB. LTD,         9.82,         9.59,2.40
G,GLOBUS SPIRITS LTD,       982.30,       959.30,2.40
G,UNIHEALTH HOSPITALS LTD,       286.70,       280.00,2.39
G,S J LOGISTICS (INDIA) LTD,       359.35,       351.00,2.38
G,SUNGARNER ENERGIES LTD,       216.00,       211.00,2.37
G,UNIINFO TELECOM SERVI LTD,        15.18,        14.83,2.36
G,SHIVA TEXYARN LIMITED,       184.76,       180.51,2.35
G,360ONEAMC - SILVER360,       223.64,       218.51,2.35
G,AAKASH EXPLORATION SER L,         8.72,         8.52,2.35
G,DCM NOUVELLE LIMITED,       133.72,       130.66,2.34
G,SATHLOKHAR SYN E&C GLOB L,       457.30,       446.85,2.34
G,NHPC LTD,        78.58,        76.79,2.33
G,MANGLAM INFRA & ENG LTD,        19.80,        19.35,2.33
G,APTUS VALUE HSG FIN I LTD,       284.55,       278.10,2.32
G,INDUSTRIAL INV TRUST LTD,       165.98,       162.22,2.32
G,RADHIKA JEWELTECH LIMITED,        75.19,        73.49,2.31
G,ZUARI AGRO CHEMICALS LTD,       334.95,       327.40,2.31
G,STL GLOBAL LIMITED,        13.32,        13.02,2.30
G,ARC INSULATION & INSU LTD,        66.60,        65.10,2.30
G,GOI LOAN 7.19% 2060,        99.28,        97.05,2.30
G,GE VERNOVA T&D INDIA LTD,      3144.80,      3074.20,2.30
G,SEC RE NCD 8.43% SR.VI,       987.00,       965.00,2.28
G,PARADEEP PHOSPHATES LTD,       165.15,       161.47,2.28
G,WAKEFIT INNOVATIONS LTD,       184.14,       180.04,2.28
G,EURO PRATIK SALES LIMITED,       307.50,       300.70,2.26
G,ARCHEAN CHEMICAL IND LTD,       548.75,       536.75,2.24
G,MY MUDRA FINCORP LIMITED,        92.00,        90.00,2.22
G,SARLA PERF. FIBERS LTD,        90.54,        88.59,2.20
G,KAMDHENU LIMITED,        25.11,        24.57,2.20
G,DCG CABLES & WIRES LTD,        67.45,        66.00,2.20
G,INDIQUBE SPACES LIMITED,       207.95,       203.48,2.20
G,B.L.KASHYAP & SON LTD,        55.83,        54.63,2.20
G,HARRISON MALAYALAM LTD,       171.23,       167.59,2.17
G,PROSTARM INFO SYSTEMS LTD,       176.71,       172.96,2.17
G,INDIAMART INTERMESH LTD,      2246.90,      2199.30,2.16
G,YATRA ONLINE LIMITED,       177.23,       173.53,2.13
G,SURANA TELECOM AND POW LT,        20.13,        19.71,2.13
G,BOMBAY DYEING & MFG. CO L,       131.52,       128.78,2.13
G,GANESH CONSUMER PRODUCT L,       216.00,       211.50,2.13
G,UPL LIMITED,       787.35,       770.95,2.13
G,ICICIPRAMC - METALIETF,        11.06,        10.83,2.12
G,ASHOK LEYLAND LTD,       178.63,       174.92,2.12
G,MIRAEAMC - METAL,        11.08,        10.85,2.12
G,THOMAS SCOTT (INDIA) LTD,       329.80,       323.00,2.11
G,ORISSA BENGAL CARRIER LTD,        56.36,        55.20,2.10
G,DR. LAL PATH LABS LTD.,      1458.00,      1428.20,2.09
G,LEELA PALACES HOTEL LTD,       433.55,       424.70,2.08
G,GREENPLY INDUSTRIES LTD,       264.85,       259.45,2.08
G,INDOCO REMEDIES LTD.,       230.60,       225.90,2.08
G,OCCL LIMITED,       100.73,        98.68,2.08
G,DCM FINANCIAL SERVICES LT,         5.42,         5.31,2.07
G,CREDO BRANDS MARKETING L,        99.57,        97.55,2.07
G,AARTI PHARMALABS LIMITED,       746.80,       731.70,2.06
G,HISAR METAL IND. LIMITED,       162.95,       159.67,2.05
G,ATHER ENERGY LIMITED,       731.90,       717.20,2.05
G,SBIAMC - SBIBPB,        49.09,        48.11,2.04
G,SAATVIK GREEN ENERGY LTD,       378.25,       370.70,2.04
G,KALYANI FORGE LIMITED,       626.50,       614.00,2.04
G,JSW CEMENT LIMITED,       120.97,       118.56,2.03
G,TOTAL TRANSPORT SYS LTD,        78.50,        76.94,2.03
G,AKSHAR SPINTEX LIMITED,         0.51,         0.50,2.00
G,HP TELECOM INDIA LIMITED,       286.70,       281.10,1.99
G,BAAZAR STYLE RETAIL LTD,       274.00,       268.65,1.99
G,PRIME FOCUS LIMITED,       241.86,       237.14,1.99
G,KIRLOSKAR BROTHERS LTD,      1616.90,      1585.50,1.98
G,USHA FINANCIAL SERVICES L,        43.85,        43.00,1.98
G,SEC RE NCD 10% SR 4,      1009.54,       990.00,1.97
G,SCL 9.02% SR V,       984.00,       965.00,1.97
G,INDIABULLS LIMITED,        17.62,        17.28,1.97
G,AYM SYNTEX LIMITED,       172.13,       168.81,1.97
G,KOTAK PSU BANK,       841.60,       825.40,1.96
G,ICICIPRAMC - PSUBANKICI,        85.26,        83.62,1.96
G,NIP IND ETF PSU BANK BEES,        93.89,        92.09,1.95
G,ANNAPURNA SWADISHT LTD,       193.70,       190.00,1.95
G,DELPHI WORLD MONEY LTD,       244.34,       239.69,1.94
G,MEGA FLEX PLASTICS LTD,       123.60,       121.25,1.94
G,VL E GOV AND IT SOL LTD,        20.03,        19.65,1.93
G,BOMBAY METRICS S C LTD,        42.45,        41.65,1.92
G,BLB LIMITED,        13.95,        13.69,1.90
G,VOLER CAR LIMITED,       215.90,       211.90,1.89
G,SMC GLOBAL SECURITIES LTD,        85.57,        83.99,1.88
G,AKZO NOBEL INDIA LIMITED,      3206.20,      3147.10,1.88
G,NIDAN LABS AND HEALTH LTD,        19.00,        18.65,1.88
G,LENSKART SOLUTIONS LTD,       460.80,       452.35,1.87
G,R&B DENIMS LIMITED,       129.72,       127.37,1.85
G,HDFCAMC HDFCPSUBK,        84.85,        83.32,1.84
G,SURAJ ESTATE DEVELOPERS L,       261.70,       257.00,1.83
G,ARIHANT ACADEMY LIMITED,       498.95,       490.00,1.83
G,DAMODAR INDUSTRIES LTD,        30.18,        29.64,1.82
G,KOKUYO CAMLIN LIMITED,        90.10,        88.49,1.82
G,L&T FINANCE LIMITED,       305.45,       300.00,1.82
G,FSN E COMMERCE VENTURES,       263.55,       258.85,1.82
G,MAHINDRA LIFESPACE DEVLTD,       393.50,       386.50,1.81
G,RBL BANK LIMITED,       309.70,       304.20,1.81
G,BEDMUTHA INDUST LTD,       110.12,       108.17,1.80
G,360 ONE WAM LIMITED,      1191.60,      1170.60,1.79
G,KARUR VYSYA BANK LTD,       259.17,       254.61,1.79
G,GOI LOAN 8.33% 2026,       104.01,       102.18,1.79
G,FEDERAL BANK LTD,       267.60,       262.90,1.79
G,UNIONAMC - UNIONGOLD,       131.45,       129.15,1.78
G,DOLAT ALGOTECH LIMITED,        87.61,        86.08,1.78
G,ZUARI INDUSTRIES LIMITED,       321.05,       315.45,1.78
G,GOLDIAM INTERNATIONAL LTD,       358.70,       352.45,1.77
G,CHETANA EDUCATION LIMITED,        54.55,        53.60,1.77
G,CRAFTSMAN AUTOMATION LTD,      7156.00,      7031.50,1.77
G,THE P K TEA PROD CO LTD,       860.40,       845.50,1.76
G,AGNI GREEN POWER LTD,        23.15,        22.75,1.76
G,POWER INSTRUMENT (G) LTD,       123.90,       121.76,1.76
G,SAJ HOTELS LIMITED,        58.00,        57.00,1.75
G,SHAH ALLOYS LIMITED,        68.47,        67.29,1.75
G,LAMOSAIC INDIA LIMITED,        35.00,        34.40,1.74
G,SHYAM METALICS AND ENGY L,       833.65,       819.40,1.74
G,INFINIUM PHARMACHEM LTD,       220.90,       217.15,1.73
G,NANDAN DENIM LIMITED,         2.95,         2.90,1.72
G,IIFL 9% TR I SR I,      1059.76,      1041.80,1.72
G,TV TODAY NETWORK LTD,       141.07,       138.68,1.72
G,KOTAKMAMC - MSCIINDIA,        31.37,        30.84,1.72
G,SEC RED NCD 9.30% SR. II,      1079.95,      1061.73,1.72
G,ORCHASP LIMITED,         2.97,         2.92,1.71
G,ORIANA POWER LIMITED,      2221.05,      2183.85,1.70
G,SEC RE NCD SR II,      1065.78,      1048.01,1.70
G,BALU FORGE INDUSTRIES LTD,       603.70,       593.70,1.68
G,AGRO PHOS INDIA LIMITED,        42.37,        41.67,1.68
G,ARMAN FIN SERV LTD,      1544.20,      1518.70,1.68
G,JAIN RESOURCE RECYCLING L,       399.80,       393.20,1.68
G,UNION BANK OF INDIA,       151.65,       149.15,1.68
G,MUTHOOT FINANCE LIMITED,      3799.10,      3736.50,1.68
G,WOL 3D INDIA LIMITED,       183.00,       180.00,1.67
G,POLYPLEX CORPORATION LTD,       817.90,       804.50,1.67
G,AFIL 12% 2028,      9713.52,      9555.00,1.66
G,NITCO LIMITED,       100.01,        98.38,1.66
G,UNSE RE NCD 0% SR.III,      1565.49,      1540.00,1.66
G,GOI LOAN  7.26% 2032,       107.50,       105.75,1.65
G,CHOICE INTERNATIONAL LTD,       831.50,       818.00,1.65
G,JTL INDUSTRIES LIMITED,        59.81,        58.84,1.65
G,MIRAEAMC - BANKPSU,        84.59,        83.22,1.65
G,NOIDA TOLL BRIDGE CO LTD,         4.34,         4.27,1.64
G,SARVESHWAR FOODS LIMITED,         4.34,         4.27,1.64
G,RNFI SERVICES LIMITED,       310.00,       305.00,1.64
G,GENERIC ENG CONS PROJ LTD,        43.58,        42.88,1.63
G,VISAMAN GLOBAL SALES LTD,       125.00,       123.00,1.63
G,ANANT RAJ LIMITED,       544.30,       535.60,1.62
G,RAVI KUMAR DIST. LTD.,        23.17,        22.80,1.62
G,DCM LTD,        92.83,        91.35,1.62
G,CLEAN SCIENCE & TECH LTD,       884.95,       870.85,1.62
G,TAC INFOSEC LIMITED,       767.25,       755.05,1.62
G,AEQUS LIMITED,       136.88,       134.72,1.60
G,SAHASRA ELECTRONIC SOLU L,       282.30,       277.85,1.60
G,JINKUSHAL INDUSTRIES LTD,        89.02,        87.62,1.60
G,SURANA SOLAR LIMITED,        26.72,        26.30,1.60
G,STAR HEALTH & AL INS CO L,       448.75,       441.70,1.60
G,POONAWALLA FINCORP LTD,       483.80,       476.20,1.60
G,TECHERA ENGINEER (IND) L,       220.00,       216.55,1.59
G,APEX ECOTECH LIMITED,       128.00,       126.00,1.59
G,THE SOUTH INDIAN BANK LTD,        37.76,        37.17,1.59
G,VERANDA LEARNING SOL LTD,       180.46,       177.66,1.58
G,CHAMAN LAL SETIA EXP LTD,       262.00,       257.95,1.57
G,MRF LTD,    151090.00,    148760.00,1.57
G,LAMBODHARA TEXTILES LTD.,       122.11,       120.23,1.56
G,LOVABLE LINGERIE LTD,        80.64,        79.40,1.56
G,FINBUD FINANCIAL SERV LTD,       127.00,       125.05,1.56
G,INSPIRISYS SOLUTIONS LTD,        88.37,        87.02,1.55
G,RASHTRIYA CHEMICALS & FER,       145.47,       143.25,1.55
G,IIFL FINANCE LIMITED,       603.15,       593.95,1.55
G,STRIDES PHARMA SCI LTD,       908.10,       894.30,1.54
G,CANARYS AUTOMATIONS LTD,        29.80,        29.35,1.53
G,MAHALAXMI RUBTECH LIMITED,       206.66,       203.54,1.53
G,RATEGAIN TRAVEL TECHN LTD,       677.65,       667.45,1.53
G,GANGES SECURITIES LIMITED,       137.04,       134.98,1.53
G,MSP STEEL & POWER LTD.,        36.60,        36.05,1.53
G,MAMATA MACHINERY LIMITED,       429.35,       422.90,1.53
G,BLUE DART EXPRESS LTD,      5542.50,      5460.00,1.51
G,RASHI PERIPHERALS LIMITED,       354.00,       348.75,1.51
G,BANK OF INDIA,       142.01,       139.91,1.50
G,GRINDWELL NORTON LIMITED,      1597.00,      1573.40,1.50
G,MIRAEAMC - MASPTOP50,        72.46,        71.39,1.50
G,AMJ LAND HOLDINGS LIMITED,        51.00,        50.25,1.49
G,CELL POINT (INDIA) LTD,        17.00,        16.75,1.49
G,MAHICKRA CHEMICAL LIMITED,       153.95,       151.70,1.48
G,KIRLOSKAR ELECTRIC CO LTD,        98.94,        97.50,1.48
G,INNOVA CAPTAB LIMITED,       719.05,       708.60,1.47
G,INDUS INFRA TRUST,       117.00,       115.30,1.47
G,AION-TECH SOLUTIONS LTD,        50.97,        50.23,1.47
G,INDIAN PHOSPHATE LIMITED,        65.45,        64.50,1.47
G,DCW LTD,        58.32,        57.48,1.46
G,SMARTEN POWER SYSTEMS LTD,        76.60,        75.50,1.46
G,EFFWA INFRA & RESEARCH L,       226.35,       223.10,1.46
G,A B INFRABUILD LIMITED,        18.14,        17.88,1.45
G,VENKY S (INDIA) LIMITED,      1487.40,      1466.10,1.45
G,PALASH SECURITIES LTD,       107.54,       106.00,1.45
G,PRABHA ENERGY LIMITED,       189.33,       186.62,1.45
G,NDTV LTD,        98.51,        97.10,1.45
G,HIMADRI SPECIALITY CHEM L,       489.25,       482.25,1.45
G,CORONA REMEDIES LIMITED,      1385.10,      1365.40,1.44
G,MODERN THREADS INDIA LTD,        43.99,        43.37,1.43
G,PRECOT LIMITED,       408.95,       403.20,1.43
G,EDELAMC - EBANKNIFTY,        60.04,        59.20,1.42
G,ESAF SMALL FINANCE BANK L,        26.45,        26.08,1.42
G,ALL E TECHNOLOGIES LTD,       214.70,       211.70,1.42
G,FACT LTD,       912.70,       899.95,1.42
G,EMMVEE PHOTOVOLTAIC PWR L,       185.22,       182.64,1.41
G,ORBIT EXPORTS LIMITED,       192.81,       190.14,1.40
G,EMA PARTNERS INDIA LTD,        97.85,        96.50,1.40
G,MASON INFRATECH LIMITED,       196.00,       193.30,1.40
G,8.92% SEC RED BOND S3B,      1315.00,      1297.02,1.39
G,ECOLINE EXIM LIMITED,       131.75,       129.95,1.39
G,IIFL 10.25% TR I SR IX,      1074.61,      1060.00,1.38
G,PATE 10.25% 2028,    100870.41,     99500.00,1.38
G,DENTA WATER N INFRA SOL L,       337.10,       332.55,1.37
G,SYRMA SGS TECHNOLOGY LTD,       722.70,       712.95,1.37
G,ADITYA ULTRA STEEL LTD,        26.00,        25.65,1.36
G,AJANTA PHARMA LIMITED,      2726.90,      2690.20,1.36
G,AMBICA AGAR & AROMAINDLTD,        25.28,        24.94,1.36
G,LUMAX AUTO TECH LTD,      1520.00,      1499.70,1.35
G,NIPPONAMC - NETFAUTO,       286.54,       282.72,1.35
G,JEYYAM GLOBAL FOODS LTD,        60.15,        59.35,1.35
G,GLOSTER LIMITED,       658.80,       650.15,1.33
G,ARVIND LIMITED,       312.85,       308.75,1.33
G,GOI LOAN  6.99% 2051,        98.00,        96.72,1.32
G,BANSWARA SYNTEX LIMITED,       115.79,       114.29,1.31
G,CENTRAL BANK OF INDIA,        37.06,        36.58,1.31
G,SAVITA OIL TECHNOLO. LTD,       386.00,       381.05,1.30
G,DABUR INDIA LTD,       495.65,       489.30,1.30
G,PNB HOUSING FIN LTD.,       944.90,       932.80,1.30
G,UDAYSHIVAKUMAR INFRA LTD,        23.43,        23.13,1.30
G,BHARAT SEATS LIMITED,       171.95,       169.75,1.30
G,8.50% TAX FREE TR I S IIA,      1164.90,      1150.00,1.30
G,KN AGRI RESOURCES LIMITED,       203.60,       201.00,1.29
G,KOTHARI PRODUCTS LTD,        74.48,        73.53,1.29
G,NAGA DHUNSERI GROUP LTD,      2839.60,      2803.40,1.29
G,RAMA PHOSPHATES LIMITED,       163.69,       161.61,1.29
G,SAHYADRI INDUSTRIES LTD,       255.95,       252.70,1.29
G,TD POWER SYSTEMS LTD.,       702.75,       693.90,1.28
G,DANISH POWER LIMITED,       653.15,       644.95,1.27
G,OMFURN INDIA LIMITED,        83.80,        82.75,1.27
G,OIL INDIA LTD,       411.45,       406.30,1.27
G,NET AVENUE TECHNOLOGIES L,         4.00,         3.95,1.27
G,BLACKBUCK LIMITED,       668.25,       659.90,1.27
G,PHOENIX OVERSEAS LIMITED,        20.05,        19.80,1.26
G,SMS PHARMACEUTICALS LTD.,       313.90,       310.00,1.26
G,R M DRIP & SPRINK SYS LTD,        82.26,        81.24,1.26
G,ELLENBARRIE INDUS GASES L,       343.40,       339.15,1.25
G,SHREYANS INDUSTRIES LTD,       175.52,       173.35,1.25
G,SHEKHAWATI INDUSTRIES LTD,        19.42,        19.18,1.25
G,JASH ENGINEERING LIMITED,       435.30,       429.95,1.24
G,SESHAASAI TECHNOLOGIES L,       273.15,       269.80,1.24
G,SPECIALITY REST LTD,       109.77,       108.43,1.24
G,GOI LOAN  6.01% 2030,       101.00,        99.77,1.23
G,IRB INFRA DEV LTD.,        42.13,        41.62,1.23
G,SANGINITA CHEMICALS LTD,         9.92,         9.80,1.22
G,STAR PAPER MILLS LTD,       164.61,       162.62,1.22
G,GOI LOAN 7.62% 2039,       106.90,       105.61,1.22
G,AFCONS INFRASTRUCTURE LTD,       390.20,       385.50,1.22
G,BHEL,       282.80,       279.40,1.22
G,HERITAGE FOODS LTD,       451.10,       445.70,1.21
G,ORISSA MIN DEV CO LTD,      5043.80,      4983.50,1.21
G,HAPPY FORGINGS LIMITED,      1123.10,      1109.70,1.21
G,PRAXIS HOME RETAIL LTD,         9.26,         9.15,1.20
G,ICICIPRAMC - ICICIAUTO,        28.63,        28.29,1.20
G,GOCL CORPORATION LIMITED,       290.80,       287.35,1.20
G,GEM AROMATICS LIMITED,       167.48,       165.50,1.20
G,USHA MARTIN EDU & SOL LTD,         5.08,         5.02,1.20
G,J & K BANK LTD.,        99.26,        98.09,1.19
G,VCCL12% 2029,     99980.00,     98802.51,1.19
G,VINTAGE COFFEE N BVRGS L,       154.97,       153.15,1.19
G,SYMPHONY LIMITED,       863.35,       853.25,1.18
G,SEC RE NCGB 8.25% STRPP A,       257.00,       254.00,1.18
G,AJAX ENGINEERING LIMITED,       592.10,       585.20,1.18
G,VALIANT ORGANICS LIMITED,       271.60,       268.45,1.17
G,BOMBAY SUPER HYBRID SEEDS,       105.67,       104.45,1.17
G,SETCO AUTOMOTIVE LTD,        15.63,        15.45,1.17
G,HOAC FOODS INDIA LIMITED,       349.00,       345.00,1.16
G,ROUTE MOBILE LIMITED,       702.15,       694.15,1.15
G,VARDHMAN POLYTEX LTD.,         6.15,         6.08,1.15
G,BALKRISHNA PAPER MILLS L,        18.52,        18.31,1.15
G,AVANTI FEEDS LIMITED,       831.15,       821.80,1.14
G,GHCL TEXTILES LIMITED,        72.02,        71.21,1.14
G,GALAXY MEDICARE LIMITED,        22.25,        22.00,1.14
G,ATAM VALVES LIMITED,        82.41,        81.49,1.13
G,UCO BANK,        28.83,        28.51,1.12
G,MAHINDRA EPC IRRIG LTD,       127.95,       126.54,1.11
G,DSPAMC - DSPSILVETF,       221.54,       219.10,1.11
G,MISHRA DHATU NIGAM LTD,       354.35,       350.45,1.11
G,HINDUJA GLOBAL SOLS. LTD.,       446.05,       441.15,1.11
G,ROSSELL TECHSYS LIMITED,       635.30,       628.35,1.11
G,RAJPUTANA BIODIESEL LTD,       247.45,       244.75,1.10
G,BALRAMPUR CHINI MILLS LTD,       437.25,       432.50,1.10
G,IWARE SUPPLYCHAIN SER LTD,       207.50,       205.25,1.10
G,GOA CARBON LIMITED,       401.30,       396.95,1.10
G,SESHASAYEE PAPER & BOARDS,       238.50,       235.92,1.09
G,VIJAYA DIAGNOSTIC CEN LTD,      1048.05,      1036.75,1.09
G,SEC RE NCD 8.45% SR 1,      1076.80,      1065.20,1.09
G,LIBERTY SHOES LTD,       274.80,       271.85,1.09
G,WOMANCART LIMITED,       275.30,       272.35,1.08
G,IKIO TECHNOLOGIES LIMITED,       179.45,       177.53,1.08
G,SALZER ELECTRONICS LTD,       687.50,       680.15,1.08
G,2.50%GOLDBONDS2029SR-XI,     14600.00,     14443.97,1.08
G,JSW INFRASTRUCTURE LTD,       286.75,       283.70,1.08
G,OPTIEMUS INFRACOM LTD,       495.65,       490.40,1.07
G,MOTOR & GENERAL FINANCE L,        22.66,        22.42,1.07
G,LINCOLN PHARMA LTD,       477.70,       472.65,1.07
G,GLAND PHARMA LIMITED,      1667.70,      1650.10,1.07
G,HLV LIMITED,         9.48,         9.38,1.07
G,ABANS FINANCIAL SRVCS LTD,       203.72,       201.58,1.06
G,GOI LOAN   6.92% 2039,       100.10,        99.05,1.06
G,BHARAT BIJLEE LTD,      2699.50,      2671.20,1.06
G,KRISHIVAL FOODS LIMITED,       348.80,       345.15,1.06
G,NAVA LIMITED,       559.25,       553.40,1.06
G,DAM CAPITAL ADVISORS LTD,       211.38,       209.17,1.06
G,AWL AGRI BUSINESS LIMITED,       240.00,       237.50,1.05
G,WELSPUN LIVING LIMITED,       132.96,       131.58,1.05
G,DSPAMC - DSPPSBKETF,        84.25,        83.39,1.03
G,INCREDIBLE INDUSTRIES LTD,        40.31,        39.90,1.03
G,ARKADE DEVELOPERS LIMITED,       136.71,       135.32,1.03
G,INDOGULF CROPSCIENCES LTD,        81.70,        80.87,1.03
G,PARIN ENTERPRISES LIMITED,       594.00,       588.00,1.02
G,WHEELS INDIA LTD,       853.80,       845.20,1.02
G,TUNWAL E-MOTORS LIMITED,        34.80,        34.45,1.02
G,ADVANCE AGROLIFE LIMITED,       119.98,       118.78,1.01
G,GOI LOAN  7.18% 2033,       106.00,       104.94,1.01
G,SHAH METACORP LIMITED,         5.00,         4.95,1.01
G,9.01% TAX FREETRII SR3B,      1245.95,      1233.54,1.01
G,TFB 7.62% 2035 SR. 3B,      1194.90,      1183.00,1.01
G,NEOGEN CHEMICALS LIMITED,      1174.90,      1163.20,1.01
G,SHEMAROO ENTER. LTD.,       106.56,       105.50,1.00
G,B.A.G.CONVERGENCE LIMITED,       120.70,       119.50,1.00
G,FAIRCHEM ORGANICS LIMITED,       709.35,       702.30,1.00
G,AIRTEL RS. 1.25 PPD UP,      1682.60,      1665.90,1.00
G,GLENMARK PHARMACEUTICALS,      2029.80,      2009.70,1.00
G,KALYANI INVEST CO LTD,      4903.50,      4855.00,1.00
G,AU SMALL FINANCE BANK LTD,       996.45,       986.65,0.99
G,2.50%GOLDBONDS2032SR-IV,     15652.10,     15498.30,0.99
G,JK TYRE & INDUSTRIES LTD,       504.70,       499.75,0.99
G,ADOR WELDING LTD,      1050.50,      1040.20,0.99
G,DE NEERS TOOLS LIMITED,       158.20,       156.65,0.99
G,SEC RE NCD 9.65% SR I,      1014.48,      1004.60,0.98
G,MARKSANS PHARMA LIMITED,       179.53,       177.79,0.98
G,UFO MOVIEZ INDIA LTD.,        82.75,        81.95,0.98
G,SATTVA ENGINEERING CSTN L,        62.10,        61.50,0.98
G,TATA TELESERV(MAHARASTRA),        49.71,        49.23,0.98
G,PUNJAB & SIND BANK,        26.99,        26.73,0.97
G,LAURUS LABS LIMITED,      1091.90,      1081.40,0.97
G,G M BREWERIES LTD,      1187.90,      1176.50,0.97
G,FIBERWEB INDIA LIMITED,        35.57,        35.23,0.97
G,BANCO PRODUCTS (I) LTD,       686.20,       679.65,0.96
G,HBL ENGINEERING LTD,       933.15,       924.35,0.95
G,RAMKY INFRA LTD,       563.20,       557.90,0.95
G,TEGA INDUSTRIES LIMITED,      1943.20,      1925.00,0.95
G,TIPS MUSIC LIMITED,       536.30,       531.30,0.94
G,MOIL LIMITED,       360.60,       357.25,0.94
G,ALANKIT LIMITED,        10.80,        10.70,0.93
G,BEACON TRUSTEESHIP LTD,        86.75,        85.95,0.93
G,GODAVARI BIOREFINERIES L,       281.11,       278.52,0.93
G,SNEHAA ORGANICS LIMITED,        70.60,        69.95,0.93
G,SEC RE NCD 9.02% SR V,       978.00,       969.00,0.93
G,MAITHAN ALLOYS LTD,      1011.10,      1001.80,0.93
G,NDR AUTO COMPONENTS LTD,       818.65,       811.15,0.92
G,2.50%GOLDBONDS2029SR-V,     14990.00,     14853.06,0.92
G,2.50%GOLDBONDS2030SR-X,     14948.27,     14813.46,0.91
G,2.50%GOLDBONDS2027SR-III,     14783.20,     14650.00,0.91
G,MOTILALAMC - MOVALUE,       114.72,       113.69,0.91
G,ASIAN HOTELS (EAST) LTD,       135.96,       134.74,0.91
G,SONU INFRATECH LIMITED,        72.50,        71.85,0.90
G,SPL INDUSTRIES LIMITED,        33.51,        33.21,0.90
G,GOI LOAN 7.27% 2026,       102.10,       101.20,0.89
G,SUNDARAM CLAYTON LIMITED,      1226.00,      1215.20,0.89
G,FROG INNOVATIONS LIMITED,       159.00,       157.60,0.89
G,DHUNSERI VENTURES LIMITED,       284.45,       281.95,0.89
G,VITAL CHEMTECH LIMITED,        57.00,        56.50,0.88
G,DIC INDIA LIMITED,       478.90,       474.70,0.88
G,DHARIWALCORP LIMITED,       354.10,       351.00,0.88
G,GMR AIRPORTS LIMITED,       102.86,       101.96,0.88
G,LEMON TREE HOTELS LTD,       161.72,       160.31,0.88
G,SURYA ROSHNI LTD,       270.95,       268.60,0.87
G,DYNAMIC CABLES LIMITED,       334.70,       331.80,0.87
G,MARINE ELECTRICAL (I) LTD,       211.98,       210.15,0.87
G,SATIN CREDIT NET LTD,       143.68,       142.44,0.87
G,THYROCARE TECH LTD,       452.85,       448.95,0.87
G,DIFFUSION ENGINEERS LTD,       336.95,       334.05,0.87
G,XPRO INDIA LIMITED,       950.00,       942.00,0.85
G,BIOFIL CHEM & PHARMA LTD,        33.49,        33.21,0.84
G,SUVIDHAA INFOSERVE LTD,         3.59,         3.56,0.84
G,SHRI TECHTEX LIMITED,        60.00,        59.50,0.84
G,SEC RE NCD 9.90% SR VII,      1068.90,      1060.00,0.84
G,NILA INFRASTRUCTURES LTD,         9.62,         9.54,0.84
G,JYOTI CNC AUTOMATION LTD,       986.20,       978.00,0.84
G,ADITYA BIRLA LIFES BRAN L,       123.98,       122.95,0.84
G,ABS MARINE SERVICES LTD,       192.90,       191.30,0.84
G,VODAFONE IDEA LIMITED,        12.06,        11.96,0.84
G,TASTY BITE EATABLES LTD,      7849.50,      7784.50,0.83
G,RAYMOND LTD,       417.20,       413.75,0.83
G,NATIONAL FERT. LTD,        90.96,        90.21,0.83
G,AKUMS DRUGS AND PHARMA L,       450.85,       447.15,0.83
G,VRL LOGISTICS LIMITED,       268.25,       266.05,0.83
G,GLOBE CIVIL PROJECTS LTD,        59.80,        59.31,0.83
G,OLECTRA GREENTECH LIMITED,      1208.60,      1198.70,0.83
G,AXISAMC - AXISBNKETF,       609.30,       604.32,0.82
G,GRAVITA INDIA LIMITED,      1866.60,      1851.50,0.82
G,2.50%GOLDBONDS2031SR-IV,     15149.99,     15027.87,0.81
G,PANAMA PETROCHEM LTD,       286.05,       283.75,0.81
G,KALYANI STEELS LIMITED,       740.60,       734.65,0.81
G,AEGIS VOPAK TERMINALS LTD,       249.50,       247.50,0.81
G,GUJ STATE FERT & CHEM LTD,       181.16,       179.71,0.81
G,AARVI ENCON LIMITED,       130.03,       128.99,0.81
G,APCOTEX INDUSTRIES LIMITE,       369.45,       366.50,0.80
G,INSECTICIDES (I) LTD,       708.00,       702.35,0.80
G,MIRC ELECTRONICS LTD,        27.83,        27.61,0.80
G,AFFLE 3I LIMITED,      1772.80,      1758.80,0.80
G,MAXPOSURE LIMITED,        44.95,        44.60,0.78
G,PATANJALI FOODS LIMITED,       546.30,       542.05,0.78
G,ANLON HEALTHCARE LIMITED,       145.30,       144.17,0.78
G,UNSEC RE NCD 10% SR.I,      1027.99,      1020.01,0.78
G,VILAS TRANSCORE LIMITED,       393.35,       390.30,0.78
G,INDO TECH TRANSFORM LTD.,      1556.00,      1544.00,0.78
G,SANDESH LTD,      1067.70,      1059.50,0.77
G,MODI NATURALS LIMITED,       364.60,       361.80,0.77
G,CAMPUS ACTIVEWEAR LIMITED,       260.65,       258.65,0.77
G,LEXUS GRANITO (INDIA) LTD,        26.09,        25.89,0.77
G,LE MERITE EXPORTS LIMITED,       477.65,       474.00,0.77
G,PRAMARA PROMOTIONS LTD,       349.70,       347.05,0.76
G,KSHITIJ POLYLINE LIMITED,         2.64,         2.62,0.76
G,EPACK DURABLE LIMITED,       277.55,       275.45,0.76
G,JYOTI STRUCTURES LTD,         9.26,         9.19,0.76
G,AKASH INFRA-PROJECTS LTD,        25.20,        25.01,0.76
G,INDEF MANUFACTURING LTD,       338.70,       336.15,0.76
G,VASA DENTICITY LIMITED,       576.20,       571.90,0.75
G,GLOBALE TESSILE LIMITED,        12.08,        11.99,0.75
G,AXISAMC - AXISVALUE,        31.13,        30.90,0.74
G,UMIYA BUILDCON LIMITED,        88.05,        87.40,0.74
G,DIGIDRIVE DISTRIBUTORS L,        25.75,        25.56,0.74
G,HEIDELBERGCEMENT (I) LTD,       173.61,       172.33,0.74
G,TRANSPORT CORPN OF INDIA,      1077.50,      1069.60,0.74
G,GOI TBILL 364D-10/12/26,        95.51,        94.81,0.74
G,KRISHANA PHOSCHEM LIMITED,       539.20,       535.25,0.74
G,ADITYA BIRLA CAPITAL LTD.,       349.30,       346.75,0.74
G,EIMCO ELECON (INDIA) LTD,      1551.80,      1540.50,0.73
G,SEC RE NCD 8.20% SR.V,      1069.99,      1062.20,0.73
G,MASTER TRUST LIMITED,       118.36,       117.50,0.73
G,KSOLVES INDIA LIMITED,       282.40,       280.35,0.73
G,ORKLA INDIA LIMITED,       628.65,       624.10,0.73
G,GRP LIMITED,      1700.40,      1688.10,0.73
G,VINDHYA TELELINKS LTD,      1398.50,      1388.40,0.73
G,SHRIRAM PIST. & RING LTD,      3159.00,      3136.60,0.71
G,WINDLAS BIOTECH LIMITED,       776.65,       771.15,0.71
G,SINCLAIRS HOTELS LIMITED,        83.69,        83.10,0.71
G,AJOONI BIOTECH LIMITED,         4.26,         4.23,0.71
G,GANESH BENZOPLAST LIMITED,        81.11,        80.54,0.71
G,AVADH SUG & ENERGY LTD,       370.20,       367.60,0.71
G,DCB BANK LIMITED,       171.06,       169.86,0.71
G,VASCON ENGINEERS LTD,        44.69,        44.38,0.70
G,IMAGICAAWORLD ENT LTD,        44.90,        44.59,0.70
G,NIP IND ETF BANK BEES,       611.56,       607.35,0.69
G,BRAND CONCEPTS LIMITED,       349.20,       346.80,0.69
G,KOLTE PATIL DEV. LTD.,       393.45,       390.75,0.69
G,SPIC LTD,        81.65,        81.09,0.69
G,NIP IND ETF HANGSENG BEES,       497.47,       494.08,0.69
G,ARO GRANITE IND. LTD.,        30.88,        30.67,0.68
G,2.50%GOLDBONDS2027SR-VII,     14628.49,     14529.15,0.68
G,EVEREST INDUSTRIES LTD,       525.40,       521.85,0.68
G,2.50%GOLDBONDS2027SR-VI,     14799.80,     14700.00,0.68
G,M K PROTEINS LIMITED,         5.94,         5.90,0.68
G,SEC RED NCD 9.57% SR. V,       995.00,       988.30,0.68
G,V R INFRASPACE LIMITED,       156.05,       155.00,0.68
G,DIVINE POWER ENERGY LTD,       268.00,       266.20,0.68
G,SMARTWORKS COWORKING SP L,       476.90,       473.70,0.68
G,MOS UTILITY LIMITED,        22.45,        22.30,0.67
G,BARFLEX POLYFILMS LIMITED,        75.50,        75.00,0.67
G,SEC RED NCD 9.03% SR. II,      1064.00,      1056.99,0.66
G,SHRIRAM PROPERTIES LTD,        85.06,        84.50,0.66
G,HDFCAMC - HDFCGROWTH,       129.59,       128.74,0.66
G,KAMDHENU VENTURES LIMITED,         6.12,         6.08,0.66
G,GUJARAT FLUOROCHEM LTD,      3678.10,      3654.30,0.65
G,INNOVANA THINKLABS LTD,       409.85,       407.20,0.65
G,JAY BHARAT MARUTI LTD,        91.27,        90.68,0.65
G,TATA COMMUNICATIONS LTD,      1811.70,      1800.00,0.65
G,IZMO LIMITED,       813.50,       808.25,0.65
G,COSMO FIRST LIMITED,       678.35,       674.00,0.65
G,REXPRO ENTERPRISES LTD,        62.50,        62.10,0.64
G,AIRO LAM LIMITED,       101.65,       101.00,0.64
G,VAIBHAV GLOBAL LIMITED,       233.48,       231.99,0.64
G,NDL VENTURES LIMITED,        87.92,        87.36,0.64
G,ARVIND SMARTSPACES LTD,       605.70,       601.85,0.64
G,TAMILNAD MERCA BANK LTD,       512.00,       508.75,0.64
G,MASTER COMPONENTS LIMITED,       323.05,       321.00,0.64
G,ICICIPRAMC - TOP15IETF,        11.05,        10.98,0.64
G,MOLD-TEK PACKAGING LTD,       608.50,       604.65,0.64
G,MENON BEARINGS LIMITED,       106.78,       106.11,0.63
G,ICICIPRAMC - IPRU5008,        60.58,        60.20,0.63
G,N R AGARWAL INDS LTD,       470.45,       467.50,0.63
G,INDIA TOUR. DEV. CO. LTD.,       579.50,       575.90,0.63
G,CLEAR SECURED SERVICES L,       120.80,       120.05,0.62
G,EMAMI REALTY LIMITED,        80.54,        80.04,0.62
G,SHEETAL UNIVERSAL LIMITED,       161.50,       160.50,0.62
G,SUN PHARMA ADV.RES.CO.LTD,       134.45,       133.62,0.62
G,AATMAJ HEALTHCARE LIMITED,        24.40,        24.25,0.62
G,STEEL STRIPS WHEELS LTD.,       190.58,       189.41,0.62
G,IFGL REFRACTORIES LIMITED,       202.46,       201.22,0.62
G,BHARAT FORGE LTD,      1454.60,      1445.70,0.62
G,LAXMI GOLDORNA HOUSE LTD,       295.75,       293.95,0.61
G,UNS RED NCD 9.15% SR.IX,      1006.00,       999.90,0.61
G,8.91% TAX FREE NCD,      1320.00,      1312.00,0.61
G,HDFCAMC - HDFCMOMENT,        31.42,        31.23,0.61
G,MAS FINANCIAL SERV LTD,       314.45,       312.55,0.61
G,NITIN SPINNERS LIMITED,       315.50,       313.60,0.61
G,AARON INDUSTRIES LIMITED,       170.15,       169.13,0.60
G,UNSECURED NCD,      2278.64,      2265.00,0.60
G,OSWAL AGRO MILLS LTD,        57.12,        56.78,0.60
G,INDO US BIOTECH LTD,       122.67,       121.94,0.60
G,SANDHAR TECHNOLOGIES LTD,       550.30,       547.05,0.59
G,GANDHAR OIL REFINE IND L,       148.17,       147.30,0.59
G,VIKRAN ENGINEERING LTD,       103.89,       103.28,0.59
G,AADHAR HOUSING FINANCE L,       479.95,       477.15,0.59
G,STEEL CITY SECURITIES LTD,        90.97,        90.44,0.59
G,PETRO CARBON AND CHEMI L,       206.40,       205.20,0.58
G,NATIONAL HIGHW INFRA TRUS,       148.00,       147.14,0.58
G,SBI-ETF NIFTY BANK,       606.15,       602.63,0.58
G,VST TILLERS TRACTORS LTD,      6073.00,      6038.00,0.58
G,MODISON LIMITED,       156.80,       155.91,0.57
G,VENUS PIPES & TUBES LTD,      1146.60,      1140.10,0.57
G,ICICIPRAMC - ICICIMOM30,        31.77,        31.59,0.57
G,ROYAL ORCHID HOTELS LTD,       415.85,       413.50,0.57
G,TEAMLEASE SERVICES LTD.,      1571.30,      1562.50,0.56
G,HUHTAMAKI INDIA LIMITED,       207.31,       206.15,0.56
G,SUNDARAM MULTI PAP LTD,         1.79,         1.78,0.56
G,GROWWAMC - GROWWLOVOL,        10.75,        10.69,0.56
G,ICICI PRU LIFE INS CO LTD,       654.85,       651.20,0.56
G,AGI GREENPAC LIMITED,       731.75,       727.70,0.56
G,AERON COMPOSITE LIMITED,        99.60,        99.05,0.56
G,BOROSIL RENEWABLES LTD,       534.75,       531.80,0.55
G,DODLA DAIRY LIMITED,      1232.70,      1225.90,0.55
G,DE NORA INDIA LIMITED,       680.40,       676.65,0.55
G,HEADS UP VENTURES LIMITED,         9.09,         9.04,0.55
G,BIRLASLAMC - ABSLBANETF,        60.44,        60.11,0.55
G,ICICIPRAMC - VAL30IETF,        14.69,        14.61,0.55
G,VISHNU PRAKASH R PUNGLI L,        55.31,        55.01,0.55
G,CHEMBOND CHEMICAL LIMITED,       152.82,       152.00,0.54
G,PRITIKA AUTO INDUS LTD,        13.11,        13.04,0.54
G,HPL ELECTRIC & POWER LTD,       403.25,       401.10,0.54
G,MIRAEAMC - MASILVER,       222.37,       221.19,0.53
G,AVT NATURAL PRODUCTS LTD,        66.04,        65.69,0.53
G,GOI TBILL 364D-12/03/26,        98.52,        98.00,0.53
G,ICICIPRAMC - ICICICOMMO,        94.95,        94.45,0.53
G,SUPREME PETROCHEM LIMITED,       641.90,       638.55,0.52
G,ROSSARI BIOTECH LIMITED,       575.05,       572.05,0.52
G,JAYKAY ENTERPRISES LTD,       195.56,       194.54,0.52
G,URBAN ENVIRO WASTE MGMT L,       154.00,       153.20,0.52
G,CELLECOR GADGETS LIMITED,        28.95,        28.80,0.52
G,KRYSTAL INTEGRATED SER L,       515.05,       512.40,0.52
G,VARDHMAN HOLDINGS LIMITED,      3558.50,      3540.20,0.52
G,HINDUSTAN OIL EXPLORATION,       154.00,       153.21,0.52
G,HDFCAMC - HDFCNIFBAN,        60.66,        60.35,0.51
G,UNIVASTU INDIA LIMITED,        68.83,        68.48,0.51
G,CIE AUTOMOTIVE INDIA LTD,       389.30,       387.35,0.50
G,NCL INDUSTRIES LIMITED,       198.74,       197.75,0.50
G,VETO SWITCHGEAR CABLE LTD,       112.80,       112.24,0.50
G,MAHANAGAR TELEPHONE NIGAM,        36.33,        36.15,0.50
G,SBC EXPORTS LIMITED,        28.33,        28.19,0.50
G,KILITCH DRUGS INDIA LTD,       344.95,       343.25,0.50
G,SHREE VASU LOGISTICS LTD,       684.05,       680.75,0.48
G,KOTAKMAMC-KOTAKBKETF,       611.14,       608.20,0.48
G,GUJARAT STATE PETRO LTD,       294.45,       293.05,0.48
G,MACOBS TECHNOLOGIES LTD,       211.00,       210.00,0.48
G,UNIPHOS ENTERPRISES LTD,       142.40,       141.73,0.47
G,DSPAMC - NEXT30ADD,        40.53,        40.34,0.47
G,NETWEB TECH INDIA LTD,      3093.30,      3078.80,0.47
G,MADRAS FERTILISERS LTD,        79.47,        79.10,0.47
G,2.50%GOLDBONDS2029SR-VIII,     14601.82,     14533.84,0.47
G,HINDUSTAN MEDIA VENT LTD,        68.84,        68.52,0.47
G,PETRONET LNG LIMITED,       279.75,       278.45,0.47
G,SEC RE NCD 8.75% SR.III,      1077.00,      1072.00,0.47
G,WAAREE RENEWABLE TECH LTD,       948.60,       944.20,0.47
G,BIRLASLAMC - BSLSENETFG,        85.05,        84.66,0.46
G,LAKSHMI FIN IND CORP LTD,       172.78,       171.99,0.46
G,PICTUREPOST STUDIOS LTD,        10.95,        10.90,0.46
G,ICICIPRAMC - BHARATIWIN,       116.87,       116.34,0.46
G,ASHOKA METCAST LIMITED,        15.59,        15.52,0.45
G,Z-TECH (INDIA) LIMITED,       668.15,       665.15,0.45
G,GUJARAT GAS LIMITED,       391.45,       389.70,0.45
G,2.50%GOLDBONDS2029SR-IV,     14590.42,     14525.21,0.45
G,SLONE INFOSYSTEMS LIMITED,       283.40,       282.15,0.44
G,LANDMARK CARS LIMITED,       466.05,       464.00,0.44
G,THE BYKE HOSPITALITY LTD,        50.04,        49.82,0.44
G,GOI LOAN  7.04% 2029,       102.55,       102.10,0.44
G,MOTILALAMC - MOPSE,        98.48,        98.05,0.44
G,SUPRIYA LIFESCIENCE LTD,       732.90,       729.70,0.44
G,SUBROS LIMITED,       847.65,       843.95,0.44
G,ZF COM VE CTR SYS IND LTD,     14826.00,     14762.00,0.43
G,SURAKSHA DIAGNOSTIC LTD,       266.75,       265.60,0.43
G,FORGE AUTO INTERNATION L,       116.00,       115.50,0.43
G,OSWAL GREENTECH LIMITED,        32.79,        32.65,0.43
G,7.64% TAX FREETRI SR2B,      1169.00,      1164.01,0.43
G,MATRIMONY.COM LIMITED,       529.20,       526.95,0.43
G,GLOBE INTL CARRIERS LTD,        47.35,        47.15,0.42
G,RESTAURANT BRAND ASIA LTD,        64.27,        64.00,0.42
G,D.B.CORP LTD,       262.10,       261.00,0.42
G,E2E NETWORKS LIMITED,      1963.40,      1955.20,0.42
G,DSPAMC - DSPPVBKETF,        28.76,        28.64,0.42
G,ALL TIME PLASTICS LIMITED,       263.70,       262.60,0.42
G,GOKUL REFOILS & SOLV LTD,        38.41,        38.25,0.42
G,AARTECH SOLONICS LIMITED,        48.04,        47.84,0.42
G,BEW ENGINEERING LIMITED,       120.45,       119.95,0.42
G,CHEVIOT COMPANY LIMITED,      1087.30,      1082.80,0.42
G,INVENTURUS KNOWLEDGE SO L,      1668.60,      1661.70,0.42
G,ZOTA HEALTH CARE LIMITED,      1525.10,      1518.80,0.41
G,GOI LOAN  6.99% 2026,       101.80,       101.38,0.41
G,SAKSOFT LIMITED,       196.58,       195.77,0.41
G,STARTECK FINANCE LIMITED,       291.95,       290.75,0.41
G,VINYAS INNOVATIVE TECH L,      1117.20,      1112.65,0.41
G,HEC INFRA PROJECTS LTD,       120.51,       120.02,0.41
G,GOI LOAN  7.34% 2064,       101.01,       100.60,0.41
G,SEC RE NCD 8.65% SR.V,       988.00,       984.00,0.41
G,GTPL HATHWAY LIMITED,        98.82,        98.42,0.41
G,JSW HOLDINGS LIMITED,     19800.00,     19720.00,0.41
G,INDIAN HUME PIPE CO. LTD.,       408.60,       406.95,0.41
G,SEC RED NCD SR. VII,      2427.80,      2418.00,0.41
G,CROWN LIFTERS LIMITED,       131.70,       131.17,0.40
G,DPSC LIMITED,         9.97,         9.93,0.40
G,RUCHIRA PAPERS LIMITED,       120.26,       119.78,0.40
G,LYKA LABS LTD,        75.21,        74.91,0.40
G,ACC LIMITED,      1732.10,      1725.20,0.40
G,TENNECO CLEAN AIR INDIA L,       503.00,       501.00,0.40
G,8.76% TAX FREETRI SR2B,      1107.00,      1102.65,0.39
G,SKY GOLD AND DIAMONDS LTD,       331.50,       330.20,0.39
G,ELECTROTHERM (I) LTD.,       885.00,       881.55,0.39
G,QMS MEDICAL ALLIED S LTD,        90.00,        89.65,0.39
G,KEYSTONE REALTORS LIMITED,       528.80,       526.75,0.39
G,ACCELYA SOLN INDIA LTD,      1315.60,      1310.50,0.39
G,UGRO CAPITAL LIMITED,       180.79,       180.09,0.39
G,ICICIPRAMC - EVIETF,        31.31,        31.19,0.38
G,UNSE RE NCD 9.6% SR.II,       998.94,       995.12,0.38
G,DSPAMC - DSPBANK,        60.29,        60.06,0.38
G,AXISAMC - AXISNIFTY,       285.91,       284.83,0.38
G,NHB 8.93 NCD TR II SR 2 B,      5823.00,      5801.25,0.37
G,H.G.INFRA ENGINEERING LTD,       763.15,       760.30,0.37
G,SEC RE NCD 9% SR.V,      1048.90,      1045.00,0.37
G,NEPTUNE PETROCHEMICALS L,       202.35,       201.60,0.37
G,CAMLIN FINE SCIENCES LTD,       149.23,       148.68,0.37
G,IL&FS INVESTMENT MANAGERS,         8.18,         8.15,0.37
G,V-GUARD IND LTD.,       328.65,       327.45,0.37
G,PRANIK LOGISTICS LIMITED,        55.50,        55.30,0.36
G,DRC SYSTEMS INDIA LIMITED,        16.86,        16.80,0.36
G,VIP CLOTHING LIMITED,        30.93,        30.82,0.36
G,UNO MINDA LIMITED,      1273.30,      1268.80,0.35
G,SWARAJ SUITING LIMITED,       242.00,       241.15,0.35
G,GOI LOAN  5.63% 2026,       101.15,       100.80,0.35
G,BAL PHARMA LTD.,        72.44,        72.19,0.35
G,CONCORD BIOTECH LIMITED,      1340.80,      1336.20,0.34
G,AUSTRALIAN PREM SOLAR I L,       365.25,       364.00,0.34
G,IDFC FIRST BANK LIMITED,        84.83,        84.54,0.34
G,ORCHID PHARMA LIMITED,       752.40,       749.85,0.34
G,SARDA ENERGY & MIN LTD,       516.70,       514.95,0.34
G,2.50%GOLDBONDS2028SR-V,     14574.99,     14525.73,0.34
G,KARNIKA INDUSTRIES LTD,       118.50,       118.10,0.34
G,RAMCO INDUSTRIES LIMITED,       311.20,       310.15,0.34
G,MIRAEAMC - BANKETF,       599.75,       597.73,0.34
G,MMP INDUSTRIES LIMITED,       254.10,       253.25,0.34
G,MPS LIMITED,      2004.40,      1997.70,0.34
G,BFAM - BANKBETF,        59.85,        59.65,0.34
G,MOTILAL OS NASDAQ100 ETF,       231.24,       230.47,0.33
G,STERLING TOOLS LIMITED,       272.10,       271.20,0.33
G,ANAND RATHI WEALTH LTD,      3091.90,      3081.70,0.33
G,CERA SANITARYWARE LTD,      5158.00,      5141.00,0.33
G,ZEAL GLOBAL SERVICES LTD,        91.80,        91.50,0.33
G,LOKESH MACHINES LTD,       162.21,       161.68,0.33
G,COUNTRY CLUB HOSP HOL LTD,        15.49,        15.44,0.32
G,DELTA MANUFACTURING LTD,        68.22,        68.00,0.32
G,GANDHI SPL. TUBES LTD,       762.10,       759.65,0.32
G,GO DIGIT GENERAL INS LTD,       344.05,       342.95,0.32
G,LAXMI INDIA FINANCE LTD,       122.36,       121.97,0.32
G,NAVNEET EDUCATION LTD,       144.79,       144.33,0.32
G,SHYAM TELECOM LIMITED,        12.64,        12.60,0.32
G,MOTILALAMC - MOMOMENTUM,        63.20,        63.00,0.32
G,BRAINBEES SOLUTIONS LTD,       286.05,       285.15,0.32
G,HDFCAMC - HDFCNEXT50,        69.95,        69.73,0.32
G,TCI EXPRESS LIMITED,       575.05,       573.25,0.31
G,JINDAL PHOTO LIMITED,      1506.20,      1501.50,0.31
G,UTIAMC-BANKBETA,        60.89,        60.70,0.31
G,HDFCAMC - HDFCPVTBAN,        28.93,        28.84,0.31
G,8.91%S-R-NCD SERIES 3B,      1230.00,      1226.20,0.31
G,CESC LTD,       165.18,       164.67,0.31
G,DSPAMC - DSPNIFTY,       272.08,       271.24,0.31
G,DOMS INDUSTRIES LIMITED,      2539.90,      2532.10,0.31
G,8.12/8.32% TAX FREE NCD,      1073.50,      1070.21,0.31
G,MIRAEAMC - DIVIDEND,        36.02,        35.91,0.31
G,SADHAV SHIPPING LIMITED,        98.50,        98.20,0.31
G,GUJARAT ALKALIES & CHEM,       494.70,       493.20,0.30
G,LOYAL TEXTILE MILLS LTD,       215.11,       214.46,0.30
G,SANGHI INDUSTRIES LTD,        63.82,        63.63,0.30
G,GOI TBILL 182D-18/06/26,        97.50,        97.21,0.30
G,UFLEX LIMITED,       489.35,       487.90,0.30
G,SAMBHV STEEL TUBES LTD,        95.09,        94.81,0.30
G,SEC RE NCD 8.97% SR V,      1020.00,      1017.00,0.29
G,ORIENT ELECTRIC LIMITED,       176.93,       176.41,0.29
G,TAX FREE 7.69% SR. IIB,      1115.00,      1111.73,0.29
G,SONA BLW PRECISION FRGS L,       478.80,       477.40,0.29
G,INDO RAMA SYNTHETICS LTD,        47.98,        47.84,0.29
G,AEL 0% 2028 SR V,      1033.00,      1030.00,0.29
G,NIP IND ETF DIV OPP,        83.03,        82.79,0.29
G,UJJIVAN SMALL FINANC BANK,        51.91,        51.76,0.29
G,MOTILAL OSWAL M50 ETF,       270.18,       269.40,0.29
G,ANIK INDUSTRIES LTD,        52.33,        52.18,0.29
G,JTEKT INDIA LIMITED,       139.72,       139.32,0.29
G,SEC RE NCD SR.VI,      1290.00,      1286.31,0.29
G,SEC RE NCD 9.56% SR VI,      1058.00,      1055.00,0.28
G,SEC RE NCD 10.50% SR.IV,      1003.83,      1001.00,0.28
G,HIGHWAY INFRASTRUCTURE L,        56.77,        56.61,0.28
G,ICICIPRAMC - ICICIBANKP,        28.61,        28.53,0.28
G,DONEAR IND. LIMITED,        93.11,        92.85,0.28
G,FLAIR WRITING INDUST LTD,       305.20,       304.35,0.28
G,SANGHVI MOVERS LTD,       343.90,       342.95,0.28
G,ORIENT PRESS LIMITED,        76.39,        76.18,0.28
G,BOSCH HOME COMFRT IND LTD,      1428.40,      1424.50,0.27
G,CREST VENTURES LIMITED,       385.45,       384.40,0.27
G,SAFE ENTER RETAIL FIX LTD,       257.00,       256.30,0.27
G,HDFCAMC - HDFCSENSEX,        95.56,        95.30,0.27
G,TAX FREE  7.53% SR. 103 A,      1099.00,      1096.01,0.27
G,SADBHAV INFRA PROJ LTD.,         3.70,         3.69,0.27
G,MUTHOOT MICROFIN LIMITED,       170.54,       170.08,0.27
G,VARVEE GLOBAL LIMITED,       146.18,       145.79,0.27
G,DC INFOTECH AND COMUN LTD,       243.75,       243.10,0.27
G,ALIVUS LIFE SCIENCES LTD,       901.25,       898.85,0.27
G,SANGANI HOSPITALS LIMITED,        57.00,        56.85,0.26
G,MANGALAM CEMENT LTD,       763.40,       761.40,0.26
G,MUSIC BROADCAST LIMITED,       117.85,       117.55,0.26
G,SHRINGAR HOU OF MANGALS L,       220.45,       219.89,0.25
G,ATUL AUTO LIMITED,       434.00,       432.90,0.25
G,VCCL 11.8% 2027 SR B,     99800.00,     99547.40,0.25
G,KIRI INDUSTRIES LIMITED,       613.30,       611.75,0.25
G,ODIGMA CONSULTANCY SOL L,        31.80,        31.72,0.25
G,AAREY DRUGS & PHARM LTD,        68.00,        67.83,0.25
G,PARAGON FINE S.C. LTD.,        40.30,        40.20,0.25
G,ACUTAAS CHEMICALS LIMITED,      1656.00,      1651.90,0.25
G,3P LAND HOLDINGS LIMITED,        36.62,        36.53,0.25
G,MAWANA SUGARS LIMITED,        89.61,        89.39,0.25
G,LG BALAKRISHNAN & BROS,      1796.30,      1791.90,0.25
G,UTIAMC-NEXT50BETA,        73.78,        73.60,0.24
G,SEC RED NCD 10% SR. VI,      1033.02,      1030.50,0.24
G,GOI LOAN 8.83% 2041,       123.00,       122.70,0.24
G,SATIA INDUSTRIES LIMITED,        66.00,        65.84,0.24
G,HATHWAY CABLE & DATACOM,        12.39,        12.36,0.24
G,UNSEC RE NCD 9.60% SR.II,       997.95,       995.55,0.24
G,EDELAMC - EMULTIMQ,        41.63,        41.53,0.24
G,T T LIMITED,         8.45,         8.43,0.24
G,ICICIPRAMC - ICICI5GSEC,        63.85,        63.70,0.24
G,KOTAK NIFTY ETF,       285.80,       285.13,0.23
G,DELAPLEX LIMITED,       129.20,       128.90,0.23
G,8.92% TAX FREE NCD,      1236.87,      1234.00,0.23
G,BEARDSELL LIMITED,        30.30,        30.23,0.23
G,FUJIYAMA POWER SYSTEMS L,       215.70,       215.21,0.23
G,NEPHROCARE HEALTH SERV L,       464.60,       463.55,0.23
G,INDUSIND BANK LIMITED,       841.50,       839.60,0.23
G,GOI LOAN  7.24% 2055,       101.97,       101.74,0.23
G,DEN NETWORKS LTD,        31.11,        31.04,0.23
G,CONSO. FIN. & HOLD. LTD.,       169.32,       168.94,0.22
G,MOTILALAMC - G5,        62.92,        62.78,0.22
G,MIRAEAMC - MAMFGETF,       154.27,       153.93,0.22
G,DSPAMC - DSPSENXETF,        86.99,        86.80,0.22
G,AVI ANSH TEXTILE LIMITED,       115.00,       114.75,0.22
G,ICICIPRAMC - ICICICONSU,       125.79,       125.52,0.22
G,ONESOURCE SPECL PHARMA L,      1773.40,      1769.60,0.21
G,MUNJAL SHOWA LTD,       123.47,       123.21,0.21
G,ONWARD TECHNOLOGIES LTD,       285.45,       284.85,0.21
G,MUKKA PROTEINS LIMITED,        23.92,        23.87,0.21
G,EXIM ROUTES LIMITED,       144.50,       144.20,0.21
G,GROWWAMC - GROWWPOWER,         9.70,         9.68,0.21
G,GOI TBILL 182D-21/05/26,        97.45,        97.25,0.21
G,MOTILALAMC - MONEXT50,        68.40,        68.26,0.21
G,GOI LOAN  6.33% 2035,        99.20,        99.00,0.20
G,MOTILALAMC - MOALPHA50,        50.36,        50.26,0.20
G,ZERODHAAMC - NIFTYCASE,        10.33,        10.31,0.19
G,MIRAEAMC - EVINDIA,        31.29,        31.23,0.19
G,GROWWAMC - GROWWNIFTY,        10.44,        10.42,0.19
G,GOI TBILL 91D-29/01/26,        99.36,        99.17,0.19
G,BOND 8.88% PA TF TII-SIIB,      1163.27,      1161.05,0.19
G,BOND 8.30% PA TAX FREE S2,      1053.00,      1051.00,0.19
G,SEC RE NCD 10.90% SR.III,      1074.80,      1072.80,0.19
G,ICICIPRAMC - ICICISILVE,       226.67,       226.25,0.19
G,TEXMO PIPE & PRODUCTS LTD,        48.61,        48.52,0.19
G,MIRAEAMC - SENSEXETF,        86.84,        86.68,0.18
G,AXISAMC - AXSENSEX,        87.47,        87.31,0.18
G,RUSHIL DECOR LIMITED,        22.28,        22.24,0.18
G,IRB INVIT FUND,        61.79,        61.68,0.18
G,8.20 NCD05MAR27 FV 1000,      1099.98,      1098.03,0.18
G,NILKAMAL LIMITED,      1373.00,      1370.60,0.18
G,MEGATHERM INDUCTION LTD,       229.30,       228.90,0.17
G,GUJ. APOLLO IND. LTD.,       403.75,       403.05,0.17
G,NATCO PHARMA LTD.,       897.25,       895.70,0.17
G,PARAMOUNT SPECIALI FORG L,        29.00,        28.95,0.17
G,THOMAS COOK (INDIA) LTD,       139.47,       139.23,0.17
G,MANORAMA INDUSTRIES LTD,      1303.60,      1301.40,0.17
G,APSBC 9.15% 2035 STRPP J,    102246.80,    102075.25,0.17
G,SCHAEFFLER INDIA LIMITED,      3823.60,      3817.20,0.17
G,AONEAMC - AONETOTAL,        11.96,        11.94,0.17
G,ELECTRONICS MART IND LTD,       102.13,       101.96,0.17
G,THERMAX LTD,      3013.50,      3008.60,0.16
G,AEL 9.15% 2028 SR IV,      1051.71,      1050.00,0.16
G,TAMILNADU PETROPRODUCTS L,       105.79,       105.62,0.16
G,ANUPAM RASAYAN INDIA LTD,      1314.20,      1312.10,0.16
G,GMM PFAUDLER LIMITED,      1075.60,      1073.90,0.16
G,MIRAEAMC - MAHKTECH,        25.51,        25.47,0.16
G,KIRLOSKAR OIL ENG LTD,      1224.30,      1222.40,0.16
G,RUCHI INFRASTRUCTURE LTD,         6.51,         6.50,0.15
G,TOKYO PLAST INTL LTD,       110.99,       110.82,0.15
G,SKM EGG PROD EXPORT(I) LT,       428.10,       427.45,0.15
G,SBI-ETF NIFTY NEXT 50,       733.40,       732.30,0.15
G,BASILIC FLY STUDIO LTD,       335.00,       334.50,0.15
G,NRB BEARING LIMITED,       272.20,       271.80,0.15
G,GARWARE HI-TECH FILMS LTD,      3137.70,      3133.10,0.15
G,TINNA RUBBER AND INFR LTD,       785.45,       784.30,0.15
G,GOI LOAN  6.90% 2065,        95.89,        95.75,0.15
G,A B COTSPIN INDIA LIMITED,       412.10,       411.50,0.15
G,SAR TELEVENTURE LIMITED,       216.90,       216.60,0.14
G,BOND 8.65% PA TF TI-SIIB,      1160.59,      1159.00,0.14
G,ORIENT HOTELS LTD,       102.26,       102.12,0.14
G,ZODIAC ENERGY LIMITED,       293.85,       293.45,0.14
G,SHIVA MILLS LIMITED,        58.83,        58.75,0.14
G,GOI LOAN 9.20% 2030,       114.15,       114.00,0.13
G,FOODS & INNS LIMITED,        69.22,        69.13,0.13
G,VAKRANGEE LIMITED,         7.73,         7.72,0.13
G,MADHYA BHARAT AGRO P. LTD,       425.90,       425.35,0.13
G,MOTILALAMC - MOLOWVOL,        38.79,        38.74,0.13
G,SEAMEC LIMITED,      1066.55,      1065.20,0.13
G,GE POWER INDIA LIMITED,       316.90,       316.50,0.13
G,VA TECH WABAG LTD,      1271.30,      1269.70,0.13
G,FLYSBS AVIATION LIMITED,       521.70,       521.05,0.12
G,PIRAMAL FINANCE LIMITED,      1610.30,      1608.30,0.12
G,HDFCAMC - HDFCVALUE,       139.51,       139.34,0.12
G,2.50%GOLDBONDS2030SR-III,     15051.57,     15033.24,0.12
G,DSPAMC - SMALLADD,        16.52,        16.50,0.12
G,PRATAAP SNACKS LIMITED,      1175.30,      1173.90,0.12
G,GANESH HOUSING LIMITED,       800.80,       799.85,0.12
G,SWARAJ ENGINES LTD,      3565.60,      3561.40,0.12
G,KAPSTON SERVICES LIMITED,       298.15,       297.80,0.12
G,AFIL 12% 2027 SR 1,      9536.00,      9525.01,0.12
G,TRIDENT LIMITED,        26.59,        26.56,0.11
G,MOTILALAMC - MONIFTY100,        26.62,        26.59,0.11
G,MM FORGINGS LTD,       355.55,       355.15,0.11
G,BIKAJI FOODS INTERN LTD,       759.45,       758.60,0.11
G,SBIAMC - SBIETFCON,       125.63,       125.49,0.11
G,EDELAMC - BBETF0432,      1310.50,      1309.05,0.11
G,SENCO GOLD LIMITED,       318.30,       317.95,0.11
G,UNITED NILGIRI TEA LTD,       458.00,       457.50,0.11
G,MANBA FINANCE LIMITED,       138.23,       138.08,0.11
G,STERLITE TECHNOLOGIES LTD,       101.97,       101.86,0.11
G,INGERSOLL-RAND INDIA LTD,      3358.30,      3354.70,0.11
G,HDFCAMC - HDFCNIFTY,       290.36,       290.05,0.11
G,MIRAEAMC - MAFSETF,        28.33,        28.30,0.11
G,THE NEW INDIA ASSU CO LTD,       153.07,       152.91,0.10
G,PITTI ENGINEERING LIMITED,       813.80,       812.95,0.10
G,BALKRISHNA IND. LTD,      2309.70,      2307.30,0.10
G,SIRCA PAINT INDIA LIMITED,       484.00,       483.50,0.10
G,GOI LOAN   7.09% 2074,        97.05,        96.95,0.10
G,ICICI PRUD NIFTY ETF,       292.04,       291.74,0.10
G,SCL 9.95% 2035 SR XII,       980.00,       979.00,0.10
G,GOI TBILL 91D-06/02/26,        99.25,        99.15,0.10
G,SEC RE NCD 10.40% SR III,      1001.00,      1000.00,0.10
G,INOX INDIA LIMITED,      1108.20,      1107.10,0.10
G,BOND 8.71% TAX FREE S2B,      1091.07,      1089.99,0.10
G,SONATA SOFTWARE LTD,       357.25,       356.90,0.10
G,GILLANDERS ARBUTHNOT LTD,       102.10,       102.00,0.10
G,KOTAKMAMC - KOTAKMNC,        30.99,        30.96,0.10
G,GROWWAMC - GROWWEV,        31.06,        31.03,0.10
G,GOI LOAN  7.1% 2034,       103.60,       103.50,0.10
G,8.30% TAX FREE NCD,      1051.00,      1050.00,0.10
G,REDINGTON LIMITED,       268.40,       268.15,0.09
G,BALAJI TELEFILMS LIMITED.,       107.49,       107.39,0.09
G,MIC ELECTRONICS LTD,        43.05,        43.01,0.09
G,ASTEC LIFESCIENCES LTD,       704.30,       703.65,0.09
G,MIRAEAMC - EQUAL50,       332.69,       332.39,0.09
G,GOI LOAN 7.38% 2027,       102.44,       102.35,0.09
G,READYMIX CONSTRU MACHI L,       115.00,       114.90,0.09
G,NIPPONAMC - NETFPHARMA,        23.15,        23.13,0.09
G,GFL LIMITED,        58.31,        58.26,0.09
G,JAGRAN PRAKASHAN LIMITED,        70.92,        70.86,0.08
G,BARTRONICS INDIA LIMITED,        12.05,        12.04,0.08
G,EMBASSY OFFICE PARKS REIT,       424.26,       423.91,0.08
G,SJVN LTD,        73.18,        73.12,0.08
G,CAPITAL INFRA TRUST,        74.09,        74.03,0.08
G,ASCOM LEASIN & INVEST LTD,       124.10,       124.00,0.08
G,MAHARASHTRA SCOOTERS LTD,     14172.00,     14161.00,0.08
G,EMKAY GLOBAL FIN SERV LTD,       258.00,       257.80,0.08
G,PILANI INV & IND COR LTD,      5187.50,      5183.50,0.08
G,DHUNSERI TEA & IND. LTD.,       158.85,       158.73,0.08
G,HEG LTD,       600.70,       600.25,0.07
G,VERTIS INFRASTRUCTURE TST,       107.71,       107.63,0.07
G,NIP IND ETF JUNIOR BEES,       739.12,       738.58,0.07
G,MINDA CORPORATION LTD,       567.15,       566.75,0.07
G,BFAM - NIFTYBETF,       265.45,       265.27,0.07
G,SUNDROP BRANDS LIMITED,       686.05,       685.60,0.07
G,WINSOL ENGINEERS LIMITED,       156.60,       156.50,0.06
G,J B CHEMICALS AND PHARMA,      1800.30,      1799.20,0.06
G,DIGJAM LTD,        49.14,        49.11,0.06
G,SEC RE NCD 10.65% SR.IV,      1015.62,      1015.00,0.06
G,EDELAMC - ELM250,        16.74,        16.73,0.06
G,PRECISION CAMSHAFTS LTD.,       167.97,       167.87,0.06
G,NIP IND ETF NIFTY BEES,       293.32,       293.15,0.06
G,SARTHAK METALS LIMITED,        86.38,        86.33,0.06
G,GOI LOAN  7.37% 2028,       103.81,       103.75,0.06
G,ANANTAM HIGHWAYS TRUST,       103.83,       103.77,0.06
G,SEC RE NCD 9.25% SR.VII,      1010.38,      1009.80,0.06
G,ASTER DM HEALTHCARE LTD.,       611.35,       611.00,0.06
G,KABRA JEWELS LIMITED,        89.10,        89.05,0.06
G,USHA MARTIN LTD.,       450.90,       450.65,0.06
G,CELLO WORLD LIMITED,       541.15,       540.85,0.06
G,CPSE ETF,        90.32,        90.27,0.06
G,SREELEATHERS LIMITED,       218.78,       218.66,0.05
G,JK LAKSHMI CEMENT LTD,       770.30,       769.90,0.05
G,APSBC 9.15% 2030 STRPP E,    101388.15,    101336.32,0.05
G,NAVKAR CORPORATION LTD.,        98.61,        98.56,0.05
G,YES BANK LIMITED,        21.37,        21.36,0.05
G,POLYCAB INDIA LIMITED,      7497.00,      7493.50,0.05
G,NIP IND ETF NIFTY 100,       280.24,       280.11,0.05
G,2.50%GOLDBONDS2031SR-III,     15326.39,     15319.33,0.05
G,GMR POW AND URBAN INFRA L,       110.23,       110.18,0.05
G,MIRAEAMC - MAESGETF,        44.17,        44.15,0.05
G,INDIA SHELTER FIN CORP L,       809.80,       809.45,0.04
G,PRINCE PIPES FITTINGS LTD,       248.90,       248.80,0.04
G,GOI LOAN  7.3% 2053,       100.49,       100.45,0.04
G,KHAITAN (INDIA)LTD.,       100.83,       100.79,0.04
G,MOTILALAMC - MOMENTUM50,        52.60,        52.58,0.04
G,STYLAM INDUSTRIES LIMITED,      2175.10,      2174.30,0.04
G,TATA MOTORS LIMITED,       409.65,       409.50,0.04
G,BOROSIL SCIENTIFIC LTD,       115.70,       115.66,0.03
G,EXICOM TELE SYSTEMS LTD,       117.46,       117.42,0.03
G,HIND RECTIFIER LIMITED,      1493.10,      1492.60,0.03
G,HI-TECH PIPES LIMITED,        90.11,        90.08,0.03
G,KUANTUM PAPERS LIMITED,        90.25,        90.22,0.03
G,ADITYBIRLA SL NIF ETF-GR,        30.16,        30.15,0.03
G,ISHAN DYES N CHEMICALS L,        63.20,        63.18,0.03
G,VCCL 11.5% 2028 SR C,    100126.03,    100094.52,0.03
G,MOTILALAMC - MON50EQUAL,        33.34,        33.33,0.03
G,DSPAMC - TOP10ADD,       101.19,       101.16,0.03
G,GOODLUCK INDIA LIMITED,      1050.60,      1050.30,0.03
G,ICICIPRAMC - ICICINXT50,        72.20,        72.18,0.03
G,GROWWAMC - GROWWMC150,       220.56,       220.50,0.03
G,DSPAMC - DSPNEWETF,       342.76,       342.67,0.03
G,MIDWEST LIMITED,      1788.70,      1788.30,0.02
G,FILATEX INDIA LTD,        48.30,        48.29,0.02
G,MONARCH NETWORTH CAP LTD,       302.15,       302.10,0.02
G,EDELAMC - ELIQUID,      1012.40,      1012.24,0.02
G,HDFCAMC - HDFCLIQUID,      1042.24,      1042.08,0.02
G,ICICIPRAMC - CASHIETF,      1043.27,      1043.11,0.02
G,HONEYWELL AUTOMATION IND,     32995.00,     32990.00,0.02
G,EDELAMC - EBBETF0431,      1393.84,      1393.63,0.02
G,KOTAKMAMC - KOTAKLIQ,      1084.62,      1084.46,0.01
G,SHRIRAM - LIQUIDSHRI,      1085.75,      1085.59,0.01
G,SBIAMC - SBILIQETF,      1020.55,      1020.40,0.01
G,NIPPONAMC - LIQGRWBEES,      1021.99,      1021.84,0.01
G,GROWWAMC - GROWWNXT50,        68.69,        68.68,0.01
G,SBI-ETF NIFTY 50,       277.31,       277.27,0.01
G,MIRAEAMC - LIQUIDPLUS,      1066.12,      1065.97,0.01
G,UTIAMC-SILVERBETA,       220.13,       220.10,0.01
G,AONEAMC - AONELIQUID,      1040.68,      1040.54,0.01
G,INFOLLION RESEARCH SER L,       375.05,       375.00,0.01
G,BFAM - LIQUIDBETF,      1062.95,      1062.81,0.01
G,NEXUS SELECT TRUST,       155.41,       155.39,0.01
G,DSPAMC - LIQUIDADD,      1106.76,      1106.62,0.01
G,SHARDA CROPCHEM LTD.,       839.70,       839.60,0.01
G,GOI LOAN  6.95% 2061,        94.20,        94.19,0.01
G,GOI LOAN  7.25% 2063,        99.00,        98.99,0.01
G,GOI LOAN   6.64% 2027,       100.66,       100.65,0.01
G,GOI LOAN 8.28% 2027,       106.00,       105.99,0.01
G,GROWWAMC - GROWWLIQID,       107.24,       107.23,0.01
G,SEC RED NCD 10.6% SR. VII,      1005.09,      1005.00,0.01
G,VINATI ORGANICS LTD,      1598.80,      1598.70,0.01
G,PENNAR INDUSTRIES LTD,       196.13,       196.12,0.01
G,SEC RE NCD 8.20% SR.III,       983.05,       983.00,0.01
G,SBIAMC - SBIETFPB,       289.06,       289.05,0.00
G,UTIAMC-SENSEXBETA,       929.68,       929.67,0.00
G,SEC RE NCD 9.71% SR VIII,       955.01,       955.00,0.00
 , , , , 
L,BNAL 9.75% 2028 SR TR 1,      9997.82,    100000.00,-90.00
L,SEC RE NCD 9.80% SR.VII,       597.00,       890.00,-32.92
L,PAVNA INDUSTRIES LIMITED,        20.91,        23.99,-12.84
L,DEEM ROLL TECH LIMITED,        51.80,        58.95,-12.13
L,ENSER COMMUNICATIONS LTD,        14.45,        16.25,-11.08
L,MODI RUBBER LTD,       135.33,       150.35,-9.99
L,BANDHANAMC - SILVERBND,       231.43,       257.08,-9.98
L,GANESH INFRAWORLD LIMITED,       120.50,       133.85,-9.97
L,SHRI KANHA STAINLESS LTD,        28.90,        32.10,-9.97
L,PRAKASH STEELAGE LTD,         5.42,         6.00,-9.67
L,NANDANI CREATION LIMITED,        27.01,        29.84,-9.48
L,FILATEX FASHIONS LIMITED,         0.29,         0.32,-9.38
L,BROOKS LAB LIMITED,        70.49,        77.77,-9.36
L,NEOCHEM BIO SOLUTIONS LTD,        86.05,        94.00,-8.46
L,2.50%GOLDBONDS2026SR-I,     14026.75,     15274.98,-8.17
L,UNSERENCD8.85%SRIVCIII&IV,      1083.00,      1179.00,-8.14
L,CINELINE INDIA LIMITED,        85.05,        92.31,-7.86
L,SYSTEMATIX CORP SERVICE L,       137.65,       149.31,-7.81
L,SEC RE NCD 10.25% SR II,       999.00,      1080.00,-7.50
L,SUMIT WOODS LIMITED,        61.21,        66.01,-7.27
L,MANAS POLYMER N ENERGIE L,        90.00,        97.00,-7.22
L,SHANKARA BLDG PRODUCT LTD,       101.10,       108.84,-7.11
L,PRECISION WIRES INDIA LTD,       239.65,       257.80,-7.04
L,HILTON METAL FORGING LTD,        36.21,        38.95,-7.03
L,SCL 9.25% 2030 SR IX,       930.00,       999.99,-7.00
L,LLOYDS METALS N ENERGY L,      1294.30,      1387.40,-6.71
L,PARAMATRIX TECHNOLOGIES L,        77.90,        83.50,-6.71
L,V MARC INDIA LIMITED,       672.70,       719.15,-6.46
L,BALAXI PHARMA LTD,        26.77,        28.59,-6.37
L,2.50%GOLDBONDS2027SR-VI,     14004.70,     14944.35,-6.29
L,TSC INDIA LIMITED,        47.60,        50.75,-6.21
L,W.S.INDUSTRIES (I) LTD.,        86.55,        92.08,-6.01
L,RAJNANDINI METAL LIMITED,         4.46,         4.74,-5.91
L,MAHESHWARI LOGISTICS LTD.,        48.19,        51.13,-5.75
L,TEAMO PRODUCTIONS HQ LTD,         0.66,         0.70,-5.71
L,PUNJAB CHEM & CROP PROT L,      1191.30,      1261.60,-5.57
L,OMAXE LIMITED,        79.88,        84.50,-5.47
L,CAPLIN POINT LAB LTD.,      1790.70,      1893.60,-5.43
L,COROMANDEL INTERNTL. LTD,      2236.50,      2363.80,-5.39
L,POPULAR VEHICLES N SER L,       111.10,       117.41,-5.37
L,DUDIGITAL GLOBAL LIMITED,        30.20,        31.90,-5.33
L,KATARIA INDUSTRIES LTD,        98.80,       104.35,-5.32
L,PEARL POLYMERS LTD,        22.57,        23.83,-5.29
L,INTELLECT DESIGN ARENA,       945.30,       997.50,-5.23
L,BIRLANU LIMITED,      1608.20,      1695.20,-5.13
L,CUBEX TUBINGS LTD,       120.04,       126.46,-5.08
L,PTC INDUSTRIES LIMITED,     18213.00,     19176.00,-5.02
L,ESSEN SPECIALITY FILMS L,       200.45,       211.00,-5.00
L,TIMESCAN LOGISTICS IND L,        50.35,        53.00,-5.00
L,REFRACTORY SHAPES LIMITED,        55.10,        58.00,-5.00
L,URAVI DEFENCE &TECH LTD,       197.20,       207.57,-5.00
L,INDO THAI SEC LTD,       312.05,       328.45,-4.99
L,DESTINY LOGISTICS & I LTD,       112.35,       118.25,-4.99
L,ESCONET TECHNOLOGIES LTD,       133.35,       140.35,-4.99
L,FLEXITUFF VENTURES INT L,        13.16,        13.85,-4.98
L,MOHINI HEALTH&HYGIENE LTD,        39.15,        41.20,-4.98
L,SPECTRUM TALENT MGMT LTD,        98.40,       103.55,-4.97
L,VIVIMED LABS LIMITED,        18.60,        19.57,-4.96
L,MAHENDRA REALTO & INFRA L,        51.80,        54.50,-4.95
L,SYNOPTICS TECHNOLOGIES L,        59.60,        62.70,-4.94
L,MARC TECHNOCRATS LIMITED,        60.70,        63.85,-4.93
L,ATMASTCO LIMITED,       130.50,       137.25,-4.92
L,CONTINENTAL SEED CHEM LTD,        22.25,        23.40,-4.91
L,HRH NEXT SERVICES LIMITED,        27.15,        28.55,-4.90
L,QVC EXPORTS LIMITED,        29.25,        30.75,-4.88
L,FORCAS STUDIO LIMITED,       117.75,       123.75,-4.85
L,MARINETRANS INDIA LIMITED,        25.65,        26.95,-4.82
L,BLUE WATER LOGISTICS LTD,       144.20,       151.50,-4.82
L,TEMBO GLOBAL IND LTD,       641.35,       673.70,-4.80
L,ORIENT BELL LIMITED,       297.60,       312.55,-4.78
L,JFL LIFE SCIENCES LIMITED,        12.05,        12.65,-4.74
L,JARO INS OF TEC MG N RE L,       465.80,       488.80,-4.71
L,SIGNET INDUSTRIES LIMITED,        54.42,        57.10,-4.69
L,VIRINCHI LIMITED,        22.76,        23.88,-4.69
L,RELIANCE POWER LTD.,        33.66,        35.30,-4.65
L,TANKUP ENGINEERS LIMITED,       708.05,       742.35,-4.62
L,EXCEL REALTY N INFRA LTD,         1.45,         1.52,-4.61
L,ITALIAN EDIBLES LIMITED,        27.15,        28.45,-4.57
L,ASPINWALL & CO LTD,       217.57,       227.93,-4.55
L,VEEKAYEM FASH & APP LTD,       144.30,       151.15,-4.53
L,VERTOZ LIMITED,        70.63,        73.97,-4.52
L,CHEMFAB ALKALIS LIMITED,       404.20,       423.20,-4.49
L,GODFREY PHILLIPS INDIA LT,      2661.60,      2786.50,-4.48
L,WELSPUN CORP LIMITED,       790.05,       826.90,-4.46
L,SIMPLEX INFRASTRUCTURES L,       240.45,       251.65,-4.45
L,MMTC LIMITED,        67.54,        70.67,-4.43
L,INSPIRE FILMS LIMITED,        10.80,        11.30,-4.42
L,ATL RE.0.50 PPD UP,        11.52,        12.05,-4.40
L,CHAMAN METALLICS LIMITED,       118.50,       123.95,-4.40
L,GAJANAND INTERNATIONAL L,         9.80,        10.25,-4.39
L,HOMESFY REALTY LIMITED,       162.55,       169.95,-4.35
L,RUDRA GLOBAL INFRA PROD L,        25.33,        26.48,-4.34
L,TRANSWARRANTY FIN. LTD.,        15.87,        16.59,-4.34
L,ZENITH DRUGS LIMITED,        50.10,        52.35,-4.30
L,PLADA INFOTECH SERVICES L,        15.75,        16.45,-4.26
L,TRANSTEEL SEATING TECH L,       142.90,       149.25,-4.25
L,PURV FLEXIPACK LIMITED,        79.00,        82.50,-4.24
L,ASHAPURA LOGISTICS LTD,        67.90,        70.90,-4.23
L,DECCAN TRANSCON LEASING L,        23.85,        24.90,-4.22
L,SHANKAR LAL RAMPAL LTD,        65.04,        67.89,-4.20
L,NAGREEKA EXPORTS LTD.,        25.41,        26.52,-4.19
L,THE STATE TRADING CORPN,       129.04,       134.63,-4.15
L,RAGHAV PRODUCTIVITY ENH L,       929.40,       969.60,-4.15
L,NETWORK PEOPLE SRV TECH L,      1405.30,      1466.00,-4.14
L,JK CEMENT LIMITED,      5491.50,      5728.50,-4.14
L,SERVICE CARE LIMITED,        43.05,        44.90,-4.12
L,NIIT LEARNING SYSTEMS LTD,       402.85,       420.05,-4.09
L,MANAKSIA STEELS LTD,        67.60,        70.48,-4.09
L,GOI LOAN 7.72% 2055,       106.00,       110.50,-4.07
L,INFLUX HEALTHTECH LIMITED,       225.70,       235.25,-4.06
L,SEC RE NCD 9.9% SR IV,       960.20,      1000.00,-3.98
L,SHUBHLAXMI JEWEL ART LTD,        37.45,        39.00,-3.97
L,INDIA PESTICIDES LIMITED,       174.35,       181.51,-3.94
L,HAPPIEST MINDS TECHNO LTD,       454.15,       472.75,-3.93
L,TIJARIA POLYPIPES LTD,         4.64,         4.83,-3.93
L,HP ADHESIVES LIMITED,        40.84,        42.50,-3.91
L,SHREEOSWAL S AND CHE LTD,        17.97,        18.70,-3.90
L,IBL FINANCE LIMITED,        60.35,        62.80,-3.90
L,ORIENTAL AROMATICS LTD,       284.90,       296.35,-3.86
L,COUNTRY CONDO S LIMITED,         6.00,         6.24,-3.85
L,JYOTI GLOBAL PLAST LTD,        48.95,        50.90,-3.83
L,JOCIL LIMITED,       143.02,       148.70,-3.82
L,2.50%GOLDBONDS2026SR-IV,     15005.00,     15600.00,-3.81
L,WOCKHARDT LIMITED,      1374.20,      1428.40,-3.79
L,GLOBE ENTERPRISE (I) LTD,         2.79,         2.90,-3.79
L,FDC LIMITED,       409.05,       425.15,-3.79
L,AGARWAL TOUGH GLASS IND L,       113.10,       117.55,-3.79
L,GLAXOSMITHKLINE PHARMA LT,      2384.20,      2477.40,-3.76
L,HI GREEN CARBON LIMITED,       170.25,       176.90,-3.76
L,PROLIFE INDUSTRIES LTD,        77.00,        80.00,-3.75
L,AHLUWALIA CONT IND LTD,       970.45,      1008.10,-3.73
L,KANPUR PLASTIPACK LIMITED,       174.87,       181.65,-3.73
L,FLYWINGS SIMULAT T C LTD,       220.60,       229.15,-3.73
L,SAHANA SYSTEM LIMITED,       823.40,       855.30,-3.73
L,S D RETAIL LIMITED,        77.50,        80.50,-3.73
L,INDOSTAR CAPITAL FIN LTD,       222.26,       230.75,-3.68
L,SRIVARI SPICES N FOODS L,       128.40,       133.30,-3.68
L,FIRSTSOURCE SOLU. LTD.,       327.60,       340.10,-3.68
L,SEC RE NCD 10.35% SR III,       210.00,       218.00,-3.67
L,LYPSA GEMS & JEWEL LTD,         5.00,         5.19,-3.66
L,GACM TECHNOLOGIES LIMITED,         0.53,         0.55,-3.64
L,GRAND CONTINENT HOTELS L,       157.10,       163.00,-3.62
L,DEV ACCELERATOR LIMITED,        38.20,        39.63,-3.61
L,OSEL DEVICES LIMITED,       535.25,       555.20,-3.59
L,AHLADA ENGINEERS LIMITED,        47.33,        49.09,-3.59
L,DEV INFO TECHNOLOGY LTD,        37.47,        38.86,-3.58
L,JAY JALARAM TECHNO LTD,       151.40,       157.00,-3.57
L,SILGO RETAIL LIMITED,        81.65,        84.67,-3.57
L,CREDITACCESS GRAMEEN LTD,      1235.70,      1281.40,-3.57
L,TREE HOUSE EDU LTD,         7.85,         8.14,-3.56
L,FUSION FINANCE LIMITED,       153.77,       159.43,-3.55
L,SHIVALIK RASAYAN LIMITED,       357.75,       370.90,-3.55
L,AMBER ENTERPRISES (I) LTD,      6264.50,      6493.00,-3.52
L,WEST COAST PAPER MILLS LT,       410.65,       425.60,-3.51
L,BERGER PAINTS (I) LTD,       525.55,       544.60,-3.50
L,AKG EXIM LIMITED,        12.14,        12.58,-3.50
L,SWASTIK PIPE LIMITED,        23.50,        24.35,-3.49
L,KPR MILL LTD.,       922.30,       955.40,-3.46
L,TRANSWORLD SHIP LINES LTD,       197.51,       204.55,-3.44
L,PCBL CHEMICAL LIMITED,       285.40,       295.55,-3.43
L,LUMAX INDUSTRIES LTD,      5192.50,      5377.00,-3.43
L,CEDAAR TEXTILE LIMITED,        58.00,        60.05,-3.41
L,MAN COAT METAL & IND LTD,       132.07,       136.71,-3.39
L,GTL INFRA.LTD,         1.14,         1.18,-3.39
L,AARADHYA DISPOSAL INDUS L,       114.10,       118.10,-3.39
L,IPCA LABORATORIES LTD,      1386.20,      1434.60,-3.37
L,SUNREST LIFESCIENCE LTD,        41.55,        43.00,-3.37
L,VISHNUSURYA PROJ N INFR L,       175.75,       181.85,-3.35
L,SASKEN TECHNOLOGIES LTD,      1499.90,      1551.70,-3.34
L,2.50%GOLDBONDS2027SR-II,     14500.20,     15000.00,-3.33
L,KAYA LIMITED,       394.60,       408.20,-3.33
L,BRACE PORT LOGISTICS LTD,        92.95,        96.15,-3.33
L,DIGITIDE SOLUTIONS LTD,       129.41,       133.85,-3.32
L,LIBAS CONSU PRODUCTS LTD,        10.79,        11.16,-3.32
L,BHARTI HEXACOM LIMITED,      1780.80,      1841.60,-3.30
L,GRM OVERSEAS LIMITED,       164.40,       170.00,-3.29
L,MEDI ASSIST HEALTH SER L,       435.15,       449.90,-3.28
L,LOTUS EYE HOSP & INST L,       117.94,       121.93,-3.27
L,ABCL SR IV,      1132.00,      1170.00,-3.25
L,KHFM HOS FAC MANA SER LTD,        61.10,        63.15,-3.25
L,SEC RE NCD 10.30% SR.VII,       644.01,       665.50,-3.23
L,PRUDENTIAL SUGAR CORPORAT,        21.03,        21.73,-3.22
L,TITAGARH RAIL SYSTEMS LTD,       878.50,       907.60,-3.21
L,CHAVDA INFRA LIMITED,       119.25,       123.20,-3.21
L,TIGER LOGISTICS (INDIA) L,        34.12,        35.25,-3.21
L,SHOPPERS STOP LIMITED,       373.30,       385.65,-3.20
L,SATI POLY PLAST LIMITED,        59.00,        60.95,-3.20
L,ESTER INDUSTRIES LTD,       101.28,       104.62,-3.19
L,KABRA EXTRUSION TECHNIK L,       222.02,       229.34,-3.19
L,NCC LIMITED,       155.00,       160.11,-3.19
L,MEESHO LIMITED,       186.15,       192.27,-3.18
L,VDEAL SYSTEM LIMITED,       203.00,       209.65,-3.17
L,MANGALAM ALLOYS LIMITED,        47.45,        49.00,-3.16
L,PARAMOUNT COMM LTD,        38.88,        40.15,-3.16
L,RITES LIMITED,       237.27,       245.02,-3.16
L,CEAT LIMITED,      3703.50,      3824.20,-3.16
L,ARUNAYA ORGANICS LIMITED,        20.05,        20.70,-3.14
L,STANLEY LIFESTYLES LTD,       190.76,       196.92,-3.13
L,FONEBOX RETAIL LIMITED,        87.00,        89.80,-3.12
L,GOI LOAN  6.48% 2035,       100.76,       104.00,-3.12
L,GK ENERGY LIMITED,       144.96,       149.61,-3.11
L,JAI BALAJI INDUSTRIES LTD,        67.05,        69.19,-3.09
L,VISAGAR POLYTEX LTD,         0.63,         0.65,-3.08
L,LIKHITHA INFRASTRUC LTD,       185.29,       191.16,-3.07
L,PREMIER ROADLINES LIMITED,        76.10,        78.50,-3.06
L,MOTILALAMC - MOGOLD,       133.25,       137.45,-3.06
L,AMBEY LABORATORIES LTD,        43.00,        44.35,-3.04
L,AKIKO GLOBAL SERVICES L,       257.00,       265.00,-3.02
L,ASAHI SONGWON COLOR LTD,       256.15,       264.10,-3.01
L,SADHANA NITROCHEM LIMITED,         7.10,         7.32,-3.01
L,AMIABLE LOGISTICS (I) LTD,        83.95,        86.55,-3.00
L,JNK INDIA LIMITED,       246.65,       254.27,-3.00
L,QUICK HEAL TECH LTD,       261.20,       269.20,-2.97
L,BIRLASOFT LIMITED,       423.60,       436.55,-2.97
L,PRAKASH PIPES LIMITED,       236.92,       244.12,-2.95
L,SWELECT ENERGY SYS LTD,       617.75,       636.50,-2.95
L,ANTARCTICA LTD,         0.99,         1.02,-2.94
L,MEDICO REMEDIES LIMITED,        50.95,        52.49,-2.93
L,RACL GEARTECH LIMITED,      1135.00,      1169.20,-2.93
L,GOKALDAS EXPORTS LTD.,       735.40,       757.55,-2.92
L,TCPL PACKAGING LIMITED,      2999.60,      3089.90,-2.92
L,HINDUSTAN COMPOSITES LTD.,       431.25,       444.20,-2.92
L,SHIVASHRIT FOODS LIMITED,       130.00,       133.90,-2.91
L,AEROFLEX ENTERPRISES LTD,        86.56,        89.14,-2.89
L,WINNY IMMIGRA & EDU SER L,        75.50,        77.75,-2.89
L,R. S. SOFTWARE (INDIA) LI,        50.00,        51.49,-2.89
L,TRANSRAIL LIGHTING LTD,       547.10,       563.40,-2.89
L,MCON RASAYAN INDIA LTD,        58.85,        60.60,-2.89
L,POSITRON ENERGY LIMITED,       203.00,       209.00,-2.87
L,INDO AMINES LIMITED,       128.01,       131.73,-2.82
L,JINDAL WORLDWIDE LTD,        28.24,        29.06,-2.82
L,SAAKSHI MEDTEC N PANELS L,       188.00,       193.45,-2.82
L,J.G.CHEMICALS LIMITED,       347.00,       357.00,-2.80
L,TROM INDUSTRIES LIMITED,        73.00,        75.10,-2.80
L,BPL LTD,        57.72,        59.38,-2.80
L,GODREJ INDUSTRIES LTD,       967.70,       995.50,-2.79
L,PROTEAN EGOV TECHNO LTD,       740.65,       761.90,-2.79
L,SHREE TIRUPATI BALAJEE L,        39.06,        40.18,-2.79
L,GUJARAT PIPAVAV PORT LTD,       180.75,       185.93,-2.79
L,MOTILALAMC - MOSILVER,       226.71,       233.20,-2.78
L,GARDEN REACH SHIP&ENG LTD,      2414.30,      2483.40,-2.78
L,GUJARAT THEMIS BIOSYN LTD,       435.50,       447.95,-2.78
L,UNILEX COLOURS AND CHEM L,        35.00,        36.00,-2.78
L,ADITYA VISION LIMITED,       484.10,       497.90,-2.77
L,A2Z INFRA ENGINEERING LTD,        16.87,        17.35,-2.77
L,RAJSHREE POLYPACK LTD,        18.73,        19.26,-2.75
L,MOKSH ORNAMENTS LIMITED,        14.14,        14.54,-2.75
L,ASPIRE & INNOVATIVE ADV L,        15.95,        16.40,-2.74
L,PARAMOUNT DYE TEC LIMITED,        54.95,        56.50,-2.74
L,SHEEL BIOTECH LIMITED,        71.00,        73.00,-2.74
L,SYSTANGO TECHNOLOGIES LTD,       290.70,       298.85,-2.73
L,SHREE OSFM E-MOBILITY LTD,        73.20,        75.25,-2.72
L,TECHNO ELEC & ENG CO. LTD,      1044.60,      1073.60,-2.70
L,ZENSAR TECHNOLOGIES  LTD,       693.85,       713.10,-2.70
L,DOLLAR INDUSTRIES LIMITED,       348.95,       358.60,-2.69
L,HANDSON GBL MNGMNT LTD,        66.44,        68.27,-2.68
L,KALPATARU PROJECT INT LTD,      1162.80,      1194.80,-2.68
L,MITCON CON & ENG SER LTD,        66.88,        68.72,-2.68
L,DELTA AUTOCORP LIMITED,        49.10,        50.45,-2.68
L,ALLCARGO LOGISTICS LTD,        10.20,        10.48,-2.67
L,ARABIAN PETROLEUM LIMITED,        71.05,        73.00,-2.67
L,CRISIL LTD,      4190.90,      4304.30,-2.63
L,TANLA PLATFORMS LIMITED,       517.55,       531.55,-2.63
L,CORAL INDIA FIN & HOUS LT,        39.20,        40.26,-2.63
L,ZEN TECHNOLOGIES LIMITED,      1352.90,      1389.40,-2.63
L,EID PARRY INDIA LTD,      1030.80,      1058.60,-2.63
L,MUKTA ARTS LIMITED,        61.35,        63.00,-2.62
L,ANGEL ONE LIMITED,      2347.10,      2410.20,-2.62
L,ECLERX SERVICES LTD,      4472.70,      4592.80,-2.61
L,JUNIPER HOTELS LIMITED,       253.63,       260.41,-2.60
L,APRAMEYA ENGINEERING LTD,       312.65,       321.00,-2.60
L,ASTRA MICROWAVE LTD,       954.60,       980.05,-2.60
L,YASHO INDUSTRIES LIMITED,      1437.60,      1475.90,-2.60
L,SUPREME HOLDIN N HOSP I L,        72.15,        74.07,-2.59
L,THAAI CASTING LIMITED,        99.85,       102.50,-2.59
L,DATA PATTERNS INDIA LTD,      2583.10,      2651.40,-2.58
L,ATC ENERGIES SYSTEM LTD,        36.00,        36.95,-2.57
L,TRIDENT TECHLABS LIMITED,       329.15,       337.80,-2.56
L,SANSERA ENGINEERING LTD,      1666.80,      1710.60,-2.56
L,SUNTECH INFRA SOLUTIONS L,        41.90,        43.00,-2.56
L,XTGLOBAL INFOTECH LIMITED,        33.96,        34.85,-2.55
L,TRUCAP FINANCE LIMITED,         7.65,         7.85,-2.55
L,TVS HOLDINGS LIMITED,     13506.00,     13859.00,-2.55
L,MONTE CARLO FASHIONS LTD.,       668.75,       686.15,-2.54
L,GOI LOAN  5.91% 2028,       100.25,       102.85,-2.53
L,ADVENT HOTELS INTERNATI L,       221.96,       227.71,-2.53
L,LT FOODS LIMITED,       382.25,       392.15,-2.52
L,UPDATER SERVICES LIMITED,       186.37,       191.19,-2.52
L,MITTAL LIFE STYLE LIMITED,         1.16,         1.19,-2.52
L,NIRMAN AGRI GENTICS LTD,        59.95,        61.50,-2.52
L,TATVA CHIN PHARM CHEM LTD,      1297.60,      1330.80,-2.49
L,GENUS P&B LIMITED,        12.90,        13.23,-2.49
L,C2C ADVANCED SYSTEMS LTD,       498.50,       511.25,-2.49
L,BAHETI RECYCLING IND LTD,       591.65,       606.75,-2.49
L,ENCOMPASS DESIGN INDIA L,       234.50,       240.45,-2.47
L,AKI INDIA LIMITED,         6.72,         6.89,-2.47
L,PANACEA BIOTEC LTD,       386.55,       396.30,-2.46
L,SAMHI HOTELS LIMITED,       178.02,       182.51,-2.46
L,DCX SYSTEMS LIMITED,       188.73,       193.48,-2.46
L,PHANTOM DIGITAL EFF LTD,       231.15,       236.95,-2.45
L,ATLANTA ELECTRICALS LTD,       888.25,       910.50,-2.44
L,PROVENTUS AGROCOM LIMITED,      1290.00,      1322.00,-2.42
L,MOTISONS JEWELLERS LTD,        14.92,        15.29,-2.42
L,MAGELLANIC CLOUD LIMITED,        25.12,        25.74,-2.41
L,WHIRLPOOL OF INDIA LTD,       888.70,       910.60,-2.41
L,POLY MEDICURE LIMITED,      1698.70,      1740.50,-2.40
L,ANTONY WASTE HDG CELL LTD,       484.80,       496.70,-2.40
L,INDIAN RAIL TOUR CORP LTD,       682.45,       699.20,-2.40
L,NAHAR POLY FILMS LIMITED,       236.75,       242.55,-2.39
L,SHRADHA INFRAPROJECTS LTD,        37.63,        38.55,-2.39
L,GANGA FORGING LIMITED,         3.70,         3.79,-2.37
L,MANGALAM WORLDWIDE LTD,       272.68,       279.31,-2.37
L,SUDEEP PHARMA LIMITED,       606.65,       621.40,-2.37
L,JUBILANT INGREVIA LIMITED,       695.15,       712.05,-2.37
L,RANE HOLDINGS LIMITED,      1305.70,      1337.40,-2.37
L,SUNDARAM FINANCE LTD,      5134.90,      5259.40,-2.37
L,INFIBEAM AVENUES LIMITED,        16.12,        16.51,-2.36
L,PARTH ELEC & ENG LTD,       205.00,       209.95,-2.36
L,AURIONPRO SOLN LTD,      1041.30,      1066.30,-2.34
L,RISHABH INSTRUMENTS LTD,       394.00,       403.45,-2.34
L,R SYS INTERNATIONAL LTD,       405.70,       415.40,-2.34
L,REMSONS INDUSTRIES LTD,       117.11,       119.91,-2.34
L,GRAPHITE INDIA LTD,       587.70,       601.75,-2.33
L,MARKOLINES PAVEMENT TEC L,       158.76,       162.55,-2.33
L,EPACK PREFAB TECHN LTD,       268.15,       274.55,-2.33
L,NIIT LIMITED,        90.09,        92.24,-2.33
L,PODDAR PIGMENTS LIMITED,       257.70,       263.85,-2.33
L,SHIPPING CORP OF INDIA LT,       228.47,       233.92,-2.33
L,INOX WIND LIMITED,       121.76,       124.66,-2.33
L,LIC MF - LIC GOLD ETF,     12118.80,     12406.30,-2.32
L,CSL FINANCE LIMITED,       304.20,       311.40,-2.31
L,TATA ELXSI LIMITED,      5193.00,      5315.50,-2.30
L,BRIGADE HOTEL VENTURE LTD,        65.85,        67.40,-2.30
L,LLOYD RS.0.50 PPD UP,        37.85,        38.74,-2.30
L,QUALITY POWER ELEC EQUP L,       725.30,       742.35,-2.30
L,OSWAL PUMPS LIMITED,       523.40,       535.70,-2.30
L,PB FINTECH LIMITED,      1858.90,      1902.50,-2.29
L,ION EXCHANGE (INDIA) LTD,       381.60,       390.55,-2.29
L,SAPPHIRE FOODS INDIA LTD,       247.30,       253.10,-2.29
L,SAI SILKS (KALAMANDIR) L,       153.22,       156.80,-2.28
L,MASTEK LTD,      2061.60,      2109.60,-2.28
L,PARTY CRUISERS LIMITED,        86.00,        88.00,-2.27
L,ONECLICK LOGISTICS IND L,       310.00,       317.20,-2.27
L,VISAKA INDUSTRIES LIMITED,        69.64,        71.25,-2.26
L,AMANTA HEALTHCARE LIMITED,       104.29,       106.70,-2.26
L,AARTI INDUSTRIES LTD,       368.10,       376.60,-2.26
L,STUDIO LSD LIMITED,        13.00,        13.30,-2.26
L,CHEMPLAST SANMAR LIMITED,       250.15,       255.90,-2.25
L,BAJEL PROJECTS LIMITED,       171.34,       175.27,-2.24
L,DHANUKA AGRITECH LTD,      1178.00,      1205.00,-2.24
L,AEROFLEX NEU LIMITED,        74.73,        76.44,-2.24
L,SANOFI CONS HEALTHC IND L,      4416.90,      4517.70,-2.23
L,KPIT TECHNOLOGIES LIMITED,      1161.70,      1188.20,-2.23
L,THE UGAR SUGAR WORKS LTD,        42.42,        43.38,-2.21
L,DEEPAK FERTILIZERS & PETR,      1209.00,      1236.30,-2.21
L,RAVINDRA ENERGY LIMITED,       158.11,       161.68,-2.21
L,S CHAND AND COMPANY LTD,       153.97,       157.44,-2.20
L,MAN INFRA LTD,       126.17,       129.01,-2.20
L,GUFIC BIOSCIENCES LTD.,       333.45,       340.95,-2.20
L,IFB AGRO INDUSTRIES LTD,      1316.60,      1346.20,-2.20
L,DIGICONTENT LIMITED,        32.05,        32.77,-2.20
L,GO FASHION INDIA LTD,       452.55,       462.70,-2.19
L,ELECTROSTEEL CASTINGS LTD,        75.58,        77.26,-2.17
L,CELEBRITY FASHIONS LTD,         8.58,         8.77,-2.17
L,CENTURY PLYBOARDS (I) LTD,       812.00,       829.95,-2.16
L,MANGALAM GLOBAL ENT LTD,        14.07,        14.38,-2.16
L,5PAISA CAPITAL LIMITED,       331.70,       339.00,-2.15
L,SAKAR HEALTHCARE LIMITED,       407.40,       416.35,-2.15
L,SCHNEIDER ELECTRIC INFRA,       701.50,       716.90,-2.15
L,ICICI PRUDENTIAL GOLD ETF,       114.84,       117.35,-2.14
L,AMINES & PLASTICIZERS LTD,       187.90,       192.00,-2.14
L,SEC RE NCD 0% SR.V,      1340.80,      1370.00,-2.13
L,INVESCO INDIA GOLD ETF,     11626.05,     11879.15,-2.13
L,VOLTAS LTD,      1350.70,      1380.10,-2.13
L,INFOMEDIA PRESS LIMITED,         6.44,         6.58,-2.13
L,NELCO LTD,       714.75,       730.25,-2.12
L,BAJAJ ELECT.LTD,       473.45,       483.70,-2.12
L,FAZE THREE LIMITED,       409.05,       417.90,-2.12
L,EDELAMC - EGOLD,       134.30,       137.20,-2.11
L,AONEAMC - AONEGOLD,        12.51,        12.78,-2.11
L,ZAGGLE PREPA OCEAN SER L,       352.30,       359.90,-2.11
L,AUSOM ENTERPRISE LIMITED,       108.11,       110.44,-2.11
L,MOSCHIP TECHNOLOGIES LTD,       201.94,       206.27,-2.10
L,CAMBRIDGE TECH ENTER LTD,        39.24,        40.08,-2.10
L,MOLD-TEK TECHNOLOGIES LTD,       148.41,       151.58,-2.09
L,PG ELECTROPLAST LTD,       562.05,       574.05,-2.09
L,JUPITER WAGONS LIMITED,       330.65,       337.70,-2.09
L,APAR INDUSTRIES LTD.,      8384.00,      8562.50,-2.08
L,ZERODHAAMC - GOLDCASE,        21.14,        21.59,-2.08
L,CENTURY ENKA LTD,       429.85,       439.00,-2.08
L,SPANDANA SPHOORTY FIN LTD,       265.45,       271.10,-2.08
L,A AND M JUMBO BAGS LTD,         9.40,         9.60,-2.08
L,HFCL LIMITED,        63.50,        64.85,-2.08
L,BIKEWO GREEN TECH LIMITED,        21.40,        21.85,-2.06
L,YASH OPTICS & LENS LTD,       116.95,       119.40,-2.05
L,CONFIDENCE PETRO IND LTD.,        35.88,        36.63,-2.05
L,DIGIKORE STUDIOS LIMITED,        72.05,        73.55,-2.04
L,THEJO ENGINEERING LIMITED,      1767.90,      1804.70,-2.04
L,PAGE INDUSTRIES LTD,     35565.00,     36305.00,-2.04
L,TRIVENI TURBINE LIMITED,       532.55,       543.60,-2.03
L,PRO FX TECH LIMITED,        75.00,        76.55,-2.02
L,GOYAL ALUMINIUMS LIMITED,         6.78,         6.92,-2.02
L,CENTRAL DEPO SER (I) LTD,      1433.90,      1463.50,-2.02
L,SULA VINEYARDS LIMITED,       217.23,       221.71,-2.02
L,AKSHARCHEM INDIA LIMITED,       237.60,       242.50,-2.02
L,MOTILAL OSWAL FIN LTD,       839.10,       856.40,-2.02
L,ROTO PUMPS LIMITED,        68.62,        70.03,-2.01
L,EDELAMC - ESILVER,       225.80,       230.43,-2.01
L,ONMOBILE GLOBAL LTD.,        56.60,        57.76,-2.01
L,MAX INDIA LIMITED,       183.03,       186.78,-2.01
L,QUANTUM GOLD FUND,       111.10,       113.37,-2.00
L,GOI TBILL 364D-08/10/26,        95.55,        97.50,-2.00
L,GACM TECHNOLOGIES LIMITED,         0.49,         0.50,-2.00
L,SABAR FLEX INDIA LIMITED,         4.90,         5.00,-2.00
L,BANNARI AM SPIN MILL LTD.,        26.00,        26.53,-2.00
L,P N GADGIL JEWELLERS LTD,       601.95,       614.20,-1.99
L,TECHD CYBERSECURITY LTD,       614.70,       627.20,-1.99
L,RAVINDER HEIGHTS LIMITED,        52.13,        53.19,-1.99
L,21ST CENTURY MGMT SERVICE,        50.66,        51.69,-1.99
L,NEPHRO CARE INDIA LIMITED,       111.00,       113.25,-1.99
L,SOLARWORLD ENERGY SOL LTD,       274.25,       279.80,-1.98
L,PENINSULA LAND LIMITED,        24.71,        25.21,-1.98
L,TEERTH GOPICON LIMITED,        76.65,        78.20,-1.98
L,SONAM LIMITED,        42.10,        42.95,-1.98
L,KRISHNA INST OF MED SCI L,       601.85,       614.00,-1.98
L,ASL INDUSTRIES LIMITED,       113.95,       116.25,-1.98
L,KRISHNA DEF AND ALD IND L,       813.80,       830.20,-1.98
L,RAIL VIKAS NIGAM LIMITED,       360.35,       367.60,-1.97
L,TOUCHWOOD ENTERTAIN LTD.,       103.01,       105.08,-1.97
L,SDL KA 7.72% 2035,        99.65,       101.65,-1.97
L,KORE DIGITAL LIMITED,       171.90,       175.35,-1.97
L,SHREM INVIT,       100.00,       102.00,-1.96
L,DAR CREDIT & CAPITAL LTD,        45.00,        45.90,-1.96
L,BARODABNP - BBNPPGOLD,       130.05,       132.65,-1.96
L,ENTERTAIN NET. IND. LTD.,       112.34,       114.58,-1.95
L,DSPAMC - DSPGOLD,       130.45,       133.05,-1.95
L,RELIANCE INDUSTRIAL INFRA,       792.80,       808.55,-1.95
L,IFCI LTD,        50.44,        51.44,-1.94
L,KAVERI SEED CO. LTD.,       948.00,       966.70,-1.93
L,FINE ORGANIC IND. LTD.,      4078.90,      4159.20,-1.93
L,ASHIANA HOUSING LTD,       282.70,       288.25,-1.93
L,AXIS MF - AXIS GOLD ETF,       111.68,       113.87,-1.92
L,KRONOX LAB SCIENCES LTD,       135.79,       138.45,-1.92
L,DIVINE HIRA JEWELLERS LTD,       225.60,       230.00,-1.91
L,EMUDHRA LIMITED,       582.15,       593.50,-1.91
L,RICO AUTO INDUSTRIES LTD,       130.81,       133.36,-1.91
L,TATA TECHNOLOGIES LIMITED,       638.75,       651.20,-1.91
L,INDRAPRASTHA GAS LTD,       191.38,       195.11,-1.91
L,KAY CEE ENERGY & INFRA L,       141.15,       143.90,-1.91
L,WENDT (INDIA) LIMITED,      7725.00,      7875.50,-1.91
L,ZEE LEARN LIMITED,         7.19,         7.33,-1.91
L,UTIAMC-UTIGOLDBETA,       113.00,       115.20,-1.91
L,SEC RED NCD 8.85% SR. VI,      1000.55,      1020.00,-1.91
L,CHEMBOND MATERIALTECH LTD,       156.26,       159.29,-1.90
L,PVR INOX LIMITED,       995.50,      1014.80,-1.90
L,ADITYBIRLA SL GOLD ETF-GR,       118.30,       120.59,-1.90
L,PTC INDIA LIMITED,       158.65,       161.72,-1.90
L,ART NIRMAN LIMITED,        46.51,        47.41,-1.90
L,CHOICEAMC - CHOICEGOLD,       133.22,       135.79,-1.89
L,JYOTHY LABS LIMITED,       277.40,       282.75,-1.89
L,GP PETROLEUMS LIMITED,        34.86,        35.53,-1.89
L,ANDHRA CEMENTS LIMITED,        66.25,        67.52,-1.88
L,VALIANT LABORATORIES LTD,        72.17,        73.55,-1.88
L,GANGA BATH FITTINGS LTD,        21.00,        21.40,-1.87
L,KOTHARI PETROCHEM LTD,       126.22,       128.62,-1.87
L,GILLETTE INDIA LTD,      8188.00,      8343.50,-1.86
L,L&T TECHNOLOGY SER. LTD.,      4438.50,      4522.60,-1.86
L,MARICO LIMITED,       739.10,       753.10,-1.86
L,MUTHOOT CAP SERV LTD,       272.35,       277.50,-1.86
L,SBI-ETF GOLD,       114.64,       116.80,-1.85
L,KCK INDUSTRIES LTD,        26.55,        27.05,-1.85
L,SHERA ENERGY LIMITED,       130.55,       133.00,-1.84
L,ATUL LTD,      6039.50,      6152.50,-1.84
L,ALKYL AMINES CHEM. LTD,      1557.80,      1586.90,-1.83
L,BALAJI AMINES LIMITED,      1093.90,      1114.30,-1.83
L,DYNACONS SYS & SOLN LTD,       912.05,       929.05,-1.83
L,GPT HEALTHCARE LIMITED,       140.60,       143.22,-1.83
L,EMKAY TAP & CUT. TOOL LTD,       113.00,       115.10,-1.82
L,SHANTI GOLD INTERNATION L,       186.13,       189.57,-1.81
L,NUPUR RECYCLERS LIMITED,        55.74,        56.77,-1.81
L,DYNEMIC PRODUCTS LIMITED,       254.55,       259.25,-1.81
L,63 MOONS TECHNOLOGIES LTD,       712.50,       725.65,-1.81
L,BLUSPRING ENTERPRISES LTD,        65.83,        67.04,-1.80
L,TATAAML-TATAGOLD,        13.06,        13.30,-1.80
L,REFEX INDUSTRIES LIMITED,       250.85,       255.45,-1.80
L,SYNGENE INTERNATIONAL LTD,       643.75,       655.55,-1.80
L,BSE LIMITED,      2581.00,      2628.30,-1.80
L,GPT INFRAPROJECTS LTD,       106.41,       108.36,-1.80
L,SEC RE NCD 11% SR V,      1075.20,      1094.90,-1.80
L,RATNAMANI MET & TUB LTD.,      2305.80,      2348.00,-1.80
L,OWAIS METAL & MINERAL,       263.05,       267.85,-1.79
L,S H KELKAR AND CO. LTD.,       175.55,       178.74,-1.78
L,PREMIUM PLAST LIMITED,        38.55,        39.25,-1.78
L,GUJ NAR VAL FER & CHEM L,       485.25,       494.05,-1.78
L,CASH UR DRIVE MARKETING L,       132.50,       134.90,-1.78
L,SAREGAMA INDIA LIMITED,       351.15,       357.50,-1.78
L,SOMANY CERAMICS LIMITED,       407.05,       414.40,-1.77
L,NAMAN IN-STORE (INDIA) L,        64.00,        65.15,-1.77
L,MODIS NAVNIRMAN LTD,       331.55,       337.50,-1.76
L,SEPC LIMITED,        10.04,        10.22,-1.76
L,EXPLEO SOLUTIONS LIMITED,       954.30,       971.40,-1.76
L,GNA AXLES LIMITED,       298.80,       304.15,-1.76
L,MAX ESTATES LIMITED,       444.15,       452.10,-1.76
L,DHARMAJ CROP GUARD LTD,       237.96,       242.21,-1.75
L,RPG LIFE SCIENCES LTD,      2284.60,      2325.40,-1.75
L,EMKAY TOOLS LIMITED,       840.00,       855.00,-1.75
L,PI INDUSTRIES LTD,      3183.90,      3240.70,-1.75
L,RAM RATNA WIRES LIMITED,       320.25,       325.95,-1.75
L,SIGNATUREGLOBAL INDIA LTD,      1114.40,      1134.20,-1.75
L,ACE INTEGRATED SOLU. LTD.,        22.52,        22.92,-1.75
L,INDIA NIPPON ELECT  LTD,       792.45,       806.50,-1.74
L,GROWWAMC - GROWWGOLD,       131.55,       133.88,-1.74
L,SERVOTECH REN POW SYS LTD,        77.61,        78.98,-1.73
L,PATEL ENGINEERING LTD.,        27.79,        28.28,-1.73
L,KRBL LIMITED,       397.25,       404.25,-1.73
L,NIBE LIMITED,      1101.40,      1120.80,-1.73
L,CALIFORNIA SOFTWARE CO LT,        14.23,        14.48,-1.73
L,INTERNATIO GEMM INS (I) L,       330.55,       336.35,-1.72
L,PAKKA LIMITED,       102.81,       104.61,-1.72
L,CHENNAI PETROLEUM CORP LT,       798.05,       812.00,-1.72
L,APOLLO SINDOORI HOTEL LTD,      1205.00,      1226.00,-1.71
L,JAI CORP LIMITED,       129.93,       132.19,-1.71
L,INVENTURE GRO & SEC LTD,         1.15,         1.17,-1.71
L,AZAD ENGINEERING LIMITED,      1618.20,      1646.20,-1.70
L,MRPL,       141.76,       144.21,-1.70
L,STEEL EXCHANGE INDIA LTD,         9.27,         9.43,-1.70
L,DEE DEVELOPMENT ENG LTD,       202.55,       206.04,-1.69
L,HLE GLASCOAT LIMITED,       435.30,       442.80,-1.69
L,COFORGE LIMITED,      1654.90,      1683.30,-1.69
L,UNIVERSUS IMAGINGS LTD,       221.65,       225.45,-1.69
L,MALLCOM (INDIA) LIMITED,      1122.90,      1142.10,-1.68
L,ERIS LIFESCIENCES LIMITED,      1500.20,      1525.80,-1.68
L,I G PETROCHEMICALS LTD,       389.90,       396.55,-1.68
L,TBO TEK LIMITED,      1650.90,      1679.00,-1.67
L,TATA CHEMICALS LTD,       748.40,       761.10,-1.67
L,RENAISSANCE GLOBAL LTD,       119.64,       121.67,-1.67
L,PACE DIGITEK LIMITED,       185.96,       189.11,-1.67
L,VIKRAM SOLAR LIMITED,       237.70,       241.70,-1.65
L,ICRA LIMITED,      6095.50,      6198.00,-1.65
L,PARSVNATH DEVELOPER LTD,        10.12,        10.29,-1.65
L,HDFC GOLD ETF,       114.94,       116.87,-1.65
L,PPAP AUTOMOTIVE LIMITED,       210.35,       213.88,-1.65
L,BHARAT WIRE ROPES LTD.,       181.85,       184.90,-1.65
L,NIP IND ETF GOLD BEES,       111.17,       113.03,-1.65
L,GLOTTIS LIMITED,        58.67,        59.65,-1.64
L,DB (INT) STOCK BROKERS,        24.57,        24.98,-1.64
L,SRI HAVISHA HOSP & INFR L,         1.80,         1.83,-1.64
L,PRIZOR VIZTECH LIMITED,       285.00,       289.75,-1.64
L,SHAKTI PUMPS (I) LTD,       699.85,       711.50,-1.64
L,METROPOLIS HEALTHCARE LTD,      1858.90,      1889.80,-1.64
L,RADIANT CASH MGMT SER LTD,        51.20,        52.05,-1.63
L,HINDUSTAN CONSTRUCTION CO,        18.08,        18.38,-1.63
L,LLOYDS ENTERPRISES LTD,        59.99,        60.98,-1.62
L,DHAMPUR BIO ORGANICS LTD,        79.41,        80.72,-1.62
L,PRAJ INDUSTRIES LTD,       318.25,       323.50,-1.62
L,KOTAK GOLD ETF,       111.63,       113.47,-1.62
L,BIRLA CABLE LIMITED,       135.51,       137.74,-1.62
L,BLS E-SERVICES LIMITED,       202.56,       205.89,-1.62
L,NUVOCO VISTAS CORP LTD,       356.10,       361.95,-1.62
L,GIC HOUSING FINANCE LTD,       173.65,       176.50,-1.61
L,PNB GILTS LIMITED,        79.22,        80.52,-1.61
L,AVALON TECHNOLOGIES LTD,       845.35,       859.20,-1.61
L,BALAJI PHOSPHATES LIMITED,       144.00,       146.35,-1.61
L,ANUH PHARMA LIMITED,        80.03,        81.33,-1.60
L,R.P.P INFRA PROJECTS LTD,        99.74,       101.36,-1.60
L,IND TERRAIN FASHIONS LTD,        34.53,        35.09,-1.60
L,TRF LIMITED,       291.90,       296.60,-1.58
L,20 MICRONS LTD,       217.20,       220.68,-1.58
L,BAJAJ HINDUSTHAN SUGAR LT,        18.16,        18.45,-1.57
L,DEEP INDUSTRIES LIMITED,       441.85,       448.90,-1.57
L,SALASAR TECHNO ENGG. LTD.,         8.79,         8.93,-1.57
L,TUBE INVEST OF INDIA LTD,      2565.40,      2606.20,-1.57
L,GLOBAL VEC HELICORP LTD,       196.94,       200.07,-1.56
L,SUPREME FACILITY MGMT LTD,        31.50,        32.00,-1.56
L,KRN HEAT EXCHANGE N REF L,       712.60,       723.90,-1.56
L,ZEE MEDIA CORPORATION LTD,         8.83,         8.97,-1.56
L,ANB METAL CAST LIMITED,       347.50,       353.00,-1.56
L,GARUDA CONSTRUCT N ENG L,       189.45,       192.44,-1.55
L,NARAYANA HRUDAYALAYA LTD.,      1829.90,      1858.70,-1.55
L,KHANDWALA SECURITIES LTD,        20.37,        20.69,-1.55
L,STRLNG & WIL REN ENE LTD,       209.44,       212.73,-1.55
L,JULLUNDUR MOT AGENCY LTD,        75.81,        77.00,-1.55
L,AONEAMC - AONETMMQ50,         9.57,         9.72,-1.54
L,STANDARD INDUSTRIES LTD.,        15.95,        16.20,-1.54
L,GVPTECH RE.1 PPD UP,         4.48,         4.55,-1.54
L,SANATHAN TEXTILES LIMITED,       416.35,       422.85,-1.54
L,VMART RETAIL LTD,       714.30,       725.45,-1.54
L,SUNFLAG IRON AND STEEL CO,       263.20,       267.30,-1.53
L,STOVE KRAFT LIMITED,       562.00,       570.75,-1.53
L,VIDYA WIRES LIMITED,        49.68,        50.45,-1.53
L,LLOYDS LUXURIES LIMITED,        67.75,        68.80,-1.53
L,JAIN DVR EQUITY SHARES,        27.11,        27.53,-1.53
L,HITACHI ENERGY INDIA LTD,     18110.00,     18390.00,-1.52
L,D. P. ABHUSHAN LIMITED,      1411.10,      1432.90,-1.52
L,THE INVEST TRUST OF IND L,       118.70,       120.53,-1.52
L,GSS INFOTECH LIMITED,        15.58,        15.82,-1.52
L,MAGNUM VENTURES LTD.,        22.09,        22.43,-1.52
L,GOI LOAN   7.37% 2054,       102.67,       104.25,-1.52
L,SRM CONTRACTORS LIMITED,       527.65,       535.75,-1.51
L,ALICON CASTALLOY LIMITED,       819.30,       831.80,-1.50
L,NATH BIO-GENES (I) LTD,       152.11,       154.43,-1.50
L,KAUSHALYA INFRA DEV LTD.,       859.00,       872.10,-1.50
L,P S RAJ STEELS LIMITED,       305.00,       309.65,-1.50
L,UMA CONVERTER LIMITED,        19.70,        20.00,-1.50
L,VCCL 12% 2027 SR A,     98500.00,    100000.00,-1.50
L,MOHIT INDUSTRIES LTD,        28.25,        28.68,-1.50
L,UNICHEM LABORATORIES LTD,       433.70,       440.30,-1.50
L,FEDBANK FINANCIAL SER L,       144.26,       146.44,-1.49
L,CROMPT GREA CON ELEC LTD,       251.60,       255.40,-1.49
L,SKIPPER LIMITED,       410.80,       417.00,-1.49
L,BAJAJ CONSUMER CARE LTD,       255.80,       259.65,-1.48
L,MIRAEAMC - MAGOLDETF,       130.71,       132.67,-1.48
L,TARA CHAND INFRA SOLN LTD,        75.41,        76.54,-1.48
L,OM FREIGHT FORWARDERS LTD,        94.36,        95.77,-1.47
L,DALMIA BHARAT LIMITED,      2127.70,      2159.40,-1.47
L,NEWJAISA TECHNOLOGIES LTD,        26.85,        27.25,-1.47
L,SUPREME POWER EQUIPMENT L,       191.75,       194.60,-1.46
L,AWFIS SPACE SOLUTIONS LTD,       476.80,       483.85,-1.46
L,OBEROI REALTY LIMITED,      1646.20,      1670.50,-1.45
L,BRIGHTCOM GROUP LIMITED,        10.17,        10.32,-1.45
L,STYRENIX PERFORMANCE LTD,      1967.20,      1996.20,-1.45
L,REMUS PHARMACEUTICALS L,       709.55,       720.00,-1.45
L,VIAZ TYRES LIMITED,        64.55,        65.50,-1.45
L,RAILTEL CORP OF IND LTD,       366.95,       372.35,-1.45
L,VISHWARAJ SUGAR IND LTD,         6.80,         6.90,-1.45
L,PAR DRUGS AND CHEM LTD,        99.36,       100.82,-1.45
L,CHAMUNDA ELECTRICAL LTD,        51.10,        51.85,-1.45
L,BEML LIMITED,      1832.60,      1859.40,-1.44
L,EPIGRAL LIMITED,      1234.00,      1252.00,-1.44
L,BOHRA INDUSTRIES LIMITED,        17.25,        17.50,-1.43
L,SAT KARTAR SHOPPING LTD,       141.50,       143.55,-1.43
L,GROWWAMC - GROWWNET,        10.38,        10.53,-1.42
L,RACE ECO CHAIN LIMITED,       140.50,       142.53,-1.42
L,STAR CEMENT LIMITED,       221.56,       224.75,-1.42
L,GEOJIT FINANCIAL SER L,        73.63,        74.69,-1.42
L,BANG OVERSEAS LTD.,        47.37,        48.05,-1.42
L,NTPC GREEN ENERGY LIMITED,        93.70,        95.04,-1.41
L,GOLDSTAR POWER LIMITED,         7.00,         7.10,-1.41
L,KIRLOSKAR INDUSTRIES LTD,      3144.40,      3189.30,-1.41
L,SHILPA MEDICARE LTD,       315.60,       320.10,-1.41
L,INTENSE TECHNOLOGIES LTD,       115.76,       117.41,-1.41
L,COCHIN SHIPYARD LIMITED,      1614.40,      1637.40,-1.40
L,RELIANCE CHEMOTEX IND LTD,       134.13,       136.04,-1.40
L,NITIRAJ ENGINEERS LTD,       181.95,       184.54,-1.40
L,FINOLEX CABLES LTD,       731.80,       742.20,-1.40
L,PRATHAM EPC PROJECTS LTD,       147.85,       149.95,-1.40
L,ICE MAKE REFRIGERAT LTD,       799.70,       811.05,-1.40
L,PIONEER EMBROIDERIES LTD,        28.33,        28.73,-1.39
L,TIME TECHNOPLAST LTD.,       181.34,       183.90,-1.39
L,CAPITAL INDIA FINANCE LTD,        36.96,        37.48,-1.39
L,AIRAN LIMITED,        17.79,        18.04,-1.39
L,SUZLON ENERGY LIMITED,        52.00,        52.73,-1.38
L,ASTRAZENECA PHARMA IND LT,      8918.50,      9043.50,-1.38
L,MANGALAM ORGANICS LIMITED,       482.30,       489.05,-1.38
L,KAYNES TECHNOLOGY IND LTD,      3933.00,      3988.00,-1.38
L,TORRENT POWER LTD,      1266.60,      1284.30,-1.38
L,SEQUENT SCIENTIFIC LTD.,       206.40,       209.28,-1.38
L,KALPATARU LIMITED,       337.30,       342.00,-1.37
L,THE INDIA CEMENTS LIMITED,       441.90,       448.05,-1.37
L,SECMARK CONSULTANCY LTD,       114.40,       115.99,-1.37
L,SHARE IND. SECURITIES LTD,       164.10,       166.38,-1.37
L,BHAGIRADHA CHEM & INDS L,       224.06,       227.17,-1.37
L,BLUE STAR LIMITED,      1708.00,      1731.60,-1.36
L,AMBIKA COTTON MILL LTD.,      1245.70,      1262.90,-1.36
L,KOTAKMAMC - MOMENTUM30,        30.62,        31.04,-1.35
L,MANKIND PHARMA LIMITED,      2152.50,      2182.00,-1.35
L,FOCUS LIGHTG & FIXTRS LTD,        72.99,        73.99,-1.35
L,ARCHIDPLY DECOR LIMITED,        77.73,        78.79,-1.35
L,PRESTIGE ESTATE LTD,      1569.60,      1591.00,-1.35
L,TRIVENI ENGG. & INDS. LTD,       381.85,       387.05,-1.34
L,DEEPAK BUILDERS & ENG I L,       115.34,       116.91,-1.34
L,DECCAN CEMENTS LIMITED,       738.35,       748.40,-1.34
L,JAINIK POWER CABLES LTD,       125.05,       126.75,-1.34
L,MBL INFRASTRUCTURE LTD,        32.41,        32.85,-1.34
L,SAFARI IND (INDIA) LTD,      2167.10,      2196.50,-1.34
L,ALLIED BLEND N DISTILS L,       593.45,       601.50,-1.34
L,INDIAN RENEWABLE ENERGY,       136.86,       138.71,-1.33
L,BILLIONBRAINS GARAGE VN L,       159.95,       162.11,-1.33
L,RELIGARE ENTER. LTD.,       240.73,       243.98,-1.33
L,DHUNSERI INVESTMENTS LTD,      1259.80,      1276.80,-1.33
L,UN SE RE NCD 8.55% SR.VI,      1045.91,      1060.00,-1.33
L,ORIENTAL TRIMEX LTD,         8.17,         8.28,-1.33
L,IDEAFORGE TECHNO LTD,       464.50,       470.75,-1.33
L,CAPITAL TRUST LIMITED,        13.40,        13.58,-1.33
L,ARROW GREENTECH LIMITED,       506.50,       513.30,-1.32
L,BASF INDIA LTD,      3858.80,      3910.50,-1.32
L,UNIMECH AEROSPACE N MFG L,       901.60,       913.65,-1.32
L,GANESH GREEN BHARAT LTD,       310.55,       314.70,-1.32
L,NIKITA GRENTEC RECYCL LTD,       135.00,       136.80,-1.32
L,INDIAN ENERGY EXC LTD,       132.01,       133.77,-1.32
L,TRIB BHIMJI ZAVERI LTD,       162.77,       164.94,-1.32
L,D P WIRES LIMITED,       207.25,       210.01,-1.31
L,HEUBACH COLORANTS IND LTD,       473.55,       479.85,-1.31
L,CREATIVE NEWTECH LIMITED,       718.80,       728.35,-1.31
L,POKARNA LIMITED,       804.70,       815.35,-1.31
L,2.50%GOLDBONDS2028SR-II,     14272.75,     14461.51,-1.31
L,CAPILLARY TECHNO INDIA L,       670.05,       678.90,-1.30
L,SRG HOUSING FINANCE L,       284.20,       287.95,-1.30
L,GP ECO SOLUTIONS INDIA L,       413.45,       418.90,-1.30
L,GANESHA ECOSPHERE LIMITED,       846.50,       857.65,-1.30
L,NAHAR CAP & FIN.,       254.95,       258.30,-1.30
L,BHARAT DYNAMICS LIMITED,      1454.60,      1473.70,-1.30
L,GULSHAN POLYOLS LIMITED,       136.54,       138.32,-1.29
L,TARC LIMITED,       162.00,       164.11,-1.29
L,DYNAMIC SRVCS & SEC LTD,       127.15,       128.80,-1.28
L,THE WESTERN INDIA PLY LTD,       148.03,       149.95,-1.28
L,JKUMAR INFR.LTD.,       575.60,       583.00,-1.27
L,LA OPALA RG LIMITED,       200.81,       203.39,-1.27
L,DILIGENT MEDIA CORP LTD.,         3.90,         3.95,-1.27
L,STUDDS ACCESSORIES LTD,       529.90,       536.65,-1.26
L,CARBORUNDUM UNIVERSAL LTD,       828.50,       839.05,-1.26
L,SPORTKING INDIA LIMITED,        86.42,        87.52,-1.26
L,BLUESTONE JEWEL LFSTL LTD,       475.35,       481.40,-1.26
L,TRUST FINTECH LIMITED,        47.15,        47.75,-1.26
L,ADITYA BIRLA FASHION & RT,        76.02,        76.98,-1.25
L,AVP INFRACON LIMITED,       118.85,       120.35,-1.25
L,ZENITH STEEL PIP IND LTD,         7.14,         7.23,-1.24
L,360ONEAMC - GOLD360,       131.30,       132.95,-1.24
L,AARTI SURFACTANTS LIMITED,       386.35,       391.20,-1.24
L,VISHNU CHEMICALS LIMITED,       542.05,       548.85,-1.24
L,JEENA SIKHO LIFECARE LTD,       685.85,       694.45,-1.24
L,APTECH LIMITED,        91.74,        92.89,-1.24
L,WONDERLA HOLIDAYS LTD.,       514.85,       521.30,-1.24
L,MACPOWER CNC MACHINES LTD,      1008.65,      1021.25,-1.23
L,TRACXN TECHNOLOGIES LTD,        39.25,        39.74,-1.23
L,SRF LTD,      3038.30,      3075.90,-1.22
L,GOPAL SNACKS LIMITED,       311.55,       315.40,-1.22
L,SHARP CHUCKS N MACHINES L,       141.75,       143.50,-1.22
L,RELCAPAMC-NETFSDL26,       136.19,       137.87,-1.22
L,HSG & URBAN DEV CORPN LTD,       223.99,       226.75,-1.22
L,ACCURACY SHIPPING LIMITED,         5.70,         5.77,-1.21
L,MSTC LIMITED,       513.95,       520.25,-1.21
L,LEAD REC AND RUB PROD LTD,        73.60,        74.50,-1.21
L,TVS SRICHAKRA LIMITED,      4130.70,      4181.10,-1.21
L,AMARA RAJA ENERGY MOB LTD,       894.90,       905.80,-1.20
L,C.E. INFO SYSTEMS LIMITED,      1693.40,      1714.00,-1.20
L,FINEOTEX CHEMICAL LIMITED,        24.68,        24.98,-1.20
L,MUSIC BROADCAST LIMITED,         6.61,         6.69,-1.20
L,SWAN CORP LIMITED,       471.15,       476.85,-1.20
L,CONTROL PRINT LIMITED,       682.25,       690.50,-1.19
L,CMS INFO SYSTEMS LIMITED,       339.15,       343.25,-1.19
L,KROSS LIMITED,       184.52,       186.75,-1.19
L,AEGIS LOGISTICS LIMITED,       703.70,       712.20,-1.19
L,DIGISPICE TECHNOLOGIES LT,        23.19,        23.47,-1.19
L,CCL PRODUCTS (I) LTD,       947.80,       959.20,-1.19
L,GATEWAY DISTRIPARKS LTD,        59.04,        59.75,-1.19
L,ELECON ENG. CO. LTD,       470.20,       475.85,-1.19
L,D-LINK INDIA LTD,       417.30,       422.30,-1.18
L,B&B TRIPLEWALL CONT LTD,       188.65,       190.91,-1.18
L,RHI MAGNESITA INDIA LTD,       444.00,       449.30,-1.18
L,SJS ENTERPRISES LIMITED,      1714.00,      1734.40,-1.18
L,HINDWARE HME INOVATON LTD,       264.70,       267.85,-1.18
L,INOX GREEN ENERGY SER LTD,       207.02,       209.48,-1.17
L,VESUVIUS INDIA LTD,       471.85,       477.45,-1.17
L,PONNIE SUGARS (ERODE) LTD,       261.85,       264.95,-1.17
L,ZEE ENTERTAINMENT ENT LTD,        89.68,        90.74,-1.17
L,SURAJ LIMITED,       250.00,       252.95,-1.17
L,CARE RATINGS LIMITED,      1586.50,      1605.20,-1.16
L,GOKUL AGRO RESOURCES LTD,       176.00,       178.07,-1.16
L,MANAKSIA LTD.,        62.98,        63.72,-1.16
L,AFFORD ROBO & AUTO LTD,       201.96,       204.33,-1.16
L,JUBILANT PHARMOVA LTD,      1040.80,      1053.00,-1.16
L,BHADORA INDUSTRIES LTD,        77.10,        78.00,-1.15
L,DHANLAXMI CROP SCIENCE L,        30.00,        30.35,-1.15
L,BHANSALI ENG. POLYMERS LT,        88.34,        89.37,-1.15
L,AUROBINDO PHARMA LTD,      1186.30,      1200.10,-1.15
L,HATSUN AGRO PRODUCT LTD.,       954.70,       965.80,-1.15
L,TBI CORN LIMITED,        86.05,        87.05,-1.15
L,SEC RE NCD 7.90% STRPP C,       420.12,       425.00,-1.15
L,BEST AGROLIFE LIMITED,       383.35,       387.80,-1.15
L,NLC INDIA LIMITED,       253.46,       256.40,-1.15
L,LG ELECTRONICS INDIA LTD,      1529.80,      1547.50,-1.14
L,CAREER POINT EDUTECH LTD,       250.70,       253.60,-1.14
L,HINDUSTAN PETROLEUM CORP,       468.75,       474.15,-1.14
L,ACCRETION PHARMA LIMITED,        87.00,        88.00,-1.14
L,BLACK BOX LIMITED,       549.00,       555.30,-1.13
L,SUNDRAM FASTENERS LTD,       922.30,       932.85,-1.13
L,TATA INVESTMENT CORP LTD,       691.35,       699.25,-1.13
L,GUJ IND POW CO. LTD,       154.59,       156.35,-1.13
L,MARAL OVERSEAS LTD,        43.11,        43.60,-1.12
L,MINDSPACE BUSINESS P REIT,       469.57,       474.90,-1.12
L,GROWWAMC - GROWWSLVR,       224.68,       227.23,-1.12
L,EXIDE INDUSTRIES LTD,       357.85,       361.90,-1.12
L,MANGAL CREDIT N FINCORP L,       164.55,       166.41,-1.12
L,RATTANINDIA ENT LIMITED,        40.36,        40.81,-1.10
L,BCL INDUSTRIES LIMITED,        31.44,        31.79,-1.10
L,ONE 97 COMMUNICATIONS LTD,      1294.60,      1309.00,-1.10
L,VEDANT FASHIONS LIMITED,       576.35,       582.75,-1.10
L,VINSYS IT SERVICES IND LT,       360.40,       364.40,-1.10
L,CYIENT LIMITED,      1092.90,      1105.00,-1.10
L,VIRTUAL GALAXY INFOTECH L,       150.60,       152.25,-1.08
L,NINTEC SYSTEMS LIMITED,       397.50,       401.85,-1.08
L,TTK PRESTIGE LTD,       612.45,       619.15,-1.08
L,VISHAL MEGA MART LIMITED,       134.85,       136.32,-1.08
L,AARTI DRUGS LTD.,       409.55,       414.00,-1.07
L,PATEL RETAIL LIMITED,       198.00,       200.15,-1.07
L,RAMCO SYSTEMS LTD.,       576.55,       582.80,-1.07
L,AKME FINTRADE (INDIA) LTD,         6.46,         6.53,-1.07
L,DURLAX TOP SURFACE LTD,        41.55,        42.00,-1.07
L,PHYSICSWALLAH LIMITED,       129.39,       130.79,-1.07
L,2.5%GOLDBONDS2029SR-VII,     14541.00,     14698.00,-1.07
L,EMS LIMITED,       416.80,       421.30,-1.07
L,PARK MEDI WORLD LIMITED,       147.28,       148.87,-1.07
L,SUNTECK REALTY LIMITED,       398.95,       403.25,-1.07
L,RPSG VENTURES LIMITED,       747.20,       755.25,-1.07
L,INDBANK MERCH BANK,        34.52,        34.89,-1.06
L,RESPONSIVE INDUSTRIES LTD,       202.57,       204.74,-1.06
L,GALAXY SURFACTANTS LTD,      2038.20,      2060.00,-1.06
L,BAID FINSERV LIMITED,        11.22,        11.34,-1.06
L,MIRAEAMC - INTERNET,        14.03,        14.18,-1.06
L,ORIENT PAPER AND INDS LTD,        22.45,        22.69,-1.06
L,MIRZA INTERNATIONAL LIMIT,        36.62,        37.01,-1.05
L,MADHUSUDAN MASALA LIMITED,       131.70,       133.10,-1.05
L,RAJRATAN GLOBAL WIRE LTD,       442.55,       447.25,-1.05
L,GROWWAMC - GROWWDEFNC,        76.45,        77.26,-1.05
L,APOLLO MICRO SYSTEMS LTD,       259.85,       262.60,-1.05
L,TARMAT LIMITED,        51.09,        51.63,-1.05
L,POWERGRID INFRA. INVITS,        88.97,        89.91,-1.05
L,DRONE DESTINATION LIMITED,        66.35,        67.05,-1.04
L,RAMKRISHNA FORGINGS LTD,       507.55,       512.90,-1.04
L,GHCL LIMITED,       550.35,       556.15,-1.04
L,TECHNOCRAFT IND LTD,      2233.20,      2256.70,-1.04
L,PRIMO CHEMICALS LIMITED,        23.79,        24.04,-1.04
L,VOLTAMP TRANSFORMERS LTD,      7685.50,      7765.50,-1.03
L,DHAMPUR SUGAR MILLS LTD.,       123.09,       124.37,-1.03
L,TILAKNAGAR INDUSTRIES LTD,       447.30,       451.95,-1.03
L,2.50%GOLDBONDS2028SR-VII,     14396.21,     14545.68,-1.03
L,ENERGY MISSION MACH IND L,       188.00,       189.95,-1.03
L,KOTAKMAMC - NIFTY100EW,        33.91,        34.26,-1.02
L,MARCO CABLE & CONDUCTOR L,        38.80,        39.20,-1.02
L,SRIVASAVI ADHESIVE TAPE L,        48.50,        49.00,-1.02
L,GROWWAMC - GROWWRLTY,         9.72,         9.82,-1.02
L,ASIAN ENERGY SERVICES LTD,       277.85,       280.70,-1.02
L,RAYMOND LIFESTYLE LIMITED,       988.90,       999.00,-1.01
L,RAJDARSHAN INDUSTRIES LTD,        45.05,        45.51,-1.01
L,DEEPAK NITRITE LTD,      1734.30,      1752.00,-1.01
L,BODAL CHEMICALS LTD,        53.06,        53.60,-1.01
L,GODREJ PROPERTIES LTD,      1977.70,      1997.80,-1.01
L,ARIHANT CAPITAL MKTS LTD,        89.55,        90.46,-1.01
L,JUSTDIAL LTD.,       716.60,       723.85,-1.00
L,GOI LOAN 8.32% 2032,       112.71,       113.85,-1.00
L,IND MOTOR PART & ACC LTD,      1030.30,      1040.70,-1.00
L,AEROFLEX INDUSTRIES LTD,       196.23,       198.21,-1.00
L,GOI LOAN  6.68% 2040,       100.14,       101.15,-1.00
L,VARROC ENGINEERING LTD.,       588.70,       594.60,-0.99
L,CIGNITI TECHNOLOGIES LTD,      1637.30,      1653.70,-0.99
L,INDO-NATIONAL LIMITED,       400.05,       404.05,-0.99
L,PRIME SECURITIES LIMITED,       275.95,       278.70,-0.99
L,FABTECH TECHNOLOGIES LTD,       198.07,       200.04,-0.98
L,FRESHARA AGRO EXPORTS LTD,       176.00,       177.75,-0.98
L,GREAVES COTTON LTD.,       189.08,       190.96,-0.98
L,MAN INDUSTRIES (I) LTD.,       382.30,       386.10,-0.98
L,UCL 10.50% SR V,      1005.03,      1015.00,-0.98
L,SREE RAYALSEEMA HHP LTD.,       509.80,       514.85,-0.98
L,BHARAT RASAYAN LTD,      2224.00,      2246.00,-0.98
L,BRIGADE ENTER. LTD,       870.20,       878.80,-0.98
L,ALPHAGEO (INDIA) LIMITED,       221.67,       223.86,-0.98
L,LAXMI ORGANIC INDUS LTD,       166.29,       167.93,-0.98
L,UTTAM SUGAR MILLS LTD.,       251.93,       254.40,-0.97
L,2.50%GOLDBONDS2028SR-VI,     14350.39,     14490.96,-0.97
L,SUBEX LTD,        11.28,        11.39,-0.97
L,NAHAR INDS ENT LTD,       109.75,       110.82,-0.97
L,KAMAT HOTELS (I) LTD,       232.30,       234.56,-0.96
L,IOL CHEM AND PHARMA LTD,        80.21,        80.99,-0.96
L,PUDUMJEE PAPER PRO. LTD,        92.59,        93.49,-0.96
L,2.50%GOLDBONDS2028SR-IV,     14323.10,     14461.65,-0.96
L,MAX FINANCIAL SERV LTD,      1634.40,      1650.20,-0.96
L,DYNAMATIC TECHNOLOGIES,      9415.00,      9506.00,-0.96
L,ADITYA BIRLA REAL EST LTD,      1634.80,      1650.60,-0.96
L,2.5%GOLDBONDS2029SR-I,     14514.40,     14654.46,-0.96
L,CHOLAMANDALAM FIN HOL LTD,      1825.80,      1843.40,-0.95
L,RAJOO ENGINEERS LIMITED,        63.29,        63.90,-0.95
L,HEALTHCARE GLOB. ENT. LTD,       664.95,       671.35,-0.95
L,B.A.G FILMS AND MEDIA LTD,         6.24,         6.30,-0.95
L,MIRAEAMC - SMALLCAP,        43.70,        44.12,-0.95
L,SIL INVESTMENTS LIMITED,       512.35,       517.25,-0.95
L,SPP POLYMER LIMITED,        15.70,        15.85,-0.95
L,PDS LIMITED,       371.65,       375.20,-0.95
L,DHRUV CONSULTANCY SER LTD,        47.17,        47.62,-0.94
L,MIRAEAMC - MIDSMALL,        47.30,        47.75,-0.94
L,VALOR ESTATE LIMITED,       116.69,       117.80,-0.94
L,JUBILANT FOODWORKS LTD,       558.30,       563.60,-0.94
L,YATHARTH HOSP & TRA C S L,       676.00,       682.40,-0.94
L,AKSH OPTIFIBRE LIMITED,         6.34,         6.40,-0.94
L,MAHANAGAR GAS LTD.,      1111.30,      1121.80,-0.94
L,VARDHMAN TEXTILES LIMITED,       439.35,       443.50,-0.94
L,SEC RE NCD 7.90% STRPP B,       311.00,       313.93,-0.93
L,WESTLIFE FOODWORLD LTD,       536.80,       541.85,-0.93
L,BTRFLY GANDHI APPL LTD,       639.45,       645.45,-0.93
L,LINC LIMITED,       109.88,       110.91,-0.93
L,KEI INDUSTRIES LTD.,      4352.50,      4393.10,-0.92
L,COHANCE LIFESCIENCES LTD,       527.50,       532.40,-0.92
L,GROWWAMC - GROWWCAPM,         9.69,         9.78,-0.92
L,SHIGAN QUANTUM TECH LTD,        43.10,        43.50,-0.92
L,PATIL AUTOMATION LIMITED,       178.00,       179.65,-0.92
L,KALYAN JEWELLERS IND LTD,       481.85,       486.30,-0.92
L,CORDS CABLE INDUS LTD.,       183.03,       184.72,-0.91
L,URJA GLOBAL LIMITED,        10.84,        10.94,-0.91
L,ACTION CONST EQUIP LTD,       925.25,       933.75,-0.91
L,SEC RE NCD 10.03% SR X,       984.00,       993.00,-0.91
L,FINO PAYMENTS BANK LTD,       257.25,       259.60,-0.91
L,IFB INDUSTRIES LTD,      1557.50,      1571.70,-0.90
L,BARAK VALLEY CEM. LTD.,        43.97,        44.37,-0.90
L,SCL 9.65% 2030 SR VII,       990.00,       999.00,-0.90
L,ZERODHAAMC - SILVERCASE,        23.10,        23.31,-0.90
L,ELEGANZ INTERIORS LIMITED,        99.10,       100.00,-0.90
L,RATNAVEER PRECISION ENG L,       150.05,       151.41,-0.90
L,PIRAMAL PHARMA LIMITED,       171.30,       172.85,-0.90
L,RAINBOW CHILDRENS MED LTD,      1318.10,      1330.00,-0.89
L,SPML INFRA LIMITED,       170.62,       172.16,-0.89
L,RUBFILA INTERNATIONAL LTD,        73.19,        73.85,-0.89
L,AUTOLINE INDUSTRIES LTD,        79.92,        80.64,-0.89
L,IVP LTD,       144.64,       145.94,-0.89
L,PREMIER EXPLOSIVES LTD,       518.30,       522.95,-0.89
L,CANARA ROBECO AMC LIMITED,       308.20,       310.95,-0.88
L,SONA MACHINERY LIMITED,        45.00,        45.40,-0.88
L,2.5%GOLDBONDS2028SR-III,     14303.89,     14430.73,-0.88
L,APEX FROZEN FOODS LIMITED,       270.75,       273.15,-0.88
L,TEJAS NETWORKS LIMITED,       451.45,       455.45,-0.88
L,ARVIND FASHIONS LIMITED,       508.25,       512.75,-0.88
L,WANBURY LIMITED,       231.60,       233.65,-0.88
L,KELLTON TECH SOL LTD,        18.09,        18.25,-0.88
L,SEC RE NCD 10% SR. V,      1010.10,      1019.00,-0.87
L,SOLARA ACTIVE PHA SCI LTD,       551.15,       556.00,-0.87
L,GTL LTD,         7.98,         8.05,-0.87
L,JINDAL DRILLING IND. LTD,       559.35,       564.25,-0.87
L,MANOJ VAIBHAV GEM N JEW L,       181.18,       182.76,-0.86
L,SUPER SPINNING MILLS LTD,         8.05,         8.12,-0.86
L,JHS SVENDGAARD RETAIL V L,        24.20,        24.41,-0.86
L,ASTRAL LIMITED,      1360.30,      1372.00,-0.85
L,COMPUCOM SOFTWARE LTD,        16.28,        16.42,-0.85
L,LAXMI COTSPIN LIMITED,        18.62,        18.78,-0.85
L,WELSPUN ENTERPRISES LTD.,       500.45,       504.75,-0.85
L,THE RAMCO CEMENTS LIMITED,      1048.00,      1057.00,-0.85
L,ENGINEERS INDIA LTD,       199.50,       201.21,-0.85
L,TIPS FILMS LIMITED,       414.70,       418.25,-0.85
L,SPENCER S RETAIL LIMITED,        40.91,        41.26,-0.85
L,SHEELA FOAM LIMITED,       578.80,       583.75,-0.85
L,RAMDEVBABA SOLVENT LTD,        94.00,        94.80,-0.84
L,PNC INFRATECH LTD.,       245.60,       247.69,-0.84
L,SINTERCOM INDIA LIMITED,       101.10,       101.96,-0.84
L,EDELWEISS FIN SERV LTD,       107.12,       108.03,-0.84
L,ONE POINT ONE SOL LTD,        56.66,        57.14,-0.84
L,VIMTA LABS LIMITED,       596.65,       601.70,-0.84
L,ORACLE FIN SERV SOFT LTD.,      7626.50,      7691.00,-0.84
L,EUREKA FORBES LIMITED,       609.20,       614.35,-0.84
L,DANGEE DUMS LIMITED,         3.55,         3.58,-0.84
L,NOVA AGRITECH LIMITED,        37.95,        38.27,-0.84
L,UNITED BREWERIES LTD,      1606.60,      1620.10,-0.83
L,THE ANUP ENGINEERING LTD,      2227.90,      2246.60,-0.83
L,AUTOMOTIVE STAMPINGS & AS,       472.05,       476.00,-0.83
L,FELIX INDUSTRIES LTD.,       155.40,       156.70,-0.83
L,NATURAL CAPSULES LIMITED,       168.79,       170.20,-0.83
L,MONEYBOXX FINANCE LIMITED,        62.50,        63.02,-0.83
L,WINDSOR MACHINES LIMITED,       271.05,       273.30,-0.82
L,MIRAEAMC - ITETF,        39.77,        40.10,-0.82
L,UNIPARTS INDIA LIMITED,       477.45,       481.40,-0.82
L,PICCADILY AGRO INDUSTRI L,       544.40,       548.90,-0.82
L,EMCURE PHARMACEUTICALS L,      1392.50,      1404.00,-0.82
L,MADHUCON PROJECTS LTD.,         6.06,         6.11,-0.82
L,JAIPRAKASH POWER VEN. LTD,        16.97,        17.11,-0.82
L,2.50%GOLDBONDS2029SR-XII,     14385.46,     14504.01,-0.82
L,PSP PROJECTS LIMITED,       851.55,       858.55,-0.82
L,ROLLATAINERS LIMITED,         1.22,         1.23,-0.81
L,ENVIROTECH SYSTEMS LTD,       122.00,       123.00,-0.81
L,MEDICAMEN BIOTECH LIMITED,       359.95,       362.90,-0.81
L,MTAR TECHNOLOGIES LIMITED,      2367.90,      2387.30,-0.81
L,AAVAS FINANCIERS LIMITED,      1466.00,      1478.00,-0.81
L,THIRUMALAI CHEMICALS LTD,       234.04,       235.95,-0.81
L,KOTAKMAMC - KOTAKMID50,       173.13,       174.54,-0.81
L,ASTRON PAPER BORD MIL LTD,         6.14,         6.19,-0.81
L,COLGATE PALMOLIVE LTD.,      2053.40,      2070.10,-0.81
L,ABHA POWER N STEEL LTD,        36.95,        37.25,-0.81
L,CASTROL INDIA LIMITED,       188.65,       190.18,-0.80
L,HINDCON CHEMICALS LIMITED,        27.20,        27.42,-0.80
L,COMPUTER AGE MNGT SER LTD,       731.80,       737.70,-0.80
L,TIMKEN INDIA LTD.,      2957.20,      2981.00,-0.80
L,RACHANA INFRA LTD,        37.40,        37.70,-0.80
L,VINNY OVERSEAS LIMITED,         1.25,         1.26,-0.79
L,TRUALT BIOENERGY LIMITED,       396.10,       399.25,-0.79
L,GRANULES INDIA LIMITED,       598.40,       603.15,-0.79
L,WALCHANDNAGAR INDUSTRIES,       185.24,       186.71,-0.79
L,DISHMAN CARBO AMCIS LTD,       243.41,       245.34,-0.79
L,CHALET HOTELS LIMITED,       864.55,       871.40,-0.79
L,KHAITAN CHEM & FERT LTD,        77.14,        77.75,-0.78
L,PLASTIBLENDS INDIA LTD,       162.33,       163.61,-0.78
L,PRECISION METALIKS LTD,        12.70,        12.80,-0.78
L,HIMATSINGKA SEIDE LTD,       113.16,       114.05,-0.78
L,NORTHERN ARC CAPITAL LTD,       248.30,       250.25,-0.78
L,ABBOTT INDIA LIMITED,     28680.00,     28905.00,-0.78
L,MOTILALAMC - MODEFENCE,        84.19,        84.85,-0.78
L,PURAVANKARA LIMITED,       238.57,       240.44,-0.78
L,TAMILNADU TELECOMMUNICATI,        10.23,        10.31,-0.78
L,KNOWLEDGE REALTY TRUST,       122.77,       123.73,-0.78
L,POWER MECH PROJECTS LTD.,      2277.10,      2294.90,-0.78
L,DEVYANI INTERNATIONAL LTD,       142.22,       143.33,-0.77
L,SIS LIMITED,       333.60,       336.20,-0.77
L,EPPELTONE ENGINEERS LTD,       205.50,       207.10,-0.77
L,SBI CARDS & PAY SER LTD,       843.40,       849.95,-0.77
L,TIL LTD,       270.45,       272.55,-0.77
L,FOSECO INDIA LTD,      4894.50,      4932.50,-0.77
L,ALBERT DAVID LIMITED,       734.20,       739.90,-0.77
L,SPUNWEB NONWOVEN LIMITED,       135.30,       136.35,-0.77
L,RALLIS INDIA LTD,       277.65,       279.80,-0.77
L,LMW LIMITED,     14727.00,     14841.00,-0.77
L,HEMISPHERE PROP IND LTD,       135.75,       136.80,-0.77
L,TRAVEL FOOD SERVICES LTD,      1152.60,      1161.50,-0.77
L,SUTLEJ TEXT & INDUS LTD,        32.48,        32.73,-0.76
L,BMW VENTURES LIMITED,        57.29,        57.73,-0.76
L,EMAMI LIMITED,       528.15,       532.20,-0.76
L,BHANDARI HOSIERY EXP LTD,         3.92,         3.95,-0.76
L,DIXON TECHNO (INDIA) LTD,     11767.00,     11857.00,-0.76
L,WORTH PERIPHERALS LIMITED,       138.89,       139.95,-0.76
L,REPRO INDIA LIMITED,       465.50,       469.05,-0.76
L,ASHOKA BUILDCON LTD,       166.75,       168.02,-0.76
L,GROWWAMC - GROWWMOM50,        10.53,        10.61,-0.75
L,MOTILALAMC - MOCAPITAL,        46.13,        46.48,-0.75
L,TRANS & RECTI. LTD,       283.50,       285.65,-0.75
L,UTKARSH SMALL FIN BANK L,        14.51,        14.62,-0.75
L,LICNAMC - LICNFESGP,       947.15,       954.33,-0.75
L,TAJ GVK HOTELS & RESORTS,       429.35,       432.60,-0.75
L,IGARASHI MOTORS INDIA LTD,       430.90,       434.15,-0.75
L,PTC INDIA FIN SERV LTD,        33.16,        33.41,-0.75
L,ECOS (INDIA) MOB & HOSP L,       198.04,       199.53,-0.75
L,INFOBEANS TECHNO. LTD.,       786.00,       791.90,-0.75
L,HDFCAMC - HDFCNIFIT,        40.05,        40.35,-0.74
L,RUPA & COMPANY LTD,       157.71,       158.89,-0.74
L,PARKHOTELS,       132.63,       133.62,-0.74
L,IRCON INTERNATIONAL LTD,       171.49,       172.77,-0.74
L,SG FINSERVE LIMITED,       395.80,       398.75,-0.74
L,CANARA HSBC LIFE INS CO L,       149.02,       150.13,-0.74
L,ICICIPRAMC - ICICITECH,        41.66,        41.97,-0.74
L,G R INFRAPROJECTS LIMITED,       994.70,      1002.10,-0.74
L,SBIAMC - SBIETFIT,       416.85,       419.95,-0.74
L,ROBUST HOTELS LIMITED,       175.14,       176.44,-0.74
L,ITI LTD,       310.25,       312.55,-0.74
L,IVALUE INFOSOLUTIONS LTD,       263.85,       265.80,-0.73
L,MOTILALAMC - MOIPO,        46.14,        46.48,-0.73
L,KRISHCA STRAPPING SLTN L,       190.00,       191.40,-0.73
L,LINDE INDIA LIMITED,      5905.00,      5948.50,-0.73
L,PERSISTENT SYSTEMS LTD,      6183.00,      6228.50,-0.73
L,BLISS GVS PHARMA LTD,       162.41,       163.60,-0.73
L,SHEETAL COOL PRODUCTS LTD,       307.41,       309.66,-0.73
L,IRIS CLOTHINGS LIMITED,        36.89,        37.16,-0.73
L,OBSC PERFECTION LIMITED,       301.00,       303.20,-0.73
L,IRIS REGTECH SOLUTION LTD,       295.30,       297.45,-0.72
L,KITEX GARMENTS LTD,       180.07,       181.38,-0.72
L,3I INFOTECH LIMITED,        16.55,        16.67,-0.72
L,RAJSHREE SUGAR & CHEMICAL,        34.50,        34.75,-0.72
L,RELAXO FOOT LTD.,       400.40,       403.30,-0.72
L,AMRUTAJAN HEALTH LTD,       670.05,       674.90,-0.72
L,MOTILALAMC - MOREALTY,        87.08,        87.71,-0.72
L,TGB BANQUETS&HOTELS LTD,         9.69,         9.76,-0.72
L,DELHIVERY LIMITED,       402.30,       405.20,-0.72
L,KANORIA CHEMICALS & INDUS,        76.30,        76.85,-0.72
L,SHIVALIK BIMETAL CON. LTD,       424.95,       428.00,-0.71
L,SBIAMC - SBIETFQLTY,       229.41,       231.05,-0.71
L,HDFCAMC - HDFCBSE500,        37.79,        38.06,-0.71
L,CEMINDIA PROJECTS LIMITED,       772.60,       778.10,-0.71
L,CHANDAN HEALTHCARE LTD,       316.75,       319.00,-0.71
L,RUBICON RESEARCH LIMITED,       662.70,       667.40,-0.70
L,JUBILANT AGRI N CON PRO L,      2299.80,      2316.00,-0.70
L,INDRAPRASTHA MEDICAL CORP,       442.55,       445.65,-0.70
L,KARMA ENERGY LIMITED,        48.59,        48.93,-0.69
L,JITF INFRALOGISTICS LTD,       271.90,       273.80,-0.69
L,EVEREADY INDS. IND.  LTD.,       322.65,       324.90,-0.69
L,SOLEX ENERGY LIMITED,      1233.40,      1242.00,-0.69
L,2.50%GOLDBONDS2030SR-II,     15118.59,     15224.00,-0.69
L,LE TRAVENUES TECHNOLOGY L,       251.20,       252.95,-0.69
L,ROX HI TECH LIMITED,        43.20,        43.50,-0.69
L,CRIZAC LIMITED,       282.50,       284.45,-0.69
L,KAKATIYA CEM SUGAR &IND L,       128.98,       129.87,-0.69
L,ALOK INDUSTRIES LIMITED,        15.96,        16.07,-0.68
L,UTI ASSET MNGMT CO LTD,      1103.10,      1110.70,-0.68
L,2.50%GOLDBONDS2026SR-III,     14798.20,     14900.00,-0.68
L,ASSO ALCOHOLS & BREW LTD,       946.20,       952.70,-0.68
L,CENTUM ELECTRONICS LTD,      2330.10,      2346.10,-0.68
L,DALMIA BHARAT SUG IN LTD,       293.95,       295.95,-0.68
L,PRITI INTERNATIONAL LTD,        58.84,        59.24,-0.68
L,TALBROS AUTO. COMP. LTD,       273.30,       275.15,-0.67
L,SOBHA LIMITED,      1458.60,      1468.40,-0.67
L,G-TEC JAINX EDUCATION LTD,        23.90,        24.06,-0.67
L,SEC RED NCD SR.X,      1797.00,      1809.00,-0.66
L,CALSOFT RS.2.50 PPD UP,         4.50,         4.53,-0.66
L,ICICI PRUDENTIAL AMC LTD,      2641.30,      2658.90,-0.66
L,SHREE RAMA NEWSPRINT LTD,        31.66,        31.87,-0.66
L,INTEGRA ESSENTIA LIMITED,         1.51,         1.52,-0.66
L,UNSEC RE NCD 0% SR.III,      1480.20,      1490.00,-0.66
L,PFIZER LTD,      4926.60,      4959.20,-0.66
L,KIRLOSKAR PNEUMATIC COM L,      1029.20,      1036.00,-0.66
L,ALKEM LABORATORIES LTD.,      5469.00,      5505.00,-0.65
L,ZODIAC CLOTHING CO. LTD.,        85.20,        85.76,-0.65
L,HDFCAMC - HDFCSILVER,       219.21,       220.65,-0.65
L,NUVAMA WEALTH MANAGE LTD,      1451.50,      1461.00,-0.65
L,E FACTOR EXPERIENCES LTD,       337.00,       339.20,-0.65
L,UTIAMC-GILT10BETA,        26.06,        26.23,-0.65
L,ANMOL INDIA LIMITED,        13.87,        13.96,-0.64
L,KOTAKMAMC - KOTAKIT,        41.68,        41.95,-0.64
L,ENDURANCE TECHNO. LTD.,      2564.20,      2580.80,-0.64
L,HDFC AMC LIMITED,      2630.20,      2647.20,-0.64
L,SHIPPING CORP OF ILA LTD,        46.43,        46.73,-0.64
L,BSL LTD,       153.30,       154.29,-0.64
L,PLATINUM INDUSTRIES LTD,       248.25,       249.85,-0.64
L,PARAS DEF AND SPCE TECH L,       679.90,       684.25,-0.64
L,AVG LOGISTICS LIMITED,       175.53,       176.65,-0.63
L,BANSAL WIRE INDUSTRIES L,       305.85,       307.80,-0.63
L,HARDWYN INDIA LIMITED,        17.27,        17.38,-0.63
L,CHAMBAL FERTILIZERS LTD,       472.15,       475.15,-0.63
L,MEDPLUS HEALTH SERV LTD,       805.60,       810.70,-0.63
L,GROWWAMC - GROWWSC250,         9.48,         9.54,-0.63
L,2.50%GOLDBONDS2028SR-X,     14429.58,     14520.76,-0.63
L,EMMBI INDUSTRIES LIMITED,        96.76,        97.37,-0.63
L,PREMIER ENERGIES LIMITED,       852.05,       857.40,-0.62
L,SDL GJ 7.55% 2031,        99.00,        99.62,-0.62
L,BANDHANAMC - GOLDBND,       134.39,       135.23,-0.62
L,INTERARCH BLDNG SOLTN LTD,      2308.90,      2323.30,-0.62
L,MONOLITHISCH INDIA LTD,       503.35,       506.45,-0.61
L,BELRISE INDUSTRIES LTD,       181.74,       182.85,-0.61
L,VARDHMAN SPC STEEL LTD,       278.75,       280.45,-0.61
L,NIPPON L I A M LTD,       862.85,       868.10,-0.60
L,WESTERN CARRIERS (IND) L,       120.04,       120.77,-0.60
L,DR AGARWALS HEALTH CARE L,       502.50,       505.55,-0.60
L,HITECH CORPORATION LTD,       168.66,       169.68,-0.60
L,JK PAPER LIMITED,       356.15,       358.30,-0.60
L,HOME FIRST FIN CO IND LTD,      1103.90,      1110.50,-0.59
L,DWARIKESH SUGAR IND LTD,        36.90,        37.12,-0.59
L,UTIAMC-ITBETA,       395.40,       397.75,-0.59
L,MPHASIS LIMITED,      2795.70,      2812.30,-0.59
L,KOTAKMAMC - CHEMICAL,        28.81,        28.98,-0.59
L,CP CAPITAL LIMITED,       110.22,       110.87,-0.59
L,KOTAKMAMC - KOTAKSILVE,       222.20,       223.51,-0.59
L,SAMMAAN CAPITAL LIMITED,       141.01,       141.84,-0.59
L,EXCEL INDUSTRIES LTD,       918.65,       924.05,-0.58
L,HINDPRAKASH INDUSTRY LTD,       131.23,       132.00,-0.58
L,ACCENT MICROCELL LIMITED,       341.00,       343.00,-0.58
L,SURATWWALA BUS GROUP LTD,        35.85,        36.06,-0.58
L,MAHINDRA LOGISTIC LIMITED,       317.45,       319.30,-0.58
L,TATAAML-TATSILV,        22.31,        22.44,-0.58
L,AXISAMC - AXISTECETF,       414.16,       416.57,-0.58
L,KCP LTD,       179.76,       180.80,-0.58
L,CREATIVE EYE LIMITED,         6.97,         7.01,-0.57
L,SOFTTECH ENGINEERS LTD,       313.70,       315.50,-0.57
L,EQUITAS SMALL FIN BNK LTD,        61.00,        61.35,-0.57
L,MRS BECTORS FOOD SPE LTD,       228.30,       229.60,-0.57
L,FORTIS HEALTHCARE LTD,       878.80,       883.80,-0.57
L,VIKAS LIFECARE LIMITED,         1.76,         1.77,-0.56
L,NESCO LTD.,      1198.30,      1205.10,-0.56
L,DSPAMC - FLEXIADD,        10.60,        10.66,-0.56
L,KNR CONSTRU LTD.,       166.17,       167.11,-0.56
L,ASK AUTOMOTIVE LIMITED,       469.25,       471.90,-0.56
L,K2 INFRAGEN LIMITED,        62.15,        62.50,-0.56
L,SHRI AHIMSA NATURALS LTD,       231.35,       232.65,-0.56
L,S. P. APPARELS LIMITED,       703.20,       707.15,-0.56
L,SIGACHI INDUSTRIES LTD,        32.09,        32.27,-0.56
L,SBIAMC - SBISILVER,       224.92,       226.18,-0.56
L,SHREE TIRUPATI BALAJEE,       715.00,       719.00,-0.56
L,SUMMIT SECURITIES LTD,      1931.20,      1942.00,-0.56
L,ALLIED DIGITAL SERV. LTD,       150.74,       151.58,-0.55
L,GNG ELECTRONICS LIMITED,       306.05,       307.75,-0.55
L,TAINWALA CHEMICAL AND PLA,       194.56,       195.64,-0.55
L,VIDHI SPCLTY F INGRDNTS L,       342.60,       344.50,-0.55
L,JAGSONPAL PHARMACEUTICALS,       192.97,       194.04,-0.55
L,LORENZINI APPARELS LTD,         9.02,         9.07,-0.55
L,FCS SOFTWARE SOLN. LTD.,         1.81,         1.82,-0.55
L,ACME SOLAR HOLDINGS LTD,       234.37,       235.66,-0.55
L,K M SUGAR MILLS LTD,        27.26,        27.41,-0.55
L,EASY TRIP PLANNERS LTD,         7.31,         7.35,-0.54
L,MANGAL ELECTRICAL IND L,       365.80,       367.80,-0.54
L,UNITED DRILLING TOOLS LTD,       204.37,       205.48,-0.54
L,UTIAMC-NIFTYBETA,       285.77,       287.32,-0.54
L,RATTANINDIA POWER LIMITED,         9.23,         9.28,-0.54
L,HERANBA INDUSTRIES LTD,       241.90,       243.20,-0.53
L,TEXMACO RAIL & ENG. LTD.,       135.84,       136.57,-0.53
L,GROWWAMC - GROWWRAIL,        35.38,        35.57,-0.53
L,BIRLASLAMC - HEALTHY,        14.91,        14.99,-0.53
L,SAGAR CEMENTS LIMITED,       210.81,       211.94,-0.53
L,CYIENT DLM LIMITED,       411.80,       414.00,-0.53
L,RAJPUTANA INDUSTRIES LTD,        84.50,        84.95,-0.53
L,2.5%GOLDBONDS2029SR-II,     14555.00,     14632.22,-0.53
L,IRM ENERGY LIMITED,       282.95,       284.45,-0.53
L,DSPAMC - DSPIT,        39.79,        40.00,-0.53
L,NIP IND ETF IT,        41.76,        41.98,-0.52
L,LLOYD RE.0.50 PPD UP,        39.96,        40.17,-0.52
L,THE GROB TEA COMPANY LTD,       995.00,      1000.20,-0.52
L,CITY UNION BANK LTD,       297.40,       298.95,-0.52
L,BAJAJ HEALTHCARE LIMITED,       412.60,       414.75,-0.52
L,LAGNAM SPINTEX LIMITED,        74.97,        75.36,-0.52
L,GOI LOAN 7.72% 2049,       104.01,       104.55,-0.52
L,SANOFI INDIA LIMITED,      4064.20,      4085.30,-0.52
L,ASHAPURA MINECHEM LTD,       887.35,       891.95,-0.52
L,TPL PLASTECH LIMITED,        65.63,        65.97,-0.52
L,SHRE PUSH CHEM & FERT LTD,       376.75,       378.70,-0.51
L,ADF FOODS LIMITED,       202.88,       203.93,-0.51
L,GROWWAMC - GROWWN200,        11.62,        11.68,-0.51
L,SUDARSHAN CHEMICAL INDS L,       932.10,       936.90,-0.51
L,ROCKINGDEALS CIRCU ECO L,       272.00,       273.40,-0.51
L,DIVGI TORQTRANSFER SYST L,       603.45,       606.55,-0.51
L,PROCTER & GAMBLE HEALTH L,      5651.50,      5680.50,-0.51
L,NEWGEN SOFTWARE TECH LTD,       826.25,       830.45,-0.51
L,BAYER CROPSCIENCE LTD,      4514.10,      4537.00,-0.50
L,INTL CONVEYORS LIMITED,        88.90,        89.35,-0.50
L,CREATIVE GRAPHICS S IND L,       198.00,       199.00,-0.50
L,BEML LAND ASSETS LIMITED,       206.06,       207.10,-0.50
L,PAUSHAK LIMITED,       576.15,       579.05,-0.50
L,EFC (I) LIMITED,       298.60,       300.10,-0.50
L,LLOYDS ENGG WORK LIMITED,        55.97,        56.25,-0.50
L,SALONA COTSPIN LTD.,       261.25,       262.55,-0.50
L,SYNCOM FORMU (I) LTD,        14.09,        14.16,-0.49
L,GENUS POWER INFRASTRU LTD,       291.95,       293.40,-0.49
L,2.5%GOLDBONDS2028SR-VIII,     14358.00,     14429.28,-0.49
L,ANTELOPUS SELAN ENRGY LTD,       402.95,       404.95,-0.49
L,APOLLO TYRES LTD,       494.10,       496.55,-0.49
L,OM INFRA LIMITED,        96.91,        97.39,-0.49
L,GOI LOAN  7.4% 2062,       101.00,       101.50,-0.49
L,KOTAKMAMC - MID150,        22.31,        22.42,-0.49
L,SENORES PHARMACEUTICALS L,       823.60,       827.65,-0.49
L,ALCOKRAFT DISTILLERIE LTD,        92.20,        92.65,-0.49
L,SAURASHTRA CEMENT LIMITED,        80.36,        80.75,-0.48
L,7.64% TAX FREE TRI SRIIB,      1149.33,      1154.90,-0.48
L,ESAB INDIA LTD,      6088.00,      6117.50,-0.48
L,HDFCAMC - HDFCQUAL,        59.96,        60.25,-0.48
L,AEL 0% 2030 SR VIII,      1035.00,      1040.00,-0.48
L,SMARTLINK HOLDINGS LTD,       130.41,       131.04,-0.48
L,GARWARE TECH FIBRES LTD,       695.95,       699.30,-0.48
L,SIGNPOST INDIA LIMITED,       212.34,       213.36,-0.48
L,KSH INTERNATIONAL LIMITED,       344.00,       345.65,-0.48
L,GOI LOAN  6.76% 2061,        94.35,        94.80,-0.47
L,UCAL LIMITED,       109.51,       110.03,-0.47
L,STEELCAST LIMITED,       204.70,       205.67,-0.47
L,LORDS CHLORO ALKALI LTD,       169.14,       169.94,-0.47
L,SAKUMA EXPORTS LIMITED,         2.12,         2.13,-0.47
L,RBM INFRACON LIMITED,       416.90,       418.85,-0.47
L,VINEET LABORATORIES LTD,        36.54,        36.71,-0.46
L,SPANDANA RS.5 PPD UP,       140.00,       140.65,-0.46
L,BIRLASLAMC - TECH,        40.95,        41.14,-0.46
L,EMAMI PAPER MILLS LIMITED,        86.43,        86.83,-0.46
L,EDELAMC - ECAPINSURE,        23.86,        23.97,-0.46
L,TRANSINDIA REAL ESTATE L,        28.27,        28.40,-0.46
L,SAWALIYA FOOD PRODUCTS L,       315.60,       317.05,-0.46
L,HIKAL LIMITED,       226.97,       228.01,-0.46
L,MALU PAPER MILLS LIMITED,        35.14,        35.30,-0.45
L,FUTURE MKT NETWORKS LTD,         8.80,         8.84,-0.45
L,ALEMBIC PHARMA LTD,       836.65,       840.45,-0.45
L,JANA SMALL FIN BANK LTD,       419.35,       421.25,-0.45
L,KEN ENTERPRISES LIMITED,        44.35,        44.55,-0.45
L,HDFCAMC - HDFCMID150,        22.22,        22.32,-0.45
L,GSM FOILS LIMITED,       200.10,       201.00,-0.45
L,RITCO LOGISTICS LIMITED,       267.35,       268.55,-0.45
L,AJMERA REALTY & INF I LTD,       961.40,       965.70,-0.45
L,NAHAR SPINNING MILLS LTD.,       193.53,       194.39,-0.44
L,WEWORK INDIA MANAGEMENT L,       600.15,       602.80,-0.44
L,MULTI COMMODITY EXCHANGE,     10889.00,     10937.00,-0.44
L,TARSONS PRODUCTS LIMITED,       233.88,       234.91,-0.44
L,P&G HYGIENE & HEALTH CARE,     12986.00,     13043.00,-0.44
L,SURYODAY SMALL FIN BK LTD,       139.15,       139.76,-0.44
L,SHILCHAR TECHNOLOGIES LTD,      3817.20,      3833.90,-0.44
L,TOLINS TYRES LIMITED,       130.91,       131.48,-0.43
L,KAJARIA CERAMICS LTD,       968.40,       972.60,-0.43
L,THEMIS MEDICARE LTD.,        99.33,        99.76,-0.43
L,ICICIPRAMC - ICICIINFRA,        97.18,        97.60,-0.43
L,AGI INFRA LIMITED,       254.55,       255.65,-0.43
L,RAMA STEEL TUBES LIMITED,         9.29,         9.33,-0.43
L,TEXMACO INFRA & HOLDG LTD,        99.87,       100.30,-0.43
L,2.50%GOLDBONDS2028SR-IX,     14500.10,     14562.34,-0.43
L,AVONMORE CAP&MGT SERV LTD,        18.72,        18.80,-0.43
L,SHREE RENUKA SUGARS LTD,        25.76,        25.87,-0.43
L,KALANA ISPAT LIMITED,        23.50,        23.60,-0.42
L,M AND B ENGINEERING LTD,       376.30,       377.90,-0.42
L,DATAMATICS GLOBAL SER LTD,       799.80,       803.20,-0.42
L,SEC RE NCD 10.50% SR 6,       995.00,       999.20,-0.42
L,NOCIL LIMITED,       151.93,       152.57,-0.42
L,SBIAMC - SBINEQWETF,        33.28,        33.42,-0.42
L,SCODA TUBES LIMITED,       157.01,       157.67,-0.42
L,AURUM PROPTECH LIMITED,       186.09,       186.87,-0.42
L,CEIGALL INDIA LIMITED,       268.27,       269.39,-0.42
L,DDEV PLASTIKS IND LTD,       300.55,       301.80,-0.41
L,BROOKFIELD INDIA RET,       333.60,       334.98,-0.41
L,ICICIPRAMC - ICICIQTY30,        21.86,        21.95,-0.41
L,ARTEMIS MED SERVICE LTD,       267.95,       269.05,-0.41
L,DSPAMC - MIDCAPADD,        21.99,        22.08,-0.41
L,KOTHARI SUG & CHEM LTD.,        27.02,        27.13,-0.41
L,SARASWATI SAREE DEPOT LTD,        76.84,        77.15,-0.40
L,CONNPLEX CINEMAS LIMITED,       273.80,       274.90,-0.40
L,SDL UP 7.51% 2040,        99.60,       100.00,-0.40
L,PRUDENT CORP ADV SER LTD,      2545.20,      2555.40,-0.40
L,ELGI RUBBER CO. LTD,        45.34,        45.52,-0.40
L,ICICIPRAMC - ICICIM150,        22.73,        22.82,-0.39
L,XCHANGING SOLUTIONS LTD,        81.08,        81.40,-0.39
L,INDIGO PAINTS LIMITED,      1122.50,      1126.90,-0.39
L,SIYARAM SILK MILLS LTD,       629.15,       631.60,-0.39
L,MAHA RASHTRA APEX COPR. L,       105.48,       105.89,-0.39
L,SRI LOTUS DEVLPRS N RTY L,       159.82,       160.44,-0.39
L,INDIA GLYCOLS LTD,      1006.80,      1010.70,-0.39
L,MOTILALAMC - MOQUALITY,       198.80,       199.57,-0.39
L,EDELAMC - ENIFTY,        25.89,        25.99,-0.38
L,KFIN TECHNOLOGIES LIMITED,      1092.10,      1096.30,-0.38
L,LUX INDUSTRIES LIMITED,      1094.70,      1098.90,-0.38
L,PTL ENTERPRISES LTD,        39.12,        39.27,-0.38
L,BIRLASLAMC - MOMENTUM,        31.35,        31.47,-0.38
L,KRSNAA DIAGNOSTICS LTD,       706.45,       709.15,-0.38
L,ARIHANT SUPERSTRUCT LTD,       327.70,       328.95,-0.38
L,GALA PRECISION ENG LTD,       776.65,       779.60,-0.38
L,JAY BEE LAMINATIONS LTD,       119.00,       119.45,-0.38
L,SDL JK 7.44% 2053,        98.49,        98.86,-0.37
L,HDFCAMC - HDFCLOWVOL,        21.40,        21.48,-0.37
L,SUN TV NETWORK LIMITED,       575.20,       577.35,-0.37
L,SEC RE NCD 9.39% SR.VIII,       429.40,       431.00,-0.37
L,V2 RETAIL LIMITED,      2389.20,      2398.10,-0.37
L,GREENLAM INDUSTRIES LTD.,       241.85,       242.75,-0.37
L,R R KABEL LIMITED,      1433.20,      1438.50,-0.37
L,BHARAT ROAD NETWORK LTD,        21.70,        21.78,-0.37
L,BHARTIYA INTERNATIONAL,       720.40,       723.05,-0.37
L,SEC RE NCD 7.90% STRPP A,       312.75,       313.90,-0.37
L,SASTASUNDAR VENTURES LTD,       299.95,       301.05,-0.37
L,JUPITER LIFE LINE HOSP L,      1392.80,      1397.90,-0.36
L,OMAX AUTOS LTD,       101.43,       101.80,-0.36
L,BANARAS BEADS LTD,       123.57,       124.02,-0.36
L,KODY TECHNOLAB LIMITED,       894.50,       897.75,-0.36
L,WELSPUN INV & COMM LTD,      1355.60,      1360.50,-0.36
L,VISION INFRA EQUIP SOL L,       249.05,       249.95,-0.36
L,BIRLA CORPORATION LTD,      1057.00,      1060.80,-0.36
L,2.5%GOLDBONDS2029SR-VI,     14504.11,     14556.15,-0.36
L,UMA EXPORTS LIMITED,        39.14,        39.28,-0.36
L,2.50%GOLDBONDS2029SR-IX,     14653.46,     14705.75,-0.36
L,MIRAEAMC - MAM150ETF,        22.44,        22.52,-0.36
L,APOLLO PIPES LIMITED,       294.55,       295.60,-0.36
L,COOL CAPS INDUSTRIES LTD,        70.50,        70.75,-0.35
L,REDTAPE LIMITED,       121.93,       122.36,-0.35
L,THE RUBY MILLS LTD,       221.18,       221.96,-0.35
L,N.B.I. IND. FIN. CO. LTD,      2216.00,      2223.80,-0.35
L,MURUDESHWAR CERAMICS LTD,        34.19,        34.31,-0.35
L,WEIZMANN LTD,        94.09,        94.42,-0.35
L,HARSHA ENGINEERS INT LTD,       373.25,       374.55,-0.35
L,ICICIPRAMC - ICICI10GS,       258.60,       259.50,-0.35
L,2.50%GOLDBONDS2027SR-IV,     14749.00,     14799.99,-0.34
L,PRITISH NANDY COMMUNICATI,        26.12,        26.21,-0.34
L,MUNJAL AUTO IND. LTD.,        78.40,        78.67,-0.34
L,ANTHEM BIOSCIENCES LTD,       639.45,       641.65,-0.34
L,N R VANDANA TEX IND LTD,        58.20,        58.40,-0.34
L,VIP INDUSTRIES LTD,       379.30,       380.60,-0.34
L,NALWA SONS INVESTMENT LTD,      6433.00,      6455.00,-0.34
L,MIRAEAMC - CONSUMER,        11.79,        11.83,-0.34
L,ARISINFRA SOLUTIONS LTD,       130.55,       130.99,-0.34
L,TATAAML - TNIDETF,        98.58,        98.91,-0.33
L,DUCOL ORGS AND COLOURS LT,       149.50,       150.00,-0.33
L,KEC INTL. LIMITED,       732.75,       735.20,-0.33
L,PIX TRANSMISSIONS LIMITED,      1407.20,      1411.90,-0.33
L,NORTH EAST CARRY CORP LTD,        17.98,        18.04,-0.33
L,VIPUL LIMITED,        12.01,        12.05,-0.33
L,SHANTI OVERSEAS INDIA LTD,         9.01,         9.04,-0.33
L,HDFCAMC - HDFCNIF100,        27.19,        27.28,-0.33
L,VST INDUSTRIES LTD,       256.90,       257.75,-0.33
L,RHETAN TMT LIMITED,        24.20,        24.28,-0.33
L,SHANTHI GEARS LTD,       469.95,       471.50,-0.33
L,UTIAMC-MIDCAPBETA,       222.99,       223.72,-0.33
L,VADILAL INDUSTRIES LTD,      4933.50,      4949.50,-0.32
L,GALLANTT ISPAT LIMITED,       527.50,       529.20,-0.32
L,DSPAMC - DSPQ50ETF,       244.77,       245.55,-0.32
L,MOTILALAMC - MOHEALTH,        44.04,        44.18,-0.32
L,NELCAST LIMITED,       104.06,       104.39,-0.32
L,BIRLASLAMC - NIFTYQLITY,        22.08,        22.15,-0.32
L,DMCC SPECIALITY CHEMICALS,       252.85,       253.65,-0.32
L,STL NETWORKS LIMITED,        22.16,        22.23,-0.31
L,FIVE-STAR BUS FIN LTD,       539.90,       541.60,-0.31
L,BALMER LAWRIE & CO LTD,       181.52,       182.09,-0.31
L,BELLA CASA FASH AND RET L,       366.75,       367.90,-0.31
L,HMA AGRO INDUSTRIES LTD,        28.71,        28.80,-0.31
L,ESCORTS KUBOTA LIMITED,      3710.40,      3722.00,-0.31
L,MANUGRAPH INDIA LIMITED,        16.02,        16.07,-0.31
L,2.50%GOLDBONDS2027SR-V,     14599.80,     14645.36,-0.31
L,ICICIPRAMC-ICICIFIN,        32.27,        32.37,-0.31
L,MANAPPURAM FINANCE LTD,       309.55,       310.50,-0.31
L,BLUE PEBBLE LIMITED,       114.25,       114.60,-0.31
L,MOTILALAMC - MOINFRA,        59.11,        59.29,-0.30
L,ICICI PR NIF LW VL 30 ETF,        23.02,        23.09,-0.30
L,NIP IND ETF MIDCAP 150,       227.10,       227.79,-0.30
L,DELTA CORP LIMITED,        69.18,        69.39,-0.30
L,ZERODHAAMC - SML100CASE,         9.89,         9.92,-0.30
L,TOURISM FINANCE CORP. OF,        62.87,        63.06,-0.30
L,BIRLASLAMC-ABSLPSE,         9.98,        10.01,-0.30
L,BATA INDIA LTD,       938.05,       940.85,-0.30
L,SEC RE NCD 8.42% SR.V,       988.06,       991.00,-0.30
L,GOI LOAN  7.18% 2037,       105.38,       105.69,-0.29
L,PATEL INT. LOG. LTD,        13.60,        13.64,-0.29
L,UTIAMC-SNXT50BETA,        92.68,        92.95,-0.29
L,2.50%GOLDBONDS2030SR-I,     14791.87,     14834.94,-0.29
L,GOI LOAN 7.57% 2033,       103.70,       104.00,-0.29
L,INDEGENE LIMITED,       520.70,       522.20,-0.29
L,CAPITAL SMALL FIN BANK L,       260.95,       261.70,-0.29
L,APL APOLLO TUBES LTD,      1883.20,      1888.60,-0.29
L,ONYX BIOTEC LIMITED,        35.00,        35.10,-0.28
L,MIRAEAMC - ALPHAETF,        24.72,        24.79,-0.28
L,AONEAMC - AONENIFTY,        10.62,        10.65,-0.28
L,TATA CAPITAL LIMITED,       336.65,       337.60,-0.28
L,MOTILALAMC - MOTOUR,        85.08,        85.32,-0.28
L,GOI LOAN  7.32% 2030,       103.21,       103.50,-0.28
L,CUMMINS INDIA LTD,      4389.90,      4402.20,-0.28
L,LICNAMC - LICNMFET,        28.73,        28.81,-0.28
L,MAHINDRA HOLIDAYS LTD,       305.90,       306.75,-0.28
L,ARCHIES LTD,        18.35,        18.40,-0.27
L,MOREPEN LAB. LTD,        40.47,        40.58,-0.27
L,JINDAL SAW LIMITED,       164.77,       165.21,-0.27
L,SOMI CONVEYOR BELT. LTD.,       124.23,       124.56,-0.26
L,PASHUPATI COTSPIN LIMITED,       810.80,       812.95,-0.26
L,KANSAI NEROLAC PAINTS LTD,       233.86,       234.48,-0.26
L,ORIENT GREEN POWER CO LTD,        11.33,        11.36,-0.26
L,SUNDARAM BRAK LININGS LTD,       681.75,       683.55,-0.26
L,CHEMCON SPECIAL CHEM LTD,       198.20,       198.72,-0.26
L,ADVANI HOT.& RES.(I) LTD,        57.43,        57.58,-0.26
L,GUJARAT MINERAL DEV CORP,       595.70,       597.25,-0.26
L,KOTAKMAMC - KTKNV20ETF,       154.01,       154.41,-0.26
L,GABRIEL INDIA LTD,      1001.20,      1003.80,-0.26
L,SUMITOMO CHEM INDIA LTD,       463.45,       464.65,-0.26
L,TAX FREE  7.64% SR. 108A,      1105.16,      1107.99,-0.26
L,DISH TV INDIA LTD.,         3.97,         3.98,-0.25
L,PRISM JOHNSON LIMITED,       135.15,       135.49,-0.25
L,MOTILALAMC - MOMGF,       151.06,       151.44,-0.25
L,ALKALI METALS LTD,        79.51,        79.71,-0.25
L,MICROPRO SOFTWARE SOL L,        19.90,        19.95,-0.25
L,PAISALO DIGITAL LIMITED,        35.83,        35.92,-0.25
L,ICICIPRAMC - ICICIPHARM,       149.06,       149.43,-0.25
L,MAHARASHTRA SEAMLESS LTD,       549.75,       551.10,-0.24
L,ADITYA INFOTECH LIMITED,      1487.50,      1491.10,-0.24
L,HESTER BIOSCIENCES LTD,      1579.90,      1583.70,-0.24
L,SEC RED NCD 10.15% SR. VI,      1016.10,      1018.50,-0.24
L,NETWORK18 MEDIA & INV LTD,        42.75,        42.85,-0.23
L,CYBER MEDIA (INDIA) LTD.,        17.15,        17.19,-0.23
L,EURO PANEL PRODUCTS LTD,       175.92,       176.33,-0.23
L,KOTAKMAMC - QUALITY30,        21.49,        21.54,-0.23
L,MAGADH SUGAR & ENERGY LTD,       504.35,       505.50,-0.23
L,RAMA TELECOM LIMITED,        66.00,        66.15,-0.23
L,2.50%GOLDBONDS2030SR-IX,     14870.45,     14904.08,-0.23
L,VAISHALI PHARMA LIMITED,         8.91,         8.93,-0.22
L,NUCLEUS SOFTWARE EXPORTS,       913.85,       915.90,-0.22
L,SHALBY LIMITED,       196.53,       196.97,-0.22
L,CCSP 9.85% 2027 SR 03,     99710.39,     99933.16,-0.22
L,GODREJ AGROVET LIMITED,       561.65,       562.90,-0.22
L,FINOLEX INDUSTRIES LTD,       170.80,       171.18,-0.22
L,TAX FREE 7.29% SR. IB,      1023.75,      1026.00,-0.22
L,NIP IND ETF SHARIAH BEES,       515.72,       516.85,-0.22
L,ICICI PRUD MIDCAP SEL ETF,        18.33,        18.37,-0.22
L,NAMO EWASTE MANAGEMENT L,       184.50,       184.90,-0.22
L,GOI LOAN  6.67% 2050,        93.05,        93.25,-0.21
L,AGARWAL INDS CORP LTD.,       721.70,       723.25,-0.21
L,INNOVATIVE TYRE & TUBE LT,        93.25,        93.45,-0.21
L,LIC HOUSING FINANCE LTD,       537.60,       538.75,-0.21
L,COFFEE DAY ENTERPRISE LTD,        37.47,        37.55,-0.21
L,ANDHRA SUGARS LTD,        75.18,        75.34,-0.21
L,KERNEX MICROSYS(I) LTD,      1246.90,      1249.50,-0.21
L,MIRAEAMC - TOP20,         9.60,         9.62,-0.21
L,SOM DIST & BREW LTD,       105.63,       105.85,-0.21
L,IDBI BANK LIMITED,       101.32,       101.53,-0.21
L,2.50%GOLDBONDS2028SR-VIII,     14575.00,     14605.00,-0.21
L,ADITYA BIRLA MONEY LTD,       142.33,       142.62,-0.20
L,UTSSAV CZ GOLD JEWELS LTD,       221.50,       221.95,-0.20
L,SWIGGY LIMITED,       394.05,       394.85,-0.20
L,GOI TBILL 91D-12/02/26,        99.15,        99.35,-0.20
L,JAMNA AUTO IND LTD,       124.47,       124.72,-0.20
L,RAIN INDUSTRIES LIMITED,       145.73,       146.02,-0.20
L,JAYANT AGRO ORGANICS LTD,       201.99,       202.39,-0.20
L,BOROSIL LIMITED,       277.90,       278.45,-0.20
L,GOI LOAN   6.75% 2029,       101.25,       101.45,-0.20
L,HINDUSTAN FOODS LIMITED,       508.30,       509.30,-0.20
L,APMD 9.30% 2027 STRPP A,    101800.00,    101998.00,-0.19
L,HEXA TRADEX LIMITED,       159.97,       160.28,-0.19
L,TATAAML - NETF,       280.30,       280.84,-0.19
L,FISCHER MEDICAL VENTURE L,        41.62,        41.70,-0.19
L,GOI LOAN  7.41% 2036,       104.30,       104.50,-0.19
L,GLOBAL HEALTH LIMITED,      1151.30,      1153.50,-0.19
L,EDELAMC - ESENSEX,        84.67,        84.83,-0.19
L,ATLAS CYCLE (HARYANA) LTD,       105.87,       106.07,-0.19
L,CARRARO INDIA LIMITED,       529.55,       530.55,-0.19
L,UNSE RE NCD 10% SR.I,      1060.00,      1062.00,-0.19
L,ASIAN GRANITO IND. LTD.,        74.60,        74.74,-0.19
L,ICICIPRAMC - ICICIFMCG,        58.78,        58.89,-0.19
L,GULF OIL LUB. IND. LTD.,      1188.20,      1190.40,-0.18
L,CONTAINER CORP OF IND LTD,       519.00,       519.95,-0.18
L,KOTAKMAMC - KOTAKLOVOL,        21.90,        21.94,-0.18
L,SUYOG TELEMATICS LIMITED,       581.60,       582.65,-0.18
L,TIRUPATI FORGE LIMITED,        33.51,        33.57,-0.18
L,SUPERHOUSE LIMITED,       145.38,       145.64,-0.18
L,IND SWIFT LABORATORIES LT,        89.47,        89.63,-0.18
L,FINKURVE FINANCIAL SERV L,       100.77,       100.95,-0.18
L,8.75% TAX FREE TR I S IIB,      1188.00,      1190.12,-0.18
L,PURPLE UNITED SALES LTD,       398.40,       399.10,-0.18
L,UNITECH LTD,         5.72,         5.73,-0.17
L,MAZDA LIMITED,       213.13,       213.50,-0.17
L,VEEDOL CORPORATION LTD,      1625.70,      1628.50,-0.17
L,DILIP BUILDCON LIMITED,       466.30,       467.10,-0.17
L,BOND 9.01%PA TF TR-I S 3B,      6272.18,      6282.90,-0.17
L,BF INVESTMENT LIMITED,       410.25,       410.95,-0.17
L,SUPRAJIT ENGINEERING LTD,       469.55,       470.35,-0.17
L,ONE MOBIKWIK SYSTEMS LTD,       229.80,       230.19,-0.17
L,NIP IND ETF INFRA BEES,       978.60,       980.25,-0.17
L,BARODABNP - BBNPNBETF,        59.31,        59.41,-0.17
L,UNITED HEAT TRANSFER LTD,        59.50,        59.60,-0.17
L,EIH ASSOCIATED HOTELS LTD,       357.55,       358.15,-0.17
L,NEXT MEDIAWORKS LIMITED,         5.98,         5.99,-0.17
L,SHARDA MOTOR INDS LTD,       934.55,       936.10,-0.17
L,INTRASOFT TECH. LTD,        91.71,        91.86,-0.16
L,BLUE JET HEALTHCARE LTD,       519.80,       520.65,-0.16
L,RANA SUGARS LTD.,        12.27,        12.29,-0.16
L,MOTILALAMC - MONQ50,        99.20,        99.36,-0.16
L,BHAGERIA INDUSTRIES LTD,       180.21,       180.50,-0.16
L,JAYSHREE TEA & INDUSTRIES,        87.24,        87.38,-0.16
L,NIVA BUPA HEALTH INS CO L,        74.84,        74.96,-0.16
L,MAHALAXMI FABRIC MILLS LT,        25.06,        25.10,-0.16
L,AIMTRON ELECTRONICS LTD,       792.30,       793.55,-0.16
L,BANDHAN BANK LIMITED,       145.82,       146.05,-0.16
L,EVEREST KANTO CYLINDERLTD,       114.60,       114.78,-0.16
L,DSPAMC - HEALTHADD,       146.77,       147.00,-0.16
L,NEULAND LAB LTD.,     14929.00,     14952.00,-0.15
L,SNOWMAN LOGISTICS LTD.,        39.05,        39.11,-0.15
L,AXISAMC - AXISBPSETF,        13.09,        13.11,-0.15
L,LICNAMC - LICNFENGP,       288.02,       288.46,-0.15
L,ANJANI PORTLAND CEM LTD,       118.37,       118.55,-0.15
L,JAYESH LOGISTICS LIMITED,       165.75,       166.00,-0.15
L,ADANI TOTAL GAS LIMITED,       564.05,       564.90,-0.15
L,QUANTUM NIFTY 50 ETF,      2838.00,      2842.27,-0.15
L,SBIAMC - SETF10GILT,       259.51,       259.90,-0.15
L,GOI LOAN  7.09% 2054,       100.25,       100.40,-0.15
L,LICNAMC - LICNFNHGP,       287.88,       288.31,-0.15
L,SEC RE NCD 8.75% SR.VI,      1018.00,      1019.50,-0.15
L,GREENPANEL INDUSTRIES LTD,       231.01,       231.35,-0.15
L,RANE (MADRAS) LIMITED,       783.40,       784.55,-0.15
L,DCM SHRIRAM LIMITED,      1243.60,      1245.40,-0.14
L,HDFCAMC - HDFCSML250,       165.93,       166.17,-0.14
L,AXISAMC - AXISILVER,       228.37,       228.70,-0.14
L,WEBSOL ENERGY SYSTEM LTD,        90.50,        90.63,-0.14
L,2.5%GOLDBONDS2029SR-III,     14467.76,     14488.52,-0.14
L,SBFC FINANCE LIMITED,       104.71,       104.86,-0.14
L,LANDMARK PR.DEV.CO.LTD,         7.01,         7.02,-0.14
L,NBCC (INDIA) LIMITED,       121.92,       122.09,-0.14
L,HDB FINANCIAL SERVICES L,       759.15,       760.20,-0.14
L,SYNERGY GREEN IND. LTD,       472.10,       472.75,-0.14
L,NK INDUSTRIES LTD,        67.20,        67.29,-0.13
L,CINEVISTA LIMITED,        15.26,        15.28,-0.13
L,ICICI PRUD SENSEX ETF,       966.40,       967.66,-0.13
L,ORIENT CEMENT LTD.,       169.97,       170.19,-0.13
L,WONDER ELECTRICALS LTD,       148.29,       148.48,-0.13
L,ITC HOTELS LIMITED,       196.24,       196.49,-0.13
L,MEGHMANI ORGANICS LIMITED,        63.23,        63.31,-0.13
L,TTK HEALTHCARE LIMITED,      1033.10,      1034.40,-0.13
L,NIPPONAMC - MANUFGBEES,       151.71,       151.90,-0.13
L,INDIAN CARD CLOTHING CO.,       240.00,       240.30,-0.12
L,BOND 8.10% PA TAX FREE S2,      1050.69,      1052.00,-0.12
L,MIRAEAMC - MULTICAP,        16.45,        16.47,-0.12
L,MIRAEAMC - SMALL250,        16.50,        16.52,-0.12
L,UCL 10.15% SR III,       993.00,       994.20,-0.12
L,EDELAMC - EBBETF0433,      1273.01,      1274.54,-0.12
L,MOTILALAMC - MOSERVICE,        33.61,        33.65,-0.12
L,ETHOS LIMITED,      2927.40,      2930.80,-0.12
L,THANGAMAYIL JEWELLERY LTD,      3204.50,      3208.20,-0.12
L,AESTHETIK ENGINEERS LTD,        86.95,        87.05,-0.11
L,TAX FREE7.35% SR.IIA,      1130.71,      1132.00,-0.11
L,INDIAN EMULSIFIERS LTD,        88.00,        88.10,-0.11
L,EPL LIMITED,       212.21,       212.45,-0.11
L,MIRAEAMC - MANV30F,       214.74,       214.98,-0.11
L,MAYUR UNIQUOTERS LTD,       492.85,       493.40,-0.11
L,SKF IND (INDUSTRIAL) LTD,      2600.20,      2603.10,-0.11
L,2.50%GOLDBONDS2029SR-X,     14556.75,     14572.83,-0.11
L,AEL 8.95% 2027 SR I,      1025.88,      1027.01,-0.11
L,ALEMBIC LIMITED,        99.95,       100.06,-0.11
L,PONDY OXIDES & CHEM LTD,      1454.40,      1456.00,-0.11
L,MIRAEAMC - SELECTIPO,        46.00,        46.05,-0.11
L,ICICIPRAMC - ICICIALPLV,        27.74,        27.77,-0.11
L,KSB LIMITED,       744.90,       745.70,-0.11
L,2.50%GOLDBONDS2031SR-I,     15069.28,     15085.42,-0.11
L,ANDHRA PAPER LIMITED,        66.53,        66.60,-0.11
L,AMD INDUSTRIES LIMITED,        47.56,        47.61,-0.11
L,AXISAMC - AXISCETF,       124.71,       124.84,-0.10
L,TAMILNADU NEWSPRT & PAPER,       144.75,       144.90,-0.10
L,NIP IND ETF LONGTERM GILT,        29.18,        29.21,-0.10
L,RBZ JEWELLERS LIMITED,       139.08,       139.22,-0.10
L,TEAM INDIA GUARANTY LTD,       300.00,       300.30,-0.10
L,SEC RE NCD 10.40% SR.II,      1000.00,      1001.00,-0.10
L,SEC RED NCD 9.43% SR. VI,       995.00,       995.99,-0.10
L,NIPPONAMC - SNXT30BEES,        40.33,        40.37,-0.10
L,DSPAMC - MSCIADD,        30.51,        30.54,-0.10
L,SEC RED NCD 8.40% SR.V,      1018.00,      1019.00,-0.10
L,GOI LOAN  7.36% 2052,       102.40,       102.50,-0.10
L,APSBC 9.15% 2031 STRPP F,    101500.00,    101598.00,-0.10
L,SEC RE NCD 9.65% SR IV,      1043.00,      1043.99,-0.09
L,SEC RED NCD 9.85% SR. VII,      1016.06,      1017.00,-0.09
L,SERENCD 8.98% SR.VI OP2,      1088.00,      1089.00,-0.09
L,ZERODHAAMC - MID150CASE,        11.03,        11.04,-0.09
L,7.69% TAX FREETRII SR2B,      1100.00,      1100.99,-0.09
L,ARCHIDPLY IND. LTD,        88.93,        89.01,-0.09
L,SEC RED NCD 9.40% SR. V,      1075.00,      1075.96,-0.09
L,SEC RE NCD 9.70% SR VIII,      1129.00,      1130.00,-0.09
L,TSF INVESTMENTS LIMITED,       452.20,       452.60,-0.09
L,KREBS BIOCHEMICALS & IND,        69.08,        69.14,-0.09
L,MOTILALAMC - MOENERGY,        34.93,        34.96,-0.09
L,MIRAEAMC - ENERGY,        34.95,        34.98,-0.09
L,RUDRABHISHEK ENTERP LTD,       116.71,       116.81,-0.09
L,RADIOWALLA NETWORK LTD,        58.95,        59.00,-0.08
L,VIBHOR STEEL TUBES LTD,       131.57,       131.68,-0.08
L,BIRLASLAMC - ABSLNN50ET,        71.87,        71.93,-0.08
L,KOTAKMAMC - KOTAKALPHA,        48.14,        48.18,-0.08
L,DREAMFOLKS SERVICES LTD,       108.54,       108.63,-0.08
L,ADDICTIVE LEARNING TECH L,       121.00,       121.10,-0.08
L,ZYDUS WELLNESS LIMITED,       424.00,       424.35,-0.08
L,LUPIN LIMITED,      2080.40,      2082.10,-0.08
L,SHAILY ENG PLASTICS LTD,      2250.60,      2252.40,-0.08
L,KCP SUGAR IND CORP LTD.,        25.65,        25.67,-0.08
L,ARIES AGRO LTD.,       322.00,       322.25,-0.08
L,INTEGRITY INFRABUILD DE L,       130.00,       130.10,-0.08
L,AXISAMC - AXISHCETF,       148.21,       148.32,-0.07
L,HCL INFOSYSTEMS LTD,        13.54,        13.55,-0.07
L,JINDAL POLY FILMS LIMITED,       480.55,       480.90,-0.07
L,DJ MEDIAPRINT & LOG LTD,        69.32,        69.37,-0.07
L,TATAAML - NPBET,       292.82,       293.03,-0.07
L,ALLCARGO TERMINALS LTD,        28.07,        28.09,-0.07
L,VINYL CHEMICALS (I) LTD.,       239.02,       239.19,-0.07
L,ROLEX RINGS LIMITED,       127.90,       127.99,-0.07
L,VAIDYA SANE AYUR LAB LTD,       287.75,       287.95,-0.07
L,PEARL GLOBAL IND LIMITED,      1606.40,      1607.50,-0.07
L,ICICI PRUD NIFTY 100 ETF,        29.46,        29.48,-0.07
L,ZERODHAAMC - LTGILTCASE,        29.74,        29.76,-0.07
L,ELIN ELECTRONICS LIMITED,       165.53,       165.64,-0.07
L,ARHAM TECHNOLOGIES LTD,       152.05,       152.15,-0.07
L,PINE LABS LIMITED,       235.38,       235.53,-0.06
L,MOTILALAMC - MOMIDMTM,        62.99,        63.03,-0.06
L,GOI TBILL 364D-28/08/26,        96.00,        96.06,-0.06
L,MOTILALAMC - MOSMALL250,        16.55,        16.56,-0.06
L,AVRO INDIA LIMITED,       119.49,       119.56,-0.06
L,AVANTEL LIMITED,       155.53,       155.62,-0.06
L,EDELAMC - EBBETF0430,      1558.52,      1559.39,-0.06
L,PYRAMID TECHNOPLAST LTD,       162.40,       162.49,-0.06
L,GKW LIMITED,      1705.00,      1705.90,-0.05
L,SUPREME INDUSTRIES LTD,      3274.30,      3276.00,-0.05
L,NIP IND ETF CONSUMPTION,       135.17,       135.24,-0.05
L,ICICIPRAMC - ICICI500,        40.03,        40.05,-0.05
L,LICNAMC - LICNMID100,        60.25,        60.28,-0.05
L,QUESS CORP LIMITED,       210.29,       210.39,-0.05
L,INDUS TOWERS LIMITED,       422.05,       422.25,-0.05
L,GEECEE VENTURES LIMITED,       317.95,       318.10,-0.05
L,SHREE DIGVIJAY CEM CO LTD,        91.00,        91.04,-0.04
L,LATENT VIEW ANALYTICS LTD,       460.70,       460.90,-0.04
L,MOTILALAMC - MONIFTY500,        24.14,        24.15,-0.04
L,ENVIRO INFRA ENGINEERS L,       203.36,       203.44,-0.04
L,BANDHANAMC - IDFNIFTYET,       284.58,       284.69,-0.04
L,SAGILITY LIMITED,        52.20,        52.22,-0.04
L,2.50%GOLDBONDS2031SR-II,     15196.31,     15201.89,-0.04
L,THE GE SHPG.LTD,      1102.20,      1102.60,-0.04
L,DIAMOND POWER INFRA LTD,       138.21,       138.26,-0.04
L,INDIGRID INFRASTRUCT TRST,       168.05,       168.11,-0.04
L,MIRAEAMC - MAGS813ETF,        29.70,        29.71,-0.03
L,RSWM LIMITED,       148.98,       149.03,-0.03
L,SEC RE NCD 10.03% SR 5,      1005.00,      1005.33,-0.03
L,MIRAEAMC - MAN50ETF,       280.20,       280.29,-0.03
L,2.50%GOLDBONDS2028SR-I,     14437.10,     14441.69,-0.03
L,TRIGYN TECHNOLOGIES LTD,        65.86,        65.88,-0.03
L,AETHER INDUSTRIES LIMITED,       832.65,       832.90,-0.03
L,GREENLEAF ENVIROTECH LTD,       166.95,       167.00,-0.03
L,REGAAL RESOURCES LIMITED,        68.16,        68.18,-0.03
L,GOI LOAN  7.54% 2036,       106.30,       106.33,-0.03
L,SEC RE NCD 7.97% SR.VI,      1019.87,      1020.15,-0.03
L,MIRAEAMC - MANXT50,       704.85,       705.03,-0.03
L,KOTAKMAMC - KOTAKCONS,       124.94,       124.97,-0.02
L,BANNARI AMMAN SUGARS LTD,      3600.00,      3600.80,-0.02
L,CAPACITE INFRAPROJECT LTD,       254.00,       254.05,-0.02
L,DIAMINES & CHEMICALS LTD,       265.00,       265.05,-0.02
L,NIPPONAMC - NETFSILVER,       218.21,       218.25,-0.02
L,FIEM INDUSTRIES LIMITED,      2220.20,      2220.60,-0.02
L,PARAG MILK FOODS LTD.,       281.35,       281.40,-0.02
L,VRAJ IRON AND STEEL LTD,       122.53,       122.55,-0.02
L,OIL COUNTRY TUBULAR LTD,        62.03,        62.04,-0.02
L,UTIAMC-GILT5BETA,        63.68,        63.69,-0.02
L,TAX FREE7.60% SR.IIB,      1149.82,      1150.00,-0.02
L,EIH LIMITED,       364.10,       364.15,-0.01
L,THE PHOENIX MILLS LTD,      1851.60,      1851.80,-0.01
L,GOI LOAN   6.98% 2054,        94.15,        94.16,-0.01
L,GOI LOAN  7.46% 2073,       101.49,       101.50,-0.01
L,JIND POL INV & FIN CO LTD,      1024.50,      1024.60,-0.01
L,GOI LOAN 7.59% 2026,       102.60,       102.61,-0.01
L,NIP IND ETF ETF NV20,       154.44,       154.45,-0.01
L,WAAREE ENERGIES LIMITED,      2980.30,      2980.40,-0.00
