Trade Date,Symbol,Series,Security Name,Category,Last Trade Date,Face Value(Rs.),Issue Size,Close Price/Paid up value(Rs.),Market Cap(Rs.)              
30 DEC 2025,20MICRONS,EQ,20 MICRONS LTD           ,Listed    ,30 DEC 2025,               5.00,          35286502,            217.20,     7664228234.40 
30 DEC 2025,21STCENMGM,EQ,21ST CENTURY MGMT SERVICE,Listed    ,30 DEC 2025,              10.00,          10500000,             50.65,      531930000.00
30 DEC 2025,360ONE,EQ,360 ONE WAM LIMITED      ,Listed    ,30 DEC 2025,               1.00,         404688480,           1191.60,   482226792768.00    
30 DEC 2025,3IINFOLTD,EQ,3I INFOTECH LIMITED      ,Listed    ,30 DEC 2025,              10.00,         207382685,             16.55,     3432183436.75 
30 DEC 2025,3MINDIA,EQ,3M INDIA LIMITED         ,Listed    ,30 DEC 2025,              10.00,          11265070,          35290.00,   397544320300.00   
30 DEC 2025,3PLAND,EQ,3P LAND HOLDINGS LIMITED ,Listed    ,30 DEC 2025,               2.00,          18000000,             36.60,      659160000.00    
30 DEC 2025,5PAISA,EQ,5PAISA CAPITAL LIMITED   ,Listed    ,30 DEC 2025,              10.00,          31242338,            331.70,    10363083514.60    
30 DEC 2025,63MOONS,EQ,63 MOONS TECHNOLOGIES LTD,Listed    ,30 DEC 2025,               2.00,          46078537,            712.50,    32830957612.50   
30 DEC 2025,A2ZINFRA,EQ,A2Z INFRA ENGINEERING LTD,Listed    ,30 DEC 2025,              10.00,         176119858,             16.85,     2971142004.45  
30 DEC 2025,AAATECH,BE,AAA TECHNOLOGIES LIMITED ,Listed    ,30 DEC 2025,              10.00,          12826800,            101.70,     1304229024.00   
30 DEC 2025,AADHARHFC,EQ,AADHAR HOUSING FINANCE L ,Listed    ,30 DEC 2025,              10.00,         433092732,            479.95,   207862856723.40 
30 DEC 2025,AAKAAR,SM,AAKAAR MEDICAL TECHNO LTD,Listed    ,29 DEC 2025,              10.00,          14172816,             70.60,     1000600809.60    
30 DEC 2025,AAKASH,EQ,AAKASH EXPLORATION SER L ,Listed    ,30 DEC 2025,               1.00,         101250000,              8.70,      882900000.00    
30 DEC 2025,AARADHYA,ST,AARADHYA DISPOSAL INDUS L,Listed    ,30 DEC 2025,              10.00,          14138000,            114.10,     1613145800.00  
30 DEC 2025,AAREYDRUGS,EQ,AAREY DRUGS & PHARM LTD  ,Listed    ,30 DEC 2025,              10.00,          28354303,             68.00,     1928092604.00
30 DEC 2025,AARON,EQ,AARON INDUSTRIES LIMITED ,Listed    ,30 DEC 2025,              10.00,          20946478,            170.15,     3564043231.70     
30 DEC 2025,AARTECH,EQ,AARTECH SOLONICS LIMITED ,Listed    ,30 DEC 2025,               5.00,          31770376,             48.05,     1526248863.05   
30 DEC 2025,AARTIDRUGS,EQ,AARTI DRUGS LTD.         ,Listed    ,30 DEC 2025,              10.00,          91270000,            409.55,    37379628500.00
30 DEC 2025,AARTIIND,EQ,AARTI INDUSTRIES LTD     ,Listed    ,30 DEC 2025,               5.00,         362593869,            368.10,   133470803178.90  
30 DEC 2025,AARTIPHARM,EQ,AARTI PHARMALABS LIMITED ,Listed    ,30 DEC 2025,               5.00,          90641224,            746.80,    67690866083.20
30 DEC 2025,AARTISURF,EQ,AARTI SURFACTANTS LIMITED,Listed    ,30 DEC 2025,              10.00,           8458495,            386.35,     3267939543.25 
30 DEC 2025,AARVI,EQ,AARVI ENCON LIMITED      ,Listed    ,30 DEC 2025,              10.00,          14810700,            130.05,     1925835321.00     
30 DEC 2025,AATMAJ,SM,AATMAJ HEALTHCARE LIMITED,Listed    ,30 DEC 2025,               5.00,          22600000,             24.40,      551440000.00    
30 DEC 2025,AAVAS,EQ,AAVAS FINANCIERS LIMITED ,Listed    ,30 DEC 2025,              10.00,          79161353,           1466.00,   116050543498.00     
30 DEC 2025,ABAN,BE,ABAN OFFSHORE LTD.       ,Listed    ,30 DEC 2025,               2.00,          58365323,             19.20,     1119446895.15      
30 DEC 2025,ABB,EQ,ABB INDIA LIMITED        ,Listed    ,30 DEC 2025,               2.00,         211908375,           5138.50,  1088891184937.50       
30 DEC 2025,ABBOTINDIA,EQ,ABBOTT INDIA LIMITED     ,Permitted ,30 DEC 2025,              10.00,          21249302,          28680.00,   609429981360.00
30 DEC 2025,ABCAPITAL,EQ,ADITYA BIRLA CAPITAL LTD.,Listed    ,30 DEC 2025,              10.00,        2612436210,            349.30,   912523968153.00 
30 DEC 2025,ABCOTS,EQ,A B COTSPIN INDIA LIMITED,Listed    ,30 DEC 2025,              10.00,          21963620,            412.10,     9051207802.00    
30 DEC 2025,ABDL,EQ,ALLIED BLEND N DISTILS L ,Listed    ,30 DEC 2025,               2.00,         279710151,            593.45,   165993989110.95      
30 DEC 2025,ABFRL,EQ,ADITYA BIRLA FASHION & RT,Listed    ,30 DEC 2025,              10.00,        1220266696,             76.00,    92764674229.90     
30 DEC 2025,ABHAPOWER,SM,ABHA POWER N STEEL LTD   ,Listed    ,30 DEC 2025,              10.00,          18587830,             36.95,      686820318.50 
30 DEC 2025,ABINFRA,EQ,A B INFRABUILD LIMITED   ,Listed    ,30 DEC 2025,               1.00,         638789360,             18.15,    11587638990.40   
30 DEC 2025,ABLBL,EQ,ADITYA BIRLA LIFES BRAN L,Listed    ,30 DEC 2025,              10.00,        1220294773,            124.00,   151292145956.55     
30 DEC 2025,ABMINTLLTD,EQ,ABM INTERNATIONAL LTD    ,Listed    ,30 DEC 2025,              10.00,           9408000,             42.90,      403603200.00
30 DEC 2025,ABNINT,IT,A B N INTERCORP LIMITED  ,Listed    ,Not Traded ,              10.00,            419532,            200.00,       83906400.00    
30 DEC 2025,ABREL,EQ,ADITYA BIRLA REAL EST LTD,Listed    ,30 DEC 2025,              10.00,         111695680,           1634.80,   182600097664.00     
30 DEC 2025,ABSLAMC,EQ,ADIT BIRL SUN LIF AMC LTD,Listed    ,30 DEC 2025,               5.00,         288658807,            828.75,   239225986301.25   
30 DEC 2025,ABSMARINE,SM,ABS MARINE SERVICES LTD  ,Listed    ,30 DEC 2025,              10.00,          24550000,            192.90,     4735695000.00 
30 DEC 2025,ACC,EQ,ACC LIMITED              ,Listed    ,30 DEC 2025,              10.00,         187787263,           1732.10,   325266318242.30       
30 DEC 2025,ACCELYA,EQ,ACCELYA SOLN INDIA LTD   ,Listed    ,30 DEC 2025,              10.00,          14926261,           1315.60,    19636988971.60   
30 DEC 2025,ACCENTMIC,SM,ACCENT MICROCELL LIMITED ,Listed    ,30 DEC 2025,              10.00,          23989020,            341.00,     8180255820.00 
30 DEC 2025,ACCORD,SM,ACCORD SYNERGY LIMITED   ,Listed    ,26 DEC 2025,              10.00,           3472000,             29.00,      100688000.00    
30 DEC 2025,ACCPL,ST,ACCRETION PHARMA LIMITED ,Listed    ,30 DEC 2025,              10.00,          11116000,             87.00,      967092000.00     
30 DEC 2025,ACCURACY,EQ,ACCURACY SHIPPING LIMITED,Listed    ,30 DEC 2025,               1.00,         150560000,              5.70,      858192000.00  
30 DEC 2025,ACE,EQ,ACTION CONST EQUIP LTD   ,Listed    ,30 DEC 2025,               2.00,         119083196,            925.25,   110181727099.00       
30 DEC 2025,ACEINTEG,EQ,ACE INTEGRATED SOLU. LTD.,Listed    ,30 DEC 2025,              10.00,          10200000,             22.50,      229704000.00  
30 DEC 2025,ACI,EQ,ARCHEAN CHEMICAL IND LTD ,Listed    ,30 DEC 2025,               2.00,         123427682,            548.75,    67730940497.50       
30 DEC 2025,ACL,EQ,ANDHRA CEMENTS LIMITED   ,Listed    ,30 DEC 2025,              10.00,          92172140,             66.25,     6106404275.00       
30 DEC 2025,ACMESOLAR,EQ,ACME SOLAR HOLDINGS LTD  ,Listed    ,30 DEC 2025,               2.00,         605087781,            234.35,   141814423232.95 
30 DEC 2025,ACTIVEINFR,SM,ACTIVE INFRASTRUCTURES L ,Listed    ,29 DEC 2025,               5.00,          15015016,            178.00,     2672672848.00
30 DEC 2025,ACUTAAS,EQ,ACUTAAS CHEMICALS LIMITED,Listed    ,30 DEC 2025,               5.00,          81868922,           1656.00,   135574934832.00   
30 DEC 2025,ADANIENSOL,EQ,ADANI ENERGY SOLUTION LTD,Listed    ,30 DEC 2025,              10.00,        1201282642,           1024.15,  1230293617804.30
30 DEC 2025,ADANIENT,EQ,ADANI ENTERPRISES LIMITED,Listed    ,30 DEC 2025,               1.00,        1154180729,           2214.70,  2556164060516.30  
30 DEC 2025,ADANIGREEN,EQ,ADANI GREEN ENERGY LTD   ,Listed    ,30 DEC 2025,              10.00,        1622596235,           1007.10,  1634116668268.50
30 DEC 2025,ADANIPORTS,EQ,ADANI PORT & SEZ LTD     ,Listed    ,30 DEC 2025,               2.00,        2160138945,           1461.20,  3156395026434.00
30 DEC 2025,ADANIPOWER,EQ,ADANI POWER LTD          ,Listed    ,30 DEC 2025,               2.00,       19284694705,            144.65,  2789531089078.25
30 DEC 2025,ADFFOODS,EQ,ADF FOODS LIMITED        ,Listed    ,30 DEC 2025,               2.00,         109863595,            202.90,    22289126153.60  
30 DEC 2025,ADL,EQ,ARCHIDPLY DECOR LIMITED  ,Listed    ,30 DEC 2025,              10.00,           5566250,             77.75,      432664612.50       
30 DEC 2025,ADOR,EQ,ADOR WELDING LTD         ,Listed    ,30 DEC 2025,              10.00,          17402815,           1050.50,    18281657157.50      
30 DEC 2025,ADROITINFO,EQ,ADROIT INFOTECH LIMITED  ,Listed    ,30 DEC 2025,              10.00,          54177208,             10.45,      565610051.50
30 DEC 2025,ADSL,EQ,ALLIED DIGITAL SERV. LTD ,Listed    ,30 DEC 2025,               5.00,          56427803,            150.75,     8505927024.20      
30 DEC 2025,ADVANCE,EQ,ADVANCE AGROLIFE LIMITED ,Listed    ,30 DEC 2025,              10.00,          64285720,            120.00,     7713000685.60   
30 DEC 2025,ADVANIHOTR,EQ,ADVANI HOT.& RES.(I) LTD ,Listed    ,30 DEC 2025,               2.00,          92438500,             57.45,     5308743055.00
30 DEC 2025,ADVENTHTL,EQ,ADVENT HOTELS INTERNATI L,Listed    ,30 DEC 2025,              10.00,          53942887,            221.95,    11973163198.50 
30 DEC 2025,ADVENZYMES,EQ,ADVANCED ENZYME TECH LTD ,Listed    ,30 DEC 2025,               2.00,         111881150,            299.90,    33553156885.00
30 DEC 2025,AEGISLOG,EQ,AEGIS LOGISTICS LIMITED  ,Listed    ,30 DEC 2025,               1.00,         351000000,            703.70,   246998700000.00  
30 DEC 2025,AEGISVOPAK,EQ,AEGIS VOPAK TERMINALS LTD,Listed    ,30 DEC 2025,              10.00,        1107991489,            249.50,   276443876505.50
30 DEC 2025,AEQUS,EQ,AEQUS LIMITED            ,Listed    ,30 DEC 2025,              10.00,         670665635,            136.90,    91800712118.80     
30 DEC 2025,AEROFLEX,EQ,AEROFLEX INDUSTRIES LTD  ,Listed    ,30 DEC 2025,               2.00,         129320370,            196.25,    25376536205.10  
30 DEC 2025,AERON,SM,AERON COMPOSITE LIMITED  ,Listed    ,30 DEC 2025,              10.00,          17020000,             99.60,     1695192000.00     
30 DEC 2025,AESTHETIK,SM,AESTHETIK ENGINEERS LTD  ,Listed    ,30 DEC 2025,              10.00,          17220175,             86.95,     1497294216.25 
30 DEC 2025,AETHER,EQ,AETHER INDUSTRIES LIMITED,Listed    ,30 DEC 2025,              10.00,         132590241,            832.65,   110401264168.65    
30 DEC 2025,AFCONS,EQ,AFCONS INFRASTRUCTURE LTD,Listed    ,30 DEC 2025,              10.00,         367784631,            390.20,   143509563016.20    
30 DEC 2025,AFFLE,EQ,AFFLE 3I LIMITED         ,Listed    ,30 DEC 2025,               2.00,         140640216,           1772.80,   249326974924.80     
30 DEC 2025,AFFORDABLE,EQ,AFFORD ROBO & AUTO LTD   ,Listed    ,30 DEC 2025,              10.00,          11246266,            201.95,     2271295881.35
30 DEC 2025,AFIL,EQ,AKME FINTRADE (INDIA) LTD,Listed    ,30 DEC 2025,               1.00,         426749960,              6.45,     2756804741.60      
30 DEC 2025,AFSL,EQ,ABANS FINANCIAL SRVCS LTD,Listed    ,30 DEC 2025,               2.00,          50610040,            203.70,    10310277348.80      
30 DEC 2025,AGARIND,EQ,AGARWAL INDS CORP LTD.   ,Listed    ,30 DEC 2025,              10.00,          14957789,            721.70,    10795036321.30   
30 DEC 2025,AGARWALEYE,EQ,DR AGARWALS HEALTH CARE L,Listed    ,30 DEC 2025,               1.00,         316158357,            502.50,   158869574392.50
30 DEC 2025,AGARWALFT,SM,AGARWAL FLOAT GLASS I LTD,Listed    ,30 DEC 2025,              10.00,           7243488,             38.10,      275976892.80 
30 DEC 2025,AGARWALTUF,SM,AGARWAL TOUGH GLASS IND L,Listed    ,30 DEC 2025,              10.00,          17674600,            113.10,     1998997260.00
30 DEC 2025,AGI,EQ,AGI GREENPAC LIMITED     ,Listed    ,30 DEC 2025,               2.00,          64697381,            731.75,    47342308546.75       
30 DEC 2025,AGIIL,EQ,AGI INFRA LIMITED        ,Listed    ,30 DEC 2025,               1.00,         122167200,            254.55,    31097660760.00     
30 DEC 2025,AGNI,SM,AGNI GREEN POWER LTD     ,Listed    ,30 DEC 2025,              10.00,          19534800,             23.15,      452230620.00      
30 DEC 2025,AGRITECH,BE,AGRI-TECH (INDIA) LIMITED,Listed    ,30 DEC 2025,              10.00,           5940000,            152.60,      906503400.00  
30 DEC 2025,AGROPHOS,EQ,AGRO PHOS INDIA LIMITED  ,Listed    ,30 DEC 2025,              10.00,          20274115,             42.35,      859014252.55  
30 DEC 2025,AGSTRA,BZ,AGS TRANSACT TECH LTD    ,Listed    ,30 DEC 2025,              10.00,         128433076,              4.15,      532997265.40    
30 DEC 2025,AGUL,SM,A G UNIVERSAL LIMITED    ,Listed    ,30 DEC 2025,              10.00,           5484000,             67.10,      367976400.00      
30 DEC 2025,AHCL,EQ,ANLON HEALTHCARE LIMITED ,Listed    ,30 DEC 2025,              10.00,          53151500,            145.30,     7722912950.00      
30 DEC 2025,AHIMSA,ST,AHIMSA INDUSTRIES LTD.   ,Listed    ,24 DEC 2025,              10.00,           5473990,             23.75,      130007262.50    
30 DEC 2025,AHLADA,EQ,AHLADA ENGINEERS LIMITED ,Listed    ,30 DEC 2025,              10.00,          12921000,             47.35,      611550930.00    
30 DEC 2025,AHLEAST,EQ,ASIAN HOTELS (EAST) LTD  ,Listed    ,30 DEC 2025,              10.00,          17291696,            135.95,     2350978988.15   
30 DEC 2025,AHLUCONT,EQ,AHLUWALIA CONT IND LTD   ,Listed    ,30 DEC 2025,               2.00,          66987560,            970.45,    65008077602.00  
30 DEC 2025,AIAENG,EQ,AIA ENGINEERING LIMITED  ,Listed    ,30 DEC 2025,               2.00,          93320370,           3949.70,   368587465389.00    
30 DEC 2025,AIIL,EQ,AUTHUM INVEST & INFRA LTD,Listed    ,30 DEC 2025,               1.00,         169845100,           2999.30,   509416408430.00      
30 DEC 2025,AILIMITED,SM,ABHISHEK INTEGRATIONS LTD,Listed    ,24 DEC 2025,              10.00,           6021570,             40.00,      240862800.00 
30 DEC 2025,AIMTRON,ST,AIMTRON ELECTRONICS LTD  ,Listed    ,30 DEC 2025,              10.00,          20413825,            792.30,    16173873547.50   
30 DEC 2025,AIRAN,EQ,AIRAN LIMITED            ,Listed    ,30 DEC 2025,               2.00,         125020000,             17.80,     2224105800.00     
30 DEC 2025,AIROLAM,EQ,AIRO LAM LIMITED         ,Listed    ,30 DEC 2025,              10.00,          15002000,            101.65,     1524953300.00   
30 DEC 2025,AISL,SM,ANI INTEGRATED SERV LTD. ,Listed    ,29 DEC 2025,              10.00,          10352200,             83.25,      861820650.00      
30 DEC 2025,AJANTPHARM,EQ,AJANTA PHARMA LIMITED    ,Listed    ,30 DEC 2025,               2.00,         124935624,           2726.90,   340686953085.60
30 DEC 2025,AJAXENGG,EQ,AJAX ENGINEERING LIMITED ,Listed    ,30 DEC 2025,               1.00,         114406800,            592.10,    67740266280.00  
30 DEC 2025,AJMERA,EQ,AJMERA REALTY & INF I LTD,Listed    ,30 DEC 2025,              10.00,          39359130,            961.40,    37839867582.00    
30 DEC 2025,AJOONI,EQ,AJOONI BIOTECH LIMITED   ,Listed    ,30 DEC 2025,               2.00,         172243598,              4.25,      733757727.50    
30 DEC 2025,AKANKSHA,SM,AKANKSHA POWER N INFRA L ,Listed    ,30 DEC 2025,              10.00,          19580520,             68.00,     1331475360.00  
30 DEC 2025,AKASH,EQ,AKASH INFRA-PROJECTS LTD ,Listed    ,30 DEC 2025,              10.00,          16862534,             25.20,      424935856.80     
30 DEC 2025,AKG,EQ,AKG EXIM LIMITED         ,Listed    ,30 DEC 2025,              10.00,          31776576,             12.15,      385767632.65       
30 DEC 2025,AKI,EQ,AKI INDIA LIMITED        ,Listed    ,30 DEC 2025,               2.00,         103205956,              6.70,      693544024.30       
30 DEC 2025,AKIKO,ST,AKIKO GLOBAL SERVICES L  ,Listed    ,30 DEC 2025,              10.00,          10769600,            257.00,     2767787200.00     
30 DEC 2025,AKSHAR,EQ,AKSHAR SPINTEX LIMITED   ,Listed    ,30 DEC 2025,               1.00,         787468500,              0.50,      401608935.00    
30 DEC 2025,AKSHARCHEM,EQ,AKSHARCHEM INDIA LIMITED ,Listed    ,30 DEC 2025,              10.00,           8033099,            237.60,     1908664322.40
30 DEC 2025,AKSHOPTFBR,EQ,AKSH OPTIFIBRE LIMITED   ,Listed    ,30 DEC 2025,               5.00,         162697971,              6.35,     1031505136.15
30 DEC 2025,AKUMS,EQ,AKUMS DRUGS AND PHARMA L ,Listed    ,30 DEC 2025,               2.00,         157393988,            450.85,    70961079489.80     
30 DEC 2025,AKZOINDIA,EQ,AKZO NOBEL INDIA LIMITED ,Listed    ,30 DEC 2025,              10.00,          45540314,           3206.20,   146011354746.80 
30 DEC 2025,ALANKIT,EQ,ALANKIT LIMITED          ,Listed    ,30 DEC 2025,               1.00,         271158100,             10.80,     2928507480.00   
30 DEC 2025,ALBERTDAVD,EQ,ALBERT DAVID LIMITED     ,Listed    ,30 DEC 2025,              10.00,           5707162,            734.20,     4190198340.40
30 DEC 2025,ALCODIS,SM,ALCOKRAFT DISTILLERIE LTD,Listed    ,30 DEC 2025,              10.00,          10250000,             92.20,      945050000.00   
30 DEC 2025,ALEMBICLTD,EQ,ALEMBIC LIMITED          ,Listed    ,30 DEC 2025,               2.00,         256781828,             99.95,    25665343708.60
30 DEC 2025,ALICON,EQ,ALICON CASTALLOY LIMITED ,Listed    ,30 DEC 2025,               5.00,          16336840,            819.30,    13384773012.00    
30 DEC 2025,ALIVUS,EQ,ALIVUS LIFE SCIENCES LTD ,Listed    ,30 DEC 2025,               2.00,         122681348,            901.25,   110566564885.00    
30 DEC 2025,ALKALI,EQ,ALKALI METALS LTD        ,Listed    ,30 DEC 2025,              10.00,          10182506,             79.50,      809611052.05    
30 DEC 2025,ALKEM,EQ,ALKEM LABORATORIES LTD.  ,Listed    ,30 DEC 2025,               2.00,         119565000,           5469.00,   653900985000.00     
30 DEC 2025,ALKYLAMINE,EQ,ALKYL AMINES CHEM. LTD   ,Listed    ,30 DEC 2025,               2.00,          51140441,           1557.80,    79666578989.80
30 DEC 2025,ALLCARGO,EQ,ALLCARGO LOGISTICS LTD   ,Listed    ,30 DEC 2025,               2.00,         982782096,             10.20,    10024377379.20  
30 DEC 2025,ALLDIGI,EQ,ALLDIGI TECH LIMITED     ,Listed    ,30 DEC 2025,              10.00,          15238326,            852.25,    12986863333.50   
30 DEC 2025,ALLETEC,SM,ALL E TECHNOLOGIES LTD   ,Listed    ,30 DEC 2025,              10.00,          20194176,            214.70,     4335689587.20   
30 DEC 2025,ALLTIME,EQ,ALL TIME PLASTICS LIMITED,Listed    ,30 DEC 2025,               2.00,          65507778,            263.70,    17274401058.60   
30 DEC 2025,ALMONDZ,EQ,ALMONDZ GLOBAL SEC LTD   ,Listed    ,30 DEC 2025,               1.00,         173646754,             18.20,     3160370922.80   
30 DEC 2025,ALOKINDS,EQ,ALOK INDUSTRIES LIMITED  ,Listed    ,30 DEC 2025,               1.00,        4965240401,             15.95,    79245236799.95  
30 DEC 2025,ALPA,EQ,ALPA LABORATORIES LTD    ,Listed    ,30 DEC 2025,              10.00,          21040600,             79.20,     1666625926.00      
30 DEC 2025,ALPEXSOLAR,SM,ALPEX SOLAR LIMITED      ,Listed    ,30 DEC 2025,              10.00,          24473400,            813.10,    19899321540.00
30 DEC 2025,ALPHAGEO,EQ,ALPHAGEO (INDIA) LIMITED ,Listed    ,30 DEC 2025,              10.00,           6364767,            221.65,     1410877900.90  
30 DEC 2025,ALPSINDUS,BE,ALPS INDUSTRIES LTD.     ,Listed    ,30 DEC 2025,              10.00,          39114100,              3.55,      139246196.00 
30 DEC 2025,ALUWIND,SM,ALUWIND INFRA-TECH LTD   ,Listed    ,30 DEC 2025,              10.00,          24847420,             67.00,     1664777140.00   
30 DEC 2025,AMANTA,EQ,AMANTA HEALTHCARE LIMITED,Listed    ,30 DEC 2025,              10.00,          38829351,            104.30,     4049513015.80    
30 DEC 2025,AMBANIORGO,SM,AMBANI ORGOCHEM LIMITED  ,Listed    ,23 DEC 2025,              10.00,           7658659,             99.75,      763951235.25
30 DEC 2025,AMBER,EQ,AMBER ENTERPRISES (I) LTD,Listed    ,30 DEC 2025,              10.00,          35148942,           6264.50,   220190547159.00     
30 DEC 2025,AMBEY,SM,AMBEY LABORATORIES LTD   ,Listed    ,30 DEC 2025,              10.00,          24946819,             43.00,     1072713217.00     
30 DEC 2025,AMBICAAGAR,EQ,AMBICA AGAR & AROMAINDLTD,Listed    ,30 DEC 2025,              10.00,          17177400,             25.30,      434244672.00
30 DEC 2025,AMBIKCO,EQ,AMBIKA COTTON MILL LTD.  ,Listed    ,30 DEC 2025,              10.00,           5725000,           1245.70,     7131632500.00   
30 DEC 2025,AMBUJACEM,EQ,AMBUJA CEMENTS LTD       ,Listed    ,30 DEC 2025,               2.00,        2471823478,            550.00,  1359502912900.00 
30 DEC 2025,AMCL,ST,ANB METAL CAST LIMITED   ,Listed    ,30 DEC 2025,              10.00,          11834780,            347.50,     4112586050.00      
30 DEC 2025,AMDIND,EQ,AMD INDUSTRIES LIMITED   ,Listed    ,30 DEC 2025,              10.00,          19166749,             47.55,      911570582.45    
30 DEC 2025,AMEYA,SM,AMEYA PRECISION ENG LTD  ,Listed    ,29 DEC 2025,              10.00,           7500000,             99.00,      742500000.00     
30 DEC 2025,AMIABLE,SM,AMIABLE LOGISTICS (I) LTD,Listed    ,30 DEC 2025,              10.00,           1748200,             83.95,      146761390.00   
30 DEC 2025,AMJLAND,EQ,AMJ LAND HOLDINGS LIMITED,Listed    ,30 DEC 2025,               2.00,          41000000,             51.00,     2091000000.00   
30 DEC 2025,AMJUMBO,SM,A AND M JUMBO BAGS LTD   ,Listed    ,30 DEC 2025,              10.00,          10500000,              9.40,       98700000.00   
30 DEC 2025,AMNPLST,EQ,AMINES & PLASTICIZERS LTD,Listed    ,30 DEC 2025,               2.00,          55020000,            187.90,    10338258000.00   
30 DEC 2025,AMRUTANJAN,EQ,AMRUTAJAN HEALTH LTD     ,Listed    ,30 DEC 2025,               1.00,          28910630,            670.05,    19371567631.50
30 DEC 2025,ANANDRATHI,EQ,ANAND RATHI WEALTH LTD   ,Listed    ,30 DEC 2025,               5.00,          83020634,           3091.90,   256691498264.60
30 DEC 2025,ANANTAM,IV,ANANTAM HIGHWAYS TRUST   ,Listed    ,30 DEC 2025,             100.00,         217500000,            103.85,    22583025000.00   
30 DEC 2025,ANANTRAJ,EQ,ANANT RAJ LIMITED        ,Listed    ,30 DEC 2025,               2.00,         343260616,            544.30,   186836753288.80  
30 DEC 2025,ANDHRAPAP,EQ,ANDHRA PAPER LIMITED     ,Listed    ,30 DEC 2025,               2.00,         198850195,             66.55,    13229503473.35 
30 DEC 2025,ANDHRSUGAR,EQ,ANDHRA SUGARS LTD        ,Listed    ,30 DEC 2025,               2.00,         135535390,             75.20,    10189550620.20
30 DEC 2025,ANGELONE,EQ,ANGEL ONE LIMITED        ,Listed    ,30 DEC 2025,              10.00,          90668586,           2347.10,   212808238200.60  
30 DEC 2025,ANIKINDS,EQ,ANIK INDUSTRIES LTD      ,Listed    ,30 DEC 2025,              10.00,          27753486,             52.35,     1452339922.40  
30 DEC 2025,ANKITMETAL,BZ,ANKIT MET & POW LTD      ,Listed    ,30 DEC 2025,              10.00,         141110500,              1.75,      245532270.00
30 DEC 2025,ANLON,SM,ANLON TECHNOLOGY SOL LTD ,Listed    ,30 DEC 2025,              10.00,           6255400,            410.40,     2567216160.00     
30 DEC 2025,ANMOL,EQ,ANMOL INDIA LIMITED      ,Listed    ,30 DEC 2025,              10.00,          56914150,             13.85,      789399260.50     
30 DEC 2025,ANNAPURNA,SM,ANNAPURNA SWADISHT LTD   ,Listed    ,30 DEC 2025,              10.00,          21820000,            193.70,     4226534000.00 
30 DEC 2025,ANONDITA,ST,ANONDITA MEDICARE LIMITED,Listed    ,30 DEC 2025,              10.00,          18086618,            968.75,    17521411187.50  
30 DEC 2025,ANSALAPI,BZ,ANSAL PROP & INFRA LTD   ,Listed    ,30 DEC 2025,               5.00,         157404876,              3.40,      533602529.65  
30 DEC 2025,ANTGRAPHIC,EQ,ANTARCTICA LTD           ,Listed    ,30 DEC 2025,               1.00,         155009600,              1.00,      153459504.00
30 DEC 2025,ANTHEM,EQ,ANTHEM BIOSCIENCES LTD   ,Listed    ,30 DEC 2025,               2.00,         561610051,            639.45,   359121547111.95    
30 DEC 2025,ANUHPHR,EQ,ANUH PHARMA LIMITED      ,Listed    ,30 DEC 2025,               5.00,         100224000,             80.05,     8020926720.00   
30 DEC 2025,ANUP,EQ,THE ANUP ENGINEERING LTD ,Listed    ,30 DEC 2025,              10.00,          20026466,           2227.90,    44616963601.40      
30 DEC 2025,ANURAS,EQ,ANUPAM RASAYAN INDIA LTD ,Listed    ,30 DEC 2025,              10.00,         113848310,           1314.20,   149619449002.00    
30 DEC 2025,ANYA,SM,ANYA POLYTECH & FERTI LTD,Listed    ,29 DEC 2025,               2.00,         120000000,             20.40,     2448000000.00      
30 DEC 2025,ANZEN,IV,ANZEN IND ENE YLD PLU TRU,Listed    ,26 DEC 2025,             100.00,         196193900,            116.00,    22758492400.00     
30 DEC 2025,APARINDS,EQ,APAR INDUSTRIES LTD.     ,Listed    ,30 DEC 2025,              10.00,          40168315,           8384.00,   336771152960.00  
30 DEC 2025,APCL,EQ,ANJANI PORTLAND CEM LTD  ,Listed    ,30 DEC 2025,              10.00,          29374764,            118.35,     3477090814.70      
30 DEC 2025,APCOTEXIND,EQ,APCOTEX INDUSTRIES LIMITE,Listed    ,30 DEC 2025,               2.00,          51844960,            369.45,    19154120472.00
30 DEC 2025,APEX,EQ,APEX FROZEN FOODS LIMITED,Listed    ,30 DEC 2025,              10.00,          31250000,            270.75,     8460937500.00      
30 DEC 2025,APEXECO,SM,APEX ECOTECH LIMITED     ,Listed    ,30 DEC 2025,              10.00,          13185200,            128.00,     1687705600.00   
30 DEC 2025,APLAPOLLO,EQ,APL APOLLO TUBES LTD     ,Listed    ,30 DEC 2025,               2.00,         277636026,           1883.20,   522844164163.20 
30 DEC 2025,APLLTD,EQ,ALEMBIC PHARMA LTD       ,Listed    ,30 DEC 2025,               2.00,         196563124,            836.65,   164454537694.60    
30 DEC 2025,APOLLO,EQ,APOLLO MICRO SYSTEMS LTD ,Listed    ,30 DEC 2025,               1.00,         333532454,            259.85,    86668408171.90    
30 DEC 2025,APOLLOHOSP,EQ,APOLLO HOSPITALS ENTER. L,Listed    ,30 DEC 2025,               5.00,         143784657,           6990.00,  1005054752430.00
30 DEC 2025,APOLLOPIPE,EQ,APOLLO PIPES LIMITED     ,Listed    ,30 DEC 2025,              10.00,          44048206,            294.55,    12974399077.30
30 DEC 2025,APOLLOTYRE,EQ,APOLLO TYRES LTD         ,Listed    ,30 DEC 2025,               1.00,         635100946,            494.10,   313803377418.60
30 DEC 2025,APOLSINHOT,EQ,APOLLO SINDOORI HOTEL LTD,Listed    ,30 DEC 2025,               5.00,           2600400,           1205.00,     3133482000.00
30 DEC 2025,APRAMEYA,SM,APRAMEYA ENGINEERING LTD ,Listed    ,30 DEC 2025,              10.00,          19040000,            312.65,     5952856000.00  
30 DEC 2025,APS,SM,AUSTRALIAN PREM SOLAR I L,Listed    ,30 DEC 2025,              10.00,          20090000,            365.25,     7337872500.00       
30 DEC 2025,APTECHT,EQ,APTECH LIMITED           ,Listed    ,30 DEC 2025,              10.00,          58031549,             91.75,     5323814305.25   
30 DEC 2025,APTUS,EQ,APTUS VALUE HSG FIN I LTD,Listed    ,30 DEC 2025,               2.00,         500638236,            284.55,   142456610053.80     
30 DEC 2025,ARABIAN,SM,ARABIAN PETROLEUM LIMITED,Listed    ,30 DEC 2025,              10.00,          10892000,             71.05,      773876600.00   
30 DEC 2025,ARCHIDPLY,EQ,ARCHIDPLY IND. LTD       ,Listed    ,30 DEC 2025,              10.00,          19865000,             88.95,     1766594450.00 
30 DEC 2025,ARCHIES,EQ,ARCHIES LTD              ,Listed    ,30 DEC 2025,               2.00,          33780000,             18.35,      619863000.00   
30 DEC 2025,ARCIIL,SM,ARC INSULATION & INSU LTD,Listed    ,30 DEC 2025,              10.00,          10297380,             66.60,      685805508.00    
30 DEC 2025,ARE&M,EQ,AMARA RAJA ENERGY MOB LTD,Listed    ,30 DEC 2025,               1.00,         183025364,            894.90,   163789398243.60     
30 DEC 2025,ARENTERP,EQ,RAJDARSHAN INDUSTRIES LTD,Listed    ,30 DEC 2025,              10.00,           3108300,             45.05,      140028915.00  
30 DEC 2025,ARFIN,EQ,ARFIN INDIA LIMITED      ,Listed    ,30 DEC 2025,               1.00,         168722482,             70.55,    11899996655.45     
30 DEC 2025,ARHAM,ST,ARHAM TECHNOLOGIES LTD   ,Listed    ,30 DEC 2025,              10.00,          16920000,            152.05,     2572686000.00     
30 DEC 2025,ARIES,EQ,ARIES AGRO LTD.          ,Listed    ,30 DEC 2025,              10.00,          13004339,            322.00,     4187397158.00     
30 DEC 2025,ARIHANTACA,ST,ARIHANT ACADEMY LIMITED  ,Listed    ,30 DEC 2025,              10.00,           6055200,            498.95,     3021242040.00
30 DEC 2025,ARIHANTCAP,EQ,ARIHANT CAPITAL MKTS LTD ,Listed    ,30 DEC 2025,               1.00,         104112800,             89.55,     9323301240.00
30 DEC 2025,ARIHANTSUP,EQ,ARIHANT SUPERSTRUCT LTD  ,Listed    ,30 DEC 2025,              10.00,          43249991,            327.70,    14173022050.70
30 DEC 2025,ARISINFRA,EQ,ARISINFRA SOLUTIONS LTD  ,Listed    ,30 DEC 2025,               2.00,          81048526,            130.55,    10580885069.30 
30 DEC 2025,ARISTO,SM,ARISTO BIO T AND LIFESC L,Listed    ,29 DEC 2025,              10.00,           6807800,            120.00,      816936000.00    
30 DEC 2025,ARKADE,EQ,ARKADE DEVELOPERS LIMITED,Listed    ,30 DEC 2025,              10.00,         185663617,            136.70,    25382073080.05    
30 DEC 2025,ARMANFIN,EQ,ARMAN FIN SERV LTD       ,Listed    ,30 DEC 2025,              10.00,          10512621,           1544.20,    16233589348.20  
30 DEC 2025,AROGRANITE,EQ,ARO GRANITE IND. LTD.    ,Listed    ,30 DEC 2025,              10.00,          15300000,             30.90,      472464000.00
30 DEC 2025,ARROWGREEN,EQ,ARROW GREENTECH LIMITED  ,Listed    ,30 DEC 2025,              10.00,          15087938,            506.50,     7642040597.00
30 DEC 2025,ARSHIYA,BZ,ARSHIYA LIMITED          ,Listed    ,30 DEC 2025,               2.00,         263475915,              1.25,      326710134.60   
30 DEC 2025,ARSSBL,EQ,ANAND RATHI SH N STK BR L,Listed    ,30 DEC 2025,               5.00,          62725250,            636.95,    39952847987.50    
30 DEC 2025,ARTEMISMED,EQ,ARTEMIS MED SERVICE LTD  ,Listed    ,30 DEC 2025,               1.00,         138932250,            267.95,    37226896387.50
30 DEC 2025,ARTNIRMAN,EQ,ART NIRMAN LIMITED       ,Listed    ,30 DEC 2025,              10.00,          24956000,             46.50,     1160703560.00 
30 DEC 2025,ARUNAYA,SM,ARUNAYA ORGANICS LIMITED ,Listed    ,30 DEC 2025,              10.00,          17538432,             20.05,      351645561.60   
30 DEC 2025,ARVEE,BE,ARVEE LABORATORIES I LTD ,Listed    ,30 DEC 2025,              10.00,          11020000,            224.55,     2474541000.00     
30 DEC 2025,ARVIND,EQ,ARVIND LIMITED           ,Listed    ,30 DEC 2025,              10.00,         262114640,            312.85,    82002565124.00    
30 DEC 2025,ARVINDFASN,EQ,ARVIND FASHIONS LIMITED  ,Listed    ,30 DEC 2025,               4.00,         133473413,            508.25,    67837862157.25
30 DEC 2025,ARVINDPORT,SM,ARVIND PORT AND INFRA LTD,Listed    ,30 DEC 2025,              10.00,          17798300,             40.65,      723500895.00
30 DEC 2025,ARVSMART,EQ,ARVIND SMARTSPACES LTD   ,Listed    ,30 DEC 2025,              10.00,          45866979,            605.70,    27781629180.30  
30 DEC 2025,ASAHIINDIA,EQ,ASAHI INDIA GLASS LIMITED,Listed    ,30 DEC 2025,               1.00,         254927192,           1037.60,   264512454419.20
30 DEC 2025,ASAHISONG,EQ,ASAHI SONGWON COLOR LTD  ,Listed    ,30 DEC 2025,              10.00,          11787262,            256.15,     3019307161.30 
30 DEC 2025,ASAL,EQ,AUTOMOTIVE STAMPINGS & AS,Listed    ,30 DEC 2025,              10.00,          15864397,            472.05,     7488788603.85      
30 DEC 2025,ASALCBR,EQ,ASSO ALCOHOLS & BREW LTD ,Listed    ,30 DEC 2025,              10.00,          18079200,            946.20,    17106539040.00   
30 DEC 2025,ASCOM,ST,ASCOM LEASIN & INVEST LTD,Listed    ,30 DEC 2025,              10.00,          11714179,            124.10,     1453729613.90     
30 DEC 2025,ASHALOG,SM,ASHAPURA LOGISTICS LTD   ,Listed    ,30 DEC 2025,              10.00,          13556121,             67.90,      920460615.90   
30 DEC 2025,ASHAPURMIN,EQ,ASHAPURA MINECHEM LTD    ,Listed    ,30 DEC 2025,               2.00,          95526098,            887.35,    84765083060.30
30 DEC 2025,ASHIANA,EQ,ASHIANA HOUSING LTD      ,Listed    ,30 DEC 2025,               2.00,         100524857,            282.70,    28418377073.90   
30 DEC 2025,ASHIMASYN,EQ,ASHIMA LTD               ,Listed    ,30 DEC 2025,              10.00,         191660078,             18.95,     3630041877.30 
30 DEC 2025,ASHOKA,EQ,ASHOKA BUILDCON LTD      ,Listed    ,30 DEC 2025,               5.00,         280723217,            166.75,    46810596434.75    
30 DEC 2025,ASHOKAMET,EQ,ASHOKA METCAST LIMITED   ,Listed    ,30 DEC 2025,              10.00,          24996000,             15.60,      389687640.00 
30 DEC 2025,ASHOKLEY,EQ,ASHOK LEYLAND LTD        ,Listed    ,30 DEC 2025,               1.00,        5873454552,            178.65,  1049175186623.75  
30 DEC 2025,ASHWINI,ST,ASHWINI CONTAINER MOVER L,Listed    ,30 DEC 2025,              10.00,          15000000,            139.00,     2085000000.00   
30 DEC 2025,ASIANENE,EQ,ASIAN ENERGY SERVICES LTD,Listed    ,30 DEC 2025,              10.00,          44774444,            277.85,    12440579265.40  
30 DEC 2025,ASIANHOTNR,EQ,ASIAN HOTELS (NORTH) LTD ,Listed    ,30 DEC 2025,              10.00,          19453229,            315.05,     6128739796.45
30 DEC 2025,ASIANPAINT,EQ,ASIAN PAINTS LIMITED     ,Listed    ,30 DEC 2025,               1.00,         959197790,           2758.30,  2645755264157.00
30 DEC 2025,ASIANTILES,EQ,ASIAN GRANITO IND. LTD.  ,Listed    ,30 DEC 2025,              10.00,         231911649,             74.60,    17300609015.40
30 DEC 2025,ASKAUTOLTD,EQ,ASK AUTOMOTIVE LIMITED   ,Listed    ,30 DEC 2025,               2.00,         197142600,            469.25,    92509165050.00
30 DEC 2025,ASLIND,ST,ASL INDUSTRIES LIMITED   ,Listed    ,30 DEC 2025,              10.00,          10417090,            113.95,     1187027405.50    
30 DEC 2025,ASMS,EQ,BARTRONICS INDIA LIMITED ,Listed    ,30 DEC 2025,               1.00,         304576740,             12.05,     3670149717.00      
30 DEC 2025,ASPINWALL,EQ,ASPINWALL & CO LTD       ,Listed    ,30 DEC 2025,              10.00,           7818288,            217.55,     1701024920.15 
30 DEC 2025,ASPIRE,SM,ASPIRE & INNOVATIVE ADV L,Listed    ,30 DEC 2025,              10.00,          15178000,             15.95,      242089100.00    
30 DEC 2025,ASTEC,EQ,ASTEC LIFESCIENCES LTD   ,Listed    ,30 DEC 2025,              10.00,          22281661,            704.30,    15692973842.30     
30 DEC 2025,ASTERDM,EQ,ASTER DM HEALTHCARE LTD. ,Listed    ,30 DEC 2025,              10.00,         518121029,            611.35,   316753291079.15   
30 DEC 2025,ASTRAL,EQ,ASTRAL LIMITED           ,Listed    ,30 DEC 2025,               1.00,         268634727,           1360.30,   365423819138.10    
30 DEC 2025,ASTRAMICRO,EQ,ASTRA MICROWAVE LTD      ,Listed    ,30 DEC 2025,               2.00,          94945008,            954.60,    90634504636.80
30 DEC 2025,ASTRAZEN,EQ,ASTRAZENECA PHARMA IND LT,Listed    ,30 DEC 2025,               2.00,          25000000,           8918.50,   222962500000.00  
30 DEC 2025,ASTRON,EQ,ASTRON PAPER BORD MIL LTD,Listed    ,30 DEC 2025,              10.00,          46500000,              6.15,      285510000.00    
30 DEC 2025,ATALREAL,EQ,ATAL REALTECH LIMITED    ,Listed    ,30 DEC 2025,               2.00,         111015000,             26.00,     2888610300.00  
30 DEC 2025,ATAM,EQ,ATAM VALVES LIMITED      ,Listed    ,30 DEC 2025,              10.00,          11463000,             82.40,      944665830.00      
30 DEC 2025,ATCENERGY,SM,ATC ENERGIES SYSTEM LTD  ,Listed    ,30 DEC 2025,              10.00,          20388600,             36.00,      733989600.00 
30 DEC 2025,ATGL,EQ,ADANI TOTAL GAS LIMITED  ,Listed    ,30 DEC 2025,               1.00,        1099810083,            564.05,   620347877316.15      
30 DEC 2025,ATHERENERG,EQ,ATHER ENERGY LIMITED     ,Listed    ,30 DEC 2025,               1.00,         378972831,            731.90,   277370215008.90
30 DEC 2025,ATL,EQ,ALLCARGO TERMINALS LTD   ,Listed    ,30 DEC 2025,               2.00,         252060324,             28.05,     7075333294.70       
30 DEC 2025,ATLANTAA,BE,ATLANTAA LIMITED         ,Listed    ,30 DEC 2025,               2.00,          81500000,             42.70,     3479235000.00  
30 DEC 2025,ATLANTAELE,EQ,ATLANTA ELECTRICALS LTD  ,Listed    ,30 DEC 2025,               2.00,          76896625,            888.25,    68303427156.25
30 DEC 2025,ATLASCYCLE,EQ,ATLAS CYCLE (HARYANA) LTD,Listed    ,30 DEC 2025,               5.00,           6503838,            105.85,      688561329.05
30 DEC 2025,ATMASTCO,SM,ATMASTCO LIMITED         ,Listed    ,30 DEC 2025,              10.00,          24734690,            130.50,     3227877045.00  
30 DEC 2025,ATUL,EQ,ATUL LTD                 ,Listed    ,30 DEC 2025,              10.00,          29441755,           6039.50,   177813479322.50      
30 DEC 2025,ATULAUTO,EQ,ATUL AUTO LIMITED        ,Listed    ,30 DEC 2025,               5.00,          27751280,            434.00,    12044055520.00  
30 DEC 2025,AUBANK,EQ,AU SMALL FINANCE BANK LTD,Listed    ,30 DEC 2025,              10.00,         745898230,            996.45,   743250291283.50    
30 DEC 2025,AURIONPRO,EQ,AURIONPRO SOLN LTD       ,Listed    ,30 DEC 2025,              10.00,          55213530,           1041.30,    57493848789.00 
30 DEC 2025,AUROIMPEX,SM,AURO IMPEX & CHEMICALS L ,Listed    ,30 DEC 2025,              10.00,          12200800,             40.00,      488032000.00 
30 DEC 2025,AUROPHARMA,EQ,AUROBINDO PHARMA LTD     ,Listed    ,30 DEC 2025,               1.00,         580801623,           1186.30,   689004965364.90
30 DEC 2025,AURUM,EQ,AURUM PROPTECH LIMITED   ,Listed    ,30 DEC 2025,               5.00,          76109436,            186.10,    14163204945.25     
30 DEC 2025,AUSL,SM,ADITYA ULTRA STEEL LTD   ,Listed    ,30 DEC 2025,              10.00,          24835568,             26.00,      645724768.00      
30 DEC 2025,AUSOMENT,EQ,AUSOM ENTERPRISE LIMITED ,Listed    ,30 DEC 2025,              10.00,          13623552,            108.10,     1472842206.70  
30 DEC 2025,AUTOAXLES,EQ,AUTOMOTIVE AXLES LIMITED ,Listed    ,30 DEC 2025,              10.00,          15111975,           1872.20,    28292639595.00 
30 DEC 2025,AUTOIND,EQ,AUTOLINE INDUSTRIES LTD  ,Listed    ,30 DEC 2025,              10.00,          45375401,             79.90,     3626402047.90   
30 DEC 2025,AVADHSUGAR,EQ,AVADH SUG & ENERGY LTD   ,Listed    ,30 DEC 2025,              10.00,          20018420,            370.20,     7410819084.00
30 DEC 2025,AVALON,EQ,AVALON TECHNOLOGIES LTD  ,Listed    ,30 DEC 2025,               2.00,          66713941,            845.35,    56396630024.35    
30 DEC 2025,AVANTEL,EQ,AVANTEL LIMITED          ,Listed    ,30 DEC 2025,               2.00,         264969520,            155.55,    41210709445.60   
30 DEC 2025,AVANTIFEED,EQ,AVANTI FEEDS LIMITED     ,Listed    ,30 DEC 2025,               1.00,         136245630,            831.15,   113240555374.50
30 DEC 2025,AVG,EQ,AVG LOGISTICS LIMITED    ,Listed    ,30 DEC 2025,              10.00,          15057720,            175.55,     2643081591.60       
30 DEC 2025,AVIANSH,SM,AVI ANSH TEXTILE LIMITED ,Listed    ,30 DEC 2025,              10.00,          13976930,            115.00,     1607346950.00   
30 DEC 2025,AVL,EQ,ADITYA VISION LIMITED    ,Listed    ,30 DEC 2025,               1.00,         128663050,            484.10,    62285782505.00       
30 DEC 2025,AVONMORE,EQ,AVONMORE CAP&MGT SERV LTD,Listed    ,30 DEC 2025,               1.00,         282184741,             18.70,     5282498351.50  
30 DEC 2025,AVPINFRA,SM,AVP INFRACON LIMITED     ,Listed    ,30 DEC 2025,              10.00,          24979200,            118.85,     2968777920.00  
30 DEC 2025,AVROIND,EQ,AVRO INDIA LIMITED       ,Listed    ,30 DEC 2025,              10.00,          13311050,            119.50,     1590537364.50   
30 DEC 2025,AVSL,ST,AVSL INDUSTRIES LIMITED  ,Listed    ,08 DEC 2025,              10.00,           5331120,            126.00,      671721120.00      
30 DEC 2025,AVTNPL,EQ,AVT NATURAL PRODUCTS LTD ,Listed    ,30 DEC 2025,               1.00,         152284000,             66.05,    10056835360.00    
30 DEC 2025,AWFIS,EQ,AWFIS SPACE SOLUTIONS LTD,Listed    ,30 DEC 2025,              10.00,          71509041,            476.80,    34095510748.80     
30 DEC 2025,AWHCL,EQ,ANTONY WASTE HDG CELL LTD,Listed    ,30 DEC 2025,               5.00,          28382100,            484.80,    13759642080.00     
30 DEC 2025,AWL,EQ,AWL AGRI BUSINESS LIMITED,Listed    ,30 DEC 2025,               1.00,        1299678605,            240.00,   311922865200.00       
30 DEC 2025,AXISBANK,EQ,AXIS BANK LIMITED        ,Listed    ,30 DEC 2025,               2.00,        3102679760,           1246.00,  3865938980960.00  
30 DEC 2025,AXISCADES,BE,AXISCADES TECH LTD       ,Listed    ,30 DEC 2025,               5.00,          42497653,           1320.80,    56130900082.40 
30 DEC 2025,AXITA,BE,AXITA COTTON LIMITED     ,Listed    ,30 DEC 2025,               1.00,         347837344,             13.30,     4619279928.30     
30 DEC 2025,AYMSYNTEX,EQ,AYM SYNTEX LIMITED       ,Listed    ,30 DEC 2025,              10.00,          58581091,            172.15,    10083563193.85 
30 DEC 2025,AZAD,EQ,AZAD ENGINEERING LIMITED ,Listed    ,30 DEC 2025,               2.00,          64581743,           1618.20,   104506176522.60      
30 DEC 2025,BABAFP,SM,BABA FOOD PROCESSING     ,Listed    ,30 DEC 2025,              10.00,          16326403,             32.05,      523261216.15    
30 DEC 2025,BAFNAPH,BE,BAFNA PHARMACEUTICALS LTD,Listed    ,30 DEC 2025,              10.00,          23656335,            147.60,     3491911609.35   
30 DEC 2025,BAGDIGITAL,SM,B.A.G.CONVERGENCE LIMITED,Listed    ,30 DEC 2025,              10.00,          21218800,            120.70,     2561109160.00
30 DEC 2025,BAGFILMS,EQ,B.A.G FILMS AND MEDIA LTD,Listed    ,30 DEC 2025,               2.00,         197747749,              6.25,     1233945953.75  
30 DEC 2025,BAHETI,SM,BAHETI RECYCLING IND LTD ,Listed    ,30 DEC 2025,              10.00,          10368530,            591.65,     6134540774.50    
30 DEC 2025,BAIDFIN,EQ,BAID FINSERV LIMITED     ,Listed    ,30 DEC 2025,               2.00,         150085375,             11.20,     1683957907.50   
30 DEC 2025,BAJAJ-AUTO,EQ,BAJAJ AUTO LIMITED       ,Listed    ,30 DEC 2025,              10.00,         279257608,           9282.00,  2592069117456.00
30 DEC 2025,BAJAJCON,EQ,BAJAJ CONSUMER CARE LTD  ,Listed    ,30 DEC 2025,               1.00,         137052803,            255.80,    35058107007.40  
30 DEC 2025,BAJAJELEC,EQ,BAJAJ ELECT.LTD          ,Listed    ,30 DEC 2025,               2.00,         115370139,            473.45,    54621992309.55 
30 DEC 2025,BAJAJFINSV,EQ,BAJAJ FINSERV LTD.       ,Listed    ,30 DEC 2025,               1.00,        1597813220,           2026.40,  3237808709008.00
30 DEC 2025,BAJAJHCARE,EQ,BAJAJ HEALTHCARE LIMITED ,Listed    ,30 DEC 2025,               5.00,          31583252,            412.60,    13031249775.20
30 DEC 2025,BAJAJHFL,EQ,BAJAJ HOUSING FINANCE LTD,Listed    ,30 DEC 2025,              10.00,        8332334619,             94.15,   784655951071.25  
30 DEC 2025,BAJAJHIND,EQ,BAJAJ HINDUSTHAN SUGAR LT,Listed    ,30 DEC 2025,               1.00,        1277359942,             18.15,    23196856546.70 
30 DEC 2025,BAJAJHLDNG,EQ,BAJAJ HOLDINGS & INVS LTD,Listed    ,30 DEC 2025,              10.00,         111293510,          10982.00,  1222225326820.00
30 DEC 2025,BAJAJINDEF,EQ,INDEF MANUFACTURING LTD  ,Listed    ,30 DEC 2025,               1.00,          32000000,            338.70,    10838400000.00
30 DEC 2025,BAJEL,EQ,BAJEL PROJECTS LIMITED   ,Listed    ,30 DEC 2025,               2.00,         115658560,            171.35,    19816937670.40     
30 DEC 2025,BAJFINANCE,EQ,BAJAJ FINANCE LIMITED    ,Listed    ,30 DEC 2025,               1.00,        6222481865,            989.30,  6155901309044.50
30 DEC 2025,BALAJEE,EQ,SHREE TIRUPATI BALAJEE L ,Listed    ,30 DEC 2025,              10.00,          81570852,             39.05,     3186157479.10   
30 DEC 2025,BALAJIPHOS,SM,BALAJI PHOSPHATES LIMITED,Listed    ,30 DEC 2025,              10.00,          23777100,            144.00,     3423902400.00
30 DEC 2025,BALAJITELE,EQ,BALAJI TELEFILMS LIMITED.,Listed    ,30 DEC 2025,               2.00,         119588744,            107.50,    12854594092.55
30 DEC 2025,BALAMINES,EQ,BALAJI AMINES LIMITED    ,Listed    ,30 DEC 2025,               2.00,          32401000,           1093.90,    35443453900.00 
30 DEC 2025,BALAXI,EQ,BALAXI PHARMA LTD        ,Listed    ,30 DEC 2025,               2.00,          55207500,             26.75,     1477904775.00    
30 DEC 2025,BALCO,SM,SOLVE PLASTIC PRODUCTS L ,Listed    ,26 DEC 2025,              10.00,           4368250,             24.75,      108114187.50     
30 DEC 2025,BALKRISHNA,EQ,BALKRISHNA PAPER MILLS L ,Listed    ,30 DEC 2025,              10.00,          32219532,             18.50,      596705732.65
30 DEC 2025,BALKRISIND,EQ,BALKRISHNA IND. LTD      ,Listed    ,30 DEC 2025,               2.00,         193317190,           2309.70,   446504713743.00
30 DEC 2025,BALMLAWRIE,EQ,BALMER LAWRIE & CO LTD   ,Listed    ,30 DEC 2025,              10.00,         171003846,            181.50,    31040618125.90
30 DEC 2025,BALPHARMA,EQ,BAL PHARMA LTD.          ,Listed    ,30 DEC 2025,              10.00,          15920872,             72.45,     1153307967.70 
30 DEC 2025,BALRAMCHIN,EQ,BALRAMPUR CHINI MILLS LTD,Listed    ,30 DEC 2025,               1.00,         201943958,            437.25,    88299995635.50
30 DEC 2025,BALUFORGE,EQ,BALU FORGE INDUSTRIES LTD,Listed    ,30 DEC 2025,              10.00,         113991900,            603.70,    68816910030.00 
30 DEC 2025,BANARBEADS,EQ,BANARAS BEADS LTD        ,Listed    ,30 DEC 2025,              10.00,           6636222,            123.55,      820037952.55
30 DEC 2025,BANARISUG,EQ,BANNARI AMMAN SUGARS LTD ,Listed    ,30 DEC 2025,              10.00,          12539700,           3600.00,    45142920000.00 
30 DEC 2025,BANCOINDIA,EQ,BANCO PRODUCTS (I) LTD   ,Listed    ,30 DEC 2025,               2.00,         143037300,            686.20,    98152195260.00
30 DEC 2025,BANDHANBNK,EQ,BANDHAN BANK LIMITED     ,Listed    ,30 DEC 2025,              10.00,        1610971405,            145.80,   234911850277.10
30 DEC 2025,BANG,EQ,BANG OVERSEAS LTD.       ,Listed    ,30 DEC 2025,              10.00,          13560000,             47.35,      642337200.00      
30 DEC 2025,BANKA,EQ,BANKA BIOLOO LIMITED     ,Listed    ,30 DEC 2025,              10.00,          10884107,             65.85,      716936128.10     
30 DEC 2025,BANKBARODA,EQ,BANK OF BARODA           ,Listed    ,30 DEC 2025,               2.00,        5171362179,            293.00,  1515209118447.00
30 DEC 2025,BANKINDIA,EQ,BANK OF INDIA            ,Listed    ,30 DEC 2025,              10.00,        4552667866,            142.00,   646524363650.65 
30 DEC 2025,BANSALWIRE,EQ,BANSAL WIRE INDUSTRIES L ,Listed    ,30 DEC 2025,               5.00,         156555952,            305.85,    47882637919.20
30 DEC 2025,BANSWRAS,EQ,BANSWARA SYNTEX LIMITED  ,Listed    ,30 DEC 2025,               5.00,          34232084,            115.80,     3963733006.35  
30 DEC 2025,BARFLEX,SM,BARFLEX POLYFILMS LIMITED,Listed    ,30 DEC 2025,              10.00,          24749000,             75.50,     1868549500.00   
30 DEC 2025,BASF,EQ,BASF INDIA LTD           ,Listed    ,30 DEC 2025,              10.00,          43285640,           3858.80,   167030627632.00      
30 DEC 2025,BASILIC,SM,BASILIC FLY STUDIO LTD   ,Listed    ,30 DEC 2025,              10.00,          25265000,            335.00,     8463775000.00   
30 DEC 2025,BASML,EQ,BANNARI AM SPIN MILL LTD.,Listed    ,30 DEC 2025,               5.00,          79921375,             26.00,     2077955750.00     
30 DEC 2025,BATAINDIA,EQ,BATA INDIA LTD           ,Listed    ,30 DEC 2025,               5.00,         128527540,            938.05,   120565258897.00 
30 DEC 2025,BAWEJA,SM,BAWEJA STUDIOS LIMITED   ,Listed    ,30 DEC 2025,              10.00,          18427001,             39.00,      718653039.00    
30 DEC 2025,BAYERCROP,EQ,BAYER CROPSCIENCE LTD    ,Permitted ,30 DEC 2025,              10.00,          44942092,           4514.10,   202873097497.20 
30 DEC 2025,BBL,EQ,BHARAT BIJLEE LTD        ,Listed    ,30 DEC 2025,               5.00,          11303120,           2699.50,    30512772440.00       
30 DEC 2025,BBOX,EQ,BLACK BOX LIMITED        ,Listed    ,30 DEC 2025,               2.00,         169987510,            549.00,    93323142990.00      
30 DEC 2025,BBTC,EQ,BOMBAY BURMAH TRADING COR,Listed    ,30 DEC 2025,               2.00,          69771900,           1877.00,   130961856300.00      
30 DEC 2025,BBTCL,EQ,B&B TRIPLEWALL CONT LTD  ,Listed    ,30 DEC 2025,              10.00,          20511240,            188.65,     3869445426.00     
30 DEC 2025,BCG,EQ,BRIGHTCOM GROUP LIMITED  ,Listed    ,30 DEC 2025,               2.00,        2017921873,             10.15,    20522265448.40       
30 DEC 2025,BCLIND,EQ,BCL INDUSTRIES LIMITED   ,Listed    ,30 DEC 2025,               1.00,         295163340,             31.45,     9279935409.60    
30 DEC 2025,BCONCEPTS,EQ,BRAND CONCEPTS LIMITED   ,Listed    ,30 DEC 2025,              10.00,          12421877,            349.20,     4337719448.40 
30 DEC 2025,BDL,EQ,BHARAT DYNAMICS LIMITED  ,Listed    ,30 DEC 2025,               5.00,         366562500,           1454.60,   533201812500.00       
30 DEC 2025,BDR,IT,BDR BUILDCON LIMITED     ,Listed    ,10 MAR 2017,              10.00,           6645000,             87.65,      582434250.00       
30 DEC 2025,BEACON,ST,BEACON TRUSTEESHIP LTD   ,Listed    ,30 DEC 2025,              10.00,          18064913,             86.75,     1567131202.75    
30 DEC 2025,BEARDSELL,EQ,BEARDSELL LIMITED        ,Listed    ,30 DEC 2025,               2.00,          39437000,             30.30,     1194941100.00 
30 DEC 2025,BECTORFOOD,EQ,MRS BECTORS FOOD SPE LTD ,Listed    ,30 DEC 2025,               2.00,         306990595,            228.30,    70085952838.50
30 DEC 2025,BEDMUTHA,EQ,BEDMUTHA INDUST LTD      ,Listed    ,30 DEC 2025,              10.00,          32263884,            110.10,     3552898906.10  
30 DEC 2025,BEL,EQ,BHARAT ELECTRONICS LTD   ,Listed    ,30 DEC 2025,               1.00,        7309778829,            393.30,  2874936013445.70       
30 DEC 2025,BELLACASA,EQ,BELLA CASA FASH AND RET L,Listed    ,30 DEC 2025,              10.00,          13387500,            366.75,     4909865625.00 
30 DEC 2025,BELRISE,EQ,BELRISE INDUSTRIES LTD   ,Listed    ,30 DEC 2025,               5.00,         889879192,            181.75,   161726644354.10   
30 DEC 2025,BEML,EQ,BEML LIMITED             ,Listed    ,30 DEC 2025,               5.00,          83289000,           1832.60,   152635421400.00      
30 DEC 2025,BEPL,EQ,BHANSALI ENG. POLYMERS LT,Listed    ,30 DEC 2025,               1.00,         248858460,             88.35,    21984156356.40      
30 DEC 2025,BERGEPAINT,EQ,BERGER PAINTS (I) LTD    ,Listed    ,30 DEC 2025,               1.00,        1165894779,            525.55,   612736001103.45
30 DEC 2025,BESTAGRO,EQ,BEST AGROLIFE LIMITED    ,Listed    ,30 DEC 2025,              10.00,          23644740,            383.35,     9064211079.00  
30 DEC 2025,BETA,EQ,BETA DRUGS LIMITED       ,Listed    ,30 DEC 2025,              10.00,          10094553,           1572.20,    15870656226.60      
30 DEC 2025,BEWLTD,SM,BEW ENGINEERING LIMITED  ,Listed    ,30 DEC 2025,              10.00,          13073324,            120.45,     1574681875.80    
30 DEC 2025,BFINVEST,EQ,BF INVESTMENT LIMITED    ,Listed    ,30 DEC 2025,               5.00,          37667628,            410.25,    15453144387.00  
30 DEC 2025,BFUTILITIE,BZ,BF UTILITIES LIMITED     ,Listed    ,30 DEC 2025,               5.00,          37667628,            675.35,    25438832569.80
30 DEC 2025,BGRENERGY,BE,BGR ENERGY SYSTEMS LTD   ,Listed    ,30 DEC 2025,              10.00,          72161560,            356.10,    25696731516.00 
30 DEC 2025,BHADORA,SM,BHADORA INDUSTRIES LTD   ,Listed    ,30 DEC 2025,              10.00,          18600000,             77.10,     1434060000.00   
30 DEC 2025,BHAGCHEM,EQ,BHAGIRADHA CHEM & INDS L ,Listed    ,30 DEC 2025,               1.00,         129669080,            224.05,    29053654064.80  
30 DEC 2025,BHAGERIA,EQ,BHAGERIA INDUSTRIES LTD  ,Listed    ,30 DEC 2025,               5.00,          43644180,            180.20,     7865117677.80  
30 DEC 2025,BHAGYANGR,BE,BHAGYANAGAR INDIA LIMITED,Listed    ,30 DEC 2025,               2.00,          31995000,            167.00,     5342525100.00 
30 DEC 2025,BHANDARI,EQ,BHANDARI HOSIERY EXP LTD ,Listed    ,30 DEC 2025,               1.00,         240049652,              3.90,      940994635.85  
30 DEC 2025,BHARATFORG,EQ,BHARAT FORGE LTD         ,Listed    ,30 DEC 2025,               2.00,         478088632,           1454.60,   695427724107.20
30 DEC 2025,BHARATGEAR,BE,BHARAT GEARS LTD         ,Listed    ,30 DEC 2025,              10.00,          15355058,            106.75,     1638998890.90
30 DEC 2025,BHARATRAS,EQ,BHARAT RASAYAN LTD       ,Listed    ,30 DEC 2025,               5.00,          16621072,           2224.00,    36965264128.00 
30 DEC 2025,BHARATSE,EQ,BHARAT SEATS LIMITED     ,Listed    ,30 DEC 2025,               2.00,          62800000,            171.95,    10798460000.00  
30 DEC 2025,BHARATWIRE,EQ,BHARAT WIRE ROPES LTD.   ,Listed    ,30 DEC 2025,              10.00,          68584648,            181.85,    12472118238.80
30 DEC 2025,BHARTIARTL,EQ,BHARTI AIRTEL LIMITED    ,Listed    ,30 DEC 2025,               5.00,        5702105319,           2099.80, 11973280748836.20
30 DEC 2025,BHARTIHEXA,EQ,BHARTI HEXACOM LIMITED   ,Listed    ,30 DEC 2025,               5.00,         500000000,           1780.80,   890400000000.00
30 DEC 2025,BHEL,EQ,BHEL                     ,Listed    ,30 DEC 2025,               2.00,        3482063355,            282.80,   984727516794.00      
30 DEC 2025,BIGBLOC,EQ,BIGBLOC CONSTRUCTION LTD ,Listed    ,30 DEC 2025,               2.00,         141575750,             72.40,    10247252785.00   
30 DEC 2025,BIKAJI,EQ,BIKAJI FOODS INTERN LTD  ,Listed    ,30 DEC 2025,               1.00,         250592710,            759.45,   190312633609.50    
30 DEC 2025,BIKEWO,SM,BIKEWO GREEN TECH LIMITED,Listed    ,30 DEC 2025,              10.00,          13043250,             21.40,      279125550.00    
30 DEC 2025,BIL,EQ,BHARTIYA INTERNATIONAL   ,Listed    ,30 DEC 2025,              10.00,          13410411,            720.40,     9660860084.40       
30 DEC 2025,BILVYAPAR,BE,BIL VYAPAR LIMITED       ,Listed    ,30 DEC 2025,              10.00,          31366175,              7.50,      234932650.75 
30 DEC 2025,BIOCON,EQ,BIOCON LIMITED.          ,Listed    ,30 DEC 2025,               5.00,        1336963635,            390.40,   521950603104.00    
30 DEC 2025,BIOFILCHEM,EQ,BIOFIL CHEM & PHARMA LTD ,Listed    ,30 DEC 2025,              10.00,          16273800,             33.50,      545009562.00
30 DEC 2025,BIRDYS,SM,GRILL SPLENDOUR SER LTD  ,Listed    ,29 DEC 2025,              10.00,           5658200,            121.00,      684642200.00    
30 DEC 2025,BIRET,RR,BROOKFIELD INDIA RET     ,Listed    ,30 DEC 2025,             275.00,         640010513,            333.60,   213507507136.80     
30 DEC 2025,BIRLACABLE,EQ,BIRLA CABLE LIMITED      ,Listed    ,30 DEC 2025,              10.00,          30000000,            135.50,     4065300000.00
30 DEC 2025,BIRLACORPN,EQ,BIRLA CORPORATION LTD    ,Listed    ,30 DEC 2025,              10.00,          77005347,           1057.00,    81394651779.00
30 DEC 2025,BIRLAMONEY,EQ,ADITYA BIRLA MONEY LTD   ,Listed    ,30 DEC 2025,               1.00,          56509201,            142.35,     8042954578.35
30 DEC 2025,BIRLANU,EQ,BIRLANU LIMITED          ,Listed    ,30 DEC 2025,              10.00,           7540899,           1608.20,    12127273771.80   
30 DEC 2025,BLACKBUCK,EQ,BLACKBUCK LIMITED        ,Listed    ,30 DEC 2025,               1.00,         180553141,            668.25,   120654636473.25 
30 DEC 2025,BLAL,EQ,BEML LAND ASSETS LIMITED ,Listed    ,30 DEC 2025,              10.00,          41644500,            206.05,     8581265670.00      
30 DEC 2025,BLBLIMITED,EQ,BLB LIMITED              ,Listed    ,30 DEC 2025,               1.00,          52865258,             13.95,      737470349.10
30 DEC 2025,BLISSGVS,EQ,BLISS GVS PHARMA LTD     ,Listed    ,30 DEC 2025,               1.00,         105609522,            162.40,    17152042468.00  
30 DEC 2025,BLKASHYAP,EQ,B.L.KASHYAP & SON LTD    ,Listed    ,30 DEC 2025,               1.00,         225440000,             55.85,    12586315200.00 
30 DEC 2025,BLS,EQ,BLS INTL SERVS LTD       ,Listed    ,30 DEC 2025,               1.00,         411740908,            316.60,   130357171472.80       
30 DEC 2025,BLSE,EQ,BLS E-SERVICES LIMITED   ,Listed    ,30 DEC 2025,              10.00,          90856485,            202.55,    18403889601.60      
30 DEC 2025,BLUECOAST,BE,BLUE COAST HOTELS LIMITED,Listed    ,30 DEC 2025,              10.00,          17192457,             33.15,      569758025.00 
30 DEC 2025,BLUEDART,EQ,BLUE DART EXPRESS LTD    ,Listed    ,30 DEC 2025,              10.00,          23727934,           5542.50,   131512074195.00  
30 DEC 2025,BLUEJET,EQ,BLUE JET HEALTHCARE LTD  ,Listed    ,30 DEC 2025,               2.00,         173465425,            519.80,    90167327915.00   
30 DEC 2025,BLUEPEBBLE,SM,BLUE PEBBLE LIMITED      ,Listed    ,30 DEC 2025,              10.00,           4080000,            114.25,      466140000.00
30 DEC 2025,BLUESTARCO,EQ,BLUE STAR LIMITED        ,Listed    ,30 DEC 2025,               2.00,         205614788,           1708.00,   351190057904.00
30 DEC 2025,BLUESTONE,EQ,BLUESTONE JEWEL LFSTL LTD,Listed    ,30 DEC 2025,               1.00,         151320372,            475.35,    71930138830.20 
30 DEC 2025,BLUEWATER,SM,BLUE WATER LOGISTICS LTD ,Listed    ,30 DEC 2025,              10.00,          11000000,            144.20,     1586200000.00 
30 DEC 2025,BLUSPRING,EQ,BLUSPRING ENTERPRISES LTD,Listed    ,30 DEC 2025,              10.00,         148949413,             65.85,     9805339857.80 
30 DEC 2025,BMETRICS,SM,BOMBAY METRICS S C LTD   ,Listed    ,30 DEC 2025,              10.00,          12313920,             42.45,      522725904.00  
30 DEC 2025,BMWVENTLTD,EQ,BMW VENTURES LIMITED     ,Listed    ,30 DEC 2025,              10.00,          86715000,             57.30,     4967902350.00
30 DEC 2025,BODALCHEM,EQ,BODAL CHEMICALS LTD      ,Listed    ,30 DEC 2025,               2.00,         125944065,             53.05,     6682592088.90 
30 DEC 2025,BOHRAIND,EQ,BOHRA INDUSTRIES LIMITED ,Listed    ,30 DEC 2025,              10.00,          21172152,             17.25,      365219622.00  
30 DEC 2025,BOMDYEING,EQ,BOMBAY DYEING & MFG. CO L,Listed    ,30 DEC 2025,               2.00,         206534900,            131.50,    27163470048.00 
30 DEC 2025,BORANA,BE,BORANA WEAVES LIMITED    ,Listed    ,30 DEC 2025,              10.00,          26645295,            288.90,     7697825725.50    
30 DEC 2025,BOROLTD,EQ,BOROSIL LIMITED          ,Listed    ,30 DEC 2025,               1.00,         119577573,            277.90,    33230607536.70   
30 DEC 2025,BORORENEW,EQ,BOROSIL RENEWABLES LTD   ,Listed    ,30 DEC 2025,               1.00,         133185970,            534.75,    71221197457.50 
30 DEC 2025,BOROSCI,EQ,BOROSIL SCIENTIFIC LTD   ,Listed    ,30 DEC 2025,               1.00,          88947050,            115.70,    10291173685.00   
30 DEC 2025,BOSCHLTD,EQ,BOSCH LIMITED            ,Listed    ,30 DEC 2025,              10.00,          29493640,          35525.00,  1047761561000.00  
30 DEC 2025,BOSS,SM,BOSS PACKAGING SOLU LTD  ,Listed    ,29 DEC 2025,              10.00,           4446260,             42.30,      188076798.00      
30 DEC 2025,BPCL,EQ,BHARAT PETROLEUM CORP  LT,Listed    ,30 DEC 2025,              10.00,        4338505488,            369.50,  1603077777816.00      
30 DEC 2025,BPL,EQ,BPL LTD                  ,Listed    ,30 DEC 2025,              10.00,          48975751,             57.70,     2826880347.70       
30 DEC 2025,BRACEPORT,SM,BRACE PORT LOGISTICS LTD ,Listed    ,30 DEC 2025,              10.00,          11301200,             92.95,     1050446540.00 
30 DEC 2025,BRIGADE,EQ,BRIGADE ENTER. LTD       ,Listed    ,30 DEC 2025,              10.00,         244483040,            870.20,   212749141408.00   
30 DEC 2025,BRIGHOTEL,EQ,BRIGADE HOTEL VENTURE LTD,Listed    ,30 DEC 2025,              10.00,         379842565,             65.85,    25012632905.25 
30 DEC 2025,BRITANNIA,EQ,BRITANNIA INDUSTRIES LTD ,Listed    ,30 DEC 2025,               1.00,         240868296,           6013.00,  1448341063848.00 
30 DEC 2025,BRNL,EQ,BHARAT ROAD NETWORK LTD  ,Listed    ,30 DEC 2025,              10.00,          83950000,             21.70,     1821715000.00      
30 DEC 2025,BROOKS,EQ,BROOKS LAB LIMITED       ,Listed    ,30 DEC 2025,              10.00,          29457248,             70.50,     2076441411.50    
30 DEC 2025,BSE,EQ,BSE LIMITED              ,Listed    ,30 DEC 2025,               2.00,         407299077,           2581.00,  1051238917737.00       
30 DEC 2025,BSHSL,EQ,BOMBAY SUPER HYBRID SEEDS,Listed    ,30 DEC 2025,               1.00,         104937280,            105.65,    11088722377.60     
30 DEC 2025,BSL,EQ,BSL LTD                  ,Listed    ,30 DEC 2025,              10.00,          10292168,            153.30,     1577789354.40       
30 DEC 2025,BSOFT,EQ,BIRLASOFT LIMITED        ,Listed    ,30 DEC 2025,               2.00,         278542944,            423.60,   117990791078.40     
30 DEC 2025,BTML,EQ,BODHI TREE MULTIMEDIA LTD,Listed    ,30 DEC 2025,               1.00,         180497777,              8.10,     1462031993.70      
30 DEC 2025,BULKCORP,SM,BULKCORP INTERNATIONAL L ,Listed    ,30 DEC 2025,              10.00,           7514064,             56.00,      420787584.00  
30 DEC 2025,BUTTERFLY,EQ,BTRFLY GANDHI APPL LTD   ,Listed    ,30 DEC 2025,              10.00,          17879551,            639.45,    11433078886.95 
30 DEC 2025,BVCL,EQ,BARAK VALLEY CEM. LTD.   ,Listed    ,30 DEC 2025,              10.00,          22160000,             43.95,      974375200.00      
30 DEC 2025,BYKE,EQ,THE BYKE HOSPITALITY LTD ,Listed    ,30 DEC 2025,              10.00,          52279300,             50.05,     2616056172.00      
30 DEC 2025,C2C,SM,C2C ADVANCED SYSTEMS LTD ,Listed    ,30 DEC 2025,              10.00,          16641168,            498.50,     8295622248.00       
30 DEC 2025,CADSYS,SM,CADSYS (INDIA) LIMITED   ,Listed    ,30 DEC 2025,              10.00,          10002500,             46.65,      466616625.00    
30 DEC 2025,CALSOFT,EQ,CALIFORNIA SOFTWARE CO LT,Listed    ,30 DEC 2025,              10.00,          15457106,             14.25,      219954618.40   
30 DEC 2025,CAMLINFINE,EQ,CAMLIN FINE SCIENCES LTD ,Listed    ,30 DEC 2025,               1.00,         187980432,            149.25,    28052319867.35
30 DEC 2025,CAMPUS,EQ,CAMPUS ACTIVEWEAR LIMITED,Listed    ,30 DEC 2025,               5.00,         305472194,            260.65,    79621327366.10    
30 DEC 2025,CAMS,EQ,COMPUTER AGE MNGT SER LTD,Listed    ,30 DEC 2025,               2.00,         247481925,            731.80,   181107272715.00      
30 DEC 2025,CANARYS,SM,CANARYS AUTOMATIONS LTD  ,Listed    ,30 DEC 2025,               2.00,          57196113,             29.80,     1704444167.40   
30 DEC 2025,CANBK,EQ,CANARA BANK              ,Listed    ,30 DEC 2025,               2.00,        9070651260,            154.05,  1397152413577.80     
30 DEC 2025,CANFINHOME,EQ,CAN FIN HOMES LTD        ,Listed    ,30 DEC 2025,               2.00,         133154125,            927.20,   123460504700.00
30 DEC 2025,CANHLIFE,EQ,CANARA HSBC LIFE INS CO L,Listed    ,30 DEC 2025,              10.00,         950000000,            149.00,   141569000000.00  
30 DEC 2025,CANTABIL,EQ,CANTABIL RETAIL LTD      ,Listed    ,30 DEC 2025,               2.00,          83638040,            261.80,    21897275252.40  
30 DEC 2025,CAPACITE,EQ,CAPACITE INFRAPROJECT LTD,Listed    ,30 DEC 2025,              10.00,          84604043,            254.00,    21489426922.00  
30 DEC 2025,CAPILLARY,EQ,CAPILLARY TECHNO INDIA L ,Listed    ,30 DEC 2025,               2.00,          79311773,            670.05,    53142853498.65 
30 DEC 2025,CAPINVIT,IV,CAPITAL INFRA TRUST      ,Listed    ,30 DEC 2025,              99.00,         318661000,             74.10,    23609593490.00  
30 DEC 2025,CAPITALSFB,EQ,CAPITAL SMALL FIN BANK L ,Listed    ,30 DEC 2025,              10.00,          45286187,            260.95,    11817430497.65
30 DEC 2025,CAPLIPOINT,EQ,CAPLIN POINT LAB LTD.    ,Listed    ,30 DEC 2025,               2.00,          76011696,           1790.70,   136114144027.20
30 DEC 2025,CAPTRUST,EQ,CAPITAL TRUST LIMITED    ,Listed    ,30 DEC 2025,              10.00,          34019404,             13.40,      455860013.60  
30 DEC 2025,CARBORUNIV,EQ,CARBORUNDUM UNIVERSAL LTD,Listed    ,30 DEC 2025,               1.00,         190435988,            828.50,   157776216058.00
30 DEC 2025,CARERATING,EQ,CARE RATINGS LIMITED     ,Listed    ,30 DEC 2025,              10.00,          29994980,           1586.50,    47587035770.00
30 DEC 2025,CARRARO,EQ,CARRARO INDIA LIMITED    ,Listed    ,30 DEC 2025,              10.00,          56851538,            529.55,    30105731947.90   
30 DEC 2025,CARTRADE,EQ,CARTRADE TECH LIMITED    ,Listed    ,30 DEC 2025,              10.00,          47605960,           2768.50,   131797100260.00  
30 DEC 2025,CARYSIL,EQ,CARYSIL LIMITED          ,Listed    ,30 DEC 2025,               2.00,          28442606,            886.80,    25222903000.80   
30 DEC 2025,CASTROLIND,EQ,CASTROL INDIA LIMITED    ,Listed    ,30 DEC 2025,               5.00,         989122384,            188.65,   186597937741.60
30 DEC 2025,CBAZAAR,ST,NET AVENUE TECHNOLOGIES L,Listed    ,30 DEC 2025,               1.00,          21454078,              4.00,       85816312.00   
30 DEC 2025,CCCL,BE,CONS. CONST. CONSORT LTD ,Listed    ,30 DEC 2025,               2.00,         446759451,             17.50,     7813822798.00      
30 DEC 2025,CCHHL,EQ,COUNTRY CLUB HOSP HOL LTD,Listed    ,30 DEC 2025,               2.00,         163464735,             15.50,     2532068745.15     
30 DEC 2025,CCL,EQ,CCL PRODUCTS (I) LTD     ,Listed    ,30 DEC 2025,               2.00,         133527920,            947.80,   126557762576.00       
30 DEC 2025,CDSL,EQ,CENTRAL DEPO SER (I) LTD ,Listed    ,30 DEC 2025,              10.00,         209000000,           1433.90,   299685100000.00      
30 DEC 2025,CEATLTD,EQ,CEAT LIMITED             ,Listed    ,30 DEC 2025,              10.00,          40450092,           3703.50,   149806915722.00   
30 DEC 2025,CEDAAR,SM,CEDAAR TEXTILE LIMITED   ,Listed    ,30 DEC 2025,              10.00,          13878600,             58.00,      804958800.00    
30 DEC 2025,CEIGALL,EQ,CEIGALL INDIA LIMITED    ,Listed    ,30 DEC 2025,               5.00,         174204861,            268.25,    46733938060.45   
30 DEC 2025,CELEBRITY,EQ,CELEBRITY FASHIONS LTD   ,Listed    ,30 DEC 2025,              10.00,          59678413,              8.60,      512040783.55 
30 DEC 2025,CELLECOR,SM,CELLECOR GADGETS LIMITED ,Listed    ,30 DEC 2025,               1.00,         220677800,             28.95,     6388622310.00  
30 DEC 2025,CELLO,EQ,CELLO WORLD LIMITED      ,Listed    ,30 DEC 2025,               5.00,         220885034,            541.15,   119531936149.10     
30 DEC 2025,CELLPOINT,SM,CELL POINT (INDIA) LTD   ,Listed    ,30 DEC 2025,              10.00,          18685600,             17.00,      317655200.00 
30 DEC 2025,CENTENKA,EQ,CENTURY ENKA LTD         ,Listed    ,30 DEC 2025,              10.00,          21850589,            429.85,     9392475681.65  
30 DEC 2025,CENTEXT,BE,CENTURY EXTRUSIONS LTD   ,Listed    ,30 DEC 2025,               1.00,          80000000,             23.40,     1872000000.00   
30 DEC 2025,CENTRALBK,EQ,CENTRAL BANK OF INDIA    ,Listed    ,30 DEC 2025,              10.00,        9051401274,             37.05,   335444931214.45 
30 DEC 2025,CENTRUM,EQ,CENTRUM CAPITAL LIMITED  ,Listed    ,30 DEC 2025,               1.00,         459579194,             28.85,    13249668163.00   
30 DEC 2025,CENTUM,EQ,CENTUM ELECTRONICS LTD   ,Listed    ,30 DEC 2025,              10.00,          14707152,           2330.10,    34269134875.20    
30 DEC 2025,CENTURYPLY,EQ,CENTURY PLYBOARDS (I) LTD,Listed    ,30 DEC 2025,               1.00,         222172990,            812.00,   180404467880.00
30 DEC 2025,CERA,EQ,CERA SANITARYWARE LTD    ,Listed    ,30 DEC 2025,               5.00,          12897541,           5158.00,    66525516478.00      
30 DEC 2025,CEREBRAINT,BZ,CEREBRA INT TECH LTD     ,Listed    ,30 DEC 2025,              10.00,         111986482,              6.10,      681997675.40
30 DEC 2025,CESC,EQ,CESC LTD                 ,Listed    ,30 DEC 2025,               1.00,        1325570430,            165.20,   218957723627.40      
30 DEC 2025,CEWATER,EQ,CONCORD ENVIRO SYSTEMS L ,Listed    ,30 DEC 2025,               5.00,          20696233,            462.40,     9569938139.20   
30 DEC 2025,CGCL,EQ,CAPRI GLOBAL CAPITAL LTD ,Listed    ,30 DEC 2025,               1.00,         961635122,            180.65,   173709768438.10      
30 DEC 2025,CGPOWER,EQ,CG POWER AND IND SOL LTD ,Listed    ,30 DEC 2025,               2.00,        1574681009,            641.05,  1009449260819.45   
30 DEC 2025,CGRAPHICS,SM,CREATIVE GRAPHICS S IND L,Listed    ,30 DEC 2025,              10.00,          24286000,            198.00,     4808628000.00 
30 DEC 2025,CHALET,EQ,CHALET HOTELS LIMITED    ,Listed    ,30 DEC 2025,              10.00,         218685415,            864.55,   189064475538.25    
30 DEC 2025,CHAMBLFERT,EQ,CHAMBAL FERTILIZERS LTD  ,Listed    ,30 DEC 2025,              10.00,         400652297,            472.15,   189167982028.55
30 DEC 2025,CHAMUNDA,SM,CHAMUNDA ELECTRICAL LTD  ,Listed    ,30 DEC 2025,              10.00,          11004594,             51.10,      562334753.40  
30 DEC 2025,CHANDAN,SM,CHANDAN HEALTHCARE LTD   ,Listed    ,30 DEC 2025,              10.00,          24452064,            316.75,     7745191272.00   
30 DEC 2025,CHAVDA,SM,CHAVDA INFRA LIMITED     ,Listed    ,30 DEC 2025,              10.00,          24656000,            119.25,     2940228000.00    
30 DEC 2025,CHEMBOND,EQ,CHEMBOND MATERIALTECH LTD,Listed    ,30 DEC 2025,               5.00,          13448288,            156.25,     2101429482.90  
30 DEC 2025,CHEMBONDCH,EQ,CHEMBOND CHEMICAL LIMITED,Listed    ,30 DEC 2025,               5.00,          26896576,            152.80,     4110334744.30
30 DEC 2025,CHEMCON,EQ,CHEMCON SPECIAL CHEM LTD ,Listed    ,30 DEC 2025,              10.00,          36630701,            198.20,     7260204938.20   
30 DEC 2025,CHEMFAB,EQ,CHEMFAB ALKALIS LIMITED  ,Listed    ,30 DEC 2025,              10.00,          14363702,            404.20,     5805808348.40   
30 DEC 2025,CHEMPLASTS,EQ,CHEMPLAST SANMAR LIMITED ,Listed    ,30 DEC 2025,               5.00,         158109574,            250.15,    39551109936.10
30 DEC 2025,CHENNPETRO,EQ,CHENNAI PETROLEUM CORP LT,Listed    ,30 DEC 2025,              10.00,         148911400,            798.05,   118838742770.00
30 DEC 2025,CHETANA,SM,CHETANA EDUCATION LIMITED,Listed    ,30 DEC 2025,              10.00,          20400000,             54.55,     1112820000.00   
30 DEC 2025,CHEVIOT,EQ,CHEVIOT COMPANY LIMITED  ,Listed    ,30 DEC 2025,              10.00,           5841875,           1087.30,     6351870687.50   
30 DEC 2025,CHOICEIN,EQ,CHOICE INTERNATIONAL LTD ,Listed    ,30 DEC 2025,              10.00,         205655500,            831.50,   171002548250.00  
30 DEC 2025,CHOLAFIN,EQ,CHOLAMANDALAM IN & FIN CO,Listed    ,30 DEC 2025,               2.00,         841399032,           1701.50,  1431640452948.00  
30 DEC 2025,CHOLAHLDNG,EQ,CHOLAMANDALAM FIN HOL LTD,Listed    ,30 DEC 2025,               1.00,         187777462,           1825.80,   342844090119.60
30 DEC 2025,CIEINDIA,EQ,CIE AUTOMOTIVE INDIA LTD ,Listed    ,30 DEC 2025,              10.00,         379362377,            389.30,   147685773366.10  
30 DEC 2025,CIFL,EQ,CAPITAL INDIA FINANCE LTD,Listed    ,30 DEC 2025,               2.00,         389708800,             36.95,    14403637248.00      
30 DEC 2025,CIGNITITEC,EQ,CIGNITI TECHNOLOGIES LTD ,Listed    ,30 DEC 2025,              10.00,          27456959,           1637.30,    44955278970.70
30 DEC 2025,CINELINE,EQ,CINELINE INDIA LIMITED   ,Listed    ,30 DEC 2025,               5.00,          34266434,             85.05,     2914360211.70  
30 DEC 2025,CINEVISTA,EQ,CINEVISTA LIMITED        ,Listed    ,30 DEC 2025,               2.00,          57436475,             15.25,      876480608.50 
30 DEC 2025,CIPLA,EQ,CIPLA LTD                ,Listed    ,30 DEC 2025,               2.00,         807754074,           1492.50,  1205572955445.00     
30 DEC 2025,CLASSICEIL,SM,CLASSIC ELECTRODE (IND) L,Listed    ,30 DEC 2025,              10.00,          17964950,             77.50,     1392283625.00
30 DEC 2025,CLEAN,EQ,CLEAN SCIENCE & TECH LTD ,Listed    ,30 DEC 2025,               1.00,         106273791,            884.95,    94046991345.45     
30 DEC 2025,CLEDUCATE,EQ,CL EDUCATE LIMITED       ,Listed    ,30 DEC 2025,               5.00,          54223958,             87.15,     4724533460.55 
30 DEC 2025,CLSEL,EQ,CHAMAN LAL SETIA EXP LTD ,Listed    ,30 DEC 2025,               2.00,          49725620,            262.00,    13028112440.00     
30 DEC 2025,CLSL,SM,CROP LIFE SCIENCE LIMITED,Listed    ,30 DEC 2025,              10.00,          17140000,             49.90,      855286000.00      
30 DEC 2025,CMNL,SM,CHAMAN METALLICS LIMITED ,Listed    ,30 DEC 2025,              10.00,          24134764,            118.50,     2859969534.00      
30 DEC 2025,CMRSL,SM,CYBER MEDIA RES & SER LTD,Listed    ,26 DEC 2025,              10.00,           2928000,             78.15,      228823200.00     
30 DEC 2025,CMSINFO,EQ,CMS INFO SYSTEMS LIMITED ,Listed    ,30 DEC 2025,              10.00,         164472541,            339.15,    55780862280.15   
30 DEC 2025,CNL,EQ,CREATIVE NEWTECH LIMITED ,Listed    ,30 DEC 2025,              10.00,          15016675,            718.80,    10793985990.00       
30 DEC 2025,COALINDIA,EQ,COAL INDIA LTD           ,Listed    ,30 DEC 2025,              10.00,        6162728327,            398.00,  2452765874146.00 
30 DEC 2025,COASTCORP,BE,COASTAL CORPORATION LTD  ,Listed    ,30 DEC 2025,               2.00,          66977230,             46.60,     3121808690.30 
30 DEC 2025,COCHINSHIP,EQ,COCHIN SHIPYARD LIMITED  ,Listed    ,30 DEC 2025,               5.00,         263080780,           1614.40,   424717611232.00
30 DEC 2025,COFFEEDAY,EQ,COFFEE DAY ENTERPRISE LTD,Listed    ,30 DEC 2025,              10.00,         211251719,             37.45,     7915601910.95 
30 DEC 2025,COFORGE,EQ,COFORGE LIMITED          ,Listed    ,30 DEC 2025,               2.00,         334536560,           1654.90,   553624553144.00   
30 DEC 2025,COLPAL,EQ,COLGATE PALMOLIVE LTD.   ,Listed    ,30 DEC 2025,               1.00,         271985634,           2053.40,   558495300855.60    
30 DEC 2025,COMMITTED,SM,COMMITTED CARGO CARE LTD ,Listed    ,30 DEC 2025,              10.00,          11459600,            203.40,     2330882640.00 
30 DEC 2025,COMPINFO,BZ,COMPUAGE INFOCOM LTD     ,Listed    ,30 DEC 2025,               2.00,          85768064,              1.70,      144090347.50  
30 DEC 2025,COMPUSOFT,EQ,COMPUCOM SOFTWARE LTD    ,Listed    ,30 DEC 2025,               2.00,          79125188,             16.30,     1288158060.65 
30 DEC 2025,COMSYN,BE,COMMERCIAL SYN BAGS LTD  ,Listed    ,30 DEC 2025,              10.00,          39952200,            142.10,     5677607142.00    
30 DEC 2025,CONCOR,EQ,CONTAINER CORP OF IND LTD,Listed    ,30 DEC 2025,               5.00,         761617935,            519.00,   395279708265.00    
30 DEC 2025,CONCORDBIO,EQ,CONCORD BIOTECH LIMITED  ,Listed    ,30 DEC 2025,               1.00,         104616204,           1340.80,   140269406323.20
30 DEC 2025,CONFIPET,EQ,CONFIDENCE PETRO IND LTD.,Listed    ,30 DEC 2025,               1.00,         332241043,             35.90,    11920808622.85  
30 DEC 2025,CONNPLEX,SM,CONNPLEX CINEMAS LIMITED ,Listed    ,30 DEC 2025,              10.00,          19100000,            273.80,     5229580000.00  
30 DEC 2025,CONSOFINVT,EQ,CONSO. FIN. & HOLD. LTD. ,Listed    ,30 DEC 2025,              10.00,          32326366,            169.30,     5473500291.10
30 DEC 2025,CONTI,SM,CONTINENTAL SEED CHEM LTD,Listed    ,30 DEC 2025,              10.00,          13202488,             22.25,      293755358.00     
30 DEC 2025,CONTROLPR,EQ,CONTROL PRINT LIMITED    ,Listed    ,30 DEC 2025,              10.00,          15994212,            682.25,    10912051137.00 
30 DEC 2025,COOLCAPS,SM,COOL CAPS INDUSTRIES LTD ,Listed    ,30 DEC 2025,               2.00,         115600000,             70.50,     8149800000.00  
30 DEC 2025,CORALFINAC,EQ,CORAL INDIA FIN & HOUS LT,Listed    ,30 DEC 2025,               2.00,          40302225,             39.20,     1579847220.00
30 DEC 2025,CORDSCABLE,EQ,CORDS CABLE INDUS LTD.   ,Listed    ,30 DEC 2025,              10.00,          12927780,            183.05,     2366171573.40
30 DEC 2025,COROMANDEL,EQ,COROMANDEL INTERNTL. LTD ,Listed    ,30 DEC 2025,               1.00,         294921109,           2236.50,   659591060278.50
30 DEC 2025,CORONA,EQ,CORONA REMEDIES LIMITED  ,Listed    ,30 DEC 2025,              10.00,          61160088,           1385.10,    84712837888.80    
30 DEC 2025,COSMOFIRST,EQ,COSMO FIRST LIMITED      ,Listed    ,30 DEC 2025,              10.00,          26249727,            678.35,    17806502310.45
30 DEC 2025,COUNCODOS,EQ,COUNTRY CONDO S LIMITED  ,Listed    ,30 DEC 2025,               1.00,          77597300,              6.00,      465583800.00 
30 DEC 2025,CPCAP,EQ,CP CAPITAL LIMITED       ,Listed    ,30 DEC 2025,              10.00,          18192939,            110.20,     2005225736.60     
30 DEC 2025,CPEDU,EQ,CAREER POINT EDUTECH LTD ,Listed    ,30 DEC 2025,              10.00,          18192939,            250.70,     4560969807.30     
30 DEC 2025,CPPLUS,EQ,ADITYA INFOTECH LIMITED  ,Listed    ,30 DEC 2025,               1.00,         117221884,           1487.50,   174367552450.00    
30 DEC 2025,CPS,SM,C P S SHAPERS LIMITED    ,Listed    ,30 DEC 2025,              10.00,           2211120,           1146.60,     2535270192.00       
30 DEC 2025,CRAFTSMAN,EQ,CRAFTSMAN AUTOMATION LTD ,Listed    ,30 DEC 2025,               5.00,          23855583,           7156.00,   170710551948.00 
30 DEC 2025,CRAMC,EQ,CANARA ROBECO AMC LIMITED,Listed    ,30 DEC 2025,              10.00,         199417428,            308.20,    61460451309.60     
30 DEC 2025,CRAYONS,SM,CRAYONS ADVERTISING LTD  ,Listed    ,30 DEC 2025,              10.00,          24430000,             39.10,      955213000.00   
30 DEC 2025,CREATIVEYE,EQ,CREATIVE EYE LIMITED     ,Listed    ,30 DEC 2025,               5.00,          20058250,              6.95,      139806002.50
30 DEC 2025,CREDITACC,EQ,CREDITACCESS GRAMEEN LTD ,Listed    ,30 DEC 2025,              10.00,         159848982,           1235.70,   197525387057.40 
30 DEC 2025,CREST,EQ,CREST VENTURES LIMITED   ,Listed    ,30 DEC 2025,              10.00,          28450000,            385.45,    10966052500.00     
30 DEC 2025,CRISIL,EQ,CRISIL LTD               ,Listed    ,30 DEC 2025,               1.00,          73130017,           4190.90,   306480588245.30    
30 DEC 2025,CRIZAC,EQ,CRIZAC LIMITED           ,Listed    ,30 DEC 2025,               2.00,         174982500,            282.50,    49432556250.00    
30 DEC 2025,CROMPTON,EQ,CROMPT GREA CON ELEC LTD ,Listed    ,30 DEC 2025,               2.00,         643900642,            251.60,   162005401527.20  
30 DEC 2025,CROWN,EQ,CROWN LIFTERS LIMITED    ,Listed    ,30 DEC 2025,              10.00,          11223344,            131.70,     1478114404.80     
30 DEC 2025,CSBBANK,EQ,CSB BANK LIMITED         ,Listed    ,30 DEC 2025,              10.00,         173485827,            440.30,    76385809628.10   
30 DEC 2025,CSLFINANCE,EQ,CSL FINANCE LIMITED      ,Listed    ,30 DEC 2025,              10.00,          22782621,            304.20,     6930473308.20
30 DEC 2025,CSSL,SM,CLEAR SECURED SERVICES L ,Listed    ,30 DEC 2025,              10.00,          24047112,            120.80,     2904891129.60      
30 DEC 2025,CTE,EQ,CAMBRIDGE TECH ENTER LTD ,Listed    ,30 DEC 2025,              10.00,          19631015,             39.25,      770321028.60       
30 DEC 2025,CUB,EQ,CITY UNION BANK LTD      ,Listed    ,30 DEC 2025,               1.00,         741048842,            297.40,   220387925610.80       
30 DEC 2025,CUBEINVIT,IV,CUBE HIGHWAYS TRUST      ,Listed    ,30 DEC 2025,             100.00,        1344069762,            139.00,   186825696918.00 
30 DEC 2025,CUBEXTUB,EQ,CUBEX TUBINGS LTD        ,Listed    ,30 DEC 2025,              10.00,          14318975,            120.05,     1718849759.00  
30 DEC 2025,CUDML,SM,CASH UR DRIVE MARKETING L,Listed    ,30 DEC 2025,              10.00,          17645800,            132.50,     2338068500.00     
30 DEC 2025,CUMMINSIND,EQ,CUMMINS INDIA LTD        ,Listed    ,30 DEC 2025,               2.00,         277200000,           4389.90,  1216880280000.00
30 DEC 2025,CUPID,EQ,CUPID LIMITED            ,Listed    ,30 DEC 2025,               1.00,         268467140,            509.00,   136649774260.00     
30 DEC 2025,CURAA,BE,CURA TECHNOLOGIES LIMITED,Listed    ,30 DEC 2025,              10.00,           9900000,            107.80,     1067220000.00     
30 DEC 2025,CURIS,SM,CURIS LIFESCIENCES LTD   ,Listed    ,30 DEC 2025,              10.00,           8084434,            122.40,      989534721.60     
30 DEC 2025,CURRENT,SM,CURRENT INFRAPROJECTS LTD,Listed    ,29 DEC 2025,              10.00,          19148000,            137.00,     2623276000.00   
30 DEC 2025,CYBERMEDIA,EQ,CYBER MEDIA (INDIA) LTD. ,Listed    ,30 DEC 2025,              10.00,          15667242,             17.15,      268693200.30
30 DEC 2025,CYBERTECH,BE,CYBERTECH SYSTEMS & SOFTW,Listed    ,30 DEC 2025,              10.00,          31130593,            143.65,     4471287072.60 
30 DEC 2025,CYIENT,EQ,CYIENT LIMITED           ,Listed    ,30 DEC 2025,               5.00,         111087132,           1092.90,   121407126562.80    
30 DEC 2025,CYIENTDLM,EQ,CYIENT DLM LIMITED       ,Listed    ,30 DEC 2025,              10.00,          79364396,            411.80,    32682258272.80 
30 DEC 2025,UFBL,EQ,UNITED FOODBRANDS LIMITED,Listed    ,30 DEC 2025,               5.00,          39086387,            205.40,     8029125617.55      
30 DEC 2025,VGL,EQ,VARVEE GLOBAL LIMITED    ,Listed    ,30 DEC 2025,              10.00,          25764339,            146.20,     3766231075.00       
30 DEC 2025,AURIGROW,BE,AURI GROW INDIA LIMITED  ,Listed    ,30 DEC 2025,               1.00,        1476240000,              0.80,     1180992000.00  
30 DEC 2025,BOSCH-HCIL,EQ,BOSCH HOME COMFRT IND LTD,Listed    ,30 DEC 2025,              10.00,          27190884,           1428.40,    38839458705.60
30 DEC 2025,CEMPRO,EQ,CEMINDIA PROJECTS LIMITED,Listed    ,30 DEC 2025,               1.00,         171787584,            772.60,   132723087398.40    
30 DEC 2025,DABUR,EQ,DABUR INDIA LTD          ,Listed    ,30 DEC 2025,               1.00,        1773690172,            495.65,   879129533751.80     
30 DEC 2025,DALBHARAT,EQ,DALMIA BHARAT LIMITED    ,Listed    ,30 DEC 2025,               2.00,         187565161,           2127.70,   399082393059.70 
30 DEC 2025,DALMIASUG,EQ,DALMIA BHARAT SUG IN LTD ,Listed    ,30 DEC 2025,               2.00,          80939303,            293.95,    23792108116.85 
30 DEC 2025,DAMCAPITAL,EQ,DAM CAPITAL ADVISORS LTD ,Listed    ,30 DEC 2025,               2.00,          70686000,            211.40,    14941606680.00
30 DEC 2025,DAMODARIND,EQ,DAMODAR INDUSTRIES LTD   ,Listed    ,30 DEC 2025,               5.00,          23300000,             30.20,      703194000.00
30 DEC 2025,DANGEE,EQ,DANGEE DUMS LIMITED      ,Listed    ,30 DEC 2025,               1.00,         153975000,              3.55,      546611250.00    
30 DEC 2025,DANISH,SM,DANISH POWER LIMITED     ,Listed    ,30 DEC 2025,              10.00,          19691610,            653.15,    12861575071.50    
30 DEC 2025,DATAMATICS,EQ,DATAMATICS GLOBAL SER LTD,Listed    ,30 DEC 2025,               5.00,          59106389,            799.80,    47273289922.20
30 DEC 2025,DATAPATTNS,EQ,DATA PATTERNS INDIA LTD  ,Listed    ,30 DEC 2025,               2.00,          55983969,           2583.10,   144612190323.90
30 DEC 2025,DAVANGERE,EQ,DAVANGERE SUGAR COMPANY L,Listed    ,30 DEC 2025,               1.00,        1429990798,              3.70,     5305265860.60 
30 DEC 2025,DBCORP,EQ,D.B.CORP LTD             ,Listed    ,30 DEC 2025,              10.00,         178239157,            262.10,    46716483049.70    
30 DEC 2025,DBEIL,EQ,DEEPAK BUILDERS & ENG I L,Listed    ,30 DEC 2025,              10.00,          46580860,            115.35,     5372636392.40     
30 DEC 2025,DBL,EQ,DILIP BUILDCON LIMITED   ,Listed    ,30 DEC 2025,              10.00,         162444833,            466.30,    75748025627.90       
30 DEC 2025,DBOL,EQ,DHAMPUR BIO ORGANICS LTD ,Listed    ,30 DEC 2025,              10.00,          66387590,             79.40,     5271838521.90      
30 DEC 2025,DBREALTY,EQ,VALOR ESTATE LIMITED     ,Listed    ,30 DEC 2025,              10.00,         539204431,            116.70,    62919765053.40  
30 DEC 2025,DBSTOCKBRO,EQ,DB (INT) STOCK BROKERS   ,Listed    ,30 DEC 2025,               2.00,          35000000,             24.55,      859950000.00
30 DEC 2025,DCAL,EQ,DISHMAN CARBO AMCIS LTD  ,Listed    ,30 DEC 2025,               2.00,         156783095,            243.40,    38162573153.95      
30 DEC 2025,DCBBANK,EQ,DCB BANK LIMITED         ,Listed    ,30 DEC 2025,              10.00,         315155533,            171.05,    53910505475.00   
30 DEC 2025,DCCL,SM,DAR CREDIT & CAPITAL LTD ,Listed    ,30 DEC 2025,              10.00,          14276000,             45.00,      642420000.00      
30 DEC 2025,DCG,SM,DCG CABLES & WIRES LTD   ,Listed    ,30 DEC 2025,              10.00,          18149600,             67.45,     1224190520.00       
30 DEC 2025,DCI,EQ,DC INFOTECH AND COMUN LTD,Listed    ,30 DEC 2025,              10.00,          16000000,            243.75,     3900000000.00       
30 DEC 2025,DCM,EQ,DCM LTD                  ,Listed    ,30 DEC 2025,              10.00,          18677749,             92.85,     1733855439.65       
30 DEC 2025,DCMFINSERV,EQ,DCM FINANCIAL SERVICES LT,Listed    ,30 DEC 2025,              10.00,          18781987,              5.40,      101798369.55
30 DEC 2025,DCMNVL,EQ,DCM NOUVELLE LIMITED     ,Listed    ,30 DEC 2025,              10.00,          18677749,            133.70,     2497588596.30    
30 DEC 2025,DCMSHRIRAM,EQ,DCM SHRIRAM LIMITED      ,Listed    ,30 DEC 2025,               2.00,         155942296,           1243.60,   193929839305.60
30 DEC 2025,DCMSRIND,BE,DCM SHRIRAM IND LTD      ,Listed    ,30 DEC 2025,               2.00,          86992185,             60.10,     5228230318.50  
30 DEC 2025,DCW,EQ,DCW LTD                  ,Listed    ,30 DEC 2025,               2.00,         295155017,             58.30,    17213440591.45       
30 DEC 2025,DCXINDIA,EQ,DCX SYSTEMS LIMITED      ,Listed    ,30 DEC 2025,               2.00,         111386427,            188.75,    21021960367.70  
30 DEC 2025,DDEVPLSTIK,EQ,DDEV PLASTIKS IND LTD    ,Listed    ,30 DEC 2025,               1.00,         103476664,            300.55,    31099911365.20
30 DEC 2025,DECCANCE,EQ,DECCAN CEMENTS LIMITED   ,Listed    ,30 DEC 2025,               5.00,          14007500,            738.35,    10342437625.00  
30 DEC 2025,DECCANTRAN,SM,DECCAN TRANSCON LEASING L,Listed    ,30 DEC 2025,              10.00,          22723448,             23.85,      541954234.80
30 DEC 2025,DEEDEV,EQ,DEE DEVELOPMENT ENG LTD  ,Listed    ,30 DEC 2025,              10.00,          69128374,            202.55,    14001952153.70    
30 DEC 2025,DEEM,SM,DEEM ROLL TECH LIMITED   ,Listed    ,30 DEC 2025,              10.00,           8337272,             51.80,      431870689.60      
30 DEC 2025,DEEPAKFERT,EQ,DEEPAK FERTILIZERS & PETR,Listed    ,30 DEC 2025,              10.00,         126237825,           1209.00,   152621530425.00
30 DEC 2025,DEEPAKNTR,EQ,DEEPAK NITRITE LTD       ,Listed    ,30 DEC 2025,               2.00,         136393041,           1734.30,   236546451006.30 
30 DEC 2025,DEEPINDS,EQ,DEEP INDUSTRIES LIMITED  ,Listed    ,30 DEC 2025,               5.00,          64000000,            441.85,    28278400000.00  
30 DEC 2025,DELAPLEX,SM,DELAPLEX LIMITED         ,Listed    ,30 DEC 2025,              10.00,           9110000,            129.20,     1177012000.00  
30 DEC 2025,DELHIVERY,EQ,DELHIVERY LIMITED        ,Listed    ,30 DEC 2025,               1.00,         747415222,            402.30,   300685143810.60 
30 DEC 2025,DELPHIFX,EQ,DELPHI WORLD MONEY LTD   ,Listed    ,30 DEC 2025,              10.00,          16351185,            244.35,     3995248542.90  
30 DEC 2025,DELTACORP,EQ,DELTA CORP LIMITED       ,Listed    ,30 DEC 2025,               1.00,         267771097,             69.20,    18524404490.45 
30 DEC 2025,DELTAMAGNT,EQ,DELTA MANUFACTURING LTD  ,Listed    ,30 DEC 2025,              10.00,          10851120,             68.20,      740263406.40
30 DEC 2025,DELTIC,SM,DELTA AUTOCORP LIMITED   ,Listed    ,30 DEC 2025,              10.00,          15289698,             49.10,      750724171.80    
30 DEC 2025,DEN,EQ,DEN NETWORKS LTD         ,Listed    ,30 DEC 2025,              10.00,         477223845,             31.10,    14846433817.95       
30 DEC 2025,DENEERS,SM,DE NEERS TOOLS LIMITED   ,Listed    ,30 DEC 2025,              10.00,           8606400,            158.20,     1361532480.00   
30 DEC 2025,DENORA,EQ,DE NORA INDIA LIMITED    ,Listed    ,30 DEC 2025,              10.00,           5308634,            680.40,     3611994573.60    
30 DEC 2025,DENTA,EQ,DENTA WATER N INFRA SOL L,Listed    ,30 DEC 2025,              10.00,          26700000,            337.10,     9000570000.00     
30 DEC 2025,DENTALKART,SM,VASA DENTICITY LIMITED   ,Listed    ,30 DEC 2025,              10.00,          16621746,            576.20,     9577450045.20
30 DEC 2025,DESTINY,SM,DESTINY LOGISTICS & I LTD,Listed    ,30 DEC 2025,              10.00,          15388000,            112.35,     1728841800.00   
30 DEC 2025,DEVIT,EQ,DEV INFO TECHNOLOGY LTD  ,Listed    ,30 DEC 2025,               2.00,          56335233,             37.45,     2110881180.50     
30 DEC 2025,DEVX,EQ,DEV ACCELERATOR LIMITED  ,Listed    ,30 DEC 2025,               2.00,          90187515,             38.20,     3445163073.00      
30 DEC 2025,DEVYANI,EQ,DEVYANI INTERNATIONAL LTD,Listed    ,30 DEC 2025,               1.00,        1231937291,            142.20,   175206121526.00   
30 DEC 2025,DGCONTENT,EQ,DIGICONTENT LIMITED      ,Listed    ,30 DEC 2025,               2.00,          58187078,             32.05,     1864895849.90 
30 DEC 2025,DHAMPURSUG,EQ,DHAMPUR SUGAR MILLS LTD. ,Listed    ,30 DEC 2025,              10.00,          64306509,            123.10,     7915488192.80
30 DEC 2025,DHANBANK,EQ,DHANLAXMI BANK LIMITED   ,Listed    ,30 DEC 2025,              10.00,         394698851,             24.85,     9816160424.35  
30 DEC 2025,DHANLAXMI,SM,DHANLAXMI CROP SCIENCE L ,Listed    ,30 DEC 2025,              10.00,          16328000,             30.00,      489840000.00 
30 DEC 2025,DHANUKA,EQ,DHANUKA AGRITECH LTD     ,Listed    ,30 DEC 2025,               2.00,          45078324,           1178.00,    53102265672.00   
30 DEC 2025,DHARIWAL,ST,DHARIWALCORP LIMITED     ,Listed    ,30 DEC 2025,              10.00,           8951400,            354.10,     3169690740.00  
30 DEC 2025,DHARMAJ,EQ,DHARMAJ CROP GUARD LTD   ,Listed    ,30 DEC 2025,              10.00,          33797296,            237.95,     8042404556.15   
30 DEC 2025,DHRUV,EQ,DHRUV CONSULTANCY SER LTD,Listed    ,30 DEC 2025,              10.00,          18966569,             47.15,      894653059.75     
30 DEC 2025,DHTL,ST,DOCMODE HEALTH TECH LTD  ,Listed    ,30 DEC 2025,              10.00,           3142800,             67.95,      213553260.00      
30 DEC 2025,DHUNINV,EQ,DHUNSERI INVESTMENTS LTD ,Listed    ,30 DEC 2025,              10.00,           6097178,           1259.80,     7681224844.40   
30 DEC 2025,DIACABS,EQ,DIAMOND POWER INFRA LTD  ,Listed    ,30 DEC 2025,               1.00,         526971060,            138.20,    72832670202.60   
30 DEC 2025,DIAMINESQ,EQ,DIAMINES & CHEMICALS LTD ,Listed    ,30 DEC 2025,              10.00,           9783990,            265.00,     2592757350.00 
30 DEC 2025,DIAMONDYD,EQ,PRATAAP SNACKS LIMITED   ,Listed    ,30 DEC 2025,               5.00,          23900929,           1175.30,    28090761853.70 
30 DEC 2025,DICIND,EQ,DIC INDIA LIMITED        ,Listed    ,30 DEC 2025,              10.00,           9178977,            478.90,     4395812085.30    
30 DEC 2025,DIFFNKG,EQ,DIFFUSION ENGINEERS LTD  ,Listed    ,30 DEC 2025,              10.00,          37426259,            336.95,    12610777970.05   
30 DEC 2025,DIGIDRIVE,EQ,DIGIDRIVE DISTRIBUTORS L ,Listed    ,30 DEC 2025,              10.00,          38561898,             25.75,      992968873.50 
30 DEC 2025,DIGIKORE,SM,DIGIKORE STUDIOS LIMITED ,Listed    ,30 DEC 2025,              10.00,          12665600,             72.05,      912556480.00  
30 DEC 2025,DIGISPICE,EQ,DIGISPICE TECHNOLOGIES LT,Listed    ,30 DEC 2025,               3.00,         233646106,             23.20,     5418253198.15 
30 DEC 2025,DIGITIDE,EQ,DIGITIDE SOLUTIONS LTD   ,Listed    ,30 DEC 2025,              10.00,         148949413,            129.40,    19275543536.35  
30 DEC 2025,DIGJAMLMTD,EQ,DIGJAM LTD               ,Listed    ,30 DEC 2025,              10.00,          20000000,             49.15,      982800000.00
30 DEC 2025,DIL,BZ,DEBOCK INDUSTRIES LIMITED,Listed    ,30 DEC 2025,              10.00,         162736115,              1.70,      276651395.50       
30 DEC 2025,DISHTV,EQ,DISH TV INDIA LTD.       ,Listed    ,30 DEC 2025,               1.00,        1841256054,              3.95,     7309786534.40    
30 DEC 2025,DIVGIITTS,EQ,DIVGI TORQTRANSFER SYST L,Listed    ,30 DEC 2025,               5.00,          30582927,            603.45,    18455267298.15 
30 DEC 2025,DIVINEHIRA,ST,DIVINE HIRA JEWELLERS LTD,Listed    ,30 DEC 2025,              10.00,          13047100,            225.60,     2943425760.00
30 DEC 2025,DIVISLAB,EQ,DIVI S LABORATORIES LTD  ,Listed    ,30 DEC 2025,               2.00,         265468580,           6360.50,  1688512903090.00  
30 DEC 2025,DIVYADHAN,SM,DIVYADHAN RECYCLING IND L,Listed    ,30 DEC 2025,              10.00,          14306714,             29.75,      425624741.50 
30 DEC 2025,DIXON,EQ,DIXON TECHNO (INDIA) LTD ,Listed    ,30 DEC 2025,               2.00,          60513663,          11767.00,   712064272521.00     
30 DEC 2025,DJML,EQ,DJ MEDIAPRINT & LOG LTD  ,Listed    ,30 DEC 2025,              10.00,          32483520,             69.30,     2251757606.40      
30 DEC 2025,DKEGL,SM,D K ENTERPRISES GLOBAL L ,Listed    ,26 DEC 2025,              10.00,           7508000,             83.10,      623914800.00     
30 DEC 2025,DLF,EQ,DLF LIMITED              ,Listed    ,30 DEC 2025,               2.00,        2475315036,            680.65,  1684823179253.40       
30 DEC 2025,DLINKINDIA,EQ,D-LINK INDIA LTD         ,Listed    ,30 DEC 2025,               2.00,          35504850,            417.30,    14816173905.00
30 DEC 2025,DMART,EQ,AVENUE SUPERMARTS LIMITED,Listed    ,30 DEC 2025,              10.00,         650733068,           3753.50,  2442526570738.00     
30 DEC 2025,DMCC,EQ,DMCC SPECIALITY CHEMICALS,Listed    ,30 DEC 2025,              10.00,          24939933,            252.85,     6306062059.05      
30 DEC 2025,DNAMEDIA,EQ,DILIGENT MEDIA CORP LTD. ,Listed    ,30 DEC 2025,               1.00,         117708018,              3.90,      459061270.20  
30 DEC 2025,DODLA,EQ,DODLA DAIRY LIMITED      ,Listed    ,30 DEC 2025,              10.00,          60327809,           1232.70,    74366090154.30     
30 DEC 2025,DOLATALGO,EQ,DOLAT ALGOTECH LIMITED   ,Listed    ,30 DEC 2025,               1.00,         176000000,             87.60,    15419360000.00 
30 DEC 2025,DOLLAR,EQ,DOLLAR INDUSTRIES LIMITED,Listed    ,30 DEC 2025,               2.00,          56716120,            348.95,    19791090074.00    
30 DEC 2025,DOLLEX,SM,DOLLEX AGROTECH LIMITED  ,Listed    ,29 DEC 2025,              10.00,          39948800,             40.30,     1609936640.00    
30 DEC 2025,DOLPHIN,EQ,DOLPHIN OFF ENT (IND) L  ,Listed    ,30 DEC 2025,               1.00,          40004580,            458.20,    18330098556.00   
30 DEC 2025,DOMS,EQ,DOMS INDUSTRIES LIMITED  ,Listed    ,30 DEC 2025,              10.00,          60687586,           2539.90,   154140399681.40      
30 DEC 2025,DONEAR,EQ,DONEAR IND. LIMITED      ,Listed    ,30 DEC 2025,               2.00,          52000000,             93.10,     4841720000.00    
30 DEC 2025,DPABHUSHAN,EQ,D. P. ABHUSHAN LIMITED   ,Listed    ,30 DEC 2025,              10.00,          22827920,           1411.10,    32212477912.00
30 DEC 2025,DPEL,ST,DIVINE POWER ENERGY LTD  ,Listed    ,30 DEC 2025,              10.00,          24965080,            268.00,     6690641440.00      
30 DEC 2025,DPSCLTD,EQ,DPSC LIMITED             ,Listed    ,30 DEC 2025,               1.00,         973789640,              9.95,     9708682710.80   
30 DEC 2025,DPWIRES,EQ,D P WIRES LIMITED        ,Listed    ,30 DEC 2025,              10.00,          15506286,            207.25,     3213677773.50   
30 DEC 2025,DRCSYSTEMS,EQ,DRC SYSTEMS INDIA LIMITED,Listed    ,30 DEC 2025,               1.00,         144081330,             16.85,     2429211223.80
30 DEC 2025,DREAMFOLKS,EQ,DREAMFOLKS SERVICES LTD  ,Listed    ,30 DEC 2025,               2.00,          53269862,            108.55,     5781910821.50
30 DEC 2025,DREDGECORP,EQ,DREDGING CORP OF INDIA   ,Listed    ,30 DEC 2025,              10.00,          28000000,           1005.20,    28145600000.00
30 DEC 2025,DRL,SM,DHANUKA REALTY LIMITED   ,Listed    ,25 NOV 2025,              10.00,           7740040,             21.95,      169893878.00       
30 DEC 2025,DRONE,SM,DRONE DESTINATION LIMITED,Listed    ,30 DEC 2025,              10.00,          24399998,             66.35,     1618939867.30     
30 DEC 2025,DRREDDY,EQ,DR. REDDY S LABORATORIES ,Listed    ,30 DEC 2025,               1.00,         834613760,           1265.80,  1056454097408.00   
30 DEC 2025,DRSCARGO,ST,DRS CARGO MOVERS LIMITED ,Listed    ,05 DEC 2025,              10.00,           7531201,             47.75,      359614847.75  
30 DEC 2025,DRSDILIP,SM,DRS DILIP ROADLINES LTD. ,Listed    ,24 DEC 2025,              10.00,          15062403,             60.10,      905250420.30  
30 DEC 2025,DSSL,EQ,DYNACONS SYS & SOLN LTD  ,Listed    ,30 DEC 2025,              10.00,          12725330,            912.05,    11606137226.50      
30 DEC 2025,DTIL,EQ,DHUNSERI TEA & IND. LTD. ,Listed    ,30 DEC 2025,              10.00,          10507427,            158.85,     1669104778.95      
30 DEC 2025,DTL,SM,DIENSTEN TECH LIMITED    ,Listed    ,29 DEC 2025,              10.00,           8260646,            146.00,     1206054316.00       
30 DEC 2025,DUCOL,SM,DUCOL ORGS AND COLOURS LT,Listed    ,30 DEC 2025,              10.00,          16254276,            149.50,     2430014262.00     
30 DEC 2025,DUCON,EQ,DUCON INFRATECHNOLOGIES L,Listed    ,30 DEC 2025,               1.00,         324925587,              3.60,     1166482857.35     
30 DEC 2025,DUGLOBAL,SM,DUDIGITAL GLOBAL LIMITED ,Listed    ,30 DEC 2025,               2.00,          71838875,             30.20,     2169534025.00  
30 DEC 2025,DURLAX,SM,DURLAX TOP SURFACE LTD   ,Listed    ,30 DEC 2025,              10.00,          16627701,             41.55,      690880976.55    
30 DEC 2025,DVL,EQ,DHUNSERI VENTURES LIMITED,Listed    ,30 DEC 2025,              10.00,          35024754,            284.45,     9962791275.30       
30 DEC 2025,DWARKESH,EQ,DWARIKESH SUGAR IND LTD  ,Listed    ,30 DEC 2025,               1.00,         185301470,             36.90,     6837624243.00  
30 DEC 2025,DYCL,EQ,DYNAMIC CABLES LIMITED   ,Listed    ,30 DEC 2025,              10.00,          48458638,            334.70,    16219106138.60      
30 DEC 2025,DYNAMATECH,EQ,DYNAMATIC TECHNOLOGIES   ,Listed    ,30 DEC 2025,              10.00,           6791443,           9415.00,    63941435845.00
30 DEC 2025,DYNAMIC,SM,DYNAMIC SRVCS & SEC LTD  ,Listed    ,30 DEC 2025,              10.00,          13746192,            127.15,     1747828312.80   
30 DEC 2025,DYNPRO,EQ,DYNEMIC PRODUCTS LIMITED ,Listed    ,30 DEC 2025,              10.00,          12428387,            254.55,     3163645910.85    
30 DEC 2025,E2E,EQ,E2E NETWORKS LIMITED     ,Listed    ,30 DEC 2025,              10.00,          20100889,           1963.40,    39466085462.60       
30 DEC 2025,EASEMYTRIP,EQ,EASY TRIP PLANNERS LTD   ,Listed    ,30 DEC 2025,               1.00,        3636853188,              7.30,    26585396804.30
30 DEC 2025,EBGNG,EQ,GNG ELECTRONICS LIMITED  ,Listed    ,30 DEC 2025,               2.00,         114011517,            306.05,    34893224777.85     
30 DEC 2025,ECLERX,EQ,ECLERX SERVICES LTD      ,Listed    ,30 DEC 2025,              10.00,          47650360,           4472.70,   213125765172.00    
30 DEC 2025,ECOLINE,SM,ECOLINE EXIM LIMITED     ,Listed    ,30 DEC 2025,              10.00,          20515376,            131.75,     2702900788.00   
30 DEC 2025,ECOSMOBLTY,EQ,ECOS (INDIA) MOB & HOSP L,Listed    ,30 DEC 2025,               2.00,          60000000,            198.05,    11882400000.00
30 DEC 2025,EDELWEISS,EQ,EDELWEISS FIN SERV LTD   ,Listed    ,30 DEC 2025,               1.00,         946050054,            107.10,   101340881784.50 
30 DEC 2025,EEPL,SM,EPPELTONE ENGINEERS LTD  ,Listed    ,30 DEC 2025,              10.00,          12959312,            205.50,     2663138616.00      
30 DEC 2025,EFACTOR,ST,E FACTOR EXPERIENCES LTD ,Listed    ,30 DEC 2025,              10.00,          13088098,            337.00,     4410689026.00   
30 DEC 2025,EFCIL,EQ,EFC (I) LIMITED          ,Listed    ,30 DEC 2025,               2.00,          99553376,            298.60,    29726638073.60     
30 DEC 2025,EFFWA,SM,EFFWA INFRA & RESEARCH L ,Listed    ,30 DEC 2025,              10.00,          23147167,            226.35,     5239361250.45     
30 DEC 2025,EFORCE,SM,ELECTRO FORCE (INDIA) LTD,Listed    ,30 DEC 2025,              10.00,          23400001,             33.30,      779220033.30    
30 DEC 2025,EICHERMOT,EQ,EICHER MOTORS LTD        ,Listed    ,30 DEC 2025,               1.00,         274277990,           7192.50,  1972744443075.00 
30 DEC 2025,EIDPARRY,EQ,EID PARRY INDIA LTD      ,Listed    ,30 DEC 2025,               1.00,         177861404,           1030.80,   183339535243.20  
30 DEC 2025,EIEL,EQ,ENVIRO INFRA ENGINEERS L ,Listed    ,30 DEC 2025,              10.00,         175530000,            203.35,    35695780800.00      
30 DEC 2025,EIFFL,EQ,EURO (I) FRESH FOODS LTD ,Listed    ,30 DEC 2025,              10.00,          24800000,            269.85,     6692032000.00     
30 DEC 2025,EIHAHOTELS,EQ,EIH ASSOCIATED HOTELS LTD,Listed    ,30 DEC 2025,              10.00,          60936294,            357.55,    21787771919.70
30 DEC 2025,EIHOTEL,EQ,EIH LIMITED              ,Listed    ,30 DEC 2025,               2.00,         625364182,            364.10,   227695098666.20   
30 DEC 2025,EIMCOELECO,EQ,EIMCO ELECON (INDIA) LTD ,Listed    ,30 DEC 2025,              10.00,           5768385,           1551.80,     8951379843.00
30 DEC 2025,EKC,EQ,EVEREST KANTO CYLINDERLTD,Listed    ,30 DEC 2025,               2.00,         112207682,            114.60,    12859000357.20       
30 DEC 2025,ELDEHSG,EQ,ELDECO HSG & IND LTD.    ,Listed    ,30 DEC 2025,               2.00,           9833000,            989.55,     9730245150.00   
30 DEC 2025,ELECON,EQ,ELECON ENG. CO. LTD      ,Listed    ,30 DEC 2025,               1.00,         224399930,            470.20,   105512847086.00    
30 DEC 2025,ELECTCAST,EQ,ELECTROSTEEL CASTINGS LTD,Listed    ,30 DEC 2025,               1.00,         618184591,             75.60,    46722391387.80 
30 DEC 2025,ELECTHERM,EQ,ELECTROTHERM (I) LTD.    ,Listed    ,30 DEC 2025,              10.00,          12742814,            885.00,    11277390390.00 
30 DEC 2025,ELGIEQUIP,EQ,ELGI EQUIPMENTS LTD      ,Listed    ,30 DEC 2025,               1.00,         316909016,            472.00,   149581055552.00 
30 DEC 2025,ELGIRUBCO,EQ,ELGI RUBBER CO. LTD      ,Listed    ,30 DEC 2025,               1.00,          50050000,             45.35,     2269267000.00 
30 DEC 2025,ELGNZ,SM,ELEGANZ INTERIORS LIMITED,Listed    ,30 DEC 2025,              10.00,          22599626,             99.10,     2239622936.60     
30 DEC 2025,ELIN,EQ,ELIN ELECTRONICS LIMITED ,Listed    ,30 DEC 2025,               5.00,          49659220,            165.55,     8220090686.60      
30 DEC 2025,ELLEN,EQ,ELLENBARRIE INDUS GASES L,Listed    ,30 DEC 2025,               2.00,         140935600,            343.40,    48397285040.00     
30 DEC 2025,EMAMILTD,EQ,EMAMI LIMITED            ,Listed    ,30 DEC 2025,               1.00,         436500000,            528.15,   230537475000.00  
30 DEC 2025,EMAMIPAP,EQ,EMAMI PAPER MILLS LIMITED,Listed    ,30 DEC 2025,               2.00,          60499050,             86.45,     5228932891.50  
30 DEC 2025,EMAMIREAL,EQ,EMAMI REALTY LIMITED     ,Listed    ,30 DEC 2025,               2.00,          43833889,             80.55,     3530381420.05 
30 DEC 2025,EMAPARTNER,SM,EMA PARTNERS INDIA LTD   ,Listed    ,30 DEC 2025,               5.00,          23246426,             97.85,     2274662784.10
30 DEC 2025,EMBASSY,RR,EMBASSY OFFICE PARKS REIT,Listed    ,30 DEC 2025,             300.00,         947893743,            424.25,   402153399405.20   
30 DEC 2025,EMBDL,BE,EMBASSY DEVELOPMENTS LTD ,Listed    ,30 DEC 2025,               2.00,        1365848463,             61.90,    84546019859.70     
30 DEC 2025,EMCURE,EQ,EMCURE PHARMACEUTICALS L ,Listed    ,30 DEC 2025,              10.00,         189508347,           1392.50,   263890373197.50    
30 DEC 2025,EMIL,EQ,ELECTRONICS MART IND LTD ,Listed    ,30 DEC 2025,              10.00,         384748762,            102.15,    39294391063.05      
30 DEC 2025,EMKAY,EQ,EMKAY GLOBAL FIN SERV LTD,Listed    ,30 DEC 2025,              10.00,          25580014,            258.00,     6599643612.00     
30 DEC 2025,EMKAYTOOLS,SM,EMKAY TAP & CUT. TOOL LTD,Listed    ,30 DEC 2025,              10.00,          10671300,            113.00,     1205856900.00
30 DEC 2025,EMMBI,EQ,EMMBI INDUSTRIES LIMITED ,Listed    ,30 DEC 2025,              10.00,          19240250,             96.75,     1861686590.00     
30 DEC 2025,EMMIL,SM,ENERGY MISSION MACH IND L,Listed    ,30 DEC 2025,              10.00,          11326500,            188.00,     2129382000.00     
30 DEC 2025,EMMVEE,EQ,EMMVEE PHOTOVOLTAIC PWR L,Listed    ,30 DEC 2025,               2.00,         692345033,            185.20,   128236147012.25    
30 DEC 2025,EMSLIMITED,EQ,EMS LIMITED              ,Listed    ,30 DEC 2025,              10.00,          55530807,            416.80,    23145240357.60
30 DEC 2025,EMUDHRA,EQ,EMUDHRA LIMITED          ,Listed    ,30 DEC 2025,               5.00,          82811707,            582.15,    48208835230.05   
30 DEC 2025,ENCOMPAS,SM,ENCOMPASS DESIGN INDIA L ,Listed    ,30 DEC 2025,              10.00,          14183544,            234.50,     3326041068.00  
30 DEC 2025,ENDURANCE,EQ,ENDURANCE TECHNO. LTD.   ,Listed    ,30 DEC 2025,              10.00,         140662848,           2564.20,   360687674841.60 
30 DEC 2025,ENERGYDEV,BE,ENERGY DEVE. CO.LTD      ,Listed    ,30 DEC 2025,              10.00,          47500000,             18.95,      901075000.00 
30 DEC 2025,ENFUSE,SM,ENFUSE SOLUTIONS LIMITED ,Listed    ,30 DEC 2025,              10.00,           8847600,            220.00,     1946472000.00    
30 DEC 2025,ENGINERSIN,EQ,ENGINEERS INDIA LTD      ,Listed    ,30 DEC 2025,               5.00,         562042373,            199.50,   112127453413.50
30 DEC 2025,ENIL,EQ,ENTERTAIN NET. IND. LTD. ,Listed    ,30 DEC 2025,              10.00,          47670415,            112.35,     5355294421.10      
30 DEC 2025,ENRIN,EQ,SIEMENS ENERGY INDIA LTD ,Listed    ,30 DEC 2025,               2.00,         356120505,           2574.50,   916832240122.50     
30 DEC 2025,ENSER,SM,ENSER COMMUNICATIONS LTD ,Listed    ,30 DEC 2025,               2.00,          87160590,             14.45,     1259470525.50     
30 DEC 2025,ENTERO,EQ,ENTERO HEALTHCARE SOLU L ,Listed    ,30 DEC 2025,              10.00,          43508907,           1005.90,    43765609551.30    
30 DEC 2025,ENVIRO,SM,ENVIROTECH SYSTEMS LTD   ,Listed    ,30 DEC 2025,              10.00,          18790000,            122.00,     2292380000.00    
30 DEC 2025,EPACK,EQ,EPACK DURABLE LIMITED    ,Listed    ,30 DEC 2025,              10.00,          95967729,            277.55,    26635843183.95     
30 DEC 2025,EPACKPEB,EQ,EPACK PREFAB TECHN LTD   ,Listed    ,30 DEC 2025,               2.00,         100451997,            268.15,    26936202995.55  
30 DEC 2025,EPIGRAL,EQ,EPIGRAL LIMITED          ,Listed    ,30 DEC 2025,              10.00,          43141338,           1234.00,    53236411092.00   
30 DEC 2025,EPL,EQ,EPL LIMITED              ,Listed    ,30 DEC 2025,               2.00,         320105993,            212.20,    67929692774.55       
30 DEC 2025,EQUIPPP,BE,EQUIPPP SOC IMP TECH LTD ,Listed    ,30 DEC 2025,               1.00,         103095225,             22.75,     2344385416.50   
30 DEC 2025,EQUITASBNK,EQ,EQUITAS SMALL FIN BNK LTD,Listed    ,30 DEC 2025,              10.00,        1140504218,             61.00,    69570757298.00
30 DEC 2025,ERIS,EQ,ERIS LIFESCIENCES LIMITED,Listed    ,30 DEC 2025,               1.00,         136213554,           1500.20,   204347573710.80      
30 DEC 2025,ESABINDIA,EQ,ESAB INDIA LTD           ,Listed    ,30 DEC 2025,              10.00,          15393020,           6088.00,    93712705760.00 
30 DEC 2025,ESAFSFB,EQ,ESAF SMALL FINANCE BANK L,Listed    ,30 DEC 2025,              10.00,         515513335,             26.45,    13635327710.75   
30 DEC 2025,ESCONET,SM,ESCONET TECHNOLOGIES LTD ,Listed    ,30 DEC 2025,              10.00,          13196238,            133.35,     1759718337.30   
30 DEC 2025,ESCORTS,EQ,ESCORTS KUBOTA LIMITED   ,Listed    ,30 DEC 2025,              10.00,         111877754,           3710.40,   415111218441.60   
30 DEC 2025,ESFL,SM,ESSEN SPECIALITY FILMS L ,Listed    ,30 DEC 2025,              10.00,          24839040,            200.45,     4978985568.00      
30 DEC 2025,ESPRIT,SM,ESPRIT STONES LIMITED    ,Listed    ,29 DEC 2025,              10.00,          21945200,             53.20,     1167484640.00    
30 DEC 2025,ESSARSHPNG,BE,ESSAR SHIPPING LTD       ,Listed    ,30 DEC 2025,              10.00,         206976072,             27.90,     5770492887.35
30 DEC 2025,ESSENTIA,EQ,INTEGRA ESSENTIA LIMITED ,Listed    ,30 DEC 2025,               1.00,        1067690544,              1.50,     1612212721.45  
30 DEC 2025,ESTER,EQ,ESTER INDUSTRIES LTD     ,Listed    ,30 DEC 2025,               5.00,          97586191,            101.30,     9883529424.50     
30 DEC 2025,ETERNAL,EQ,ETERNAL LIMITED          ,Listed    ,30 DEC 2025,               1.00,        9650350647,            277.10,  2674112164283.70   
30 DEC 2025,ETHOSLTD,EQ,ETHOS LIMITED            ,Listed    ,30 DEC 2025,              10.00,          26757693,           2927.40,    78330470488.20  
30 DEC 2025,ETL,SM,EMKAY TOOLS LIMITED      ,Listed    ,30 DEC 2025,               1.00,          10671300,            840.00,     8963892000.00       
30 DEC 2025,ETML,SM,EMERALD TYRE MANUF LTD   ,Listed    ,30 DEC 2025,              10.00,          19476512,            104.40,     2033347852.80      
30 DEC 2025,EUREKAFORB,EQ,EUREKA FORBES LIMITED    ,Listed    ,30 DEC 2025,              10.00,         193403691,            609.20,   117821528557.20
30 DEC 2025,EUROBOND,EQ,EURO PANEL PRODUCTS LTD  ,Listed    ,30 DEC 2025,              10.00,          24500000,            175.90,     4310040000.00  
30 DEC 2025,EUROPRATIK,EQ,EURO PRATIK SALES LIMITED,Listed    ,30 DEC 2025,               1.00,         102200000,            307.50,    31426500000.00
30 DEC 2025,EUROTEXIND,BE,EUROTEX IND & EXPORTS LTD,Listed    ,30 DEC 2025,              10.00,           8749865,             15.70,      137460379.15
30 DEC 2025,EVEREADY,EQ,EVEREADY INDS. IND.  LTD.,Listed    ,30 DEC 2025,               5.00,          72687260,            322.65,    23452544439.00  
30 DEC 2025,EVERESTIND,EQ,EVEREST INDUSTRIES LTD   ,Listed    ,30 DEC 2025,              10.00,          15855754,            525.40,     8330613151.60
30 DEC 2025,EXCEL,EQ,EXCEL REALTY N INFRA LTD ,Listed    ,30 DEC 2025,               1.00,        1410695055,              1.45,     2045507829.75     
30 DEC 2025,EXCELINDUS,EQ,EXCEL INDUSTRIES LTD     ,Listed    ,30 DEC 2025,               5.00,          12570692,            918.65,    11548066205.80
30 DEC 2025,EXCELLENT,SM,EXCELLENT WIRES N PACK L ,Listed    ,26 DEC 2025,              10.00,           4470000,             43.00,      192210000.00 
30 DEC 2025,EXCELSOFT,EQ,EXCELSOFT TECHNOLOGIES L ,Listed    ,30 DEC 2025,              10.00,         115084164,             92.30,    10621117495.55 
30 DEC 2025,EXICOM,EQ,EXICOM TELE SYSTEMS LTD  ,Listed    ,30 DEC 2025,              10.00,         139079771,            117.45,    16336309901.65    
30 DEC 2025,EXIDEIND,EQ,EXIDE INDUSTRIES LTD     ,Listed    ,30 DEC 2025,               1.00,         850000000,            357.85,   304172500000.00  
30 DEC 2025,EXIMROUTES,ST,EXIM ROUTES LIMITED      ,Listed    ,30 DEC 2025,               5.00,          18752000,            144.50,     2709664000.00
30 DEC 2025,EXPLEOSOL,EQ,EXPLEO SOLUTIONS LIMITED ,Listed    ,30 DEC 2025,              10.00,          15519739,            954.30,    14810486927.70 
30 DEC 2025,EXXARO,BE,EXXARO TILES LIMITED     ,Listed    ,30 DEC 2025,               1.00,         447410700,              7.85,     3521122209.00    
30 DEC 2025,FABTECH,EQ,FABTECH TECHNOLOGIES LTD ,Listed    ,30 DEC 2025,              10.00,          44450794,            198.05,     8804368767.60   
30 DEC 2025,FACT,EQ,FACT LTD                 ,Listed    ,30 DEC 2025,              10.00,         647071974,            912.70,   590582590669.80      
30 DEC 2025,FAIRCHEMOR,EQ,FAIRCHEM ORGANICS LIMITED,Listed    ,30 DEC 2025,              10.00,          13020902,            709.35,     9236376833.70
30 DEC 2025,FALCONTECH,SM,FALCON TECHNOPROJ IND LTD,Listed    ,29 DEC 2025,              10.00,           5356793,             15.05,       80619734.65
30 DEC 2025,FAZE3Q,EQ,FAZE THREE LIMITED       ,Listed    ,30 DEC 2025,              10.00,          24319000,            409.05,     9947686950.00    
30 DEC 2025,FCL,EQ,FINEOTEX CHEMICAL LIMITED,Listed    ,30 DEC 2025,               1.00,        1145750900,             24.70,    28277132212.00       
30 DEC 2025,FCSSOFT,EQ,FCS SOFTWARE SOLN. LTD.  ,Listed    ,30 DEC 2025,               1.00,        1709553100,              1.80,     3094291111.00   
30 DEC 2025,FDC,EQ,FDC LIMITED              ,Listed    ,30 DEC 2025,               1.00,         162810084,            409.05,    66597464860.20       
30 DEC 2025,FEDERALBNK,EQ,FEDERAL BANK LTD         ,Listed    ,30 DEC 2025,               2.00,        2460259693,            267.60,   658365493846.80
30 DEC 2025,FEDFINA,EQ,FEDBANK FINANCIAL SER L  ,Listed    ,30 DEC 2025,              10.00,         373600937,            144.25,    53895671171.60   
30 DEC 2025,FEL,BZ,FUTURE ENTERPRISES LTD   ,Listed    ,30 DEC 2025,               2.00,         454930401,              0.45,      213817288.45       
30 DEC 2025,FELDVR,BZ,FUTURE ENTERPRISES LTD   ,Listed    ,30 DEC 2025,               2.00,          39374679,              3.25,      127180213.15    
30 DEC 2025,FELIX,SM,FELIX INDUSTRIES LTD.    ,Listed    ,30 DEC 2025,              10.00,          17206350,            155.40,     2673866790.00     
30 DEC 2025,FIBERWEB,EQ,FIBERWEB INDIA LIMITED   ,Listed    ,30 DEC 2025,              10.00,          28791710,             35.55,     1024121124.70  
30 DEC 2025,FIDEL,SM,FIDEL SOFTECH LIMITED    ,Listed    ,29 DEC 2025,              10.00,          13750560,            134.25,     1846012680.00     
30 DEC 2025,FIEMIND,EQ,FIEM INDUSTRIES LIMITED  ,Listed    ,30 DEC 2025,              10.00,          26319660,           2220.20,    58434909132.00   
30 DEC 2025,FILATEX,EQ,FILATEX INDIA LTD        ,Listed    ,30 DEC 2025,               1.00,         443855500,             48.30,    21438220650.00   
30 DEC 2025,FILATFASH,EQ,FILATEX FASHIONS LIMITED ,Listed    ,30 DEC 2025,               1.00,        8334072725,              0.30,     2416881090.25 
30 DEC 2025,FINBUD,SM,FINBUD FINANCIAL SERV LTD,Listed    ,30 DEC 2025,              10.00,          19049480,            127.00,     2419283960.00    
30 DEC 2025,FINCABLES,EQ,FINOLEX CABLES LTD       ,Listed    ,30 DEC 2025,               2.00,         152939345,            731.80,   111921012671.00 
30 DEC 2025,FINEORG,EQ,FINE ORGANIC IND. LTD.   ,Listed    ,30 DEC 2025,               5.00,          30659976,           4078.90,   125058976106.40   
30 DEC 2025,FINKURVE,EQ,FINKURVE FINANCIAL SERV L,Listed    ,30 DEC 2025,               1.00,         140019206,            100.75,    14109735388.60  
30 DEC 2025,FINOPB,EQ,FINO PAYMENTS BANK LTD   ,Listed    ,30 DEC 2025,              10.00,          83218402,            257.25,    21407933914.50    
30 DEC 2025,FINPIPE,EQ,FINOLEX INDUSTRIES LTD   ,Listed    ,30 DEC 2025,               2.00,         620476905,            170.80,   105977455374.00   
30 DEC 2025,FIRSTCRY,EQ,BRAINBEES SOLUTIONS LTD  ,Listed    ,30 DEC 2025,               2.00,         521909906,            286.05,   149292328611.30  
30 DEC 2025,FISCHER,EQ,FISCHER MEDICAL VENTURE L,Listed    ,30 DEC 2025,               1.00,         648515470,             41.60,    26991213861.40   
30 DEC 2025,FIVESTAR,EQ,FIVE-STAR BUS FIN LTD    ,Listed    ,30 DEC 2025,               1.00,         294468820,            539.90,   158983715918.00  
30 DEC 2025,FLAIR,EQ,FLAIR WRITING INDUST LTD ,Listed    ,30 DEC 2025,               5.00,         105395378,            305.20,    32166669365.60     
30 DEC 2025,FLEXITUFF,EQ,FLEXITUFF VENTURES INT L ,Listed    ,30 DEC 2025,              10.00,          32822806,             13.15,      431948126.95 
30 DEC 2025,FLFL,BZ,FUT LIFESTYLE FASH LTD   ,Listed    ,30 DEC 2025,               2.00,         201774874,              1.45,      296609064.80      
30 DEC 2025,FLUOROCHEM,EQ,GUJARAT FLUOROCHEM LTD   ,Listed    ,30 DEC 2025,               1.00,         109850000,           3678.10,   404039285000.00
30 DEC 2025,FLYSBS,SM,FLYSBS AVIATION LIMITED  ,Listed    ,30 DEC 2025,              10.00,          17303751,            521.70,     9027366896.70    
30 DEC 2025,FMGOETZE,EQ,FEDERAL-MOGUL GOETZE (IND,Listed    ,30 DEC 2025,              10.00,          55632130,            460.20,    25601906226.00  
30 DEC 2025,FMNL,EQ,FUTURE MKT NETWORKS LTD  ,Listed    ,30 DEC 2025,              10.00,          60644381,              8.80,      533670552.80      
30 DEC 2025,FOCE,SM,FOCE INDIA LIMITED       ,Listed    ,24 DEC 2025,              10.00,           4892925,           1875.00,     9174234375.00      
30 DEC 2025,FOCUS,EQ,FOCUS LIGHTG & FIXTRS LTD,Listed    ,30 DEC 2025,               2.00,          67253075,             73.00,     4908801944.25     
30 DEC 2025,FONEBOX,ST,FONEBOX RETAIL LIMITED   ,Listed    ,30 DEC 2025,              10.00,          10260000,             87.00,      892620000.00   
30 DEC 2025,FOODSIN,EQ,FOODS & INNS LIMITED     ,Listed    ,30 DEC 2025,               1.00,          73414624,             69.20,     5081760273.30   
30 DEC 2025,FORCAS,SM,FORCAS STUDIO LIMITED    ,Listed    ,30 DEC 2025,              10.00,          17580000,            117.75,     2070045000.00    
30 DEC 2025,FORCEMOT,EQ,FORCE MOTORS LIMITED     ,Listed    ,30 DEC 2025,              10.00,          13032914,          19845.00,   258638178330.00  
30 DEC 2025,FORGEAUTO,SM,FORGE AUTO INTERNATION L ,Listed    ,30 DEC 2025,              10.00,          10920000,            116.00,     1266720000.00 
30 DEC 2025,FORTIS,EQ,FORTIS HEALTHCARE LTD    ,Listed    ,30 DEC 2025,              10.00,         754958148,            878.80,   663457220462.40    
30 DEC 2025,FOSECOIND,EQ,FOSECO INDIA LTD         ,Listed    ,30 DEC 2025,              10.00,           6386459,           4894.50,    31258523575.50 
30 DEC 2025,FRESHARA,SM,FRESHARA AGRO EXPORTS LTD,Listed    ,30 DEC 2025,              10.00,          23499200,            176.00,     4135859200.00  
30 DEC 2025,FROG,SM,FROG INNOVATIONS LIMITED ,Listed    ,30 DEC 2025,              10.00,          15554300,            159.00,     2473133700.00      
30 DEC 2025,FSL,EQ,FIRSTSOURCE SOLU. LTD.   ,Listed    ,30 DEC 2025,              10.00,         696990826,            327.60,   228334194597.60       
30 DEC 2025,FUSION,EQ,FUSION FINANCE LIMITED   ,Listed    ,30 DEC 2025,              10.00,         101023885,            153.75,    15534442796.45    
30 DEC 2025,FWSTC,SM,FLYWINGS SIMULAT T C LTD ,Listed    ,30 DEC 2025,              10.00,          10177128,            220.60,     2245074436.80     
30 DEC 2025,GABRIEL,EQ,GABRIEL INDIA LTD        ,Listed    ,30 DEC 2025,               1.00,         143643940,           1001.20,   143816312728.00   
30 DEC 2025,GAEL,EQ,GUJARAT AMBUJA EXPORTS LT,Listed    ,30 DEC 2025,               1.00,         458670660,            133.05,    61035304726.20      
30 DEC 2025,GAIL,EQ,GAIL (INDIA) LTD         ,Listed    ,30 DEC 2025,              10.00,        6575099644,            170.65,  1121909252255.70      
30 DEC 2025,GAJANAND,SM,GAJANAND INTERNATIONAL L ,Listed    ,30 DEC 2025,              10.00,          18835568,              9.80,      184588566.40  
30 DEC 2025,GALAPREC,EQ,GALA PRECISION ENG LTD   ,Listed    ,30 DEC 2025,              10.00,          12750275,            776.65,     9902501078.75  
30 DEC 2025,GALAXYSURF,EQ,GALAXY SURFACTANTS LTD   ,Listed    ,30 DEC 2025,              10.00,          35454752,           2038.20,    72263875526.40
30 DEC 2025,GALLANTT,EQ,GALLANTT ISPAT LIMITED   ,Listed    ,30 DEC 2025,              10.00,         241280945,            527.50,   127275698487.50  
30 DEC 2025,GANDHAR,EQ,GANDHAR OIL REFINE IND L ,Listed    ,30 DEC 2025,               2.00,          97879530,            148.15,    14502809960.10   
30 DEC 2025,GANDHITUBE,EQ,GANDHI SPL. TUBES LTD    ,Listed    ,30 DEC 2025,               5.00,          12152000,            762.10,     9261039200.00
30 DEC 2025,GANECOS,EQ,GANESHA ECOSPHERE LIMITED,Listed    ,30 DEC 2025,              10.00,          26795984,            846.50,    22682800456.00   
30 DEC 2025,GANESHBE,EQ,GANESH BENZOPLAST LIMITED,Listed    ,30 DEC 2025,               1.00,          71989421,             81.10,     5839061937.30  
30 DEC 2025,GANESHCP,EQ,GANESH CONSUMER PRODUCT L,Listed    ,30 DEC 2025,              10.00,          40412946,            216.00,     8729196336.00  
30 DEC 2025,GANESHHOU,EQ,GANESH HOUSING LIMITED   ,Listed    ,30 DEC 2025,              10.00,          83387090,            800.80,    66776381672.00 
30 DEC 2025,GANESHIN,SM,GANESH INFRAWORLD LIMITED,Listed    ,30 DEC 2025,               5.00,          42721397,            120.50,     5147928338.50  
30 DEC 2025,GANGABATH,SM,GANGA BATH FITTINGS LTD  ,Listed    ,30 DEC 2025,              10.00,          22207848,             21.00,      466364808.00 
30 DEC 2025,GANGAFORGE,EQ,GANGA FORGING LIMITED    ,Listed    ,30 DEC 2025,               1.00,         134802230,              3.70,      498768251.00
30 DEC 2025,GANGESSECU,EQ,GANGES SECURITIES LIMITED,Listed    ,30 DEC 2025,              10.00,          10003687,            137.05,     1370905266.50
30 DEC 2025,GARFIBRES,EQ,GARWARE TECH FIBRES LTD  ,Listed    ,30 DEC 2025,              10.00,          99265845,            695.95,    69084064827.75 
30 DEC 2025,GARUDA,EQ,GARUDA CONSTRUCT N ENG L ,Listed    ,30 DEC 2025,               5.00,          93041742,            189.45,    17626758021.90    
30 DEC 2025,GATECH,EQ,GACM TECHNOLOGIES LIMITED,Listed    ,30 DEC 2025,               1.00,        1102742236,              0.55,      584453385.10    
30 DEC 2025,GATECHDVR,EQ,GACM TECHNOLOGIES LIMITED,Listed    ,30 DEC 2025,               1.00,         189665894,              0.50,       92936288.05 
30 DEC 2025,GATEWAY,EQ,GATEWAY DISTRIPARKS LTD  ,Listed    ,30 DEC 2025,              10.00,         499643836,             59.05,    29498972077.45   
30 DEC 2025,GAYAHWS,BE,GAYATRI HIGHWAYS LIMITED ,Listed    ,30 DEC 2025,               2.00,         239651900,              2.95,      706973105.00   
30 DEC 2025,GCHOTELS,SM,GRAND CONTINENT HOTELS L ,Listed    ,30 DEC 2025,              10.00,          24919403,            157.10,     3914838211.30  
30 DEC 2025,GCSL,BE,GRETEX CORPORATE SERVICES,Listed    ,30 DEC 2025,              10.00,          22639347,            352.85,     7988293588.95      
30 DEC 2025,GEECEE,EQ,GEECEE VENTURES LIMITED  ,Listed    ,30 DEC 2025,              10.00,          20911729,            317.95,     6648884235.55    
30 DEC 2025,GEEKAYWIRE,EQ,GEEKAY WIRES LIMITED     ,Listed    ,30 DEC 2025,               1.00,         104520000,             32.20,     3363453600.00
30 DEC 2025,GEMAROMA,EQ,GEM AROMATICS LIMITED    ,Listed    ,30 DEC 2025,               2.00,          52237138,            167.50,     8748675872.25  
30 DEC 2025,GENCON,EQ,GENERIC ENG CONS PROJ LTD,Listed    ,30 DEC 2025,               5.00,          56986219,             43.60,     2483459424.00    
30 DEC 2025,GENESYS,EQ,GENESYS INTL CORPN LTD   ,Listed    ,30 DEC 2025,               5.00,          41718912,            443.85,    18516939091.20   
30 DEC 2025,GENSOL,BZ,GENSOL ENGINEERING LTD   ,Listed    ,30 DEC 2025,              10.00,          38002434,             26.45,     1004404330.60    
30 DEC 2025,GENUSPAPER,EQ,GENUS P&B LIMITED        ,Listed    ,30 DEC 2025,               1.00,         257125940,             12.90,     3316924626.00
30 DEC 2025,GENUSPOWER,EQ,GENUS POWER INFRASTRU LTD,Listed    ,30 DEC 2025,               1.00,         304111548,            291.95,    88785366438.60
30 DEC 2025,GEOJITFSL,EQ,GEOJIT FINANCIAL SER L   ,Listed    ,30 DEC 2025,               1.00,         279122119,             73.65,    20551761621.95 
30 DEC 2025,GESHIP,EQ,THE GE SHPG.LTD          ,Listed    ,30 DEC 2025,              10.00,         142767161,           1102.20,   157357964854.20    
30 DEC 2025,GFLLIMITED,EQ,GFL LIMITED              ,Listed    ,30 DEC 2025,               1.00,         109850000,             58.30,     6405353500.00
30 DEC 2025,GGBL,SM,GANESH GREEN BHARAT LTD  ,Listed    ,30 DEC 2025,              10.00,          24801000,            310.55,     7701950550.00      
30 DEC 2025,GHCL,EQ,GHCL LIMITED             ,Listed    ,30 DEC 2025,              10.00,          96072086,            550.35,    52873272530.10      
30 DEC 2025,GHCLTEXTIL,EQ,GHCL TEXTILES LIMITED    ,Listed    ,30 DEC 2025,               2.00,          95585786,             72.00,     6884088307.70
30 DEC 2025,GICHSGFIN,EQ,GIC HOUSING FINANCE LTD  ,Listed    ,30 DEC 2025,              10.00,          53851066,            173.65,     9351237610.90 
30 DEC 2025,GICL,ST,GLOBE INTL CARRIERS LTD  ,Listed    ,30 DEC 2025,               5.00,         111954588,             47.35,     5301049741.80      
30 DEC 2025,GICRE,EQ,GENERAL INS CORP OF INDIA,Listed    ,30 DEC 2025,               5.00,        1754400000,            384.40,   674391360000.00     
30 DEC 2025,GILLANDERS,EQ,GILLANDERS ARBUTHNOT LTD ,Listed    ,30 DEC 2025,              10.00,          21342346,            102.10,     2179053526.60
30 DEC 2025,GILLETTE,EQ,GILLETTE INDIA LTD       ,Listed    ,30 DEC 2025,              10.00,          32585217,           8188.00,   266807756796.00  
30 DEC 2025,GINNIFILA,EQ,GINNI FILAMENTS LTD      ,Listed    ,30 DEC 2025,              10.00,          85650065,             41.10,     3519361170.85 
30 DEC 2025,GIPCL,EQ,GUJ IND POW CO. LTD      ,Listed    ,30 DEC 2025,              10.00,         155215944,            154.60,    23994832782.95     
30 DEC 2025,GIRIRAJ,SM,GIRIRAJ CIVIL DEVP LTD   ,Listed    ,30 DEC 2025,              10.00,          23920500,            259.80,     6214545900.00   
30 DEC 2025,GKENERGY,EQ,GK ENERGY LIMITED        ,Listed    ,30 DEC 2025,               2.00,         202817266,            144.95,    29400390879.35  
30 DEC 2025,GKWLIMITED,EQ,GKW LIMITED              ,Listed    ,30 DEC 2025,              10.00,           5966500,           1705.00,    10172882500.00
30 DEC 2025,GLAND,EQ,GLAND PHARMA LIMITED     ,Listed    ,30 DEC 2025,               1.00,         164756423,           1667.70,   274764286637.10     
30 DEC 2025,GLAXO,EQ,GLAXOSMITHKLINE PHARMA LT,Listed    ,30 DEC 2025,              10.00,         169406034,           2384.20,   403897866262.80     
30 DEC 2025,GLENMARK,EQ,GLENMARK PHARMACEUTICALS ,Listed    ,30 DEC 2025,               1.00,         282200809,           2029.80,   572811202108.20  
30 DEC 2025,GLOBAL,BE,GLOBAL EDUCATION LIMITED ,Listed    ,30 DEC 2025,               2.00,          50901500,             90.95,     4630000440.00    
30 DEC 2025,GLOBALE,EQ,GLOBALE TESSILE LIMITED  ,Listed    ,30 DEC 2025,              10.00,          10620275,             12.10,      128292922.00   
30 DEC 2025,GLOBALPET,SM,GLOBAL PET INDUSTRIES LTD,Listed    ,30 DEC 2025,              10.00,          11787408,            117.00,     1379126736.00 
30 DEC 2025,GLOBALVECT,EQ,GLOBAL VEC HELICORP LTD  ,Listed    ,30 DEC 2025,              10.00,          14000000,            196.95,     2757160000.00
30 DEC 2025,GLOBE,EQ,GLOBE ENTERPRISE (I) LTD ,Listed    ,30 DEC 2025,               2.00,         450418788,              2.80,     1256668418.50     
30 DEC 2025,GLOBECIVIL,EQ,GLOBE CIVIL PROJECTS LTD ,Listed    ,30 DEC 2025,              10.00,          59718999,             59.80,     3571196140.20
30 DEC 2025,GLOBUSSPR,EQ,GLOBUS SPIRITS LTD       ,Listed    ,30 DEC 2025,              10.00,          28965734,            982.30,    28453040508.20 
30 DEC 2025,GLOSTERLTD,EQ,GLOSTER LIMITED          ,Listed    ,30 DEC 2025,              10.00,          10943260,            658.80,     7209419688.00
30 DEC 2025,GLOTTIS,EQ,GLOTTIS LIMITED          ,Listed    ,30 DEC 2025,               2.00,          92403000,             58.65,     5421284010.00   
30 DEC 2025,GMBREW,EQ,G M BREWERIES LTD        ,Listed    ,30 DEC 2025,              10.00,          22846924,           1187.90,    27139861019.60    
30 DEC 2025,GMDCLTD,EQ,GUJARAT MINERAL DEV CORP ,Listed    ,30 DEC 2025,               2.00,         318000000,            595.70,   189432600000.00   
30 DEC 2025,GML,SM,GALAXY MEDICARE LIMITED  ,Listed    ,30 DEC 2025,              10.00,          15171983,             22.25,      337576621.75       
30 DEC 2025,GMMPFAUDLR,EQ,GMM PFAUDLER LIMITED     ,Listed    ,30 DEC 2025,               2.00,          44957224,           1075.60,    48355990134.40
30 DEC 2025,GMRAIRPORT,EQ,GMR AIRPORTS LIMITED     ,Listed    ,30 DEC 2025,               1.00,       10558975952,            102.85,  1086096266422.70
30 DEC 2025,GMRP&UI,EQ,GMR POW AND URBAN INFRA L,Listed    ,30 DEC 2025,               5.00,         714836194,            110.25,    78796393664.60   
30 DEC 2025,GNA,EQ,GNA AXLES LIMITED        ,Listed    ,30 DEC 2025,              10.00,          42930800,            298.80,    12827723040.00       
30 DEC 2025,GNFC,EQ,GUJ NAR VAL FER & CHEM L ,Listed    ,30 DEC 2025,              10.00,         146940683,            485.25,    71302966425.75      
30 DEC 2025,GOACARBON,EQ,GOA CARBON LIMITED       ,Listed    ,30 DEC 2025,              10.00,           9151052,            401.30,     3672317167.60 
30 DEC 2025,GOCLCORP,EQ,GOCL CORPORATION LIMITED ,Listed    ,30 DEC 2025,               2.00,          49572490,            290.80,    14415680092.00  
30 DEC 2025,GOCOLORS,EQ,GO FASHION INDIA LTD     ,Listed    ,30 DEC 2025,              10.00,          54008984,            452.55,    24441765709.20  
30 DEC 2025,GODAVARIB,EQ,GODAVARI BIOREFINERIES L ,Listed    ,30 DEC 2025,              10.00,          51175977,            281.10,    14386078894.45 
30 DEC 2025,GODFRYPHLP,EQ,GODFREY PHILLIPS INDIA LT,Listed    ,30 DEC 2025,               2.00,         155981760,           2661.60,   415161052416.00
30 DEC 2025,GODIGIT,EQ,GO DIGIT GENERAL INS LTD ,Listed    ,30 DEC 2025,              10.00,         923310946,            344.05,   317665130971.30   
30 DEC 2025,GODREJAGRO,EQ,GODREJ AGROVET LIMITED   ,Listed    ,30 DEC 2025,              10.00,         192328541,            561.65,   108021325052.65
30 DEC 2025,GODREJCP,EQ,GODREJ CONSUMER PRODUCTS ,Listed    ,30 DEC 2025,               1.00,        1023074343,           1212.20,  1240170718584.60  
30 DEC 2025,GODREJIND,EQ,GODREJ INDUSTRIES LTD    ,Listed    ,30 DEC 2025,               1.00,         336803137,            967.70,   325924395674.90 
30 DEC 2025,GODREJPROP,EQ,GODREJ PROPERTIES LTD    ,Listed    ,30 DEC 2025,               5.00,         301206344,           1977.70,   595695786528.80
30 DEC 2025,GOKEX,EQ,GOKALDAS EXPORTS LTD.    ,Listed    ,30 DEC 2025,               5.00,          73228378,            735.40,    53852149181.20     
30 DEC 2025,GOKUL,EQ,GOKUL REFOILS & SOLV LTD ,Listed    ,30 DEC 2025,               2.00,          98995000,             38.40,     3802397950.00     
30 DEC 2025,GOKULAGRO,EQ,GOKUL AGRO RESOURCES LTD ,Listed    ,30 DEC 2025,               1.00,         295086716,            176.00,    51935262016.00 
30 DEC 2025,GOLDENTOBC,BZ,GOLDEN TOBACCO LIMITED   ,Listed    ,30 DEC 2025,              10.00,          17608802,             31.90,      561896871.80
30 DEC 2025,GOLDIAM,EQ,GOLDIAM INTERNATIONAL LTD,Listed    ,30 DEC 2025,               2.00,         112917844,            358.70,    40503630642.80   
30 DEC 2025,GOLDKART,SM,GOLDKART JEWELS LIMITED  ,Listed    ,05 OCT 2023,              10.00,          16785350,            259.90,     4362512465.00  
30 DEC 2025,GOLDSTAR,SM,GOLDSTAR POWER LIMITED   ,Listed    ,30 DEC 2025,               1.00,         286198500,              7.00,     2003389500.00  
30 DEC 2025,GOLDTECH,EQ,AION-TECH SOLUTIONS LTD  ,Listed    ,30 DEC 2025,              10.00,          52261836,             50.95,     2663785780.90  
30 DEC 2025,GOODLUCK,EQ,GOODLUCK INDIA LIMITED   ,Listed    ,30 DEC 2025,               2.00,          33238509,           1050.60,    34920377555.40  
30 DEC 2025,GOPAL,EQ,GOPAL SNACKS LIMITED     ,Listed    ,30 DEC 2025,               1.00,         124622344,            311.55,    38826091273.20     
30 DEC 2025,GOYALALUM,EQ,GOYAL ALUMINIUMS LIMITED ,Listed    ,30 DEC 2025,               1.00,         142732780,              6.80,      967728248.40 
30 DEC 2025,GOYALSALT,SM,GOYAL SALT LIMITED       ,Listed    ,30 DEC 2025,              10.00,          17900250,            160.00,     2864040000.00 
30 DEC 2025,GPECO,SM,GP ECO SOLUTIONS INDIA L ,Listed    ,30 DEC 2025,              10.00,          11830800,            413.45,     4891444260.00     
30 DEC 2025,GPIL,EQ,GODAWARI POW & ISP LTD   ,Listed    ,30 DEC 2025,               1.00,         669616728,            263.55,   176464096329.85      
30 DEC 2025,GPPL,EQ,GUJARAT PIPAVAV PORT LTD ,Listed    ,30 DEC 2025,              10.00,         483439910,            180.75,    87381763732.50      
30 DEC 2025,GPTHEALTH,EQ,GPT HEALTHCARE LIMITED   ,Listed    ,30 DEC 2025,              10.00,          82054823,            140.60,    11536908113.80 
30 DEC 2025,GPTINFRA,EQ,GPT INFRAPROJECTS LTD    ,Listed    ,30 DEC 2025,              10.00,         126364600,            106.40,    13446457086.00  
30 DEC 2025,GRANULES,EQ,GRANULES INDIA LIMITED   ,Listed    ,30 DEC 2025,               1.00,         242668716,            598.40,   145212959654.40  
30 DEC 2025,GRAPHISAD,SM,GRAPHISADS LIMITED       ,Listed    ,30 DEC 2025,              10.00,          18276500,             47.65,      870875225.00 
30 DEC 2025,GRAPHITE,EQ,GRAPHITE INDIA LTD       ,Listed    ,30 DEC 2025,               2.00,         195375594,            587.70,   114822236593.80  
30 DEC 2025,GRASIM,EQ,GRASIM INDUSTRIES LTD    ,Listed    ,30 DEC 2025,               2.00,         680517031,           2841.70,  1933825246992.70    
30 DEC 2025,GRAVITA,EQ,GRAVITA INDIA LIMITED    ,Listed    ,30 DEC 2025,               2.00,          73808451,           1866.60,   137770854636.60   
30 DEC 2025,GRCL,SM,GAYATRI RUBB AND CHEM LTD,Listed    ,30 DEC 2025,              10.00,           5738000,            385.50,     2211999000.00      
30 DEC 2025,GREAVESCOT,EQ,GREAVES COTTON LTD.      ,Listed    ,30 DEC 2025,               2.00,         232844585,            189.10,    44026254131.80
30 DEC 2025,GREENCHEF,SM,GREENCHEF APPLIANCES LTD ,Listed    ,30 DEC 2025,              10.00,          23271840,             58.20,     1354421088.00 
30 DEC 2025,GREENLAM,EQ,GREENLAM INDUSTRIES LTD. ,Listed    ,30 DEC 2025,               1.00,         255147702,            241.85,    61707471728.70  
30 DEC 2025,GREENLEAF,SM,GREENLEAF ENVIROTECH LTD ,Listed    ,30 DEC 2025,              10.00,           5929250,            166.95,      989888287.50 
30 DEC 2025,GREENPANEL,EQ,GREENPANEL INDUSTRIES LTD,Listed    ,30 DEC 2025,               1.00,         122627395,            231.00,    28328154518.95
30 DEC 2025,GREENPLY,EQ,GREENPLY INDUSTRIES LTD  ,Listed    ,30 DEC 2025,               1.00,         124880795,            264.85,    33074678555.75  
30 DEC 2025,GREENPOWER,EQ,ORIENT GREEN POWER CO LTD,Listed    ,30 DEC 2025,              10.00,        1173022796,             11.35,    13290348278.70
30 DEC 2025,GRETEX,SM,GRETEX INDUSTRIES LTD.   ,Listed    ,23 DEC 2025,              10.00,          15506060,            190.00,     2946151400.00    
30 DEC 2025,GRINDWELL,EQ,GRINDWELL NORTON LIMITED ,Listed    ,30 DEC 2025,               5.00,         110720000,           1597.00,   176819840000.00 
30 DEC 2025,GRINFRA,EQ,G R INFRAPROJECTS LIMITED,Listed    ,30 DEC 2025,               5.00,          96760529,            994.70,    96247698196.30   
30 DEC 2025,GRMOVER,EQ,GRM OVERSEAS LIMITED     ,Listed    ,30 DEC 2025,               2.00,         184056000,            164.40,    30258806400.00   
30 DEC 2025,GROBTEA,EQ,THE GROB TEA COMPANY LTD ,Listed    ,30 DEC 2025,              10.00,           1162330,            995.00,     1156518350.00   
30 DEC 2025,GROWW,EQ,BILLIONBRAINS GARAGE VN L,Listed    ,30 DEC 2025,               2.00,        6173596631,            159.95,   987466781128.45     
30 DEC 2025,GRPLTD,EQ,GRP LIMITED              ,Listed    ,30 DEC 2025,              10.00,           5333332,           1700.40,     9068797732.80    
30 DEC 2025,GRSE,EQ,GARDEN REACH SHIP&ENG LTD,Listed    ,30 DEC 2025,              10.00,         114552000,           2414.30,   276562893600.00      
30 DEC 2025,GRWRHITECH,EQ,GARWARE HI-TECH FILMS LTD,Listed    ,30 DEC 2025,              10.00,          23232394,           3137.70,    72896282653.80
30 DEC 2025,GSFC,EQ,GUJ STATE FERT & CHEM LTD,Listed    ,30 DEC 2025,               2.00,         398477530,            181.15,    72188189334.80      
30 DEC 2025,GSLSU,BE,GLOBAL SURFACES LIMITED  ,Listed    ,30 DEC 2025,              10.00,          42381818,            100.75,     4270391981.70     
30 DEC 2025,GSMFOILS,SM,GSM FOILS LIMITED        ,Listed    ,30 DEC 2025,              10.00,          14092749,            200.10,     2819959074.90  
30 DEC 2025,GSPL,EQ,GUJARAT STATE PETRO LTD  ,Listed    ,30 DEC 2025,              10.00,         564211376,            294.45,   166132039663.20      
30 DEC 2025,GSS,EQ,GSS INFOTECH LIMITED     ,Listed    ,30 DEC 2025,              10.00,          26156843,             15.60,      407523613.95       
30 DEC 2025,GSTL,ST,GLOBESECURE TECHNO LTD   ,Listed    ,30 DEC 2025,              10.00,          15939349,             14.45,      230323593.05      
30 DEC 2025,GTECJAINX,EQ,G-TEC JAINX EDUCATION LTD,Listed    ,30 DEC 2025,              10.00,          10189098,             23.90,      243519442.20 
30 DEC 2025,GTL,EQ,GTL LTD                  ,Listed    ,30 DEC 2025,              10.00,         157296781,              8.00,     1255228312.40       
30 DEC 2025,GTLINFRA,EQ,GTL INFRA.LTD            ,Listed    ,30 DEC 2025,              10.00,       12809111895,              1.15,    14602387560.30  
30 DEC 2025,GTPL,EQ,GTPL HATHWAY LIMITED     ,Listed    ,30 DEC 2025,              10.00,         112463038,             98.80,    11113597415.15      
30 DEC 2025,GUFICBIO,EQ,GUFIC BIOSCIENCES LTD.   ,Listed    ,30 DEC 2025,               1.00,         100277506,            333.45,    33437534375.70  
30 DEC 2025,GUJALKALI,EQ,GUJARAT ALKALIES & CHEM  ,Listed    ,30 DEC 2025,              10.00,          73445242,            494.70,    36333361217.40 
30 DEC 2025,GUJAPOLLO,EQ,GUJ. APOLLO IND. LTD.    ,Listed    ,30 DEC 2025,              10.00,          11800000,            403.75,     4764250000.00 
30 DEC 2025,GUJGASLTD,EQ,GUJARAT GAS LIMITED      ,Listed    ,30 DEC 2025,               2.00,         688390125,            391.45,   269470314431.25 
30 DEC 2025,GUJRAFFIA,BE,GUJARAT RAFFIA INDUST LTD,Listed    ,30 DEC 2025,              10.00,           5404500,             48.30,      261037350.00 
30 DEC 2025,GUJTHEM,EQ,GUJARAT THEMIS BIOSYN LTD,Listed    ,30 DEC 2025,               1.00,         108965265,            435.50,    47454372907.50   
30 DEC 2025,GULFOILLUB,EQ,GULF OIL LUB. IND. LTD.  ,Listed    ,30 DEC 2025,               2.00,          49319623,           1188.20,    58601576048.60
30 DEC 2025,GULFPETRO,EQ,GP PETROLEUMS LIMITED    ,Listed    ,30 DEC 2025,               5.00,          50984383,             34.85,     1777315591.40 
30 DEC 2025,GULPOLY,EQ,GULSHAN POLYOLS LIMITED  ,Listed    ,30 DEC 2025,               1.00,          62370587,            136.55,     8516079949.00   
30 DEC 2025,GURUNANAK,SM,GURUNANAK AGRICULTUR IN L,Listed    ,30 DEC 2025,              10.00,          12000000,             33.15,      397800000.00 
30 DEC 2025,GVKPIL,BE,GVK POW. & INFRA LTD.    ,Listed    ,30 DEC 2025,               1.00,        1578620550,              3.10,     4877937499.50    
30 DEC 2025,GVPIL,EQ,GE POWER INDIA LIMITED   ,Listed    ,30 DEC 2025,              10.00,          67227471,            316.90,    21304385559.90     
30 DEC 2025,GVPTECH,EQ,GVP INFOTECH LIMITED     ,Listed    ,30 DEC 2025,               2.00,         162861590,              8.90,     1447839535.10   
30 DEC 2025,GVT&D,EQ,GE VERNOVA T&D INDIA LTD ,Listed    ,30 DEC 2025,               2.00,         256046535,           3144.80,   805215143268.00     
30 DEC 2025,HAL,EQ,HINDUSTAN AERONAUTICS LTD,Listed    ,30 DEC 2025,               5.00,         668775000,           4325.50,  2892786262500.00       
30 DEC 2025,HAPPSTMNDS,EQ,HAPPIEST MINDS TECHNO LTD,Listed    ,30 DEC 2025,               2.00,         152274811,            454.15,    69155605415.65
30 DEC 2025,HAPPYFORGE,EQ,HAPPY FORGINGS LIMITED   ,Listed    ,30 DEC 2025,               2.00,          94304270,           1123.10,   105913125637.00
30 DEC 2025,HARDWYN,EQ,HARDWYN INDIA LIMITED    ,Listed    ,30 DEC 2025,               1.00,         488434054,             17.25,     8435256112.60   
30 DEC 2025,HARIOMPIPE,EQ,HARIOM PIPE INDUSTRIES L ,Listed    ,30 DEC 2025,              10.00,          30967289,            362.85,    11236480813.65
30 DEC 2025,HARRMALAYA,EQ,HARRISON MALAYALAM LTD   ,Listed    ,30 DEC 2025,              10.00,          18455405,            171.25,     3160118998.15
30 DEC 2025,HARSHA,EQ,HARSHA ENGINEERS INT LTD ,Listed    ,30 DEC 2025,              10.00,          91044105,            373.25,    33982212191.25    
30 DEC 2025,HATHWAY,EQ,HATHWAY CABLE & DATACOM  ,Listed    ,30 DEC 2025,               2.00,        1770104500,             12.40,    21931594755.00   
30 DEC 2025,HATSUN,EQ,HATSUN AGRO PRODUCT LTD. ,Listed    ,30 DEC 2025,               1.00,         222748268,            954.70,   212657771459.60    
30 DEC 2025,HAVELLS,EQ,HAVELLS INDIA LIMITED    ,Listed    ,30 DEC 2025,               1.00,         627206421,           1413.00,   886242672873.00   
30 DEC 2025,HAVISHA,EQ,SRI HAVISHA HOSP & INFR L,Listed    ,30 DEC 2025,               2.00,         153535800,              1.80,      276364440.00   
30 DEC 2025,HBLENGINE,EQ,HBL ENGINEERING LTD      ,Listed    ,30 DEC 2025,               1.00,         277194946,            933.15,   258664463859.90 
30 DEC 2025,HBSL,BE,HB STOCKHOLDINGS LIMITED ,Listed    ,30 DEC 2025,              10.00,           7137665,             71.30,      508986891.15      
30 DEC 2025,HCC,EQ,HINDUSTAN CONSTRUCTION CO,Listed    ,30 DEC 2025,               1.00,        2619468062,             18.10,    47359982560.95       
30 DEC 2025,HCG,EQ,HEALTHCARE GLOB. ENT. LTD,Listed    ,30 DEC 2025,              10.00,         141000100,            664.95,    93758016495.00       
30 DEC 2025,HCL-INSYS,EQ,HCL INFOSYSTEMS LTD      ,Listed    ,30 DEC 2025,               2.00,         329209928,             13.55,     4457502425.10 
30 DEC 2025,HCLTECH,EQ,HCL TECHNOLOGIES LTD     ,Listed    ,30 DEC 2025,               2.00,        2713665096,           1615.20,  4383111863059.20   
30 DEC 2025,HDBFS,EQ,HDB FINANCIAL SERVICES L ,Listed    ,30 DEC 2025,              10.00,         829566727,            759.15,   629765580802.05     
30 DEC 2025,HDFCAMC,EQ,HDFC AMC LIMITED         ,Listed    ,30 DEC 2025,               5.00,         428007502,           2630.20,  1125745331760.40   
30 DEC 2025,HDFCBANK,EQ,HDFC BANK LTD            ,Listed    ,30 DEC 2025,               1.00,       15360347948,            990.90, 15220568781673.20  
30 DEC 2025,HDFCLIFE,EQ,HDFC LIFE INS CO LTD     ,Listed    ,30 DEC 2025,              10.00,        2155447582,            743.00,  1601497553426.00  
30 DEC 2025,HDIL,BZ,HOUSING DEV & INFRA LTD  ,Listed    ,30 DEC 2025,              10.00,         474003986,              2.40,     1137609566.40      
30 DEC 2025,HEADSUP,EQ,HEADS UP VENTURES LIMITED,Listed    ,30 DEC 2025,              10.00,          22082609,              9.10,      200730915.80   
30 DEC 2025,HECPROJECT,EQ,HEC INFRA PROJECTS LTD   ,Listed    ,30 DEC 2025,              10.00,          10838160,            120.50,     1306106661.60
30 DEC 2025,HEG,EQ,HEG LTD                  ,Listed    ,30 DEC 2025,               2.00,         192977530,            600.70,   115921602271.00       
30 DEC 2025,HEIDELBERG,EQ,HEIDELBERGCEMENT (I) LTD ,Listed    ,30 DEC 2025,              10.00,         226613116,            173.60,    39342303068.75
30 DEC 2025,HEMIPROP,EQ,HEMISPHERE PROP IND LTD  ,Listed    ,30 DEC 2025,              10.00,         285000000,            135.75,    38688750000.00  
30 DEC 2025,HERANBA,EQ,HERANBA INDUSTRIES LTD   ,Listed    ,30 DEC 2025,              10.00,          40013467,            241.90,     9679257667.30   
30 DEC 2025,HERCULES,EQ,HERCULES INVESTMENTS LTD ,Listed    ,30 DEC 2025,               1.00,          32000000,            158.80,     5082240000.00  
30 DEC 2025,HERITGFOOD,EQ,HERITAGE FOODS LTD       ,Listed    ,30 DEC 2025,               5.00,          92796000,            451.10,    41860275600.00
30 DEC 2025,HEROMOTOCO,EQ,HERO MOTOCORP LIMITED    ,Listed    ,30 DEC 2025,               2.00,         200067860,           5711.00,  1142587548460.00
30 DEC 2025,HESTERBIO,EQ,HESTER BIOSCIENCES LTD   ,Listed    ,30 DEC 2025,              10.00,           8506865,           1579.90,    13439996013.50 
30 DEC 2025,HEUBACHIND,EQ,HEUBACH COLORANTS IND LTD,Listed    ,30 DEC 2025,              10.00,          23081798,            473.55,    10930385442.90
30 DEC 2025,HEXATRADEX,EQ,HEXA TRADEX LIMITED      ,Listed    ,30 DEC 2025,               2.00,          55244704,            159.95,     8837495298.90
30 DEC 2025,HEXT,EQ,HEXAWARE TECHNOLOGIES LTD,Listed    ,30 DEC 2025,               1.00,         608832812,            762.45,   464204577509.40      
30 DEC 2025,HFCL,EQ,HFCL LIMITED             ,Listed    ,30 DEC 2025,               1.00,        1442672812,             63.50,    91609723562.00      
30 DEC 2025,HGINFRA,EQ,H.G.INFRA ENGINEERING LTD,Listed    ,30 DEC 2025,              10.00,          65171111,            763.15,    49735333359.65   
30 DEC 2025,HGM,EQ,HANDSON GBL MNGMNT LTD   ,Listed    ,30 DEC 2025,              10.00,          12594972,             66.45,      836809939.70       
30 DEC 2025,HGS,EQ,HINDUJA GLOBAL SOLS. LTD.,Listed    ,30 DEC 2025,              10.00,          46520285,            446.05,    20750373124.25       
30 DEC 2025,HIGREEN,SM,HI GREEN CARBON LIMITED  ,Listed    ,30 DEC 2025,              10.00,          24990000,            170.25,     4254547500.00   
30 DEC 2025,HIKAL,EQ,HIKAL LIMITED            ,Listed    ,30 DEC 2025,               2.00,         123300750,            226.95,    27985571227.50     
30 DEC 2025,HILINFRA,EQ,HIGHWAY INFRASTRUCTURE L ,Listed    ,30 DEC 2025,               5.00,          71720632,             56.75,     4071580278.65  
30 DEC 2025,HILTON,EQ,HILTON METAL FORGING LTD ,Listed    ,30 DEC 2025,              10.00,          34696552,             36.20,     1256362147.90    
30 DEC 2025,HIMATSEIDE,EQ,HIMATSINGKA SEIDE LTD    ,Listed    ,30 DEC 2025,               5.00,         125742289,            113.15,    14228997423.25
30 DEC 2025,HINDALCO,EQ,HINDALCO  INDUSTRIES  LTD,Listed    ,30 DEC 2025,               1.00,        2247226523,            884.15,  1986885330310.45  
30 DEC 2025,HINDCOMPOS,EQ,HINDUSTAN COMPOSITES LTD.,Listed    ,30 DEC 2025,               5.00,          14769000,            431.25,     6369131250.00
30 DEC 2025,HINDCON,EQ,HINDCON CHEMICALS LIMITED,Listed    ,30 DEC 2025,               2.00,          51190625,             27.20,     1392385000.00   
30 DEC 2025,HINDCOPPER,EQ,HINDUSTAN COPPER LTD     ,Listed    ,30 DEC 2025,               5.00,         967024020,            533.35,   515762261067.00
30 DEC 2025,HINDOILEXP,EQ,HINDUSTAN OIL EXPLORATION,Listed    ,30 DEC 2025,              10.00,         132294300,            154.00,    20373322200.00
30 DEC 2025,HINDPETRO,EQ,HINDUSTAN PETROLEUM CORP ,Listed    ,30 DEC 2025,              10.00,        2127822518,            468.75,   997416805312.50 
30 DEC 2025,HINDUNILVR,EQ,HINDUSTAN UNILEVER LTD.  ,Listed    ,30 DEC 2025,               1.00,        2349591262,           2290.20,  5381033908232.40
30 DEC 2025,HINDWAREAP,EQ,HINDWARE HME INOVATON LTD,Listed    ,30 DEC 2025,               2.00,          83646357,            264.70,    22141190697.90
30 DEC 2025,HINDZINC,EQ,HINDUSTAN ZINC LIMITED   ,Listed    ,30 DEC 2025,               2.00,        4225319000,            625.30,  2642091970700.00  
30 DEC 2025,HIRECT,EQ,HIND RECTIFIER LIMITED   ,Listed    ,30 DEC 2025,               2.00,          17183807,           1493.10,    25657142231.70    
30 DEC 2025,HISARMETAL,EQ,HISAR METAL IND. LIMITED ,Listed    ,30 DEC 2025,              10.00,           5400000,            162.95,      879930000.00
30 DEC 2025,HITECH,EQ,HI-TECH PIPES LIMITED    ,Listed    ,30 DEC 2025,               1.00,         203107734,             90.10,    18302037910.75    
30 DEC 2025,HITECHCORP,EQ,HITECH CORPORATION LTD   ,Listed    ,30 DEC 2025,              10.00,          17175700,            168.65,     2896853562.00
30 DEC 2025,HITECHGEAR,BE,THE HI-TECH GEARS LIMITED,Permitted ,30 DEC 2025,              10.00,          18793217,            681.85,    12814155011.45
30 DEC 2025,HLEGLAS,EQ,HLE GLASCOAT LIMITED     ,Listed    ,30 DEC 2025,               2.00,          68265480,            435.30,    29715963444.00   
30 DEC 2025,HLVLTD,EQ,HLV LIMITED              ,Listed    ,30 DEC 2025,               2.00,         659259899,              9.50,     6249783842.50    
30 DEC 2025,HMAAGRO,EQ,HMA AGRO INDUSTRIES LTD  ,Listed    ,30 DEC 2025,               1.00,         500769770,             28.70,    14377100096.70   
30 DEC 2025,HMT,BZ,HMT LTD -                ,Listed    ,30 DEC 2025,              10.00,         470670740,             47.50,    22356860150.00       
30 DEC 2025,HMVL,EQ,HINDUSTAN MEDIA VENT LTD ,Listed    ,30 DEC 2025,              10.00,          73671548,             68.85,     5071549364.30      
30 DEC 2025,HNDFDS,EQ,HINDUSTAN FOODS LIMITED  ,Listed    ,30 DEC 2025,               2.00,         119481762,            508.30,    60732579624.60    
30 DEC 2025,HOACFOODS,ST,HOAC FOODS INDIA LIMITED ,Listed    ,30 DEC 2025,              10.00,           4340460,            349.00,     1514820540.00 
30 DEC 2025,HOLMARC,SM,HOLMARC OPTO MECHATRO L  ,Listed    ,29 DEC 2025,              10.00,          10050000,            101.20,     1017060000.00   
30 DEC 2025,HOMEFIRST,EQ,HOME FIRST FIN CO IND LTD,Listed    ,30 DEC 2025,               2.00,         103560579,           1103.90,   114320523158.10 
30 DEC 2025,HOMESFY,SM,HOMESFY REALTY LIMITED   ,Listed    ,30 DEC 2025,              10.00,           3226200,            162.55,      524418810.00   
30 DEC 2025,HONASA,EQ,HONASA CONSUMER LIMITED  ,Listed    ,30 DEC 2025,              10.00,         325369794,            291.35,    94796489481.90    
30 DEC 2025,HONAUT,EQ,HONEYWELL AUTOMATION IND ,Listed    ,30 DEC 2025,              10.00,           8841523,          32995.00,   291726051385.00    
30 DEC 2025,HONDAPOWER,EQ,HONDA I POWER PRODUCT LTD,Listed    ,30 DEC 2025,              10.00,          10143071,           2343.40,    23769272581.40
30 DEC 2025,HPAL,EQ,HP ADHESIVES LIMITED     ,Listed    ,30 DEC 2025,               2.00,          91874735,             40.85,     3752164177.40      
30 DEC 2025,HPIL,EQ,HINDPRAKASH INDUSTRY LTD ,Listed    ,30 DEC 2025,              10.00,          11424110,            131.25,     1499185955.30      
30 DEC 2025,HPL,EQ,HPL ELECTRIC & POWER LTD ,Listed    ,30 DEC 2025,              10.00,          64300486,            403.25,    25929170979.50       
30 DEC 2025,HPTL,ST,HP TELECOM INDIA LIMITED ,Listed    ,30 DEC 2025,              10.00,          11914710,            286.70,     3415947357.00      
30 DEC 2025,HRHNEXT,SM,HRH NEXT SERVICES LIMITED,Listed    ,30 DEC 2025,              10.00,          13204438,             27.15,      358500491.70   
30 DEC 2025,HSCL,EQ,HIMADRI SPECIALITY CHEM L,Listed    ,30 DEC 2025,               1.00,         493849499,            489.25,   241615867385.75      
30 DEC 2025,HTMEDIA,EQ,HT MEDIA LIMITED         ,Listed    ,30 DEC 2025,               2.00,         182655286,             23.60,     4314317855.30   
30 DEC 2025,HUBTOWN,EQ,HUBTOWN LIMITED          ,Listed    ,30 DEC 2025,              10.00,         138136974,            239.55,    33090712121.70   
30 DEC 2025,HUDCO,EQ,HSG & URBAN DEV CORPN LTD,Listed    ,30 DEC 2025,              10.00,        2001900000,            224.00,   448405581000.00     
30 DEC 2025,HUHTAMAKI,EQ,HUHTAMAKI INDIA LIMITED  ,Listed    ,30 DEC 2025,               2.00,          75521934,            207.30,    15656452137.55 
30 DEC 2025,HVAX,SM,HVAX TECHNOLOGIES LIMITED,Listed    ,26 DEC 2025,              10.00,           2776875,            800.00,     2221500000.00      
30 DEC 2025,HYBRIDFIN,BE,HYBRID FINANCIAL SERVICE ,Listed    ,30 DEC 2025,               5.00,          29436275,             19.00,      558700499.50 
30 DEC 2025,HYUNDAI,EQ,HYUNDAI MOTOR INDIA LTD  ,Listed    ,30 DEC 2025,              10.00,         812541100,           2301.60,  1870144595760.00   
30 DEC 2025,IBLFL,SM,IBL FINANCE LIMITED      ,Listed    ,30 DEC 2025,              10.00,          24730650,             60.35,     1492494727.50     
30 DEC 2025,ICDSLTD,EQ,ICDS LTD                 ,Listed    ,30 DEC 2025,              10.00,          13026700,             44.80,      583596160.00   
30 DEC 2025,ICEMAKE,EQ,ICE MAKE REFRIGERAT LTD  ,Listed    ,30 DEC 2025,              10.00,          15779735,            799.70,    12619054079.50   
30 DEC 2025,ICICIAMC,EQ,ICICI PRUDENTIAL AMC LTD ,Listed    ,30 DEC 2025,               1.00,         494258520,           2641.30,  1305485028876.00  
30 DEC 2025,ICICIBANK,EQ,ICICI BANK LTD.          ,Listed    ,30 DEC 2025,               2.00,        7143176028,           1342.50,  9589713817590.00 
30 DEC 2025,ICICIGI,EQ,ICICI LOMBARD GIC LIMITED,Listed    ,30 DEC 2025,              10.00,         497440545,           1955.00,   972496265475.00   
30 DEC 2025,ICICIPRULI,EQ,ICICI PRU LIFE INS CO LTD,Listed    ,30 DEC 2025,              10.00,        1446732749,            654.85,   947392940682.65
30 DEC 2025,ICIL,EQ,INDO COUNT INDUSTRIES LTD,Listed    ,30 DEC 2025,               2.00,         198054340,            298.45,    59109317773.00      
30 DEC 2025,ICRA,EQ,ICRA LIMITED             ,Listed    ,30 DEC 2025,              10.00,           9651231,           6095.50,    58829078560.50      
30 DEC 2025,IDBI,EQ,IDBI BANK LIMITED        ,Listed    ,30 DEC 2025,              10.00,       10752402175,            101.30,  1089433388371.00      
30 DEC 2025,IDEA,EQ,VODAFONE IDEA LIMITED    ,Listed    ,30 DEC 2025,              10.00,      108343035001,             12.05,  1306617002112.05      
30 DEC 2025,IDEAFORGE,EQ,IDEAFORGE TECHNO LTD     ,Listed    ,30 DEC 2025,              10.00,          43216058,            464.50,    20073858941.00 
30 DEC 2025,IDEALTECHO,SM,IDEAL TECHNOPLAST IND LTD,Listed    ,18 DEC 2025,              10.00,           5000000,            185.00,      925000000.00
30 DEC 2025,IDENTICAL,SM,IDENTICAL BRAINS STUDIO L,Listed    ,30 DEC 2025,              10.00,          14025958,             23.15,      324700927.70 
30 DEC 2025,IDFCFIRSTB,EQ,IDFC FIRST BANK LIMITED  ,Listed    ,30 DEC 2025,              10.00,        8151956683,             84.85,   691530485418.90
30 DEC 2025,IEML,SM,INDIAN EMULSIFIERS LTD   ,Listed    ,30 DEC 2025,              10.00,          18333333,             88.00,     1613333304.00      
30 DEC 2025,IEX,EQ,INDIAN ENERGY EXC LTD    ,Listed    ,30 DEC 2025,               1.00,         891692735,            132.00,   117712357947.35       
30 DEC 2025,IFBAGRO,EQ,IFB AGRO INDUSTRIES LTD  ,Listed    ,30 DEC 2025,              10.00,           9367111,           1316.60,    12332738342.60   
30 DEC 2025,IFBIND,EQ,IFB INDUSTRIES LTD       ,Listed    ,30 DEC 2025,              10.00,          40518796,           1557.50,    63108024770.00    
30 DEC 2025,IFCI,EQ,IFCI LTD                 ,Listed    ,30 DEC 2025,              10.00,        2694314331,             50.45,   135901214855.65      
30 DEC 2025,IFGLEXPOR,EQ,IFGL REFRACTORIES LIMITED,Listed    ,30 DEC 2025,              10.00,          72078624,            202.45,    14593038215.05 
30 DEC 2025,IGARASHI,EQ,IGARASHI MOTORS INDIA LTD,Listed    ,30 DEC 2025,              10.00,          31475048,            430.90,    13562598183.20  
30 DEC 2025,IGCL,EQ,INDOGULF CROPSCIENCES LTD,Listed    ,30 DEC 2025,              10.00,          63223997,             81.70,     5165400554.90      
30 DEC 2025,IGIL,EQ,INTERNATIO GEMM INS (I) L,Listed    ,30 DEC 2025,               2.00,         432159696,            330.55,   142850387512.80      
30 DEC 2025,IGL,EQ,INDRAPRASTHA GAS LTD     ,Listed    ,30 DEC 2025,               2.00,        1400001600,            191.40,   267932306208.00       
30 DEC 2025,IGPL,EQ,I G PETROCHEMICALS LTD   ,Listed    ,30 DEC 2025,              10.00,          30794850,            389.90,    12006912015.00      
30 DEC 2025,IIFL,EQ,IIFL FINANCE LIMITED     ,Listed    ,30 DEC 2025,               2.00,         424990678,            603.15,   256333127435.70      
30 DEC 2025,IIFLCAPS,EQ,IIFL CAPITAL SERVICES LTD,Listed    ,30 DEC 2025,               2.00,         310260219,            350.20,   108653128693.80  
30 DEC 2025,IITL,EQ,INDUSTRIAL INV TRUST LTD ,Listed    ,30 DEC 2025,              10.00,          21827550,            166.00,     3622936749.00      
30 DEC 2025,IKIO,EQ,IKIO TECHNOLOGIES LIMITED,Listed    ,30 DEC 2025,              10.00,          77280701,            179.45,    13868021794.45      
30 DEC 2025,IKS,EQ,INVENTURUS KNOWLEDGE SO L,Listed    ,30 DEC 2025,               1.00,         171573159,           1668.60,   286286973107.40       
30 DEC 2025,IL&FSENGG,BZ,IL&FS ENG AND CONS CO LTD,Listed    ,30 DEC 2025,              10.00,         131121078,             26.40,     3458974037.65 
30 DEC 2025,IL&FSTRANS,BZ,IL&FS TRANS NET LTD      ,Listed    ,30 DEC 2025,              10.00,         328960027,              2.75,      911219274.80
30 DEC 2025,IMAGICAA,EQ,IMAGICAAWORLD ENT LTD    ,Listed    ,30 DEC 2025,              10.00,         565861447,             44.90,    25407178970.30  
30 DEC 2025,IMFA,EQ,INDIAN METALS & FERRO    ,Listed    ,30 DEC 2025,              10.00,          53954106,           1476.10,    79641655866.60      
30 DEC 2025,IMPAL,EQ,IND MOTOR PART & ACC LTD ,Listed    ,30 DEC 2025,              10.00,          12480000,           1030.30,    12858144000.00     
30 DEC 2025,IMPEXFERRO,BZ,IMPEX FERRO TECH LIMITED ,Listed    ,30 DEC 2025,              10.00,          87931604,              1.80,      156518255.10
30 DEC 2025,INCREDIBLE,EQ,INCREDIBLE INDUSTRIES LTD,Listed    ,30 DEC 2025,              10.00,          46763750,             40.30,     1885046762.50
30 DEC 2025,INDBANK,EQ,INDBANK MERCH BANK       ,Listed    ,30 DEC 2025,              10.00,          44378200,             34.50,     1531935464.00   
30 DEC 2025,INDGN,EQ,INDEGENE LIMITED         ,Listed    ,30 DEC 2025,               2.00,         240139636,            520.70,   125040708465.20     
30 DEC 2025,INDHOTEL,EQ,THE INDIAN HOTELS CO. LTD,Listed    ,30 DEC 2025,               1.00,        1423432227,            729.55,  1038464981207.85  
30 DEC 2025,INDIACEM,EQ,THE INDIA CEMENTS LIMITED,Listed    ,30 DEC 2025,              10.00,         309897201,            441.90,   136943573121.90  
30 DEC 2025,INDIAGLYCO,EQ,INDIA GLYCOLS LTD        ,Listed    ,30 DEC 2025,               5.00,          61923000,           1006.80,    62344076400.00
30 DEC 2025,INDIAMART,EQ,INDIAMART INTERMESH LTD  ,Listed    ,30 DEC 2025,              10.00,          60032148,           2246.90,   134886233341.20 
30 DEC 2025,INDIANB,EQ,INDIAN BANK              ,Listed    ,30 DEC 2025,              10.00,        1346963981,            809.00,  1089693860629.00   
30 DEC 2025,INDIANCARD,EQ,INDIAN CARD CLOTHING CO. ,Listed    ,30 DEC 2025,              10.00,           5941120,            240.00,     1425868800.00
30 DEC 2025,INDIANHUME,EQ,INDIAN HUME PIPE CO. LTD.,Listed    ,30 DEC 2025,               2.00,          52681770,            408.60,    21525771222.00
30 DEC 2025,INDIASHLTR,EQ,INDIA SHELTER FIN CORP L ,Listed    ,30 DEC 2025,               5.00,         108226099,            809.80,    87641494970.20
30 DEC 2025,INDIFRA,SM,INDIFRA LIMITED          ,Listed    ,30 DEC 2025,              10.00,           7290000,             15.90,      115911000.00   
30 DEC 2025,INDIGO,EQ,INTERGLOBE AVIATION LTD  ,Listed    ,30 DEC 2025,              10.00,         386563835,           5018.00,  1939777324030.00    
30 DEC 2025,INDIGOPNTS,EQ,INDIGO PAINTS LIMITED    ,Listed    ,30 DEC 2025,              10.00,          47675662,           1122.50,    53515930595.00
30 DEC 2025,INDIGRID,IV,INDIGRID INFRASTRUCT TRST,Listed    ,30 DEC 2025,             100.00,         834558088,            168.05,   140247486688.40  
30 DEC 2025,INDIQUBE,EQ,INDIQUBE SPACES LIMITED  ,Listed    ,30 DEC 2025,               1.00,         210011507,            207.95,    43671892880.65  
30 DEC 2025,INDNIPPON,EQ,INDIA NIPPON ELECT  LTD  ,Listed    ,30 DEC 2025,               5.00,          22621424,            792.45,    17926347448.80 
30 DEC 2025,INDOAMIN,EQ,INDO AMINES LIMITED      ,Listed    ,30 DEC 2025,               5.00,          72587560,            128.00,     9291933555.60  
30 DEC 2025,INDOBORAX,EQ,INDO BORAX & CHEMICAL LTD,Listed    ,30 DEC 2025,               1.00,          32090000,            268.80,     8625150200.00 
30 DEC 2025,INDOCO,EQ,INDOCO REMEDIES LTD.     ,Listed    ,30 DEC 2025,               2.00,          92247905,            230.60,    21272366893.00    
30 DEC 2025,INDOFARM,EQ,INDO FARM EQUIPMENT LTD  ,Listed    ,30 DEC 2025,              10.00,          48051600,            211.15,    10146095340.00  
30 DEC 2025,INDORAMA,EQ,INDO RAMA SYNTHETICS LTD ,Listed    ,30 DEC 2025,              10.00,         261113151,             48.00,    12528208985.00  
30 DEC 2025,INDOSTAR,EQ,INDOSTAR CAPITAL FIN LTD ,Listed    ,30 DEC 2025,              10.00,         136742165,            222.25,    30392313592.90  
30 DEC 2025,INDOTECH,EQ,INDO TECH TRANSFORM LTD. ,Listed    ,30 DEC 2025,              10.00,          10620000,           1556.00,    16524720000.00  
30 DEC 2025,INDOTHAI,EQ,INDO THAI SEC LTD        ,Listed    ,30 DEC 2025,               1.00,         120590190,            312.05,    37630168789.50  
30 DEC 2025,INDOUS,EQ,INDO US BIOTECH LTD      ,Listed    ,30 DEC 2025,              10.00,          20052000,            122.65,     2459778840.00    
30 DEC 2025,INDOWIND,EQ,INDOWIND ENERGY LTD      ,Listed    ,30 DEC 2025,              10.00,         161002170,             14.10,     2271740618.70  
30 DEC 2025,INDRAMEDCO,EQ,INDRAPRASTHA MEDICAL CORP,Listed    ,30 DEC 2025,              10.00,          91673000,            442.55,    40569886150.00
30 DEC 2025,INDSWFTLAB,EQ,IND SWIFT LABORATORIES LT,Listed    ,30 DEC 2025,              10.00,          73486860,             89.45,     6574869364.20
30 DEC 2025,INDTERRAIN,EQ,IND TERRAIN FASHIONS LTD ,Listed    ,30 DEC 2025,               2.00,          50667367,             34.55,     1749544182.50
30 DEC 2025,INDUSINDBK,EQ,INDUSIND BANK LIMITED    ,Listed    ,30 DEC 2025,              10.00,         779075972,            841.50,   655592430438.00
30 DEC 2025,INDUSINVIT,IV,INDUS INFRA TRUST        ,Listed    ,30 DEC 2025,             100.00,         442938605,            117.00,    51823816785.00
30 DEC 2025,INDUSTOWER,EQ,INDUS TOWERS LIMITED     ,Listed    ,30 DEC 2025,              10.00,        2638162757,            422.05,  1113436591591.85
30 DEC 2025,INFIBEAM,EQ,INFIBEAM AVENUES LIMITED ,Listed    ,30 DEC 2025,               1.00,        2796435047,             16.10,    45078532957.65  
30 DEC 2025,INFINIUM,SM,INFINIUM PHARMACHEM LTD  ,Listed    ,30 DEC 2025,              10.00,          15583120,            220.90,     3442311208.00  
30 DEC 2025,INFLUX,SM,INFLUX HEALTHTECH LIMITED,Listed    ,30 DEC 2025,              10.00,          23150400,            225.70,     5225045280.00    
30 DEC 2025,INFOBEAN,EQ,INFOBEANS TECHNO. LTD.   ,Listed    ,30 DEC 2025,              10.00,          24455380,            786.00,    19221928680.00  
30 DEC 2025,INFOLLION,SM,INFOLLION RESEARCH SER L ,Listed    ,30 DEC 2025,              10.00,           9696972,            375.05,     3636849348.60 
30 DEC 2025,INFOMEDIA,EQ,INFOMEDIA PRESS LIMITED  ,Listed    ,30 DEC 2025,              10.00,          50194172,              6.45,      323250467.70 
30 DEC 2025,INFY,EQ,INFOSYS LIMITED          ,Listed    ,30 DEC 2025,               5.00,        4154392203,           1621.60,  6736762396384.80      
30 DEC 2025,INGERRAND,EQ,INGERSOLL-RAND INDIA LTD ,Listed    ,30 DEC 2025,              10.00,          31568000,           3358.30,   106014814400.00 
30 DEC 2025,INM,SM,INTERIORS & MORE LIMITED ,Listed    ,29 DEC 2025,              10.00,          13990800,            250.00,     3497700000.00       
30 DEC 2025,INNOMET,SM,INNOMET ADVANCED MATERI L,Listed    ,30 DEC 2025,              10.00,          12940138,            103.00,     1332834214.00   
30 DEC 2025,INNOVACAP,EQ,INNOVA CAPTAB LIMITED    ,Listed    ,30 DEC 2025,              10.00,          57224929,            719.05,    41147585197.45 
30 DEC 2025,INNOVANA,EQ,INNOVANA THINKLABS LTD   ,Listed    ,30 DEC 2025,              10.00,          20500000,            409.85,     8401925000.00  
30 DEC 2025,INOXGREEN,EQ,INOX GREEN ENERGY SER LTD,Listed    ,30 DEC 2025,              10.00,         367016789,            207.00,    75979815658.80 
30 DEC 2025,INOXINDIA,EQ,INOX INDIA LIMITED       ,Listed    ,30 DEC 2025,               2.00,          90763500,           1108.20,   100584110700.00 
30 DEC 2025,INOXWIND,EQ,INOX WIND LIMITED        ,Listed    ,30 DEC 2025,              10.00,        1728237822,            121.75,   210430237206.70  
30 DEC 2025,INSECTICID,EQ,INSECTICIDES (I) LTD     ,Listed    ,30 DEC 2025,              10.00,          29097837,            708.00,    20601268596.00
30 DEC 2025,INSPIRE,SM,INSPIRE FILMS LIMITED    ,Listed    ,30 DEC 2025,              10.00,          13609299,             10.80,      146980429.20   
30 DEC 2025,INSPIRISYS,EQ,INSPIRISYS SOLUTIONS LTD ,Listed    ,30 DEC 2025,              10.00,          39616873,             88.35,     3500943067.00
30 DEC 2025,INTEGRITY,SM,INTEGRITY INFRABUILD DE L,Listed    ,30 DEC 2025,              10.00,           4300000,            130.00,      559000000.00 
30 DEC 2025,INTELLECT,EQ,INTELLECT DESIGN ARENA   ,Listed    ,30 DEC 2025,               5.00,         139091853,            945.30,   131483528640.90 
30 DEC 2025,INTENTECH,EQ,INTENSE TECHNOLOGIES LTD ,Listed    ,30 DEC 2025,               2.00,          23518199,            115.75,     2722466716.25 
30 DEC 2025,INTERARCH,EQ,INTERARCH BLDNG SOLTN LTD,Listed    ,30 DEC 2025,              10.00,          16771853,           2308.90,    38724531391.70 
30 DEC 2025,INTERISE,IV,INTERISE TRUST           ,Listed    ,16 SEP 2025,             100.00,        1042411177,            109.15,   113758331746.00  
30 DEC 2025,INTLCONV,EQ,INTL CONVEYORS LIMITED   ,Listed    ,30 DEC 2025,               1.00,          63379000,             88.90,     5634393100.00  
30 DEC 2025,INVENTURE,EQ,INVENTURE GRO & SEC LTD  ,Listed    ,30 DEC 2025,               1.00,        1050000000,              1.15,     1207500000.00 
30 DEC 2025,INVICTA,SM,INVICTA DIAGNOSTIC LTD   ,Listed    ,30 DEC 2025,              10.00,          12571973,             84.55,     1062960317.15   
30 DEC 2025,IOB,EQ,INDIAN OVERSEAS BANK     ,Listed    ,30 DEC 2025,              10.00,       19256589795,             35.80,   689385914661.00       
30 DEC 2025,IOC,EQ,INDIAN OIL CORP LTD      ,Listed    ,30 DEC 2025,              10.00,       14121238383,            161.55,  2281568485541.30       
30 DEC 2025,IOLCP,EQ,IOL CHEM AND PHARMA LTD  ,Listed    ,30 DEC 2025,               2.00,         293527510,             80.20,    23543841577.10     
30 DEC 2025,IONEXCHANG,EQ,ION EXCHANGE (INDIA) LTD ,Listed    ,30 DEC 2025,               1.00,         146666590,            381.60,    55967970744.00
30 DEC 2025,IPCALAB,EQ,IPCA LABORATORIES LTD    ,Listed    ,30 DEC 2025,               1.00,         253704218,           1386.20,   351684786991.60   
30 DEC 2025,IPHL,SM,INDIAN PHOSPHATE LIMITED ,Listed    ,30 DEC 2025,              10.00,          24989609,             65.45,     1635569909.05      
30 DEC 2025,IPL,EQ,INDIA PESTICIDES LIMITED ,Listed    ,30 DEC 2025,               1.00,         115163508,            174.35,    20078757619.80       
30 DEC 2025,IPSL,SM,INTEGRATED PERSO SER LTD ,Listed    ,29 DEC 2025,              10.00,           8606510,            287.00,     2470068370.00      
30 DEC 2025,IRB,EQ,IRB INFRA DEV LTD.       ,Listed    ,30 DEC 2025,               1.00,        6039000000,             42.15,   254423070000.00       
30 DEC 2025,IRBINVIT,IV,IRB INVIT FUND           ,Listed    ,30 DEC 2025,             102.00,        1281600000,             61.80,    79190064000.00  
30 DEC 2025,IRBIT,IV,IRB INFRASTRUCTURE TRUST ,Listed    ,13 JUN 2024,             100.00,        1172093265,            214.25,   251097540160.95     
30 DEC 2025,IRCON,EQ,IRCON INTERNATIONAL LTD  ,Listed    ,30 DEC 2025,               2.00,         940515740,            171.50,   161289044252.60     
30 DEC 2025,IRCTC,EQ,INDIAN RAIL TOUR CORP LTD,Listed    ,30 DEC 2025,               2.00,         800000000,            682.45,   545960000000.00     
30 DEC 2025,IREDA,EQ,INDIAN RENEWABLE ENERGY  ,Listed    ,30 DEC 2025,              10.00,        2809231268,            136.85,   384471391338.50     
30 DEC 2025,IRFC,EQ,INDIAN RAILWAY FIN CORP L,Listed    ,30 DEC 2025,              10.00,       13068506000,            124.60,  1628205162540.00      
30 DEC 2025,IRIS,EQ,IRIS REGTECH SOLUTION LTD,Listed    ,30 DEC 2025,              10.00,          20538117,            295.30,     6064905950.10      
30 DEC 2025,IRISDOREME,EQ,IRIS CLOTHINGS LIMITED   ,Listed    ,30 DEC 2025,               2.00,         190331470,             36.90,     7021327928.30
30 DEC 2025,IRMENERGY,EQ,IRM ENERGY LIMITED       ,Listed    ,30 DEC 2025,              10.00,          41059677,            282.95,    11617835607.15 
30 DEC 2025,ISFT,EQ,INTRASOFT TECH. LTD      ,Listed    ,30 DEC 2025,              10.00,          16311678,             91.70,     1495943989.40      
30 DEC 2025,ISGEC,EQ,ISGEC HEAVY ENG LTD      ,Listed    ,30 DEC 2025,               1.00,          73529510,            918.40,    67529501984.00     
30 DEC 2025,ISHAN,SM,ISHAN INTERNATIONAL LTD  ,Listed    ,30 DEC 2025,               1.00,         216235290,              0.75,      162176467.50     
30 DEC 2025,ISHANCH,EQ,ISHAN DYES N CHEMICALS L ,Listed    ,30 DEC 2025,              10.00,          20968147,             63.20,     1325186890.40   
30 DEC 2025,ITALIANE,SM,ITALIAN EDIBLES LIMITED  ,Listed    ,30 DEC 2025,              10.00,          14777151,             27.15,      401199649.65  
30 DEC 2025,ITC,EQ,ITC LTD                  ,Listed    ,30 DEC 2025,               1.00,       12526662922,            400.60,  5018181166553.20       
30 DEC 2025,ITCHOTELS,EQ,ITC HOTELS LIMITED       ,Listed    ,30 DEC 2025,               1.00,        2082719588,            196.25,   408712891949.10 
30 DEC 2025,ITDC,EQ,INDIA TOUR. DEV. CO. LTD.,Listed    ,30 DEC 2025,              10.00,          85769400,            579.50,    49703367300.00      
30 DEC 2025,ITI,EQ,ITI LTD                  ,Listed    ,30 DEC 2025,              10.00,         960886938,            310.25,   298115172514.50       
30 DEC 2025,ITTL,ST,INNOVATIVE TYRE & TUBE LT,Listed    ,30 DEC 2025,              10.00,          10000000,             93.25,      932500000.00      
30 DEC 2025,IVALUE,EQ,IVALUE INFOSOLUTIONS LTD ,Listed    ,30 DEC 2025,               2.00,          53539880,            263.85,    14126497338.00    
30 DEC 2025,IVC,EQ,IL&FS INVESTMENT MANAGERS,Listed    ,30 DEC 2025,               2.00,         314032740,              8.20,     2568787813.20       
30 DEC 2025,IVP,EQ,IVP LTD                  ,Listed    ,30 DEC 2025,              10.00,          10326263,            144.65,     1493590680.30       
30 DEC 2025,IWARE,ST,IWARE SUPPLYCHAIN SER LTD,Listed    ,30 DEC 2025,              10.00,          10716000,            207.50,     2223570000.00     
30 DEC 2025,IXIGO,EQ,LE TRAVENUES TECHNOLOGY L,Listed    ,30 DEC 2025,               1.00,         390403607,            251.20,    98069386078.40     
30 DEC 2025,IZMO,EQ,IZMO LIMITED             ,Listed    ,30 DEC 2025,              10.00,          14892947,            813.50,    12115412384.50      
30 DEC 2025,J&KBANK,EQ,J & K BANK LTD.          ,Listed    ,30 DEC 2025,               1.00,        1101182463,             99.25,   109303371277.40   
30 DEC 2025,JAGRAN,EQ,JAGRAN PRAKASHAN LIMITED ,Listed    ,30 DEC 2025,               2.00,         217654272,             70.90,    15436040970.25    
30 DEC 2025,JAGSNPHARM,EQ,JAGSONPAL PHARMACEUTICALS,Listed    ,30 DEC 2025,               2.00,          66631254,            192.95,    12857833084.40
30 DEC 2025,JAIBALAJI,EQ,JAI BALAJI INDUSTRIES LTD,Listed    ,30 DEC 2025,               2.00,         912256930,             67.05,    61166827156.50 
30 DEC 2025,JAICORPLTD,EQ,JAI CORP LIMITED         ,Listed    ,30 DEC 2025,               1.00,         175504995,            129.95,    22803364000.35
30 DEC 2025,JAINAM,SM,JAINAM FER ALLOYS (I) LTD,Listed    ,29 DEC 2025,              10.00,          11711200,            247.05,     2893251960.00    
30 DEC 2025,JAINIK,SM,JAINIK POWER CABLES LTD  ,Listed    ,30 DEC 2025,              10.00,          14347700,            125.05,     1794179885.00    
30 DEC 2025,JAINREC,EQ,JAIN RESOURCE RECYCLING L,Listed    ,30 DEC 2025,               2.00,         345085814,            399.80,   137965308437.20   
30 DEC 2025,JAIPURKURT,EQ,NANDANI CREATION LIMITED ,Listed    ,30 DEC 2025,              10.00,          19090714,             27.00,      515640185.15
30 DEC 2025,JAKHARIA,ST,JAKHARIA FABRIC LIMITED  ,Listed    ,16 OCT 2025,              10.00,          12191490,             60.50,      737585145.00  
30 DEC 2025,JALAN,ST,JALAN TRANSOLU. INDIA LTD,Listed    ,30 DEC 2025,              10.00,          14537220,              3.45,       50153409.00     
30 DEC 2025,JAMNAAUTO,EQ,JAMNA AUTO IND LTD       ,Listed    ,30 DEC 2025,               1.00,         398979885,            124.45,    49661026285.95 
30 DEC 2025,JARO,EQ,JARO INS OF TEC MG N RE L,Listed    ,30 DEC 2025,              10.00,          22156289,            465.80,    10320399416.20      
30 DEC 2025,JASH,EQ,JASH ENGINEERING LIMITED ,Listed    ,30 DEC 2025,               2.00,          62755125,            435.30,    27317305912.50      
30 DEC 2025,JAYAGROGN,EQ,JAYANT AGRO ORGANICS LTD ,Listed    ,30 DEC 2025,               5.00,          30000000,            202.00,     6059700000.00 
30 DEC 2025,JAYBARMARU,EQ,JAY BHARAT MARUTI LTD    ,Listed    ,30 DEC 2025,               2.00,         108250000,             91.25,     9879977500.00
30 DEC 2025,JAYBEE,SM,JAY BEE LAMINATIONS LTD  ,Listed    ,30 DEC 2025,              10.00,          22567600,            119.00,     2685544400.00    
30 DEC 2025,JAYESH,SM,JAYESH LOGISTICS LIMITED ,Listed    ,30 DEC 2025,              10.00,           8691449,            165.75,     1440607671.75    
30 DEC 2025,JAYKAY,EQ,JAYKAY ENTERPRISES LTD   ,Listed    ,30 DEC 2025,               1.00,         130287066,            195.55,    25478938626.95    
30 DEC 2025,JAYNECOIND,EQ,JAYASWAL NECO INDUSTR LTD,Listed    ,30 DEC 2025,              10.00,         970998244,             92.55,    89865887482.20
30 DEC 2025,JAYSREETEA,EQ,JAYSHREE TEA & INDUSTRIES,Listed    ,30 DEC 2025,               5.00,          28877488,             87.25,     2519272053.10
30 DEC 2025,JBCHEPHARM,EQ,J B CHEMICALS AND PHARMA ,Listed    ,30 DEC 2025,               1.00,         156596239,           1800.30,   281920209071.70
30 DEC 2025,JBMA,EQ,JBM AUTO LIMITED         ,Listed    ,30 DEC 2025,               1.00,         236494264,            634.20,   149984662228.80      
30 DEC 2025,JETFREIGHT,BE,JET FREIGHT LOGISTICS LTD,Listed    ,30 DEC 2025,               5.00,          46403784,             16.55,      768910700.90
30 DEC 2025,JETKNIT,ST,JET KNITWEARS LTD.       ,Listed    ,08 DEC 2025,              10.00,           4083200,             89.20,      364221440.00   
30 DEC 2025,JEYYAM,ST,JEYYAM GLOBAL FOODS LTD  ,Listed    ,30 DEC 2025,               5.00,          47496756,             60.15,     2856929873.40    
30 DEC 2025,JFLLIFE,SM,JFL LIFE SCIENCES LIMITED,Listed    ,30 DEC 2025,              10.00,          32995323,             12.05,      397593642.15   
30 DEC 2025,JGCHEM,EQ,J.G.CHEMICALS LIMITED    ,Listed    ,30 DEC 2025,              10.00,          39186063,            347.00,    13597563861.00    
30 DEC 2025,JHS,EQ,JHS SVEND. LAB. LTD      ,Listed    ,30 DEC 2025,              10.00,          85603966,              9.80,      840630946.10       
30 DEC 2025,JINDALPHOT,EQ,JINDAL PHOTO LIMITED     ,Listed    ,30 DEC 2025,              10.00,          10258326,           1506.20,    15451090621.20
30 DEC 2025,JINDALPOLY,EQ,JINDAL POLY FILMS LIMITED,Listed    ,30 DEC 2025,              10.00,          43786413,            480.55,    21041560767.15
30 DEC 2025,JINDALSAW,EQ,JINDAL SAW LIMITED       ,Listed    ,30 DEC 2025,               1.00,         639508234,            164.75,   105371771716.20 
30 DEC 2025,JINDALSTEL,EQ,JINDAL STEEL LIMITED     ,Listed    ,30 DEC 2025,               1.00,        1020088097,           1021.30,  1041815973466.10
30 DEC 2025,JINDRILL,EQ,JINDAL DRILLING IND. LTD ,Listed    ,30 DEC 2025,               5.00,          28981104,            559.35,    16210580522.40  
30 DEC 2025,JINDWORLD,EQ,JINDAL WORLDWIDE LTD     ,Listed    ,30 DEC 2025,               1.00,        1002602000,             28.25,    28313480480.00 
30 DEC 2025,JIOFIN,EQ,JIO FIN SERVICES LTD     ,Listed    ,30 DEC 2025,              10.00,        6353141623,            292.50,  1858293924727.50    
30 DEC 2025,JISLDVREQS,EQ,JAIN DVR EQUITY SHARES   ,Listed    ,30 DEC 2025,               2.00,          19294304,             27.10,      523068581.45
30 DEC 2025,JISLJALEQS,EQ,JAIN IRRIGATION SYSTEMS  ,Listed    ,30 DEC 2025,               2.00,         714609991,             41.50,    29642022426.70
30 DEC 2025,JITFINFRA,EQ,JITF INFRALOGISTICS LTD  ,Listed    ,30 DEC 2025,               2.00,          25703706,            271.90,     6988837661.40 
30 DEC 2025,JIWANRAM,SM,JIWANRAM SHEODUTTRA IND L,Listed    ,29 DEC 2025,              10.00,          24748225,              6.30,      155913817.50  
30 DEC 2025,JKCEMENT,EQ,JK CEMENT LIMITED        ,Listed    ,30 DEC 2025,              10.00,          77268251,           5491.50,   424318600366.50  
30 DEC 2025,JKIL,EQ,JKUMAR INFR.LTD.         ,Listed    ,30 DEC 2025,               5.00,          75665506,            575.60,    43553065253.60      
30 DEC 2025,JKIPL,EQ,JINKUSHAL INDUSTRIES LTD ,Listed    ,30 DEC 2025,              10.00,          38386000,             89.00,     3417121720.00     
30 DEC 2025,JKLAKSHMI,EQ,JK LAKSHMI CEMENT LTD    ,Listed    ,30 DEC 2025,               5.00,         124144426,            770.30,    95628451347.80 
30 DEC 2025,JKPAPER,EQ,JK PAPER LIMITED         ,Listed    ,30 DEC 2025,              10.00,         169402344,            356.15,    60332644815.60   
30 DEC 2025,JKTYRE,EQ,JK TYRE & INDUSTRIES LTD ,Listed    ,30 DEC 2025,               2.00,         274020027,            504.70,   138297907626.90    
30 DEC 2025,JLHL,EQ,JUPITER LIFE LINE HOSP L ,Listed    ,30 DEC 2025,              10.00,          65566022,           1392.80,    91320355441.60      
30 DEC 2025,JMA,EQ,JULLUNDUR MOT AGENCY LTD ,Listed    ,30 DEC 2025,               2.00,          22841054,             75.80,     1731580303.75       
30 DEC 2025,JMFINANCIL,EQ,JM FINANCIAL LIMITED     ,Listed    ,30 DEC 2025,               1.00,         956162340,            148.25,   141760628528.40
30 DEC 2025,JNKINDIA,EQ,JNK INDIA LIMITED        ,Listed    ,30 DEC 2025,               2.00,          55953915,            246.65,    13801033134.75  
30 DEC 2025,JOCIL,EQ,JOCIL LIMITED            ,Listed    ,30 DEC 2025,              10.00,           8881150,            143.00,     1270182073.00     
30 DEC 2025,JPOLYINVST,EQ,JIND POL INV & FIN CO LTD,Listed    ,30 DEC 2025,              10.00,          10511929,           1024.50,    10769471260.50
30 DEC 2025,JPPOWER,EQ,JAIPRAKASH POWER VEN. LTD,Listed    ,30 DEC 2025,              10.00,        6853458827,             16.95,   116303196294.20   
30 DEC 2025,JSFB,EQ,JANA SMALL FIN BANK LTD  ,Listed    ,30 DEC 2025,              10.00,         105226767,            419.35,    44126844741.45      
30 DEC 2025,JSL,EQ,JINDAL STAINLESS LIMITED ,Listed    ,30 DEC 2025,               2.00,         823769588,            836.00,   688671375568.00       
30 DEC 2025,JSLL,EQ,JEENA SIKHO LIFECARE LTD ,Listed    ,30 DEC 2025,               2.00,         124300730,            685.85,    85251655670.50      
30 DEC 2025,JSWCEMENT,EQ,JSW CEMENT LIMITED       ,Listed    ,30 DEC 2025,              10.00,        1363364936,            120.95,   164926256307.90 
30 DEC 2025,JSWENERGY,EQ,JSW ENERGY LIMITED       ,Listed    ,30 DEC 2025,              10.00,        1747768451,            469.75,   821014229857.25 
30 DEC 2025,JSWHL,EQ,JSW HOLDINGS LIMITED     ,Listed    ,30 DEC 2025,              10.00,          11099625,          19800.00,   219772575000.00     
30 DEC 2025,JSWINFRA,EQ,JSW INFRASTRUCTURE LTD   ,Listed    ,30 DEC 2025,               2.00,        2100001567,            286.75,   602175449337.25  
30 DEC 2025,JSWSTEEL,EQ,JSW STEEL LIMITED        ,Listed    ,30 DEC 2025,               1.00,        2445453966,           1111.60,  2718366628605.60  
30 DEC 2025,JTEKTINDIA,EQ,JTEKT INDIA LIMITED      ,Listed    ,30 DEC 2025,               1.00,         277396890,            139.70,    38757893470.80
30 DEC 2025,JTLIND,EQ,JTL INDUSTRIES LIMITED   ,Listed    ,30 DEC 2025,               1.00,         393081630,             59.80,    23510212290.30    
30 DEC 2025,JUBLCPL,EQ,JUBILANT AGRI N CON PRO L,Listed    ,30 DEC 2025,              10.00,          15067101,           2299.80,    34651318879.80   
30 DEC 2025,JUBLFOOD,EQ,JUBILANT FOODWORKS LTD   ,Listed    ,30 DEC 2025,               2.00,         659845200,            558.30,   368391575160.00  
30 DEC 2025,JUBLINGREA,EQ,JUBILANT INGREVIA LIMITED,Listed    ,30 DEC 2025,               1.00,         159281139,            695.15,   110724283775.85
30 DEC 2025,JUBLPHARMA,EQ,JUBILANT PHARMOVA LTD    ,Listed    ,30 DEC 2025,               1.00,         159281139,           1040.80,   165779809471.20
30 DEC 2025,JUNIPER,EQ,JUNIPER HOTELS LIMITED   ,Listed    ,30 DEC 2025,              10.00,         222502384,            253.65,    56433279653.90   
30 DEC 2025,JUSTDIAL,EQ,JUSTDIAL LTD.            ,Listed    ,30 DEC 2025,              10.00,          85044657,            716.60,    60943001206.20  
30 DEC 2025,JWL,EQ,JUPITER WAGONS LIMITED   ,Listed    ,30 DEC 2025,              10.00,         424498049,            330.65,   140360279901.85       
30 DEC 2025,JYOTHYLAB,EQ,JYOTHY LABS LIMITED      ,Listed    ,30 DEC 2025,               1.00,         367214511,            277.40,   101865305351.40 
30 DEC 2025,JYOTICNC,EQ,JYOTI CNC AUTOMATION LTD ,Listed    ,30 DEC 2025,               2.00,         227423096,            986.20,   224284657275.20  
30 DEC 2025,JYOTIGLOBL,SM,JYOTI GLOBAL PLAST LTD   ,Listed    ,30 DEC 2025,              10.00,          19820000,             48.95,      970189000.00
30 DEC 2025,JYOTISTRUC,EQ,JYOTI STRUCTURES LTD     ,Listed    ,30 DEC 2025,               2.00,        1190742804,              9.25,    11026278365.05
30 DEC 2025,VERTIS,IV,VERTIS INFRASTRUCTURE TST,Listed    ,30 DEC 2025,             100.00,        1509983998,            107.70,   162640376424.60    
30 DEC 2025,ADDICTIVE,SM,ADDICTIVE LEARNING TECH L,Listed    ,30 DEC 2025,              10.00,          15909732,            121.00,     1925077572.00 
30 DEC 2025,DHARAN,BZ,DHARAN INFRA-EPC LIMITED ,Listed    ,30 DEC 2025,               1.00,        5228758452,              0.25,     1254902028.50    
30 DEC 2025,K2INFRA,SM,K2 INFRAGEN LIMITED      ,Listed    ,30 DEC 2025,              10.00,          12618394,             62.15,      784233187.10   
30 DEC 2025,KABRAEXTRU,EQ,KABRA EXTRUSION TECHNIK L,Listed    ,30 DEC 2025,               5.00,          34972836,            222.00,     7764669048.70
30 DEC 2025,KAJARIACER,EQ,KAJARIA CERAMICS LTD     ,Listed    ,30 DEC 2025,               1.00,         159272290,            968.40,   154239285636.00
30 DEC 2025,KAKATCEM,EQ,KAKATIYA CEM SUGAR &IND L,Listed    ,30 DEC 2025,              10.00,           7773858,            129.00,     1002672204.85  
30 DEC 2025,KALAMANDIR,EQ,SAI SILKS (KALAMANDIR) L ,Listed    ,30 DEC 2025,               2.00,         153366112,            153.20,    23498755680.65
30 DEC 2025,KALANA,SM,KALANA ISPAT LIMITED     ,Listed    ,30 DEC 2025,              10.00,          13039185,             23.50,      306420847.50    
30 DEC 2025,KALPATARU,EQ,KALPATARU LIMITED        ,Listed    ,30 DEC 2025,              10.00,         205913993,            337.30,    69454789838.90 
30 DEC 2025,KALYANI,BE,KALYANI COMMERCIALS LTD  ,Listed    ,04 JUL 2025,              10.00,           1000000,            138.10,      138090000.00   
30 DEC 2025,KALYANIFRG,EQ,KALYANI FORGE LIMITED    ,Listed    ,30 DEC 2025,              10.00,           3638000,            626.50,     2279207000.00
30 DEC 2025,KALYANKJIL,EQ,KALYAN JEWELLERS IND LTD ,Listed    ,30 DEC 2025,              10.00,        1032552591,            481.85,   497535465973.35
30 DEC 2025,KAMATHOTEL,EQ,KAMAT HOTELS (I) LTD     ,Listed    ,30 DEC 2025,              10.00,          29480072,            232.30,     6848220725.60
30 DEC 2025,KAMDHENU,EQ,KAMDHENU LIMITED         ,Listed    ,30 DEC 2025,               1.00,         281883000,             25.10,     7078082130.00  
30 DEC 2025,KAMOPAINTS,EQ,KAMDHENU VENTURES LIMITED,Listed    ,30 DEC 2025,               1.00,         314355000,              6.10,     1923852600.00
30 DEC 2025,KANANIIND,EQ,KANANI INDUSTRIES LTD    ,Listed    ,30 DEC 2025,               1.00,         197868000,              1.65,      328460880.00 
30 DEC 2025,KANDARP,ST,KANDARP DG SMART BPO LTD ,Listed    ,30 DEC 2025,              10.00,           8973000,            144.30,     1294803900.00   
30 DEC 2025,KANORICHEM,EQ,KANORIA CHEMICALS & INDUS,Listed    ,30 DEC 2025,               5.00,          43693333,             76.30,     3333801307.90
30 DEC 2025,KANPRPLA,EQ,KANPUR PLASTIPACK LIMITED,Listed    ,30 DEC 2025,              10.00,          23226758,            174.85,     4061663171.45  
30 DEC 2025,KANSAINER,EQ,KANSAI NEROLAC PAINTS LTD,Listed    ,30 DEC 2025,               1.00,         808502516,            233.85,   189076398391.75 
30 DEC 2025,KAPSTON,EQ,KAPSTON SERVICES LIMITED ,Listed    ,30 DEC 2025,               5.00,          20288122,            298.15,     6048903574.30   
30 DEC 2025,KARMAENG,EQ,KARMA ENERGY LIMITED     ,Listed    ,30 DEC 2025,              10.00,          11569918,             48.60,      562182315.60  
30 DEC 2025,KARNIKA,ST,KARNIKA INDUSTRIES LTD   ,Listed    ,30 DEC 2025,              10.00,          61997500,            118.50,     7346703750.00   
30 DEC 2025,KARURVYSYA,EQ,KARUR VYSYA BANK LTD     ,Listed    ,30 DEC 2025,               2.00,         966212635,            259.15,   250413328612.95
30 DEC 2025,KATARIA,SM,KATARIA INDUSTRIES LTD   ,Listed    ,30 DEC 2025,              10.00,          21531234,             98.80,     2127285919.20   
30 DEC 2025,KAUSHALYA,EQ,KAUSHALYA INFRA DEV LTD. ,Listed    ,30 DEC 2025,            1000.00,            346306,            859.00,      297476854.00 
30 DEC 2025,KAVDEFENCE,BE,KAVVERI DFS & WIR TEC LTD,Listed    ,30 DEC 2025,              10.00,          34374260,             68.95,     2370792712.20
30 DEC 2025,KAYA,EQ,KAYA LIMITED             ,Listed    ,30 DEC 2025,              10.00,          15187609,            394.60,     5993030511.40      
30 DEC 2025,KAYNES,EQ,KAYNES TECHNOLOGY IND LTD,Listed    ,30 DEC 2025,              10.00,          67034654,           3933.00,   263647294182.00    
30 DEC 2025,KAYTEX,SM,KAYTEX FABRICS LIMITED   ,Listed    ,30 DEC 2025,              10.00,          14699200,             73.80,     1084800960.00    
30 DEC 2025,KCEIL,SM,KAY CEE ENERGY & INFRA L ,Listed    ,30 DEC 2025,              10.00,          12224000,            141.15,     1725417600.00     
30 DEC 2025,KCK,ST,KCK INDUSTRIES LTD       ,Listed    ,30 DEC 2025,               2.00,          63601700,             26.55,     1688625135.00       
30 DEC 2025,KCP,EQ,KCP LTD                  ,Listed    ,30 DEC 2025,               1.00,         128921160,            179.75,    23174867721.60       
30 DEC 2025,KCPSUGIND,EQ,KCP SUGAR IND CORP LTD.  ,Listed    ,30 DEC 2025,               1.00,         113385050,             25.65,     2908326532.50 
30 DEC 2025,KDDL,EQ,KDDL LIMITED             ,Listed    ,30 DEC 2025,              10.00,          12299280,           2441.00,    30022542480.00      
30 DEC 2025,KDL,SM,KORE DIGITAL LIMITED     ,Listed    ,30 DEC 2025,              10.00,          12024000,            171.90,     2066925600.00       
30 DEC 2025,KEC,EQ,KEC INTL. LIMITED        ,Listed    ,30 DEC 2025,               2.00,         266200000,            732.75,   195058050000.00       
30 DEC 2025,KECL,EQ,KIRLOSKAR ELECTRIC CO LTD,Listed    ,30 DEC 2025,              10.00,          66414071,             98.95,     6571008184.75      
30 DEC 2025,KEEPLEARN,EQ,DSJ KEEP LEARNING LTD    ,Listed    ,30 DEC 2025,               1.00,         155712083,              2.40,      375266120.05 
30 DEC 2025,KEI,EQ,KEI INDUSTRIES LTD.      ,Listed    ,30 DEC 2025,               2.00,          95552595,           4352.50,   415892669737.50       
30 DEC 2025,KEL,SM,KUNDAN EDIFICE LIMITED   ,Listed    ,30 DEC 2025,              10.00,          10272000,            100.00,     1027200000.00       
30 DEC 2025,KELLTONTEC,EQ,KELLTON TECH SOL LTD     ,Listed    ,30 DEC 2025,               1.00,         513722420,             18.10,     9293238577.80
30 DEC 2025,KEN,SM,KEN ENTERPRISES LIMITED  ,Listed    ,30 DEC 2025,              10.00,          24565480,             44.35,     1089479038.00       
30 DEC 2025,KERNEX,EQ,KERNEX MICROSYS(I) LTD   ,Listed    ,30 DEC 2025,              10.00,          16759422,           1246.90,    20897323291.80    
30 DEC 2025,KESORAMIND,BE,KESORAM INDUSTRIES LTD   ,Listed    ,30 DEC 2025,              10.00,         310663663,             13.90,     4324438188.95
30 DEC 2025,KEYFINSERV,EQ,KEYNOTE FIN SERV LTD.    ,Listed    ,30 DEC 2025,              10.00,           7018339,            313.15,     2197792857.85
30 DEC 2025,KFINTECH,EQ,KFIN TECHNOLOGIES LIMITED,Listed    ,30 DEC 2025,              10.00,         172262822,           1092.10,   188128227906.20  
30 DEC 2025,KHADIM,EQ,KHADIM INDIA LIMITED     ,Listed    ,30 DEC 2025,              10.00,          18378382,            175.25,     3220627661.70    
30 DEC 2025,KHAICHEM,EQ,KHAITAN CHEM & FERT LTD  ,Listed    ,30 DEC 2025,               1.00,          96989200,             77.15,     7481746888.00  
30 DEC 2025,KHAITANLTD,EQ,KHAITAN (INDIA)LTD.      ,Listed    ,30 DEC 2025,              10.00,           4750000,            100.85,      478942500.00
30 DEC 2025,KHANDSE,EQ,KHANDWALA SECURITIES LTD ,Listed    ,30 DEC 2025,              10.00,          15253805,             20.35,      310720007.85   
30 DEC 2025,KHFM,SM,KHFM HOS FAC MANA SER LTD,Listed    ,30 DEC 2025,              10.00,          21632640,             61.10,     1321754304.00      
30 DEC 2025,KICL,EQ,KALYANI INVEST CO LTD    ,Listed    ,30 DEC 2025,              10.00,           4365306,           4903.50,    21405277971.00      
30 DEC 2025,KILITCH,EQ,KILITCH DRUGS INDIA LTD  ,Listed    ,30 DEC 2025,              10.00,          17480782,            344.95,     6029995750.90   
30 DEC 2025,KIMS,EQ,KRISHNA INST OF MED SCI L,Listed    ,30 DEC 2025,               2.00,         400138935,            601.85,   240823618029.75      
30 DEC 2025,KINGFA,EQ,KINGFA SCI & TEC IND LTD.,Listed    ,30 DEC 2025,              10.00,          13551381,           4342.20,    58842806578.20    
30 DEC 2025,KIOCL,EQ,KIOCL LIMITED            ,Listed    ,30 DEC 2025,              10.00,         607751096,            398.85,   242401524639.60     
30 DEC 2025,KIRIINDUS,EQ,KIRI INDUSTRIES LIMITED  ,Listed    ,30 DEC 2025,              10.00,          60022554,            613.30,    36811832368.20 
30 DEC 2025,KIRLOSBROS,EQ,KIRLOSKAR BROTHERS LTD   ,Listed    ,30 DEC 2025,               2.00,          79408926,           1616.90,   128396292449.40
30 DEC 2025,KIRLOSENG,EQ,KIRLOSKAR OIL ENG LTD    ,Listed    ,30 DEC 2025,               2.00,         145269484,           1224.30,   177853429261.20 
30 DEC 2025,KIRLOSIND,EQ,KIRLOSKAR INDUSTRIES LTD ,Listed    ,30 DEC 2025,              10.00,          10417895,           3144.40,    32758029038.00 
30 DEC 2025,KIRLPNU,EQ,KIRLOSKAR PNEUMATIC COM L,Listed    ,30 DEC 2025,               2.00,          64913490,           1029.20,    66808963908.00   
30 DEC 2025,KITEX,EQ,KITEX GARMENTS LTD       ,Listed    ,30 DEC 2025,               1.00,         199500000,            180.05,    35923965000.00     
30 DEC 2025,KKCL,EQ,KEWAL KIRAN CLOTHING LTD ,Listed    ,30 DEC 2025,              10.00,          61625185,            492.30,    30338078575.50      
30 DEC 2025,KKJEWELS,SM,KABRA JEWELS LIMITED     ,Listed    ,30 DEC 2025,              10.00,          10485000,             89.10,      934213500.00  
30 DEC 2025,KKVAPOW,SM,KKV AGRO POWERS LTD.     ,Listed    ,04 DEC 2025,              10.00,            623563,            634.00,      395338942.00   
30 DEC 2025,KLL,SM,KAUSHALYA LOGISTICS LTD  ,Listed    ,30 DEC 2025,              10.00,          18530000,             49.20,      911676000.00       
30 DEC 2025,KMEW,EQ,KNOWLEDGE MARINE & EN W L,Listed    ,30 DEC 2025,               5.00,          21602000,           1865.40,    40296370800.00      
30 DEC 2025,KMSUGAR,EQ,K M SUGAR MILLS LTD      ,Listed    ,30 DEC 2025,               2.00,          92000170,             27.25,     2507924634.20   
30 DEC 2025,KNAGRI,EQ,KN AGRI RESOURCES LIMITED,Listed    ,30 DEC 2025,              10.00,          24998910,            203.60,     5089778076.00    
30 DEC 2025,KNRCON,EQ,KNR CONSTRU LTD.         ,Listed    ,30 DEC 2025,               2.00,         281234600,            166.15,    46732753482.00    
30 DEC 2025,KODYTECH,SM,KODY TECHNOLAB LIMITED   ,Listed    ,30 DEC 2025,              10.00,          12747560,            894.50,    11402692420.00  
30 DEC 2025,KOHINOOR,EQ,KOHINOOR FOODS LIMITED   ,Listed    ,30 DEC 2025,              10.00,          37071530,             26.80,      993517004.00  
30 DEC 2025,KOKUYOCMLN,EQ,KOKUYO CAMLIN LIMITED    ,Listed    ,30 DEC 2025,               1.00,         100303806,             90.10,     9037372920.60
30 DEC 2025,KOLTEPATIL,EQ,KOLTE PATIL DEV. LTD.    ,Listed    ,30 DEC 2025,              10.00,          88680094,            393.45,    34891182984.30
30 DEC 2025,KONSTELEC,SM,KONSTELEC ENGINEERS LTD  ,Listed    ,30 DEC 2025,              10.00,          15100000,             51.50,      777650000.00 
30 DEC 2025,KONTOR,SM,KONTOR SPACE LIMITED     ,Listed    ,30 DEC 2025,              10.00,           6180000,             67.80,      419004000.00    
30 DEC 2025,KOPRAN,EQ,KOPRAN LTD               ,Listed    ,30 DEC 2025,              10.00,          48287601,            150.15,     7250383290.15    
30 DEC 2025,KORE,ST,JAY JALARAM TECHNO LTD   ,Listed    ,30 DEC 2025,              10.00,          11875000,            151.40,     1797875000.00      
30 DEC 2025,KOTAKBANK,EQ,KOTAK MAHINDRA BANK LTD  ,Listed    ,30 DEC 2025,               5.00,        1988592513,           2152.70,  4280843102735.10 
30 DEC 2025,KOTARISUG,EQ,KOTHARI SUG & CHEM LTD.  ,Listed    ,30 DEC 2025,              10.00,          82888580,             27.00,     2239649431.60 
30 DEC 2025,KOTHARIPET,EQ,KOTHARI PETROCHEM LTD    ,Listed    ,30 DEC 2025,              10.00,          58846400,            126.20,     7427592608.00
30 DEC 2025,KOTHARIPRO,EQ,KOTHARI PRODUCTS LTD     ,Listed    ,30 DEC 2025,              10.00,          59687730,             74.50,     4445542130.40
30 DEC 2025,KOTYARK,SM,KOTYARK INDUSTRIES LTD   ,Listed    ,30 DEC 2025,              10.00,          10279116,            244.65,     2514785729.40   
30 DEC 2025,KPEL,EQ,K.P. ENERGY LIMITED      ,Listed    ,30 DEC 2025,               5.00,          66907041,            344.20,    23029403512.20      
30 DEC 2025,KPIGREEN,EQ,KPI GREEN ENERGY LIMITED ,Listed    ,30 DEC 2025,               5.00,         197341073,            474.20,    93579136816.60  
30 DEC 2025,KPIL,EQ,KALPATARU PROJECT INT LTD,Listed    ,30 DEC 2025,               2.00,         170772546,           1162.80,   198574316488.80      
30 DEC 2025,KPITTECH,EQ,KPIT TECHNOLOGIES LIMITED,Listed    ,30 DEC 2025,              10.00,         274143808,           1161.70,   318472861753.60  
30 DEC 2025,KPRMILL,EQ,KPR MILL LTD.            ,Listed    ,30 DEC 2025,               1.00,         341814000,            922.30,   315255052200.00   
30 DEC 2025,KRBL,EQ,KRBL LIMITED             ,Listed    ,30 DEC 2025,               1.00,         228889892,            397.25,    90926509597.00      
30 DEC 2025,KREBSBIO,EQ,KREBS BIOCHEMICALS & IND ,Listed    ,30 DEC 2025,              10.00,          21560586,             69.10,     1489405280.90  
30 DEC 2025,KRIDHANINF,EQ,KRIDHAN INFRA LIMITED    ,Listed    ,30 DEC 2025,               2.00,          94779205,              4.45,      419871878.15
30 DEC 2025,KRISHANA,EQ,KRISHANA PHOSCHEM LIMITED,Listed    ,30 DEC 2025,              10.00,          60552600,            539.20,    32649961920.00  
30 DEC 2025,KRISHCA,SM,KRISHCA STRAPPING SLTN L ,Listed    ,30 DEC 2025,              10.00,          14190000,            190.00,     2696100000.00   
30 DEC 2025,KRISHFL-RE,BE,KRISHIVAL FOODS LIMITED  ,Permitted ,30 DEC 2025,              10.00,           3332322,             28.95,       96470721.90
30 DEC 2025,KRISHIVAL,EQ,KRISHIVAL FOODS LIMITED  ,Listed    ,30 DEC 2025,              10.00,          22295141,            348.80,     7776545180.80 
30 DEC 2025,KRISHNADEF,EQ,KRISHNA DEF AND ALD IND L,Listed    ,30 DEC 2025,              10.00,          14919026,            813.80,    12141103358.80
30 DEC 2025,KRITI,EQ,KRITI INDUSTRIES IND LTD ,Listed    ,30 DEC 2025,               1.00,          52696000,             81.75,     4307898000.00     
30 DEC 2025,KRITIKA,EQ,KRITIKA WIRES LIMITED    ,Listed    ,30 DEC 2025,               2.00,         266280000,              7.35,     1951832400.00   
30 DEC 2025,KRITINUT,EQ,KRITI NUTRIENTS LIMITED  ,Listed    ,30 DEC 2025,               1.00,          50103520,             69.55,     3483697745.60  
30 DEC 2025,KRN,EQ,KRN HEAT EXCHANGE N REF L,Listed    ,30 DEC 2025,              10.00,          62156600,            712.60,    44292793160.00       
30 DEC 2025,KRONOX,EQ,KRONOX LAB SCIENCES LTD  ,Listed    ,30 DEC 2025,              10.00,          37104000,            135.80,     5038352160.00    
30 DEC 2025,KROSS,EQ,KROSS LIMITED            ,Listed    ,30 DEC 2025,               5.00,          64509422,            184.50,    11903278547.45     
30 DEC 2025,KRSNAA,EQ,KRSNAA DIAGNOSTICS LTD   ,Listed    ,30 DEC 2025,               5.00,          32438672,            706.45,    22916299834.40    
30 DEC 2025,KRT,RR,KNOWLEDGE REALTY TRUST   ,Listed    ,30 DEC 2025,             100.00,        4434399541,            122.75,   544411231648.55       
30 DEC 2025,KRYSTAL,EQ,KRYSTAL INTEGRATED SER L ,Listed    ,30 DEC 2025,              10.00,          13971952,            515.05,     7196253877.60   
30 DEC 2025,KSB,EQ,KSB LIMITED              ,Listed    ,30 DEC 2025,               2.00,         174039220,            744.90,   129641814978.00       
30 DEC 2025,KSCL,EQ,KAVERI SEED CO. LTD.     ,Listed    ,30 DEC 2025,               2.00,          51439071,            948.00,    48764239308.00      
30 DEC 2025,KSHINTL,EQ,KSH INTERNATIONAL LIMITED,Listed    ,30 DEC 2025,               5.00,          67755700,            344.00,    23307960800.00   
30 DEC 2025,KSHITIJPOL,EQ,KSHITIJ POLYLINE LIMITED ,Listed    ,30 DEC 2025,               2.00,         154244874,              2.65,      407206467.35
30 DEC 2025,KSL,EQ,KALYANI STEELS LIMITED   ,Listed    ,30 DEC 2025,               5.00,          43653060,            740.60,    32329456236.00       
30 DEC 2025,KSOLVES,EQ,KSOLVES INDIA LIMITED    ,Listed    ,30 DEC 2025,               5.00,          23712000,            282.40,     6696268800.00   
30 DEC 2025,KSR,EQ,KSR FOOTWEAR LIMITED     ,Listed    ,30 DEC 2025,              10.00,          18378382,             15.05,      276594649.10       
30 DEC 2025,KTKBANK,EQ,KARNATAKA BANK LIMITED   ,Listed    ,30 DEC 2025,              10.00,         378055561,            205.90,    77845420565.50   
30 DEC 2025,KUANTUM,EQ,KUANTUM PAPERS LIMITED   ,Listed    ,30 DEC 2025,               1.00,          87263630,             90.25,     7875542607.50   
30 DEC 2025,LAGNAM,EQ,LAGNAM SPINTEX LIMITED   ,Listed    ,30 DEC 2025,              10.00,          17669000,             74.95,     1324644930.00    
30 DEC 2025,LAKPRE,BZ,LAKSHMI PRE SCRE LTD     ,Listed    ,30 DEC 2025,              10.00,          10941667,              5.00,       54817751.65    
30 DEC 2025,LAKSHYA,SM,LAKSHYA POWERTECH LIMITED,Listed    ,30 DEC 2025,              10.00,          10083920,            124.30,     1253431256.00   
30 DEC 2025,LAL,EQ,LORENZINI APPARELS LTD   ,Listed    ,30 DEC 2025,               1.00,         172739888,              9.00,     1558113789.75       
30 DEC 2025,LALPATHLAB,EQ,DR. LAL PATH LABS LTD.   ,Listed    ,30 DEC 2025,              10.00,         167551020,           1458.00,   244289387160.00
30 DEC 2025,LAMBODHARA,EQ,LAMBODHARA TEXTILES LTD. ,Listed    ,30 DEC 2025,               5.00,          10377600,            122.10,     1267208736.00
30 DEC 2025,LAMOSAIC,SM,LAMOSAIC INDIA LIMITED   ,Listed    ,30 DEC 2025,              10.00,          10338008,             35.00,      361830280.00  
30 DEC 2025,LANCORHOL,BE,LANCOR HOLDINGS LIMITED  ,Listed    ,30 DEC 2025,               2.00,          73550560,             24.45,     1796840180.80 
30 DEC 2025,LANDMARK,EQ,LANDMARK CARS LIMITED    ,Listed    ,30 DEC 2025,               5.00,          41424910,            466.05,    19306079305.50  
30 DEC 2025,LAOPALA,EQ,LA OPALA RG LIMITED      ,Listed    ,30 DEC 2025,               2.00,         111000000,            200.80,    22289910000.00   
30 DEC 2025,LASA,EQ,LASA SUPERGENERICS LTD   ,Listed    ,30 DEC 2025,              10.00,          50101239,              9.20,      459929374.00      
30 DEC 2025,LATENTVIEW,EQ,LATENT VIEW ANALYTICS LTD,Listed    ,30 DEC 2025,               1.00,         206601120,            460.70,    95181135984.00
30 DEC 2025,LATTEYS,BE,LATTEYS INDUSTRIES LTD   ,Listed    ,30 DEC 2025,               2.00,          57495825,             22.00,     1265483108.25   
30 DEC 2025,LAURUSLABS,EQ,LAURUS LABS LIMITED      ,Listed    ,30 DEC 2025,               2.00,         539824899,           1091.90,   589434807218.10
30 DEC 2025,LAXMICOT,EQ,LAXMI COTSPIN LIMITED    ,Listed    ,30 DEC 2025,              10.00,          17147670,             18.60,      319289615.40  
30 DEC 2025,LAXMIDENTL,EQ,LAXMI DENTAL LIMITED     ,Listed    ,30 DEC 2025,               2.00,          54962149,            270.60,    14872757519.40
30 DEC 2025,LAXMIINDIA,EQ,LAXMI INDIA FINANCE LTD  ,Listed    ,30 DEC 2025,               5.00,          52267875,            122.35,     6395497185.00
30 DEC 2025,LCCINFOTEC,BE,LCC INFOTECH LTD         ,Listed    ,30 DEC 2025,               2.00,         126593350,              4.85,      612711814.00
30 DEC 2025,LEMERITE,EQ,LE MERITE EXPORTS LIMITED,Listed    ,30 DEC 2025,              10.00,          25033600,            477.65,    11957299040.00  
30 DEC 2025,LEMONTREE,EQ,LEMON TREE HOTELS LTD    ,Listed    ,30 DEC 2025,              10.00,         792246464,            161.70,   128122098158.10 
30 DEC 2025,LENSKART,EQ,LENSKART SOLUTIONS LTD   ,Listed    ,30 DEC 2025,               2.00,        1734870187,            460.80,   799428182169.60  
30 DEC 2025,LEXUS,EQ,LEXUS GRANITO (INDIA) LTD,Listed    ,30 DEC 2025,              10.00,          20190724,             26.10,      526775989.15     
30 DEC 2025,LFIC,EQ,LAKSHMI FIN IND CORP LTD ,Listed    ,30 DEC 2025,              10.00,           3000000,            172.80,      518340000.00      
30 DEC 2025,LGBBROSLTD,EQ,LG BALAKRISHNAN & BROS   ,Listed    ,30 DEC 2025,              10.00,          31892416,           1796.30,    57288346860.80
30 DEC 2025,LGEINDIA,EQ,LG ELECTRONICS INDIA LTD ,Listed    ,30 DEC 2025,              10.00,         678772392,           1529.80,  1038386005281.60  
30 DEC 2025,LGHL,EQ,LAXMI GOLDORNA HOUSE LTD ,Listed    ,30 DEC 2025,              10.00,          50092560,            295.75,    14814874620.00      
30 DEC 2025,LIBAS,EQ,LIBAS CONSU PRODUCTS LTD ,Listed    ,30 DEC 2025,              10.00,          26344580,             10.80,      284258018.20     
30 DEC 2025,LIBERTSHOE,EQ,LIBERTY SHOES LTD        ,Listed    ,30 DEC 2025,              10.00,          17040000,            274.80,     4682592000.00
30 DEC 2025,LICHSGFIN,EQ,LIC HOUSING FINANCE LTD  ,Listed    ,30 DEC 2025,               2.00,         550063000,            537.60,   295713868800.00 
30 DEC 2025,LICI,EQ,LIFE INSURA CORP OF INDIA,Listed    ,30 DEC 2025,              10.00,        6324997701,            849.25,  5371504297574.25      
30 DEC 2025,LIKHITHA,EQ,LIKHITHA INFRASTRUC LTD  ,Listed    ,30 DEC 2025,               5.00,          39450000,            185.30,     7309690500.00  
30 DEC 2025,LINC,EQ,LINC LIMITED             ,Listed    ,30 DEC 2025,               5.00,          59489164,            109.90,     6536669340.30      
30 DEC 2025,LINCOLN,EQ,LINCOLN PHARMA LTD       ,Listed    ,30 DEC 2025,              10.00,          20029728,            477.70,     9568201065.60   
30 DEC 2025,LINDEINDIA,EQ,LINDE INDIA LIMITED      ,Listed    ,30 DEC 2025,              10.00,          85284223,           5905.00,   503603336815.00
30 DEC 2025,LLOYDS,SM,LLOYDS LUXURIES LIMITED  ,Listed    ,30 DEC 2025,              10.00,          23863663,             67.75,     1616763168.25    
30 DEC 2025,LLOYDSENGG,EQ,LLOYDS ENGG WORK LIMITED ,Listed    ,30 DEC 2025,               1.00,        1165203961,             55.95,    65216465697.15
30 DEC 2025,LLOYDSENT,EQ,LLOYDS ENTERPRISES LTD   ,Listed    ,30 DEC 2025,               1.00,        1272126621,             60.00,    76314875993.80 
30 DEC 2025,LLOYDSME,EQ,LLOYDS METALS N ENERGY L ,Listed    ,30 DEC 2025,               1.00,         526448232,           1294.30,   681381946677.60  
30 DEC 2025,LMW,EQ,LMW LIMITED              ,Listed    ,30 DEC 2025,              10.00,          10683000,          14727.00,   157328541000.00       
30 DEC 2025,LODHA,EQ,LODHA DEVELOPERS LIMITED ,Listed    ,30 DEC 2025,              10.00,         998453473,           1056.90,  1055265475613.70     
30 DEC 2025,LOKESHMACH,EQ,LOKESH MACHINES LTD      ,Listed    ,30 DEC 2025,              10.00,          19996770,            162.20,     3243676061.70
30 DEC 2025,LORDSCHLO,EQ,LORDS CHLORO ALKALI LTD  ,Listed    ,30 DEC 2025,              10.00,          25153861,            169.15,     4254524049.55 
30 DEC 2025,LOTUSDEV,EQ,SRI LOTUS DEVLPRS N RTY L,Listed    ,30 DEC 2025,               1.00,         488723710,            159.80,    78107823332.20  
30 DEC 2025,LOTUSEYE,EQ,LOTUS EYE HOSP & INST L  ,Listed    ,30 DEC 2025,              10.00,          20796330,            117.95,     2452719160.20  
30 DEC 2025,LOVABLE,EQ,LOVABLE LINGERIE LTD     ,Listed    ,30 DEC 2025,              10.00,          14800000,             80.65,     1193472000.00   
30 DEC 2025,LOYALTEX,EQ,LOYAL TEXTILE MILLS LTD  ,Listed    ,30 DEC 2025,              10.00,           4816446,            215.10,     1036065699.05  
30 DEC 2025,LPDC,EQ,LANDMARK PR.DEV.CO.LTD   ,Listed    ,30 DEC 2025,               1.00,         134143160,              7.00,      940343551.60      
30 DEC 2025,LRRPL,SM,LEAD REC AND RUB PROD LTD,Listed    ,30 DEC 2025,              10.00,           8640675,             73.60,      635953680.00     
30 DEC 2025,LT,EQ,LARSEN & TOUBRO LTD.     ,Listed    ,30 DEC 2025,               2.00,        1375556003,           4052.00,  5573752924156.00        
30 DEC 2025,LTF,EQ,L&T FINANCE LIMITED      ,Listed    ,30 DEC 2025,              10.00,        2499869941,            305.45,   763585273478.45       
30 DEC 2025,LTFOODS,EQ,LT FOODS LIMITED         ,Listed    ,30 DEC 2025,               1.00,         347252944,            382.25,   132737437844.00   
30 DEC 2025,LTIM,EQ,LTIMINDTREE LIMITED      ,Listed    ,30 DEC 2025,               1.00,         296416766,           6074.00,  1800435436684.00      
30 DEC 2025,LTTS,EQ,L&T TECHNOLOGY SER. LTD. ,Listed    ,30 DEC 2025,               2.00,         105978918,           4438.50,   470387427543.00      
30 DEC 2025,LUMAXIND,EQ,LUMAX INDUSTRIES LTD     ,Listed    ,30 DEC 2025,              10.00,           9347732,           5192.50,    48538098410.00  
30 DEC 2025,LUMAXTECH,EQ,LUMAX AUTO TECH LTD      ,Listed    ,30 DEC 2025,               2.00,          68157705,           1520.00,   103599711600.00 
30 DEC 2025,LUPIN,EQ,LUPIN LIMITED            ,Listed    ,30 DEC 2025,               2.00,         456754517,           2080.40,   950232097166.80     
30 DEC 2025,LUXIND,EQ,LUX INDUSTRIES LIMITED   ,Listed    ,30 DEC 2025,               2.00,          30071681,           1094.70,    32919469190.70    
30 DEC 2025,LXCHEM,EQ,LAXMI ORGANIC INDUS LTD  ,Listed    ,30 DEC 2025,               2.00,         277147873,            166.30,    46086919801.15    
30 DEC 2025,LYKALABS,EQ,LYKA LABS LTD            ,Listed    ,30 DEC 2025,              10.00,          35690000,             75.20,     2684244900.00  
30 DEC 2025,LYPSAGEMS,EQ,LYPSA GEMS & JEWEL LTD   ,Listed    ,30 DEC 2025,              10.00,          29484000,              5.00,      147420000.00 
30 DEC 2025,M&M,EQ,MAHINDRA & MAHINDRA LTD  ,Listed    ,30 DEC 2025,               5.00,        1243528831,           3660.30,  4551688580109.30       
30 DEC 2025,M&MFIN,EQ,M&M FIN. SERVICES LTD    ,Listed    ,30 DEC 2025,               2.00,        1389971160,            404.40,   562104337104.00    
30 DEC 2025,MAANALU,BE,MAAN ALUMINIUM LIMITED   ,Listed    ,30 DEC 2025,               5.00,          54084864,            154.00,     8329069056.00   
30 DEC 2025,MACOBSTECH,SM,MACOBS TECHNOLOGIES LTD  ,Listed    ,30 DEC 2025,              10.00,           9795200,            211.00,     2066787200.00
30 DEC 2025,MACPOWER,EQ,MACPOWER CNC MACHINES LTD,Listed    ,30 DEC 2025,              10.00,          10004160,           1008.65,    10090695984.00  
30 DEC 2025,MADHAV,EQ,MADHAV MARBLE & GRANITE  ,Listed    ,30 DEC 2025,              10.00,           8947000,             42.55,      380515910.00    
30 DEC 2025,MADHAVBAUG,SM,VAIDYA SANE AYUR LAB LTD ,Listed    ,30 DEC 2025,              10.00,          10513450,            287.75,     3025245237.50
30 DEC 2025,MADHUCON,EQ,MADHUCON PROJECTS LTD.   ,Listed    ,30 DEC 2025,               1.00,          73794940,              6.05,      447197336.40  
30 DEC 2025,MADHUSUDAN,SM,MADHUSUDAN MASALA LIMITED,Listed    ,30 DEC 2025,              10.00,          14470000,            131.70,     1905699000.00
30 DEC 2025,MADRASFERT,EQ,MADRAS FERTILISERS LTD   ,Listed    ,30 DEC 2025,              10.00,         161101300,             79.45,    12802720311.00
30 DEC 2025,MAGADSUGAR,EQ,MAGADH SUGAR & ENERGY LTD,Listed    ,30 DEC 2025,              10.00,          14091630,            504.35,     7107113590.50
30 DEC 2025,MAGNUM,EQ,MAGNUM VENTURES LTD.     ,Listed    ,30 DEC 2025,              10.00,          66411317,             22.10,     1467025992.55    
30 DEC 2025,MAGSON,SM,MAGSON RETAIL AND DIST L ,Listed    ,30 DEC 2025,              10.00,           9775000,            126.00,     1231650000.00    
30 DEC 2025,MAHABANK,EQ,BANK OF MAHARASHTRA      ,Listed    ,30 DEC 2025,              10.00,        7691554950,             60.50,   465415990024.50  
30 DEC 2025,MAHAPEXLTD,EQ,MAHA RASHTRA APEX COPR. L,Listed    ,30 DEC 2025,              10.00,          14150100,            105.50,     1492552548.00
30 DEC 2025,MAHASTEEL,BE,MAHAMAYA STEEL INDS LTD  ,Listed    ,30 DEC 2025,              10.00,          16434400,            959.55,    15769628520.00 
30 DEC 2025,MAHEPC,EQ,MAHINDRA EPC IRRIG LTD   ,Listed    ,30 DEC 2025,              10.00,          27942469,            127.95,     3575238908.55    
30 DEC 2025,MAHESHWARI,EQ,MAHESHWARI LOGISTICS LTD.,Listed    ,30 DEC 2025,              10.00,          29597200,             48.20,     1426289068.00
30 DEC 2025,MAHICKRA,SM,MAHICKRA CHEMICAL LIMITED,Listed    ,30 DEC 2025,              10.00,           8122160,            153.95,     1250406532.00  
30 DEC 2025,MAHLIFE,EQ,MAHINDRA LIFESPACE DEVLTD,Listed    ,30 DEC 2025,              10.00,         213278198,            393.50,    83924970913.00   
30 DEC 2025,MAHLOG,EQ,MAHINDRA LOGISTIC LIMITED,Listed    ,30 DEC 2025,              10.00,          99180771,            317.45,    31484935753.95    
30 DEC 2025,MAHSCOOTER,EQ,MAHARASHTRA SCOOTERS LTD ,Listed    ,30 DEC 2025,              10.00,          11428568,          14172.00,   161965665696.00
30 DEC 2025,MAHSEAMLES,EQ,MAHARASHTRA SEAMLESS LTD ,Listed    ,30 DEC 2025,               5.00,         133999252,            549.75,    73666088787.00
30 DEC 2025,MAITHANALL,EQ,MAITHAN ALLOYS LTD       ,Listed    ,30 DEC 2025,              10.00,          29111550,           1011.10,    29434688205.00
30 DEC 2025,MAITREYA,SM,MAITREYA MEDICARE LIMITED,Listed    ,30 DEC 2025,              10.00,           6776000,            217.95,     1476829200.00  
30 DEC 2025,MAKS,SM,MAKS ENERGY SOL INDIA LTD,Listed    ,26 DEC 2025,              10.00,           6934790,             29.55,      204923044.50      
30 DEC 2025,MAL,SM,MANGALAM ALLOYS LIMITED  ,Listed    ,30 DEC 2025,              10.00,          24685927,             47.45,     1171347236.15       
30 DEC 2025,MALLCOM,EQ,MALLCOM (INDIA) LIMITED  ,Listed    ,30 DEC 2025,              10.00,           6240000,           1122.90,     7006896000.00   
30 DEC 2025,MALUPAPER,EQ,MALU PAPER MILLS LIMITED ,Listed    ,30 DEC 2025,              10.00,          17059250,             35.15,      599462045.00 
30 DEC 2025,MAMATA,EQ,MAMATA MACHINERY LIMITED ,Listed    ,30 DEC 2025,              10.00,          24607800,            429.35,    10565358930.00    
30 DEC 2025,MANAKALUCO,BE,MANAK ALUMINIUM CO. LTD. ,Listed    ,30 DEC 2025,               1.00,          65534050,             27.50,     1803497056.00
30 DEC 2025,MANAKCOAT,EQ,MAN COAT METAL & IND LTD ,Listed    ,30 DEC 2025,               1.00,         105834050,            132.05,    13977502983.50 
30 DEC 2025,MANAKSIA,EQ,MANAKSIA LTD.            ,Listed    ,30 DEC 2025,               2.00,          65534050,             63.00,     4127334469.00  
30 DEC 2025,MANAKSTEEL,EQ,MANAKSIA STEELS LTD      ,Listed    ,30 DEC 2025,               1.00,          65534050,             67.60,     4430101780.00
30 DEC 2025,MANALIPETC,EQ,MANALI PETROCHEMICALS LT ,Listed    ,30 DEC 2025,               5.00,         171999229,             62.35,    10720711943.55
30 DEC 2025,MANAPPURAM,EQ,MANAPPURAM FINANCE LTD   ,Listed    ,30 DEC 2025,               2.00,         846434729,            309.55,   262013870361.95
30 DEC 2025,MANAV,ST,MANAV INFRA PROJECTS LTD ,Listed    ,30 DEC 2025,              10.00,          13160000,             31.65,      416514000.00     
30 DEC 2025,MANBA,EQ,MANBA FINANCE LIMITED    ,Listed    ,30 DEC 2025,              10.00,          50239410,            138.25,     6944593644.30     
30 DEC 2025,MANCREDIT,EQ,MANGAL CREDIT N FINCORP L,Listed    ,30 DEC 2025,              10.00,          21113986,            164.55,     3474306396.30 
30 DEC 2025,MANDEEP,SM,MANDEEP AUTO INDUSTRIES L,Listed    ,29 DEC 2025,              10.00,          10337894,             23.60,      243974298.40   
30 DEC 2025,MANGALAM,EQ,MANGALAM DRUG & CHEM LTD ,Listed    ,30 DEC 2025,              10.00,          15828248,             26.20,      414700097.60  
30 DEC 2025,MANGLMCEM,EQ,MANGALAM CEMENT LTD      ,Listed    ,30 DEC 2025,              10.00,          27497298,            763.40,    20991437293.20 
30 DEC 2025,MANINDS,EQ,MAN INDUSTRIES (I) LTD.  ,Listed    ,30 DEC 2025,               5.00,          75009571,            382.30,    28676158993.30   
30 DEC 2025,MANINFRA,EQ,MAN INFRA LTD            ,Listed    ,30 DEC 2025,               2.00,         403666505,            126.15,    50930602935.85  
30 DEC 2025,MANKIND,EQ,MANKIND PHARMA LIMITED   ,Listed    ,30 DEC 2025,               1.00,         412758490,           2152.50,   888462649725.00   
30 DEC 2025,MANOMAY,BE,MANOMAY TEX INDIA LTD    ,Listed    ,30 DEC 2025,              10.00,          18048735,            198.85,     3588990954.75   
30 DEC 2025,MANORAMA,EQ,MANORAMA INDUSTRIES LTD  ,Listed    ,30 DEC 2025,               2.00,          59708530,           1303.60,    77836039708.00  
30 DEC 2025,MANORG,EQ,MANGALAM ORGANICS LIMITED,Listed    ,30 DEC 2025,              10.00,           8564440,            482.30,     4130629412.00    
30 DEC 2025,MANUGRAPH,EQ,MANUGRAPH INDIA LIMITED  ,Listed    ,30 DEC 2025,               2.00,          30415061,             16.00,      487249277.20 
30 DEC 2025,MANYAVAR,EQ,VEDANT FASHIONS LIMITED  ,Listed    ,30 DEC 2025,               1.00,         242957104,            576.35,   140028326890.40  
30 DEC 2025,MAPMYINDIA,EQ,C.E. INFO SYSTEMS LIMITED,Listed    ,30 DEC 2025,               2.00,          54721665,           1693.40,    92665667511.00
30 DEC 2025,MARALOVER,EQ,MARAL OVERSEAS LTD       ,Listed    ,30 DEC 2025,              10.00,          41508000,             43.10,     1789409880.00 
30 DEC 2025,MARATHON,EQ,MARATHON NXTGEN REALT LTD,Listed    ,30 DEC 2025,               5.00,          67420546,            531.15,    35810423007.90  
30 DEC 2025,MARC,ST,MARC TECHNOCRATS LIMITED ,Listed    ,30 DEC 2025,              10.00,          17313383,             60.70,     1050922348.10      
30 DEC 2025,MARCO,SM,MARCO CABLE & CONDUCTOR L,Listed    ,30 DEC 2025,              10.00,          18699000,             38.80,      725521200.00     
30 DEC 2025,MARICO,EQ,MARICO LIMITED           ,Listed    ,30 DEC 2025,               1.00,        1297933868,            739.10,   959302921838.80    
30 DEC 2025,MARINE,EQ,MARINE ELECTRICAL (I) LTD,Listed    ,30 DEC 2025,               2.00,         137944410,            212.00,    29241456031.80    
30 DEC 2025,MARINETRAN,ST,MARINETRANS INDIA LIMITED,Listed    ,30 DEC 2025,              10.00,          12726000,             25.65,      326421900.00
30 DEC 2025,MARKOLINES,EQ,MARKOLINES PAVEMENT TEC L,Listed    ,30 DEC 2025,              10.00,          22040920,            158.75,     3499216459.20
30 DEC 2025,MARKSANS,EQ,MARKSANS PHARMA LIMITED  ,Listed    ,30 DEC 2025,               1.00,         453288438,            179.55,    81378873274.15  
30 DEC 2025,MARUTI,EQ,MARUTI SUZUKI INDIA LTD. ,Listed    ,30 DEC 2025,               5.00,         314402574,          16647.00,  5233859649378.00    
30 DEC 2025,MASFIN,EQ,MAS FINANCIAL SERV LTD   ,Listed    ,30 DEC 2025,              10.00,         181453377,            314.45,    57058014397.65    
30 DEC 2025,MASKINVEST,BE,MASK INVESTMENTS LIMITED ,Listed    ,30 DEC 2025,              10.00,           3051500,            147.90,      451316850.00
30 DEC 2025,MASON,SM,MASON INFRATECH LIMITED  ,Listed    ,30 DEC 2025,              10.00,          17572500,            196.00,     3444210000.00     
30 DEC 2025,MASTEK,EQ,MASTEK LTD               ,Listed    ,30 DEC 2025,               5.00,          30974717,           2061.60,    63857476567.20    
30 DEC 2025,MASTER,SM,MASTER COMPONENTS LIMITED,Listed    ,30 DEC 2025,              10.00,           4000000,            323.05,     1292200000.00    
30 DEC 2025,MASTERTR,EQ,MASTER TRUST LIMITED     ,Listed    ,30 DEC 2025,               1.00,         123016000,            118.35,    14560173760.00  
30 DEC 2025,MATRIMONY,EQ,MATRIMONY.COM LIMITED    ,Listed    ,30 DEC 2025,               5.00,          21563422,            529.20,    11411362922.40 
30 DEC 2025,MAWANASUG,EQ,MAWANA SUGARS LIMITED    ,Listed    ,30 DEC 2025,              10.00,          39116864,             89.60,     3505262183.05 
30 DEC 2025,MAXESTATES,EQ,MAX ESTATES LIMITED      ,Listed    ,30 DEC 2025,              10.00,         161046444,            444.15,    71528778102.60
30 DEC 2025,MAXHEALTH,EQ,MAX HEALTHCARE INS LTD   ,Listed    ,30 DEC 2025,              10.00,         972236431,           1040.80,  1011903677384.80 
30 DEC 2025,MAXIND,EQ,MAX INDIA LIMITED        ,Listed    ,30 DEC 2025,              10.00,          52282115,            183.05,     9569195508.45    
30 DEC 2025,MAXPOSURE,SM,MAXPOSURE LIMITED        ,Listed    ,30 DEC 2025,              10.00,          22740950,             44.95,     1022205702.50 
30 DEC 2025,MAXVOLT,ST,MAXVOLT ENERGY INDUS L   ,Listed    ,30 DEC 2025,              10.00,          10903928,            491.50,     5359280612.00   
30 DEC 2025,MAYASHEEL,ST,MAYASHEEL VENTURES LTD   ,Listed    ,29 DEC 2025,              10.00,          22050000,             61.50,     1356075000.00 
30 DEC 2025,MAYURUNIQ,EQ,MAYUR UNIQUOTERS LTD     ,Listed    ,30 DEC 2025,               5.00,          43452600,            492.85,    21415613910.00 
30 DEC 2025,MAZDA,EQ,MAZDA LIMITED            ,Listed    ,30 DEC 2025,               2.00,          20025000,            213.15,     4267928250.00     
30 DEC 2025,MAZDOCK,EQ,MAZAGON DOCK SHIPBUIL LTD,Listed    ,30 DEC 2025,               5.00,         403380000,           2462.40,   993282912000.00   
30 DEC 2025,MBAPL,EQ,MADHYA BHARAT AGRO P. LTD,Listed    ,30 DEC 2025,              10.00,          87626940,            425.90,    37320313746.00     
30 DEC 2025,MBEL,EQ,M AND B ENGINEERING LTD  ,Listed    ,30 DEC 2025,              10.00,          57148215,            376.30,    21504873304.50      
30 DEC 2025,MBLINFRA,EQ,MBL INFRASTRUCTURE LTD   ,Listed    ,30 DEC 2025,              10.00,         152529256,             32.40,     4943473186.95  
30 DEC 2025,MCL,EQ,MADHAV COPPER LIMITED    ,Listed    ,30 DEC 2025,               5.00,          27142800,             68.20,     1850867532.00       
30 DEC 2025,MCLEODRUSS,BE,MCLEOD RUSSEL INDIA LTD. ,Listed    ,30 DEC 2025,               5.00,         104455735,             48.45,     5059835803.40
30 DEC 2025,MCLOUD,EQ,MAGELLANIC CLOUD LIMITED ,Listed    ,30 DEC 2025,               2.00,         584395120,             25.10,    14680005414.40    
30 DEC 2025,MCON,ST,MCON RASAYAN INDIA LTD   ,Listed    ,30 DEC 2025,              10.00,           7329090,             58.85,      431316946.50      
30 DEC 2025,MCX,EQ,MULTI COMMODITY EXCHANGE ,Permitted ,30 DEC 2025,              10.00,          50998369,          10889.00,   555321240041.00       
30 DEC 2025,MDL,SM,MARVEL DECOR LIMITED     ,Listed    ,29 DEC 2025,              10.00,          17740140,             71.00,     1259549940.00       
30 DEC 2025,MEDANTA,EQ,GLOBAL HEALTH LIMITED    ,Listed    ,30 DEC 2025,               2.00,         268790382,           1151.30,   309458366796.60   
30 DEC 2025,MEDIASSIST,EQ,MEDI ASSIST HEALTH SER L ,Listed    ,30 DEC 2025,               5.00,          70649862,            435.15,    30743287449.30
30 DEC 2025,MEDICAMEQ,EQ,MEDICAMEN BIOTECH LIMITED,Listed    ,30 DEC 2025,              10.00,          13562815,            359.95,     4881935259.25 
30 DEC 2025,MEDICO,EQ,MEDICO REMEDIES LIMITED  ,Listed    ,30 DEC 2025,               2.00,          82984000,             50.95,     4228034800.00    
30 DEC 2025,MEDIORG,SM,MEDICAMEN ORGANICS LTD   ,Listed    ,30 DEC 2025,              10.00,          11700000,             24.60,      287820000.00   
30 DEC 2025,MEDISTEP,SM,MEDISTEP HEALTHCARE LTD  ,Listed    ,30 DEC 2025,              10.00,          14209546,             25.40,      360922468.40  
30 DEC 2025,MEDPLUS,EQ,MEDPLUS HEALTH SERV LTD  ,Listed    ,30 DEC 2025,               2.00,         119822581,            805.60,    96529071253.60   
30 DEC 2025,MEESHO,EQ,MEESHO LIMITED           ,Listed    ,30 DEC 2025,               1.00,        4513131000,            186.15,   840119335650.00    
30 DEC 2025,MEGAFLEX,ST,MEGA FLEX PLASTICS LTD   ,Listed    ,30 DEC 2025,              10.00,          12131025,            123.60,     1499394690.00  
30 DEC 2025,MEGASOFT,BE,MEGASOFT LTD             ,Listed    ,30 DEC 2025,              10.00,          73770041,            189.75,    13998602980.15  
30 DEC 2025,MEGASTAR,BE,MEGASTAR FOODS LIMITED   ,Listed    ,30 DEC 2025,              10.00,          11293700,            229.50,     2592130024.00  
30 DEC 2025,MEGATHERM,SM,MEGATHERM INDUCTION LTD  ,Listed    ,30 DEC 2025,              10.00,          18840729,            229.30,     4320179159.70 
30 DEC 2025,MEIL,EQ,MANGAL ELECTRICAL IND L  ,Listed    ,30 DEC 2025,              10.00,          27630124,            365.80,    10107099359.20      
30 DEC 2025,MENONBE,EQ,MENON BEARINGS LIMITED   ,Listed    ,30 DEC 2025,               1.00,          56040000,            106.80,     5983951200.00   
30 DEC 2025,MEP,BZ,MEP INFRA. DEVELOPERS LTD,Listed    ,30 DEC 2025,              10.00,         183446051,              1.95,      354050878.45       
30 DEC 2025,METROBRAND,EQ,METRO BRANDS LIMITED     ,Listed    ,30 DEC 2025,               5.00,         272294741,           1182.20,   321906842810.20
30 DEC 2025,METROPOLIS,EQ,METROPOLIS HEALTHCARE LTD,Listed    ,30 DEC 2025,               2.00,          51807460,           1858.90,    96304887394.00
30 DEC 2025,MFML,EQ,MAHALAXMI FABRIC MILLS LT,Listed    ,30 DEC 2025,              10.00,          10620275,             25.05,      266144091.50      
30 DEC 2025,MFSL,EQ,MAX FINANCIAL SERV LTD   ,Listed    ,30 DEC 2025,               2.00,         345114771,           1634.40,   564055581722.40      
30 DEC 2025,MGEL,EQ,MANGALAM GLOBAL ENT LTD  ,Listed    ,30 DEC 2025,               1.00,         329555600,             14.05,     4636847292.00      
30 DEC 2025,MGL,EQ,MAHANAGAR GAS LTD.       ,Listed    ,30 DEC 2025,              10.00,          98777778,           1111.30,   109771744691.40       
30 DEC 2025,MGSL,SM,MATRIX GEO SOLUTIONS LTD ,Listed    ,30 DEC 2025,              10.00,          14581832,            104.00,     1516510528.00      
30 DEC 2025,MHHL,SM,MOHINI HEALTH&HYGIENE LTD,Listed    ,30 DEC 2025,              10.00,          18235900,             39.15,      713935485.00      
30 DEC 2025,MHLXMIRU,EQ,MAHALAXMI RUBTECH LIMITED,Listed    ,30 DEC 2025,              10.00,          10620275,            206.65,     2194786031.50  
30 DEC 2025,MHRIL,EQ,MAHINDRA HOLIDAYS LTD    ,Listed    ,30 DEC 2025,              10.00,         202016973,            305.90,    61796992040.70     
30 DEC 2025,MICEL,EQ,MIC ELECTRONICS LTD      ,Listed    ,30 DEC 2025,               2.00,         241011560,             43.05,    10375547658.00     
30 DEC 2025,MICROPRO,SM,MICROPRO SOFTWARE SOL L  ,Listed    ,30 DEC 2025,              10.00,          14299400,             19.90,      284558060.00  
30 DEC 2025,MIDHANI,EQ,MISHRA DHATU NIGAM LTD   ,Listed    ,30 DEC 2025,              10.00,         187340000,            354.35,    66383929000.00   
30 DEC 2025,MIDWESTLTD,EQ,MIDWEST LIMITED          ,Listed    ,30 DEC 2025,               5.00,          36160816,           1788.70,    64680851579.20
30 DEC 2025,MIEL,SM,MANGLAM INFRA & ENG LTD  ,Listed    ,30 DEC 2025,              10.00,          17596700,             19.80,      348414660.00      
30 DEC 2025,MILTON,SM,MILTON INDUSTRIES LIMITED,Listed    ,29 DEC 2025,              10.00,          16995000,             30.50,      518347500.00    
30 DEC 2025,MINDACORP,EQ,MINDA CORPORATION LTD    ,Listed    ,30 DEC 2025,               2.00,         239079428,            567.15,   135593897590.20 
30 DEC 2025,MINDPOOL,SM,MINDPOOL TECHNOLOGIES LTD,Listed    ,11 SEP 2025,              10.00,           4237500,             71.10,      301286250.00  
30 DEC 2025,MINDSPACE,RR,MINDSPACE BUSINESS P REIT,Listed    ,30 DEC 2025,             275.00,         609183634,            469.55,   286054359017.40 
30 DEC 2025,MINDTECK,EQ,MINDTECK (INDIA) LIMITED ,Listed    ,30 DEC 2025,              10.00,          31954221,            203.50,     6502044889.10  
30 DEC 2025,MIRCELECTR,EQ,MIRC ELECTRONICS LTD     ,Listed    ,30 DEC 2025,               1.00,         280442464,             27.85,     7804713773.10
30 DEC 2025,MIRZAINT,EQ,MIRZA INTERNATIONAL LIMIT,Listed    ,30 DEC 2025,               2.00,         138201900,             36.60,     5060953578.00  
30 DEC 2025,MITCON,EQ,MITCON CON & ENG SER LTD ,Listed    ,30 DEC 2025,              10.00,          17418418,             66.90,     1164943795.85    
30 DEC 2025,MITTAL,EQ,MITTAL LIFE STYLE LIMITED,Listed    ,30 DEC 2025,               1.00,         224016720,              1.15,      259859395.20    
30 DEC 2025,MKPL,EQ,M K PROTEINS LIMITED     ,Listed    ,30 DEC 2025,               1.00,         375372000,              5.95,     2229709680.00      
30 DEC 2025,MMEL,SM,MOVING MEDIA ENTER LTD   ,Listed    ,30 DEC 2025,              10.00,          18806336,             51.00,      959123136.00      
30 DEC 2025,MMFL,EQ,MM FORGINGS LTD          ,Listed    ,30 DEC 2025,              10.00,          48281600,            355.55,    17166522880.00      
30 DEC 2025,MMP,EQ,MMP INDUSTRIES LIMITED   ,Listed    ,30 DEC 2025,              10.00,          25402613,            254.10,     6454803963.30       
30 DEC 2025,MMTC,EQ,MMTC LIMITED             ,Listed    ,30 DEC 2025,               1.00,        1500000000,             67.55,   101310000000.00      
30 DEC 2025,MOBIKWIK,EQ,ONE MOBIKWIK SYSTEMS LTD ,Listed    ,30 DEC 2025,               2.00,          78152186,            229.80,    17959372342.80  
30 DEC 2025,MODINATUR,EQ,MODI NATURALS LIMITED    ,Listed    ,30 DEC 2025,              10.00,          13306397,            364.60,     4851512346.20 
30 DEC 2025,MODIRUBBER,EQ,MODI RUBBER LTD          ,Listed    ,30 DEC 2025,              10.00,          25040532,            135.35,     3388735195.55
30 DEC 2025,MODIS,EQ,MODIS NAVNIRMAN LTD      ,Listed    ,30 DEC 2025,              10.00,          19591200,            331.55,     6495462360.00     
30 DEC 2025,MODISONLTD,EQ,MODISON LIMITED          ,Listed    ,30 DEC 2025,               1.00,          32450000,            156.80,     5088160000.00
30 DEC 2025,MODTHREAD,EQ,MODERN THREADS INDIA LTD ,Listed    ,30 DEC 2025,              10.00,          34775160,             44.00,     1529759288.40 
30 DEC 2025,MOHITIND,EQ,MOHIT INDUSTRIES LTD     ,Listed    ,30 DEC 2025,              10.00,          14157575,             28.25,      399951493.75  
30 DEC 2025,MOIL,EQ,MOIL LIMITED             ,Listed    ,30 DEC 2025,              10.00,         203485211,            360.60,    73376767086.60      
30 DEC 2025,MOKSH,EQ,MOKSH ORNAMENTS LIMITED  ,Listed    ,30 DEC 2025,               2.00,          86322697,             14.15,     1220602935.60     
30 DEC 2025,MOL,EQ,MEGHMANI ORGANICS LIMITED,Listed    ,30 DEC 2025,               1.00,         254314211,             63.25,    16080287561.55       
30 DEC 2025,MOLDTECH,EQ,MOLD-TEK TECHNOLOGIES LTD,Listed    ,30 DEC 2025,               2.00,          28805118,            148.40,     4274967562.40  
30 DEC 2025,MOLDTKPAC,EQ,MOLD-TEK PACKAGING LTD   ,Listed    ,30 DEC 2025,               5.00,          33120639,            608.50,    20153908831.50 
30 DEC 2025,MONARCH,EQ,MONARCH NETWORTH CAP LTD ,Listed    ,30 DEC 2025,              10.00,          73907387,            302.15,    22331116982.05   
30 DEC 2025,MONEYBOXX,EQ,MONEYBOXX FINANCE LIMITED,Listed    ,30 DEC 2025,              10.00,          65409200,             62.50,     4088075000.00 
30 DEC 2025,MONOLITH,SM,MONOLITHISCH INDIA LTD   ,Listed    ,30 DEC 2025,              10.00,          21736000,            503.35,    10940815600.00  
30 DEC 2025,MONOPHARMA,SM,MONO PHARMACARE LIMITED  ,Listed    ,29 DEC 2025,              10.00,          17668564,             16.00,      282697024.00
30 DEC 2025,MONTECARLO,EQ,MONTE CARLO FASHIONS LTD.,Listed    ,30 DEC 2025,              10.00,          20732064,            668.75,    13864567800.00
30 DEC 2025,MOREPENLAB,EQ,MOREPEN LAB. LTD         ,Listed    ,30 DEC 2025,               2.00,         547953699,             40.45,    22175686198.55
30 DEC 2025,MOS,SM,MOS UTILITY LIMITED      ,Listed    ,30 DEC 2025,               2.00,         249355860,             22.45,     5598039057.00       
30 DEC 2025,MOSCHIP,EQ,MOSCHIP TECHNOLOGIES LTD ,Listed    ,30 DEC 2025,               2.00,         192123165,            201.95,    38797351940.10   
30 DEC 2025,MOTHERSON,EQ,SAMVRDHNA MTHRSN INTL LTD,Listed    ,30 DEC 2025,               1.00,       10554442601,            119.75,  1263894501469.75 
30 DEC 2025,MOTILALOFS,EQ,MOTILAL OSWAL FIN LTD    ,Listed    ,30 DEC 2025,               1.00,         600409847,            839.10,   503803902617.70
30 DEC 2025,MOTISONS,EQ,MOTISONS JEWELLERS LTD   ,Listed    ,30 DEC 2025,               1.00,         984460000,             14.90,    14688143200.00  
30 DEC 2025,MOTOGENFIN,EQ,MOTOR & GENERAL FINANCE L,Listed    ,30 DEC 2025,               5.00,          38727190,             22.65,      877558125.40
30 DEC 2025,MOXSH,ST,MOXSH OVERSEAS EDUCON LTD,Listed    ,29 DEC 2025,              10.00,           8963200,             81.50,      730500800.00     
30 DEC 2025,MPEL,SM,MANAS POLYMER N ENERGIE L,Listed    ,30 DEC 2025,              10.00,           7776000,             90.00,      699840000.00      
30 DEC 2025,MPHASIS,EQ,MPHASIS LIMITED          ,Listed    ,30 DEC 2025,              10.00,         190261721,           2795.70,   531914693399.70   
30 DEC 2025,MPSLTD,EQ,MPS LIMITED              ,Listed    ,30 DEC 2025,              10.00,          17105816,           2004.40,    34286897590.40    
30 DEC 2025,MPTODAY,SM,M P TODAY MEDIA LIMITED  ,Listed    ,26 NOV 2025,              10.00,           4568000,             47.55,      217208400.00   
30 DEC 2025,MRF,EQ,MRF LTD                  ,Listed    ,30 DEC 2025,              10.00,           4241143,         151090.00,   640794295870.00       
30 DEC 2025,MRIL,SM,MAHENDRA REALTO & INFRA L,Listed    ,30 DEC 2025,              10.00,          22103900,             51.80,     1144982020.00      
30 DEC 2025,MRPL,EQ,MRPL                     ,Listed    ,30 DEC 2025,              10.00,        1752598777,            141.75,   248448402627.50      
30 DEC 2025,MSPL,EQ,MSP STEEL & POWER LTD.   ,Listed    ,30 DEC 2025,              10.00,         566796645,             36.60,    20744757207.00      
30 DEC 2025,MSTCLTD,EQ,MSTC LIMITED             ,Listed    ,30 DEC 2025,              10.00,          70400000,            513.95,    36182080000.00   
30 DEC 2025,MSUMI,EQ,MOTHERSON SUMI WRNG IND L,Listed    ,30 DEC 2025,               1.00,        6631661898,             48.80,   323757733860.35     
30 DEC 2025,MTARTECH,EQ,MTAR TECHNOLOGIES LIMITED,Listed    ,30 DEC 2025,              10.00,          30759591,           2367.90,    72835635528.90  
30 DEC 2025,MTEDUCARE,BE,MT EDUCARE LTD           ,Listed    ,30 DEC 2025,              10.00,          72228054,              1.75,      126399094.50 
30 DEC 2025,MTNL,EQ,MAHANAGAR TELEPHONE NIGAM,Listed    ,30 DEC 2025,              10.00,         630000000,             36.35,    22887900000.00      
30 DEC 2025,MUFIN,EQ,MUFIN GREEN FINANCE LTD  ,Listed    ,30 DEC 2025,               1.00,         168315172,            115.40,    19426937152.25     
30 DEC 2025,MUFTI,EQ,CREDO BRANDS MARKETING L ,Listed    ,30 DEC 2025,               2.00,          65370103,             99.55,     6508901155.70     
30 DEC 2025,MUKANDLTD,EQ,MUKAND LTD.              ,Listed    ,30 DEC 2025,              10.00,         144495563,            133.55,    19298827394.30 
30 DEC 2025,MUKKA,EQ,MUKKA PROTEINS LIMITED   ,Listed    ,30 DEC 2025,               1.00,         300000000,             23.90,     7176000000.00     
30 DEC 2025,MUKTAARTS,EQ,MUKTA ARTS LIMITED       ,Listed    ,30 DEC 2025,               5.00,          22585200,             61.35,     1385602020.00 
30 DEC 2025,MUNISH,SM,MUNISH FORGE LIMITED     ,Listed    ,30 DEC 2025,              10.00,          24070263,            103.40,     2488865194.20    
30 DEC 2025,MUNJALAU,EQ,MUNJAL AUTO IND. LTD.    ,Listed    ,30 DEC 2025,               2.00,         100000000,             78.40,     7840000000.00  
30 DEC 2025,MUNJALSHOW,EQ,MUNJAL SHOWA LTD         ,Listed    ,30 DEC 2025,               2.00,          39995000,            123.45,     4938182650.00
30 DEC 2025,MURUDCERA,EQ,MURUDESHWAR CERAMICS LTD ,Listed    ,30 DEC 2025,              10.00,          60545260,             34.20,     2070042439.40 
30 DEC 2025,MUTHOOTCAP,EQ,MUTHOOT CAP SERV LTD     ,Listed    ,30 DEC 2025,              10.00,          16447533,            272.35,     4479485612.55
30 DEC 2025,MUTHOOTFIN,EQ,MUTHOOT FINANCE LIMITED  ,Listed    ,30 DEC 2025,              10.00,         401468476,           3799.10,  1525218887171.60
30 DEC 2025,MUTHOOTMF,EQ,MUTHOOT MICROFIN LIMITED ,Listed    ,30 DEC 2025,              10.00,         170492176,            170.55,    29075735695.05 
30 DEC 2025,MVGJL,EQ,MANOJ VAIBHAV GEM N JEW L,Listed    ,30 DEC 2025,              10.00,          48847441,            181.20,     8850179360.40     
30 DEC 2025,MVKAGRO,ST,M.V.K. AGRO FOOD PROD LTD,Listed    ,30 DEC 2025,              10.00,          15490000,            762.15,    11805703500.00   
30 DEC 2025,MWL,EQ,MANGALAM WORLDWIDE LTD   ,Listed    ,30 DEC 2025,              10.00,          29700674,            272.70,     8098779786.30       
30 DEC 2025,MYMUDRA,SM,MY MUDRA FINCORP LIMITED ,Listed    ,30 DEC 2025,              10.00,          11391800,             92.00,     1048045600.00   
30 DEC 2025,NACLIND,BE,NACL INDUSTRIES LIMITED  ,Listed    ,30 DEC 2025,               1.00,         233912685,            159.70,    37353516667.65   
30 DEC 2025,NAGAFERT,EQ,NAGARJUN FERT AND CHE LTD,Listed    ,30 DEC 2025,               1.00,         598065003,              5.30,     3181705815.95  
30 DEC 2025,NAGREEKCAP,BE,NAGREEKA CAP & INFR.LTD  ,Listed    ,30 DEC 2025,               5.00,          12615300,             28.40,      358274520.00
30 DEC 2025,NAGREEKEXP,EQ,NAGREEKA EXPORTS LTD.    ,Listed    ,30 DEC 2025,               5.00,          31249250,             25.40,      794043442.50
30 DEC 2025,NAHARCAP,EQ,NAHAR CAP & FIN.         ,Listed    ,30 DEC 2025,               5.00,          16746167,            254.95,     4269435276.65  
30 DEC 2025,NAHARINDUS,EQ,NAHAR INDS ENT LTD       ,Listed    ,30 DEC 2025,              10.00,          43205581,            109.75,     4741812514.75
30 DEC 2025,NAHARPOLY,EQ,NAHAR POLY FILMS LIMITED ,Listed    ,30 DEC 2025,               5.00,          24587991,            236.75,     5821206869.25 
30 DEC 2025,NAHARSPING,EQ,NAHAR SPINNING MILLS LTD.,Listed    ,30 DEC 2025,               5.00,          36065303,            193.55,     6979718089.60
30 DEC 2025,NAM-INDIA,EQ,NIPPON L I A M LTD       ,Listed    ,30 DEC 2025,              10.00,         636646816,            862.85,   549330705185.60 
30 DEC 2025,NAMAN,SM,NAMAN IN-STORE (INDIA) L ,Listed    ,30 DEC 2025,              10.00,          13065980,             64.00,      836222720.00     
30 DEC 2025,NAMOEWASTE,SM,NAMO EWASTE MANAGEMENT L ,Listed    ,30 DEC 2025,              10.00,          22867515,            184.50,     4219056517.50
30 DEC 2025,NARMADA,BE,NARMADA AGROBASE LIMITED ,Listed    ,30 DEC 2025,              10.00,          37936399,             20.70,      786042187.30   
30 DEC 2025,NATCAPSUQ,EQ,NATURAL CAPSULES LIMITED ,Listed    ,30 DEC 2025,              10.00,          10341154,            168.80,     1745483383.65 
30 DEC 2025,NATCOPHARM,EQ,NATCO PHARMA LTD.        ,Listed    ,30 DEC 2025,               2.00,         179109870,            897.25,   160706330857.50
30 DEC 2025,NATHBIOGEN,EQ,NATH BIO-GENES (I) LTD   ,Listed    ,30 DEC 2025,              10.00,          19004000,            152.10,     2890698440.00
30 DEC 2025,NATIONALUM,EQ,NATIONAL ALUMINIUM CO LTD,Listed    ,30 DEC 2025,               5.00,        1836631787,            316.60,   581477623764.20
30 DEC 2025,NAUKRI,EQ,INFO EDGE (I) LTD        ,Listed    ,30 DEC 2025,               2.00,         648420600,           1335.00,   865641501000.00    
30 DEC 2025,NAVA,EQ,NAVA LIMITED             ,Listed    ,30 DEC 2025,               1.00,         283001276,            559.25,   158268463603.00      
30 DEC 2025,NAVINFLUOR,EQ,NAVIN FLUORINE INT. LTD  ,Listed    ,30 DEC 2025,               2.00,          51205774,           6136.50,   314224232151.00
30 DEC 2025,NAVKARCORP,EQ,NAVKAR CORPORATION LTD.  ,Listed    ,30 DEC 2025,              10.00,         150519181,             98.60,    14842696438.40
30 DEC 2025,NAVKARURB,EQ,NAVKAR URBANSTRUCTURE LTD,Listed    ,30 DEC 2025,               1.00,        1122090422,              1.50,     1694356537.20 
30 DEC 2025,NAVNETEDUL,EQ,NAVNEET EDUCATION LTD    ,Listed    ,30 DEC 2025,               2.00,         226213181,            144.80,    32753406477.00
30 DEC 2025,NAZARA,EQ,NAZARA TECHNOLOGIES LTD  ,Listed    ,30 DEC 2025,               2.00,         370465024,            264.50,    97987998848.00    
30 DEC 2025,NBCC,EQ,NBCC (INDIA) LIMITED     ,Listed    ,30 DEC 2025,               1.00,        2700000000,            121.90,   329184000000.00      
30 DEC 2025,NBIFIN,EQ,N.B.I. IND. FIN. CO. LTD ,Listed    ,30 DEC 2025,               5.00,           2954850,           2216.00,     6547947600.00    
30 DEC 2025,NCC,EQ,NCC LIMITED              ,Listed    ,30 DEC 2025,               2.00,         627846588,            155.00,    97316221140.00       
30 DEC 2025,NCLIND,EQ,NCL INDUSTRIES LIMITED   ,Listed    ,30 DEC 2025,              10.00,          45232790,            198.75,     8989564684.60    
30 DEC 2025,NDGL,EQ,NAGA DHUNSERI GROUP LTD  ,Listed    ,30 DEC 2025,              10.00,           1000000,           2839.60,     2839600000.00      
30 DEC 2025,NDL,EQ,NANDAN DENIM LIMITED     ,Listed    ,30 DEC 2025,               1.00,        1441471680,              2.95,     4252341456.00       
30 DEC 2025,NDLVENTURE,EQ,NDL VENTURES LIMITED     ,Listed    ,30 DEC 2025,              10.00,          33671621,             87.90,     2960408918.30
30 DEC 2025,NDRAUTO,EQ,NDR AUTO COMPONENTS LTD  ,Listed    ,30 DEC 2025,              10.00,          23785304,            818.65,    19471839119.60   
30 DEC 2025,NDRINVIT,IV,NDR INVIT TRUST          ,Listed    ,26 DEC 2025,             100.00,         396012214,            128.00,    50689563392.00  
30 DEC 2025,NDTV,EQ,NDTV LTD                 ,Listed    ,30 DEC 2025,               4.00,         112824717,             98.50,    11114362871.65      
30 DEC 2025,NECCLTD,EQ,NORTH EAST CARRY CORP LTD,Listed    ,30 DEC 2025,              10.00,          95954789,             18.00,     1725267106.20   
30 DEC 2025,NECLIFE,BE,NECTAR LIFESCIENCES LTD. ,Listed    ,30 DEC 2025,               1.00,         224260970,             18.50,     4146585335.30   
30 DEC 2025,NEELAM,SM,NEELAM LINENS & GAR (I) L,Listed    ,29 DEC 2025,              10.00,          20218000,             14.00,      283052000.00    
30 DEC 2025,NELCAST,EQ,NELCAST LIMITED          ,Listed    ,30 DEC 2025,               2.00,          87001200,            104.05,     9053344872.00   
30 DEC 2025,NELCO,EQ,NELCO LTD                ,Listed    ,30 DEC 2025,              10.00,          22818400,            714.75,    16309451400.00     
30 DEC 2025,NEOCHEM,SM,NEOCHEM BIO SOLUTIONS LTD,Listed    ,30 DEC 2025,              10.00,          17120753,             86.05,     1473240795.65   
30 DEC 2025,NEOGEN,EQ,NEOGEN CHEMICALS LIMITED ,Listed    ,30 DEC 2025,              10.00,          26381674,           1174.90,    30995828782.60    
30 DEC 2025,NEPHROCARE,ST,NEPHRO CARE INDIA LIMITED,Listed    ,30 DEC 2025,              10.00,          16486400,            111.00,     1829990400.00
30 DEC 2025,NEPHROPLUS,EQ,NEPHROCARE HEALTH SERV L ,Listed    ,30 DEC 2025,               2.00,         100340717,            464.60,    46618297118.20
30 DEC 2025,NEPTUNE,SM,NEPTUNE PETROCHEMICALS L ,Listed    ,30 DEC 2025,              10.00,          22653500,            202.35,     4583935725.00   
30 DEC 2025,NESCO,EQ,NESCO LTD.               ,Listed    ,30 DEC 2025,               2.00,          70459960,           1198.30,    84432170068.00     
30 DEC 2025,NESTLEIND,EQ,NESTLE INDIA LIMITED     ,Listed    ,30 DEC 2025,               1.00,        1928314320,           1274.10,  2456865275112.00 
30 DEC 2025,NETWEB,EQ,NETWEB TECH INDIA LTD    ,Listed    ,30 DEC 2025,               2.00,          56653868,           3093.30,   175247409884.40    
30 DEC 2025,NETWORK18,EQ,NETWORK18 MEDIA & INV LTD,Listed    ,30 DEC 2025,               5.00,        1542000018,             42.75,    65920500769.50 
30 DEC 2025,NEUEON,BE,NEUEON CORPORATION LTD   ,Listed    ,30 DEC 2025,               1.00,          56544552,              7.00,      394680972.95    
30 DEC 2025,NEULANDLAB,EQ,NEULAND LAB LTD.         ,Listed    ,30 DEC 2025,              10.00,          12829889,          14929.00,   191537412881.00
30 DEC 2025,NEWGEN,EQ,NEWGEN SOFTWARE TECH LTD ,Listed    ,30 DEC 2025,              10.00,         141678787,            826.25,   117062097758.75    
30 DEC 2025,NEWJAISA,SM,NEWJAISA TECHNOLOGIES LTD,Listed    ,30 DEC 2025,               5.00,          35354300,             26.85,      949262955.00  
30 DEC 2025,NEXTMEDIA,EQ,NEXT MEDIAWORKS LIMITED  ,Listed    ,30 DEC 2025,              10.00,          66892908,              6.00,      400019589.85 
30 DEC 2025,NFL,EQ,NATIONAL FERT. LTD       ,Listed    ,30 DEC 2025,              10.00,         490578400,             90.95,    44623011264.00       
30 DEC 2025,NGIL,EQ,NAKODA GROUP OF IND. LTD ,Listed    ,30 DEC 2025,              10.00,          17534300,             31.70,      556187996.00      
30 DEC 2025,NGLFINE,EQ,NGL FINE CHEM LIMITED    ,Listed    ,30 DEC 2025,               5.00,           6178024,           1331.90,     8228510165.60   
30 DEC 2025,NH,EQ,NARAYANA HRUDAYALAYA LTD.,Listed    ,30 DEC 2025,              10.00,         204360804,           1829.90,   373959835239.60        
30 DEC 2025,NHIT,IV,NATIONAL HIGHW INFRA TRUS,Listed    ,30 DEC 2025,             100.00,        1936850600,            148.00,   286653888800.00      
30 DEC 2025,NHPC,EQ,NHPC LTD                 ,Listed    ,30 DEC 2025,              10.00,       10045034805,             78.60,   789338834976.90      
30 DEC 2025,NIACL,EQ,THE NEW INDIA ASSU CO LTD,Listed    ,30 DEC 2025,               5.00,        1648000000,            153.05,   252259360000.00     
30 DEC 2025,NIBE,EQ,NIBE LIMITED             ,Listed    ,30 DEC 2025,              10.00,          14501273,           1101.40,    15971702082.20      
30 DEC 2025,NIBL,EQ,NRB INDUS. BEARINGS LTD. ,Listed    ,30 DEC 2025,               2.00,          24230650,             34.65,      839592022.50      
30 DEC 2025,NIDAN,SM,NIDAN LABS AND HEALTH LTD,Listed    ,30 DEC 2025,              10.00,          13900000,             19.00,      264100000.00     
30 DEC 2025,NIITLTD,EQ,NIIT LIMITED             ,Listed    ,30 DEC 2025,               2.00,         136282104,             90.10,    12277654749.35   
30 DEC 2025,NIITMTS,EQ,NIIT LEARNING SYSTEMS LTD,Listed    ,30 DEC 2025,               2.00,         137069781,            402.85,    55218561275.85   
30 DEC 2025,NIKITA,ST,NIKITA GRENTEC RECYCL LTD,Listed    ,30 DEC 2025,              10.00,          24667900,            135.00,     3330166500.00    
30 DEC 2025,NILAINFRA,EQ,NILA INFRASTRUCTURES LTD ,Listed    ,30 DEC 2025,               1.00,         393889200,              9.60,     3789214104.00 
30 DEC 2025,NILASPACES,BE,NILA SPACES LIMITED      ,Listed    ,30 DEC 2025,               1.00,         393889200,             15.90,     6270716064.00
30 DEC 2025,NILKAMAL,EQ,NILKAMAL LIMITED         ,Listed    ,30 DEC 2025,              10.00,          14922525,           1373.00,    20488626825.00  
30 DEC 2025,NINSYS,EQ,NINTEC SYSTEMS LIMITED   ,Listed    ,30 DEC 2025,              10.00,          18576000,            397.50,     7383960000.00    
30 DEC 2025,NIPPOBATRY,EQ,INDO-NATIONAL LIMITED    ,Listed    ,30 DEC 2025,               5.00,           7500000,            400.05,     3000375000.00
30 DEC 2025,NIRAJ,EQ,NIRAJ CEMENT STRUC LTD   ,Listed    ,30 DEC 2025,              10.00,          59694340,             40.90,     2442095449.40     
30 DEC 2025,NIRAJISPAT,EQ,NIRAJ ISPAT IND LTD      ,Listed    ,30 DEC 2025,              10.00,            600000,            201.90,      121134000.00
30 DEC 2025,NIRMAN,SM,NIRMAN AGRI GENTICS LTD  ,Listed    ,30 DEC 2025,              10.00,           8009676,             59.95,      480180076.20    
30 DEC 2025,NITCO,EQ,NITCO LIMITED            ,Listed    ,30 DEC 2025,              10.00,         229060105,            100.00,    22908301101.05     
30 DEC 2025,NITINSPIN,EQ,NITIN SPINNERS LIMITED   ,Listed    ,30 DEC 2025,              10.00,          56220000,            315.50,    17737410000.00 
30 DEC 2025,NITIRAJ,EQ,NITIRAJ ENGINEERS LTD    ,Listed    ,30 DEC 2025,              10.00,          10251000,            181.95,     1865169450.00   
30 DEC 2025,NIVABUPA,EQ,NIVA BUPA HEALTH INS CO L,Listed    ,30 DEC 2025,              10.00,        1845711746,             74.85,   138133067070.65  
30 DEC 2025,NKIND,EQ,NK INDUSTRIES LTD        ,Listed    ,30 DEC 2025,              10.00,           6009900,             67.20,      403865280.00     
30 DEC 2025,NLCINDIA,EQ,NLC INDIA LIMITED        ,Listed    ,30 DEC 2025,              10.00,        1386636609,            253.45,   351456914917.15  
30 DEC 2025,NMDC,EQ,NMDC LTD.                ,Listed    ,30 DEC 2025,               1.00,        8791817550,             83.40,   733325501845.50      
30 DEC 2025,NMSTEEL,SM,NEWMALAYALAM STEEL LTD   ,Listed    ,30 DEC 2025,              10.00,          17287600,             31.05,      536779980.00   
30 DEC 2025,NOCIL,EQ,NOCIL LIMITED            ,Listed    ,30 DEC 2025,              10.00,         167024930,            151.95,    25376097614.90     
30 DEC 2025,NOIDATOLL,EQ,NOIDA TOLL BRIDGE CO LTD ,Listed    ,30 DEC 2025,              10.00,         186195002,              4.35,      808086308.70 
30 DEC 2025,NORBTEAEXP,BE,NORBEN TEA &EXPORTS LTD  ,Listed    ,30 DEC 2025,              10.00,          15544100,             90.95,     1413891336.00
30 DEC 2025,NORTHARC,EQ,NORTHERN ARC CAPITAL LTD ,Listed    ,30 DEC 2025,              10.00,         161566375,            248.30,    40116930912.50  
30 DEC 2025,NOVAAGRI,EQ,NOVA AGRITECH LIMITED    ,Listed    ,30 DEC 2025,               2.00,          92519813,             37.95,     3511126903.35  
30 DEC 2025,NPST,EQ,NETWORK PEOPLE SRV TECH L,Listed    ,30 DEC 2025,              10.00,          19389900,           1405.30,    27248626470.00      
30 DEC 2025,NRAIL,EQ,N R AGARWAL INDS LTD     ,Listed    ,30 DEC 2025,              10.00,          17019100,            470.45,     8006635595.00     
30 DEC 2025,NRBBEARING,EQ,NRB BEARING LIMITED      ,Listed    ,30 DEC 2025,               2.00,          96922600,            272.20,    26382331720.00
30 DEC 2025,NRL,EQ,NUPUR RECYCLERS LIMITED  ,Listed    ,30 DEC 2025,              10.00,          69068995,             55.75,     3849905781.30       
30 DEC 2025,NRVANDANA,ST,N R VANDANA TEX IND LTD  ,Listed    ,30 DEC 2025,              10.00,          23294809,             58.20,     1355757883.80 
30 DEC 2025,NSIL,EQ,NALWA SONS INVESTMENT LTD,Listed    ,30 DEC 2025,              10.00,           5136163,           6433.00,    33040936579.00      
30 DEC 2025,NSLNISP,EQ,NMDC STEEL LIMITED       ,Listed    ,30 DEC 2025,              10.00,        2930605850,             43.25,   126807315129.50   
30 DEC 2025,NTPC,EQ,NTPC LTD                 ,Listed    ,30 DEC 2025,              10.00,        9696666134,            324.90,  3150446826936.60      
30 DEC 2025,NTPCGREEN,EQ,NTPC GREEN ENERGY LIMITED,Listed    ,30 DEC 2025,              10.00,        8426329669,             93.70,   789547089985.30 
30 DEC 2025,NUCLEUS,EQ,NUCLEUS SOFTWARE EXPORTS ,Listed    ,30 DEC 2025,              10.00,          26325306,            913.85,    24057380888.10   
30 DEC 2025,NURECA,EQ,NURECA LIMITED           ,Listed    ,30 DEC 2025,              10.00,          10000175,            293.30,     2933051327.50    
30 DEC 2025,NUVAMA,EQ,NUVAMA WEALTH MANAGE LTD ,Listed    ,30 DEC 2025,               2.00,         180321250,           1451.50,   261736294375.00    
30 DEC 2025,NUVOCO,EQ,NUVOCO VISTAS CORP LTD   ,Listed    ,30 DEC 2025,              10.00,         357156153,            356.10,   127183306083.30    
30 DEC 2025,NXST,RR,NEXUS SELECT TRUST       ,Listed    ,30 DEC 2025,             100.00,        1515000000,            155.40,   235446150000.00      
30 DEC 2025,NXT-INFRA,IV,NXT-INFRA TRUST          ,Listed    ,25 NOV 2025,             100.00,         285000000,            100.05,    28514250000.00 
30 DEC 2025,NYKAA,EQ,FSN E COMMERCE VENTURES  ,Listed    ,30 DEC 2025,               1.00,        2860477851,            263.55,   753878937631.05     
30 DEC 2025,OAL,EQ,ORIENTAL AROMATICS LTD   ,Listed    ,30 DEC 2025,               5.00,          33653576,            284.90,     9587903802.40       
30 DEC 2025,OBCL,EQ,ORISSA BENGAL CARRIER LTD,Listed    ,30 DEC 2025,              10.00,          21082790,             56.35,     1188226044.40      
30 DEC 2025,OBEROIRLTY,EQ,OBEROI REALTY LIMITED    ,Listed    ,30 DEC 2025,              10.00,         363602237,           1646.20,   598562002549.40
30 DEC 2025,OBSCP,SM,OBSC PERFECTION LIMITED  ,Listed    ,30 DEC 2025,              10.00,          24452400,            301.00,     7360172400.00     
30 DEC 2025,OCCLLTD,EQ,OCCL LIMITED             ,Listed    ,30 DEC 2025,               2.00,          49950460,            100.75,     5031509835.80   
30 DEC 2025,ODIGMA,EQ,ODIGMA CONSULTANCY SOL L ,Listed    ,30 DEC 2025,               1.00,          31258450,             31.80,      994018710.00    
30 DEC 2025,OFSS,EQ,ORACLE FIN SERV SOFT LTD.,Listed    ,30 DEC 2025,               5.00,          86911527,           7626.50,   662830760665.50      
30 DEC 2025,OIL,EQ,OIL INDIA LTD            ,Listed    ,30 DEC 2025,              10.00,        1626607791,            411.45,   669267775606.95       
30 DEC 2025,OILCOUNTUB,EQ,OIL COUNTRY TUBULAR LTD  ,Listed    ,30 DEC 2025,              10.00,          51989530,             62.05,     3224910545.90
30 DEC 2025,OLAELEC,EQ,OLA ELECTRIC MOBILITY LTD,Listed    ,30 DEC 2025,              10.00,        4410829885,             36.60,   161348157193.30   
30 DEC 2025,OLECTRA,EQ,OLECTRA GREENTECH LIMITED,Listed    ,30 DEC 2025,               4.00,          82080737,           1208.60,    99202778738.20   
30 DEC 2025,OLIL,SM,ONECLICK LOGISTICS IND L ,Listed    ,30 DEC 2025,              10.00,           5593163,            310.00,     1733880530.00      
30 DEC 2025,OMAXAUTO,EQ,OMAX AUTOS LTD           ,Listed    ,30 DEC 2025,              10.00,          21371213,            101.45,     2167682134.60  
30 DEC 2025,OMAXE,EQ,OMAXE LIMITED            ,Listed    ,30 DEC 2025,              10.00,         182900540,             79.90,    14610095135.20     
30 DEC 2025,OMFREIGHT,EQ,OM FREIGHT FORWARDERS LTD,Listed    ,30 DEC 2025,              10.00,          33675442,             94.35,     3177614707.10 
30 DEC 2025,OMFURN,SM,OMFURN INDIA LIMITED     ,Listed    ,30 DEC 2025,              10.00,          11774400,             83.80,      986694720.00    
30 DEC 2025,OMINFRAL,EQ,OM INFRA LIMITED         ,Listed    ,30 DEC 2025,               1.00,          96303809,             96.90,     9332802130.20  
30 DEC 2025,OMKARCHEM,BZ,OMKAR SPL CHEM LTD       ,Listed    ,30 DEC 2025,              10.00,          20578004,              5.95,      122850683.90 
30 DEC 2025,ONDOOR,SM,ON DOOR CONCEPTS LIMITED ,Listed    ,30 DEC 2025,              10.00,           5648612,            119.15,      673032119.80    
30 DEC 2025,ONELIFECAP,BE,ONELIFE CAP ADVISORS LTD ,Listed    ,30 DEC 2025,              10.00,          13360000,             16.30,      217634400.00
30 DEC 2025,ONEPOINT,EQ,ONE POINT ONE SOL LTD    ,Listed    ,30 DEC 2025,               2.00,         262877099,             56.65,    14894616429.35  
30 DEC 2025,ONESOURCE,EQ,ONESOURCE SPECL PHARMA L ,Listed    ,30 DEC 2025,               1.00,         114525216,           1773.40,   203099018054.40 
30 DEC 2025,ONGC,EQ,OIL AND NATURAL GAS CORP.,Listed    ,30 DEC 2025,               5.00,       12580279206,            234.70,  2952339924064.10      
30 DEC 2025,ONMOBILE,EQ,ONMOBILE GLOBAL LTD.     ,Listed    ,30 DEC 2025,              10.00,         106321351,             56.60,     6017788466.60  
30 DEC 2025,ONWARDTEC,EQ,ONWARD TECHNOLOGIES LTD  ,Listed    ,30 DEC 2025,              10.00,          22731970,            285.45,     6488840836.50 
30 DEC 2025,ONYX,SM,ONYX BIOTEC LIMITED      ,Listed    ,30 DEC 2025,              10.00,          18132200,             35.00,      634627000.00      
30 DEC 2025,OPTIEMUS,EQ,OPTIEMUS INFRACOM LTD    ,Listed    ,30 DEC 2025,              10.00,          88209626,            495.65,    43721101126.90  
30 DEC 2025,OPTIVALUE,SM,OPTIVALUE TEK CONSULT LTD,Listed    ,30 DEC 2025,              10.00,          23411400,             79.00,     1849500600.00 
30 DEC 2025,ORBTEXP,EQ,ORBIT EXPORTS LIMITED    ,Listed    ,30 DEC 2025,              10.00,          26511152,            192.80,     5111615217.10   
30 DEC 2025,ORCHASP,EQ,ORCHASP LIMITED          ,Listed    ,30 DEC 2025,               2.00,         319550366,              2.95,      949064587.00   
30 DEC 2025,ORCHPHARMA,EQ,ORCHID PHARMA LIMITED    ,Listed    ,30 DEC 2025,              10.00,          50719105,            752.40,    38161054602.00
30 DEC 2025,ORIANA,SM,ORIANA POWER LIMITED     ,Listed    ,30 DEC 2025,              10.00,          20319150,           2221.05,    45129848107.50    
30 DEC 2025,ORICONENT,BE,ORICON ENTERPRISES LTD   ,Listed    ,30 DEC 2025,               2.00,         157047715,             59.60,     9361614291.15 
30 DEC 2025,ORIENTALTL,EQ,ORIENTAL TRIMEX LTD      ,Listed    ,30 DEC 2025,              10.00,          73507265,              8.15,      600554355.05
30 DEC 2025,ORIENTBELL,EQ,ORIENT BELL LIMITED      ,Listed    ,30 DEC 2025,              10.00,          14687476,            297.60,     4370992857.60
30 DEC 2025,ORIENTCEM,EQ,ORIENT CEMENT LTD.       ,Listed    ,30 DEC 2025,               1.00,         205459873,            169.95,    34922014613.80 
30 DEC 2025,ORIENTCER,EQ,ORIENT CERATECH LIMITED  ,Listed    ,30 DEC 2025,               1.00,         119639200,             52.25,     6248755416.00 
30 DEC 2025,ORIENTELEC,EQ,ORIENT ELECTRIC LIMITED  ,Listed    ,30 DEC 2025,               1.00,         213365899,            176.95,    37750828510.05
30 DEC 2025,ORIENTHOT,EQ,ORIENT HOTELS LTD        ,Listed    ,30 DEC 2025,               1.00,         178599180,            102.25,    18263552146.80 
30 DEC 2025,ORIENTLTD,EQ,ORIENT PRESS LIMITED     ,Listed    ,30 DEC 2025,              10.00,          10000000,             76.40,      763900000.00 
30 DEC 2025,ORIENTPPR,EQ,ORIENT PAPER AND INDS LTD,Listed    ,30 DEC 2025,               1.00,         212185822,             22.45,     4763571703.90 
30 DEC 2025,ORIENTTECH,EQ,ORIENT TECHNOLOGIES LTD  ,Listed    ,30 DEC 2025,              10.00,          41641742,            395.25,    16458898525.50
30 DEC 2025,ORISSAMINE,EQ,ORISSA MIN DEV CO LTD    ,Listed    ,30 DEC 2025,               1.00,           6000000,           5043.80,    30262800000.00
30 DEC 2025,ORKLAINDIA,EQ,ORKLA INDIA LIMITED      ,Listed    ,30 DEC 2025,               1.00,         136989230,            628.65,    86118279439.50
30 DEC 2025,ORTINGLOBE,BE,ORTIN GLOBAL LIMITED     ,Listed    ,30 DEC 2025,              10.00,           8131392,             13.95,      113514232.30
30 DEC 2025,OSEINTRUST,IV,ORIENTAL INFRATRUST      ,Listed    ,Not Traded ,             100.00,         583483081,             83.50,    48720837263.50
30 DEC 2025,OSELDEVICE,ST,OSEL DEVICES LIMITED     ,Listed    ,30 DEC 2025,              10.00,          17694600,            535.25,     9471034650.00
30 DEC 2025,OSIAHYPER,EQ,OSIA HYPER RETAIL LIMITED,Listed    ,30 DEC 2025,               1.00,         164573900,             14.75,     2427465025.00 
30 DEC 2025,OSWALAGRO,EQ,OSWAL AGRO MILLS LTD     ,Listed    ,30 DEC 2025,              10.00,         134234776,             57.10,     7667490405.10 
30 DEC 2025,OSWALGREEN,EQ,OSWAL GREENTECH LIMITED  ,Listed    ,30 DEC 2025,              10.00,         256809159,             32.80,     8420772323.60
30 DEC 2025,OSWALPUMPS,EQ,OSWAL PUMPS LIMITED      ,Listed    ,30 DEC 2025,               1.00,         113977414,            523.40,    59655778487.60
30 DEC 2025,OSWALSEEDS,EQ,SHREEOSWAL S AND CHE LTD ,Listed    ,30 DEC 2025,               2.00,          91470000,             17.95,     1643715900.00
30 DEC 2025,OWAIS,SM,OWAIS METAL & MINERAL    ,Listed    ,30 DEC 2025,              10.00,          18182398,            263.05,     4782879793.90     
30 DEC 2025,PACEDIGITK,EQ,PACE DIGITEK LIMITED     ,Listed    ,30 DEC 2025,               2.00,         215851327,            185.95,    40139712768.90
30 DEC 2025,PAGEIND,EQ,PAGE INDUSTRIES LTD      ,Listed    ,30 DEC 2025,              10.00,          11153874,          35565.00,   396687528810.00   
30 DEC 2025,PAISALO,EQ,PAISALO DIGITAL LIMITED  ,Listed    ,30 DEC 2025,               1.00,         902118289,             35.85,    32322898294.85   
30 DEC 2025,PAKKA,EQ,PAKKA LIMITED            ,Listed    ,30 DEC 2025,              10.00,          44948100,            102.80,     4621114161.00     
30 DEC 2025,PALASHSECU,EQ,PALASH SECURITIES LTD    ,Listed    ,30 DEC 2025,              10.00,          10003102,            107.55,     1075733589.10
30 DEC 2025,PALREDTEC,EQ,PALRED TECHNOLOGIES LTD  ,Listed    ,30 DEC 2025,              10.00,          12232566,             40.75,      498477064.50 
30 DEC 2025,PANACEABIO,EQ,PANACEA BIOTEC LTD       ,Listed    ,30 DEC 2025,               1.00,          61250746,            386.55,    23676475866.30
30 DEC 2025,PANACHE,BE,PANACHE DIGILIFE LIMITED ,Listed    ,30 DEC 2025,              10.00,          15228000,            334.10,     5087674800.00   
30 DEC 2025,PANAMAPET,EQ,PANAMA PETROCHEM LTD     ,Listed    ,30 DEC 2025,               2.00,          60493598,            286.05,    17304193707.90 
30 DEC 2025,PANSARI,BE,PANSARI DEVELOPERS LTD   ,Listed    ,30 DEC 2025,              10.00,          17446800,            302.00,     5268933600.00   
30 DEC 2025,PAR,EQ,PAR DRUGS AND CHEM LTD   ,Listed    ,30 DEC 2025,              10.00,          12304636,             99.35,     1222588632.95       
30 DEC 2025,PARACABLES,EQ,PARAMOUNT COMM LTD       ,Listed    ,30 DEC 2025,               2.00,         305032928,             38.90,    11859680240.65
30 DEC 2025,PARADEEP,EQ,PARADEEP PHOSPHATES LTD  ,Listed    ,30 DEC 2025,              10.00,         816345658,            165.15,   134819485418.70  
30 DEC 2025,PARAGMILK,EQ,PARAG MILK FOODS LTD.    ,Listed    ,30 DEC 2025,              10.00,         119375841,            281.35,    33586392865.35 
30 DEC 2025,PARAGON,SM,PARAGON FINE S.C. LTD.   ,Listed    ,30 DEC 2025,              10.00,          19566000,             40.30,      788509800.00   
30 DEC 2025,PARAMATRIX,SM,PARAMATRIX TECHNOLOGIES L,Listed    ,30 DEC 2025,              10.00,          11048000,             77.90,      860639200.00
30 DEC 2025,PARAMOUNT,SM,PARAMOUNT DYE TEC LIMITED,Listed    ,30 DEC 2025,              10.00,           6942651,             54.95,      381498672.45 
30 DEC 2025,PARAS,EQ,PARAS DEF AND SPCE TECH L,Listed    ,30 DEC 2025,               5.00,          80587330,            679.90,    54791325667.00     
30 DEC 2025,PARASPETRO,EQ,PARAS PETROFILS LTD.     ,Listed    ,30 DEC 2025,               1.00,         334221000,              1.80,      594913380.00
30 DEC 2025,PARIN,ST,PARIN ENTERPRISES LIMITED,Listed    ,30 DEC 2025,              10.00,          11118000,            594.00,     6604092000.00     
30 DEC 2025,PARKHOSPS,EQ,PARK MEDI WORLD LIMITED  ,Listed    ,30 DEC 2025,               2.00,         431930864,            147.30,    63614777649.90 
30 DEC 2025,PARKHOTELS,EQ,PARKHOTELS               ,Listed    ,30 DEC 2025,               1.00,         213374246,            132.65,    28299826247.00
30 DEC 2025,PARSVNATH,EQ,PARSVNATH DEVELOPER LTD  ,Listed    ,30 DEC 2025,               5.00,         435181170,             10.10,     4404033440.40 
30 DEC 2025,PARTH,SM,PARTH ELEC & ENG LTD     ,Listed    ,30 DEC 2025,              10.00,          13667955,            205.00,     2801930775.00     
30 DEC 2025,PARTYCRUS,SM,PARTY CRUISERS LIMITED   ,Listed    ,30 DEC 2025,              10.00,          11940601,             86.00,     1026891686.00 
30 DEC 2025,PASHUPATI,EQ,PASHUPATI COTSPIN LIMITED,Listed    ,30 DEC 2025,              10.00,          15784000,            810.80,    12797667200.00 
30 DEC 2025,PASUPTAC,EQ,PASUPATI ACRYLON LIMITED ,Listed    ,30 DEC 2025,              10.00,          89133121,             55.25,     4924604935.25  
30 DEC 2025,PATANJALI,EQ,PATANJALI FOODS LIMITED  ,Listed    ,30 DEC 2025,               2.00,        1087828245,            546.30,   594280570243.50 
30 DEC 2025,PATELENG,EQ,PATEL ENGINEERING LTD.   ,Listed    ,30 DEC 2025,               1.00,         992141937,             27.80,    27571624429.25  
30 DEC 2025,PATELRMART,EQ,PATEL RETAIL LIMITED     ,Listed    ,30 DEC 2025,              10.00,          33400528,            198.00,     6613304544.00
30 DEC 2025,PATILAUTOM,SM,PATIL AUTOMATION LIMITED ,Listed    ,30 DEC 2025,              10.00,          21820800,            178.00,     3884102400.00
30 DEC 2025,PATINTLOG,EQ,PATEL INT. LOG. LTD      ,Listed    ,30 DEC 2025,              10.00,          69585746,             13.60,      946366145.60 
30 DEC 2025,PATTECH,SM,PATTECH FITWELL TUB COM L,Listed    ,24 DEC 2025,              10.00,           9397187,            113.50,     1066580724.50   
30 DEC 2025,PAUSHAKLTD,EQ,PAUSHAK LIMITED          ,Listed    ,30 DEC 2025,               5.00,          24656912,            576.15,    14206079848.80
30 DEC 2025,PAVNAIND,EQ,PAVNA INDUSTRIES LIMITED ,Listed    ,30 DEC 2025,               1.00,         139530000,             20.90,     2917572300.00  
30 DEC 2025,PAYTM,EQ,ONE 97 COMMUNICATIONS LTD,Listed    ,30 DEC 2025,               1.00,         638663460,           1294.60,   826813715316.00     
30 DEC 2025,PCBL,EQ,PCBL CHEMICAL LIMITED    ,Listed    ,30 DEC 2025,               1.00,         377462604,            285.40,   107727827181.60      
30 DEC 2025,PCCL,SM,PETRO CARBON AND CHEMI L ,Listed    ,30 DEC 2025,              10.00,          24700000,            206.40,     5098080000.00      
30 DEC 2025,PCJEWELLER,EQ,PC JEWELLER LTD          ,Listed    ,30 DEC 2025,               1.00,        6922159350,              9.15,    63337758052.50
30 DEC 2025,PDMJEPAPER,EQ,PUDUMJEE PAPER PRO. LTD  ,Listed    ,30 DEC 2025,               1.00,          94950000,             92.60,     8791420500.00
30 DEC 2025,PDSL,EQ,PDS LIMITED              ,Listed    ,30 DEC 2025,               2.00,         141349633,            371.65,    52532591104.45      
30 DEC 2025,PEARLPOLY,EQ,PEARL POLYMERS LTD       ,Listed    ,30 DEC 2025,              10.00,          16834932,             22.55,      379964415.25 
30 DEC 2025,PELATRO,SM,PELATRO LIMITED          ,Listed    ,29 DEC 2025,              10.00,          10597399,            360.00,     3815063640.00   
30 DEC 2025,PENIND,EQ,PENNAR INDUSTRIES LTD    ,Listed    ,30 DEC 2025,               5.00,         134946231,            196.15,    26467004286.05    
30 DEC 2025,PENINLAND,EQ,PENINSULA LAND LIMITED   ,Listed    ,30 DEC 2025,               2.00,         324001220,             24.70,     8006070146.20 
30 DEC 2025,PENTAGON,ST,PENTAGON RUBBER LIMITED  ,Listed    ,29 DEC 2025,              10.00,           7710000,             71.00,      547410000.00  
30 DEC 2025,PERFECT,SZ,PERFECT INFRAENGINEER LTD,Listed    ,30 DEC 2025,              10.00,          17495778,              4.05,       70857900.90   
30 DEC 2025,PERSISTENT,EQ,PERSISTENT SYSTEMS LTD   ,Listed    ,30 DEC 2025,               5.00,         156400000,           6183.00,   967021200000.00
30 DEC 2025,PETRONET,EQ,PETRONET LNG LIMITED     ,Listed    ,30 DEC 2025,              10.00,        1500000088,            279.75,   419625024618.00  
30 DEC 2025,PFC,EQ,POWER FIN CORP LTD.      ,Listed    ,30 DEC 2025,              10.00,        3300101760,            349.35,  1152890549856.00       
30 DEC 2025,PFIZER,EQ,PFIZER LTD               ,Listed    ,30 DEC 2025,              10.00,          45747732,           4926.60,   225380776471.20    
30 DEC 2025,PFOCUS,EQ,PRIME FOCUS LIMITED      ,Listed    ,30 DEC 2025,               1.00,         775499548,            241.85,   187562320679.30    
30 DEC 2025,PFS,EQ,PTC INDIA FIN SERV LTD   ,Listed    ,30 DEC 2025,              10.00,         642283335,             33.15,    21298115388.60       
30 DEC 2025,PGEL,EQ,PG ELECTROPLAST LTD      ,Listed    ,30 DEC 2025,               1.00,         284075658,            562.05,   159664723578.90      
30 DEC 2025,PGHH,EQ,P&G HYGIENE & HEALTH CARE,Listed    ,30 DEC 2025,              10.00,          32460736,          12986.00,   421535117696.00      
30 DEC 2025,PGHL,EQ,PROCTER & GAMBLE HEALTH L,Listed    ,30 DEC 2025,              10.00,          16599382,           5651.50,    93811407373.00      
30 DEC 2025,PGIL,EQ,PEARL GLOBAL IND LIMITED ,Listed    ,30 DEC 2025,               5.00,          45974167,           1606.40,    73852901868.80      
30 DEC 2025,PGINVIT,IV,POWERGRID INFRA. INVITS  ,Listed    ,30 DEC 2025,             100.00,         909999200,             88.95,    80962628824.00   
30 DEC 2025,PHANTOMFX,SM,PHANTOM DIGITAL EFF LTD  ,Listed    ,30 DEC 2025,              10.00,          15922800,            231.15,     3680555220.00 
30 DEC 2025,PHOENIXLTD,EQ,THE PHOENIX MILLS LTD    ,Listed    ,30 DEC 2025,               2.00,         357591260,           1851.60,   662115977016.00
30 DEC 2025,PHOGLOBAL,SM,PHOENIX OVERSEAS LIMITED ,Listed    ,30 DEC 2025,              10.00,          19346018,             20.05,      387887660.90 
30 DEC 2025,PICCADIL,EQ,PICCADILY AGRO INDUSTRI L,Listed    ,30 DEC 2025,              10.00,          95011321,            544.40,    51724163152.40  
30 DEC 2025,PIDILITIND,EQ,PIDILITE INDUSTRIES LTD  ,Listed    ,30 DEC 2025,               1.00,        1017714032,           1450.90,  1476601289028.80
30 DEC 2025,PIGL,EQ,POWER INSTRUMENT (G) LTD ,Listed    ,30 DEC 2025,              10.00,          17582900,            123.90,     2178521310.00      
30 DEC 2025,PIIND,EQ,PI INDUSTRIES LTD        ,Listed    ,30 DEC 2025,               1.00,         151718118,           3183.90,   483055315900.20     
30 DEC 2025,PILANIINVS,EQ,PILANI INV & IND COR LTD ,Listed    ,30 DEC 2025,              10.00,          11072250,           5187.50,    57437296875.00
30 DEC 2025,PILITA,EQ,PIL ITALICA LIFESTYLE LTD,Listed    ,30 DEC 2025,               1.00,         235000000,             10.05,     2357050000.00    
30 DEC 2025,PINELABS,EQ,PINE LABS LIMITED        ,Listed    ,30 DEC 2025,               1.00,        1148276377,            235.40,   270281293618.25  
30 DEC 2025,PIONEEREMB,EQ,PIONEER EMBROIDERIES LTD ,Listed    ,30 DEC 2025,              10.00,          30807192,             28.35,      872767749.35
30 DEC 2025,PIRAMALFIN,EQ,PIRAMAL FINANCE LIMITED  ,Listed    ,30 DEC 2025,               2.00,         226677700,           1610.30,   365019100310.00
30 DEC 2025,PITTIENG,EQ,PITTI ENGINEERING LIMITED,Listed    ,30 DEC 2025,               5.00,          37653588,            813.80,    30642489914.40  
30 DEC 2025,PIXTRANS,EQ,PIX TRANSMISSIONS LIMITED,Listed    ,30 DEC 2025,              10.00,          13625200,           1407.20,    19173381440.00  
30 DEC 2025,PKTEA,EQ,THE P K TEA PROD CO LTD  ,Listed    ,30 DEC 2025,              10.00,           3095879,            860.40,     2663694291.60     
30 DEC 2025,PLADAINFO,SM,PLADA INFOTECH SERVICES L,Listed    ,30 DEC 2025,              10.00,           8574000,             15.75,      135040500.00 
30 DEC 2025,PLASTIBLEN,EQ,PLASTIBLENDS INDIA LTD   ,Listed    ,30 DEC 2025,               5.00,          25989200,            162.35,     4218826836.00
30 DEC 2025,PLATIND,EQ,PLATINUM INDUSTRIES LTD  ,Listed    ,30 DEC 2025,              10.00,          54924873,            248.25,    13635099722.25   
30 DEC 2025,PLAZACABLE,EQ,PLAZA WIRES LIMITED      ,Listed    ,30 DEC 2025,              10.00,          43752078,             41.95,     1835399672.10
30 DEC 2025,PNB,EQ,PUNJAB NATIONAL BANK     ,Listed    ,30 DEC 2025,               2.00,       11492943268,            122.40,  1406506397137.85       
30 DEC 2025,PNBGILTS,EQ,PNB GILTS LIMITED        ,Listed    ,30 DEC 2025,              10.00,         180010134,             79.20,    14260402815.50  
30 DEC 2025,PNBHOUSING,EQ,PNB HOUSING FIN LTD.     ,Listed    ,30 DEC 2025,              10.00,         260508563,            944.90,   246154541178.70
30 DEC 2025,PNC,EQ,PRITISH NANDY COMMUNICATI,Listed    ,30 DEC 2025,              10.00,          14467000,             26.10,      377878040.00       
30 DEC 2025,PNCINFRA,EQ,PNC INFRATECH LTD.       ,Listed    ,30 DEC 2025,               2.00,         256539165,            245.60,    63006018924.00  
30 DEC 2025,PNGJL,EQ,P N GADGIL JEWELLERS LTD ,Listed    ,30 DEC 2025,              10.00,         135708333,            601.95,    81689631049.35     
30 DEC 2025,POCL,EQ,PONDY OXIDES & CHEM LTD  ,Listed    ,30 DEC 2025,               5.00,          30087017,           1454.40,    43758557524.80      
30 DEC 2025,PODDARMENT,EQ,PODDAR PIGMENTS LIMITED  ,Listed    ,30 DEC 2025,              10.00,          10610000,            257.70,     2734197000.00
30 DEC 2025,POKARNA,EQ,POKARNA LIMITED          ,Listed    ,30 DEC 2025,               2.00,          31004000,            804.70,    24948918800.00   
30 DEC 2025,POLICYBZR,EQ,PB FINTECH LIMITED       ,Listed    ,30 DEC 2025,               2.00,         459257282,           1858.90,   853713361509.80 
30 DEC 2025,POLYCAB,EQ,POLYCAB INDIA LIMITED    ,Listed    ,30 DEC 2025,              10.00,         150529943,           7497.00,  1128522982671.00   
30 DEC 2025,POLYMED,EQ,POLY MEDICURE LIMITED    ,Listed    ,30 DEC 2025,               5.00,         101325715,           1698.70,   172121992070.50   
30 DEC 2025,POLYPLEX,EQ,POLYPLEX CORPORATION LTD ,Listed    ,30 DEC 2025,              10.00,          31392462,            817.90,    25675894669.80  
30 DEC 2025,POLYSIL,ST,POLYSIL IRRIGATION SYST L,Listed    ,30 DEC 2025,              10.00,          22505090,            306.90,     6906812121.00   
30 DEC 2025,PONNIERODE,EQ,PONNIE SUGARS (ERODE) LTD,Listed    ,30 DEC 2025,              10.00,           8598418,            261.85,     2251495753.30
30 DEC 2025,POONAWALLA,EQ,POONAWALLA FINCORP LTD   ,Listed    ,30 DEC 2025,               2.00,         779208596,            483.80,   376981118744.80
30 DEC 2025,POSITRON,SM,POSITRON ENERGY LIMITED  ,Listed    ,30 DEC 2025,              10.00,           7600400,            203.00,     1542881200.00  
30 DEC 2025,POWERGRID,EQ,POWER GRID CORP. LTD.    ,Listed    ,30 DEC 2025,              10.00,        9300603819,            260.35,  2421412204276.65 
30 DEC 2025,POWERINDIA,EQ,HITACHI ENERGY INDIA LTD ,Listed    ,30 DEC 2025,               2.00,          44572363,          18110.00,   807205493930.00
30 DEC 2025,POWERMECH,EQ,POWER MECH PROJECTS LTD. ,Listed    ,30 DEC 2025,              10.00,          31616292,           2277.10,    71993458513.20 
30 DEC 2025,PPAP,EQ,PPAP AUTOMOTIVE LIMITED  ,Listed    ,30 DEC 2025,              10.00,          14115070,            210.35,     2969104974.50      
30 DEC 2025,PPL,EQ,PRAKASH PIPES LIMITED    ,Listed    ,30 DEC 2025,              10.00,          23918354,            236.90,     5666736429.70       
30 DEC 2025,PPLPHARMA,EQ,PIRAMAL PHARMA LIMITED   ,Listed    ,30 DEC 2025,              10.00,        1329248130,            171.30,   227700204669.00 
30 DEC 2025,PPSL,SM,PICTUREPOST STUDIOS LTD  ,Listed    ,30 DEC 2025,               1.00,          29300000,             10.95,      320835000.00      
30 DEC 2025,PRABHA,EQ,PRABHA ENERGY LIMITED    ,Listed    ,30 DEC 2025,               1.00,         136905531,            189.35,    25920324184.25    
30 DEC 2025,PRAENG,BE,PRAJAY ENG. SYN. LTD.    ,Listed    ,30 DEC 2025,              10.00,          69935791,             25.20,     1760983217.40    
30 DEC 2025,PRAJIND,EQ,PRAJ INDUSTRIES LTD      ,Listed    ,30 DEC 2025,               2.00,         183813088,            318.25,    58498515256.00   
30 DEC 2025,PRAKASH,EQ,PRAKASH INDUSTRIES LTD   ,Listed    ,30 DEC 2025,              10.00,         179081839,            146.05,    26158484222.75   
30 DEC 2025,PRAKASHSTL,EQ,PRAKASH STEELAGE LTD     ,Listed    ,30 DEC 2025,               1.00,         175000390,              5.40,      948502113.80
30 DEC 2025,PRAMARA,SM,PRAMARA PROMOTIONS LTD   ,Listed    ,30 DEC 2025,              10.00,          11571168,            349.70,     4046437449.60   
30 DEC 2025,PRANIK,SM,PRANIK LOGISTICS LIMITED ,Listed    ,30 DEC 2025,              10.00,          11010150,             55.50,      611063325.00    
30 DEC 2025,PRATHAM,SM,PRATHAM EPC PROJECTS LTD ,Listed    ,30 DEC 2025,              10.00,          18212489,            147.85,     2692716498.65   
30 DEC 2025,PRAXIS,EQ,PRAXIS HOME RETAIL LTD   ,Listed    ,30 DEC 2025,               5.00,         184910685,              9.25,     1712272943.10    
30 DEC 2025,PRECAM,EQ,PRECISION CAMSHAFTS LTD. ,Listed    ,30 DEC 2025,              10.00,          94985835,            167.95,    15954770704.95    
30 DEC 2025,PRECISION,SM,PRECISION METALIKS LTD   ,Listed    ,30 DEC 2025,              10.00,          22959066,             12.70,      291580138.20 
30 DEC 2025,PRECOT,EQ,PRECOT LIMITED           ,Listed    ,30 DEC 2025,              10.00,          12000000,            408.95,     4907400000.00    
30 DEC 2025,PRECWIRE,EQ,PRECISION WIRES INDIA LTD,Listed    ,30 DEC 2025,               1.00,         180040975,            239.65,    43146819658.75  
30 DEC 2025,PREMEXPLN,EQ,PREMIER EXPLOSIVES LTD   ,Listed    ,30 DEC 2025,               2.00,          53761195,            518.30,    27864427368.50 
30 DEC 2025,PREMIER,BE,PREMIER LIMITED          ,Listed    ,30 DEC 2025,              10.00,          30372570,              3.05,       92636338.50   
30 DEC 2025,PREMIERENE,EQ,PREMIER ENERGIES LIMITED ,Listed    ,30 DEC 2025,               1.00,         450774368,            852.05,   384082300254.40
30 DEC 2025,PREMIERPOL,EQ,PREMIER POLYFILM LTD     ,Listed    ,30 DEC 2025,               1.00,         104742475,             41.25,     4321674518.50
30 DEC 2025,PREMIUM,SM,PREMIUM PLAST LIMITED    ,Listed    ,30 DEC 2025,              10.00,          19097100,             38.55,      736193205.00   
30 DEC 2025,PRESSTONIC,SM,PRESSTONIC ENGINEERING L ,Listed    ,30 DEC 2025,              10.00,           7707480,             61.65,      475166142.00
30 DEC 2025,PRESTIGE,EQ,PRESTIGE ESTATE LTD      ,Listed    ,30 DEC 2025,              10.00,         430730232,           1569.60,   676074172147.20  
30 DEC 2025,PRICOLLTD,EQ,PRICOL LIMITED           ,Listed    ,30 DEC 2025,               1.00,         121881498,            643.65,    78449026187.70 
30 DEC 2025,PRIMECAB,SM,PRIME CABLE INDUSTRIES L ,Listed    ,30 DEC 2025,               5.00,          18324060,             87.60,     1605187656.00  
30 DEC 2025,PRIMESECU,EQ,PRIME SECURITIES LIMITED ,Listed    ,30 DEC 2025,               5.00,          33645325,            275.95,     9284427433.75 
30 DEC 2025,PRIMO,EQ,PRIMO CHEMICALS LIMITED  ,Listed    ,30 DEC 2025,               2.00,         242343220,             23.80,     5765345203.80     
30 DEC 2025,PRINCEPIPE,EQ,PRINCE PIPES FITTINGS LTD,Listed    ,30 DEC 2025,              10.00,         110561079,            248.90,    27518652563.10
30 DEC 2025,PRITI,EQ,PRITI INTERNATIONAL LTD  ,Listed    ,30 DEC 2025,              10.00,          13353328,             58.85,      785709819.50     
30 DEC 2025,PRITIKA,SM,PRITIKA ENG COMPO LTD    ,Listed    ,29 DEC 2025,               5.00,          26365030,             79.40,     2093383382.00   
30 DEC 2025,PRITIKAUTO,EQ,PRITIKA AUTO INDUS LTD   ,Listed    ,30 DEC 2025,               2.00,         166512667,             13.10,     2182981064.35
30 DEC 2025,PRIVISCL,EQ,PRIVI SPECIALITY CHE LTD ,Listed    ,30 DEC 2025,              10.00,          39062706,           3190.50,   124629563493.00  
30 DEC 2025,PRIZOR,SM,PRIZOR VIZTECH LIMITED   ,Listed    ,30 DEC 2025,              10.00,          10691203,            285.00,     3046992855.00    
30 DEC 2025,PRLIND,SM,PREMIER ROADLINES LIMITED,Listed    ,30 DEC 2025,              10.00,          22862547,             76.10,     1739839826.70    
30 DEC 2025,PROFX,SM,PRO FX TECH LIMITED      ,Listed    ,30 DEC 2025,              10.00,          17503686,             75.00,     1312776450.00     
30 DEC 2025,PROLIFE,SM,PROLIFE INDUSTRIES LTD   ,Listed    ,30 DEC 2025,              10.00,           4094080,             77.00,      315244160.00   
30 DEC 2025,PROPEQUITY,SM,P. E. ANALYTICS LIMITED  ,Listed    ,30 DEC 2025,              10.00,          10482104,            180.00,     1886778720.00
30 DEC 2025,PROSTARM,EQ,PROSTARM INFO SYSTEMS LTD,Listed    ,30 DEC 2025,              10.00,          58874592,            176.70,    10403729152.30  
30 DEC 2025,PROTEAN,EQ,PROTEAN EGOV TECHNO LTD  ,Listed    ,30 DEC 2025,              10.00,          40548239,            740.65,    30032053215.35   
30 DEC 2025,PROV,SM,PROVENTUS AGROCOM LIMITED,Listed    ,30 DEC 2025,              10.00,           3446691,           1290.00,     4446231390.00      
30 DEC 2025,PROZONER,BE,PROZONE REALTY LIMITED   ,Listed    ,30 DEC 2025,               2.00,         152602883,             54.80,     8361111959.55  
30 DEC 2025,PRSMJOHNSN,EQ,PRISM JOHNSON LIMITED    ,Listed    ,30 DEC 2025,              10.00,         503356580,            135.15,    68028641787.00
30 DEC 2025,PRUDENT,EQ,PRUDENT CORP ADV SER LTD ,Listed    ,30 DEC 2025,               5.00,          41406680,           2545.20,   105388281936.00   
30 DEC 2025,PRUDMOULI,EQ,PRUDENTIAL SUGAR CORPORAT,Listed    ,30 DEC 2025,              10.00,          32252000,             21.05,      678259560.00 
30 DEC 2025,PSB,EQ,PUNJAB & SIND BANK       ,Listed    ,30 DEC 2025,              10.00,        7095585220,             27.00,   191509845087.80       
30 DEC 2025,PSFL,SM,PARAMOUNT SPECIALI FORG L,Listed    ,30 DEC 2025,              10.00,          19682000,             29.00,      570778000.00      
30 DEC 2025,PSPPROJECT,EQ,PSP PROJECTS LIMITED     ,Listed    ,30 DEC 2025,              10.00,          39641791,            851.55,    33756967126.05
30 DEC 2025,PSRAJ,ST,P S RAJ STEELS LIMITED   ,Listed    ,30 DEC 2025,              10.00,           7538314,            305.00,     2299185770.00     
30 DEC 2025,PTC,EQ,PTC INDIA LIMITED        ,Listed    ,30 DEC 2025,              10.00,         296008321,            158.65,    46961720126.65       
30 DEC 2025,PTCIL,EQ,PTC INDUSTRIES LIMITED   ,Listed    ,30 DEC 2025,              10.00,          14984126,          18213.00,   272905886838.00     
30 DEC 2025,PTL,EQ,PTL ENTERPRISES LTD      ,Listed    ,30 DEC 2025,               1.00,         132377000,             39.10,     5178588240.00       
30 DEC 2025,PULZ,SM,PULZ ELECTRONICS LIMITED ,Listed    ,30 DEC 2025,              10.00,          21808000,             31.00,      676048000.00      
30 DEC 2025,PUNJABCHEM,EQ,PUNJAB CHEM & CROP PROT L,Listed    ,30 DEC 2025,              10.00,          12262185,           1191.30,    14607940990.50
30 DEC 2025,PURPLEUTED,SM,PURPLE UNITED SALES LTD  ,Listed    ,30 DEC 2025,              10.00,           9609800,            398.40,     3828544320.00
30 DEC 2025,PURVA,EQ,PURAVANKARA LIMITED      ,Listed    ,30 DEC 2025,               5.00,         237149686,            238.55,    56576800589.00     
30 DEC 2025,PURVFLEXI,SM,PURV FLEXIPACK LIMITED   ,Listed    ,30 DEC 2025,              10.00,          20982750,             79.00,     1657637250.00 
30 DEC 2025,PUSHPA,SM,PUSHPA JEWELLERS LIMITED ,Listed    ,30 DEC 2025,              10.00,          24222912,            105.00,     2543405760.00    
30 DEC 2025,PVP,BE,PVP VENTURES LIMITED     ,Listed    ,30 DEC 2025,              10.00,         260403681,             38.25,     9960440798.25       
30 DEC 2025,PVRINOX,EQ,PVR INOX LIMITED         ,Listed    ,30 DEC 2025,              10.00,          98199962,            995.50,    97758062171.00   
30 DEC 2025,PVSL,EQ,POPULAR VEHICLES N SER L ,Listed    ,30 DEC 2025,               2.00,          71198198,            111.10,     7910119797.80      
30 DEC 2025,PWL,EQ,PHYSICSWALLAH LIMITED    ,Listed    ,30 DEC 2025,               1.00,        2859692500,            129.40,   370015612575.00       
30 DEC 2025,PYRAMID,EQ,PYRAMID TECHNOPLAST LTD  ,Listed    ,30 DEC 2025,              10.00,          36784800,            162.40,     5973851520.00   
30 DEC 2025,AEROENTER,EQ,AEROFLEX ENTERPRISES LTD ,Listed    ,30 DEC 2025,               2.00,         113085000,             86.55,     9788637600.00 
30 DEC 2025,AERONEU,EQ,AEROFLEX NEU LIMITED     ,Listed    ,30 DEC 2025,              10.00,          25796000,             74.75,     1927735080.00   
30 DEC 2025,ANTELOPUS,EQ,ANTELOPUS SELAN ENRGY LTD,Listed    ,30 DEC 2025,              10.00,          35162358,            402.95,    14168672156.10 
30 DEC 2025,COHANCE,EQ,COHANCE LIFESCIENCES LTD ,Listed    ,30 DEC 2025,               1.00,         382567140,            527.50,   201804166350.00   
30 DEC 2025,HALEOSLABS,BE,HALEOS LABS LIMITED      ,Listed    ,30 DEC 2025,              10.00,           3023287,           1323.60,     4001622673.20
30 DEC 2025,IBULLSLTD,EQ,INDIABULLS LIMITED       ,Listed    ,30 DEC 2025,               2.00,         100442259,             17.60,     1769792603.60 
30 DEC 2025,QFIL,SM,QUALITY FOILS (INDIA) LTD,Listed    ,24 DEC 2025,              10.00,           2854000,             61.70,      176091800.00      
30 DEC 2025,QMSMEDI,SM,QMS MEDICAL ALLIED S LTD ,Listed    ,30 DEC 2025,              10.00,          19337500,             90.00,     1740375000.00   
30 DEC 2025,QPOWER,EQ,QUALITY POWER ELEC EQUP L,Listed    ,30 DEC 2025,              10.00,          77444100,            725.30,    56170205730.00    
30 DEC 2025,QUADFUTURE,EQ,QUADRANT FUTURE TEK LTD  ,Listed    ,30 DEC 2025,              10.00,          40000000,            325.95,    13038000000.00
30 DEC 2025,QUADPRO,SM,QUADPRO ITES LIMITED     ,Listed    ,29 DEC 2025,               2.00,          50550000,              2.35,      118792500.00   
30 DEC 2025,QUESS,EQ,QUESS CORP LIMITED       ,Listed    ,30 DEC 2025,              10.00,         149084904,            210.30,    31351064462.15     
30 DEC 2025,QUESTLAB,SM,QUEST LABORATORIES LTD   ,Listed    ,30 DEC 2025,              10.00,          16387200,            104.65,     1714920480.00  
30 DEC 2025,QUICKHEAL,EQ,QUICK HEAL TECH LTD      ,Listed    ,30 DEC 2025,              10.00,          54144479,            261.20,    14142537914.80 
30 DEC 2025,QUICKTOUCH,SM,QUICKTOUCH TECHNOLOGIES L,Listed    ,30 DEC 2025,              10.00,          11815996,             39.00,      460823844.00
30 DEC 2025,QVCEL,SM,QVC EXPORTS LIMITED      ,Listed    ,30 DEC 2025,              10.00,          10451292,             29.25,      305700291.00     
30 DEC 2025,RACE,EQ,RACE ECO CHAIN LIMITED   ,Listed    ,30 DEC 2025,              10.00,          17257200,            140.50,     2424636600.00      
30 DEC 2025,RACLGEAR,EQ,RACL GEARTECH LIMITED    ,Listed    ,30 DEC 2025,              10.00,          11788080,           1135.00,    13379470800.00  
30 DEC 2025,RADAAN,EQ,RADAAN MEDIAWORKS (I) LTD,Listed    ,30 DEC 2025,               2.00,          54161540,              3.40,      184149236.00    
30 DEC 2025,RADHIKAJWE,EQ,RADHIKA JEWELTECH LIMITED,Listed    ,30 DEC 2025,               2.00,         118000000,             75.20,     8872420000.00
30 DEC 2025,RADIANTCMS,EQ,RADIANT CASH MGMT SER LTD,Listed    ,30 DEC 2025,               1.00,         106707906,             51.20,     5463444787.20
30 DEC 2025,RADICO,EQ,RADICO KHAITAN LTD       ,Listed    ,30 DEC 2025,               2.00,         133867518,           3376.00,   451936740768.00    
30 DEC 2025,RADIOCITY,EQ,MUSIC BROADCAST LIMITED  ,Listed    ,30 DEC 2025,               2.00,         345685625,              6.60,     2284981981.25 
30 DEC 2025,RADIOWALLA,SM,RADIOWALLA NETWORK LTD   ,Listed    ,30 DEC 2025,              10.00,           7048236,             58.95,      415493512.20
30 DEC 2025,RAILTEL,EQ,RAILTEL CORP OF IND LTD  ,Listed    ,30 DEC 2025,              10.00,         320938407,            366.95,   117768348448.65   
30 DEC 2025,RAIN,EQ,RAIN INDUSTRIES LIMITED  ,Listed    ,30 DEC 2025,               2.00,         336345679,            145.75,    49015655800.65      
30 DEC 2025,RAINBOW,EQ,RAINBOW CHILDRENS MED LTD,Listed    ,30 DEC 2025,              10.00,         101559156,           1318.10,   133865123523.60   
30 DEC 2025,RAJESHEXPO,BZ,RAJESH EXPORTS LTD       ,Listed    ,30 DEC 2025,               1.00,         295259959,            192.05,    56704675125.95
30 DEC 2025,RAJINDLTD,SM,RAJPUTANA INDUSTRIES LTD ,Listed    ,30 DEC 2025,              10.00,          22215000,             84.50,     1877167500.00 
30 DEC 2025,RAJMET,EQ,RAJNANDINI METAL LIMITED ,Listed    ,30 DEC 2025,               1.00,         276480000,              4.45,     1233100800.00    
30 DEC 2025,RAJOOENG,EQ,RAJOO ENGINEERS LIMITED  ,Listed    ,30 DEC 2025,               1.00,         178675293,             63.30,    11308359293.95  
30 DEC 2025,RAJPUTANA,SM,RAJPUTANA BIODIESEL LTD  ,Listed    ,30 DEC 2025,              10.00,           7033500,            247.45,     1740439575.00 
30 DEC 2025,RAJRATAN,EQ,RAJRATAN GLOBAL WIRE LTD ,Listed    ,30 DEC 2025,               2.00,          50771000,            442.55,    22468706050.00  
30 DEC 2025,RAJRILTD,BE,RAJ RAYON INDUSTRIES LTD ,Listed    ,30 DEC 2025,               1.00,         556082495,             22.60,    12573025211.95  
30 DEC 2025,RAJSREESUG,EQ,RAJSHREE SUGAR & CHEMICAL,Listed    ,30 DEC 2025,              10.00,          33135606,             34.50,     1143178407.00
30 DEC 2025,RAJTV,EQ,RAJ TV NETWORK LTD       ,Listed    ,30 DEC 2025,               5.00,          51913344,             42.95,     2230197258.25     
30 DEC 2025,RALLIS,EQ,RALLIS INDIA LTD         ,Listed    ,30 DEC 2025,               1.00,         194468890,            277.65,    53994287308.50    
30 DEC 2025,RAMANEWS,EQ,SHREE RAMA NEWSPRINT LTD ,Listed    ,30 DEC 2025,              10.00,         147522032,             31.65,     4670547533.10  
30 DEC 2025,RAMAPHO,EQ,RAMA PHOSPHATES LIMITED  ,Listed    ,30 DEC 2025,               5.00,          35386426,            163.70,     5792404071.95   
30 DEC 2025,RAMASTEEL,EQ,RAMA STEEL TUBES LIMITED ,Listed    ,30 DEC 2025,               1.00,        1558263201,              9.30,    14476265137.30 
30 DEC 2025,RAMCOCEM,EQ,THE RAMCO CEMENTS LIMITED,Listed    ,30 DEC 2025,               1.00,         236292380,           1048.00,   247634414240.00  
30 DEC 2025,RAMCOIND,EQ,RAMCO INDUSTRIES LIMITED ,Listed    ,30 DEC 2025,               1.00,          86809060,            311.20,    27014979472.00  
30 DEC 2025,RAMCOSYS,EQ,RAMCO SYSTEMS LTD.       ,Listed    ,30 DEC 2025,              10.00,          37362661,            576.55,    21541442199.55  
30 DEC 2025,RAMKY,EQ,RAMKY INFRA LTD          ,Listed    ,30 DEC 2025,              10.00,          69197791,            563.20,    38972195891.20     
30 DEC 2025,RAMRAT,EQ,RAM RATNA WIRES LIMITED  ,Listed    ,30 DEC 2025,               5.00,          93253072,            320.25,    29864296308.00    
30 DEC 2025,RANASUG,EQ,RANA SUGARS LTD.         ,Listed    ,30 DEC 2025,              10.00,         153567820,             12.25,     1884277151.40   
30 DEC 2025,RANEHOLDIN,EQ,RANE HOLDINGS LIMITED    ,Listed    ,30 DEC 2025,              10.00,          14277809,           1305.70,    18642535211.30
30 DEC 2025,RAPIDFLEET,SM,RAPID FLEET MGT SERVICE L,Listed    ,29 DEC 2025,              10.00,           7434800,            183.00,     1360568400.00
30 DEC 2025,RAPPID,SM,RAPPID VALVES (INDIA) LTD,Listed    ,29 DEC 2025,              10.00,           5191984,            297.00,     1542019248.00    
30 DEC 2025,RATEGAIN,EQ,RATEGAIN TRAVEL TECHN LTD,Listed    ,30 DEC 2025,               1.00,         118079758,            677.65,    80016748008.70  
30 DEC 2025,RATNAMANI,EQ,RATNAMANI MET & TUB LTD. ,Listed    ,30 DEC 2025,               2.00,          70092000,           2305.80,   161618133600.00 
30 DEC 2025,RATNAVEER,EQ,RATNAVEER PRECISION ENG L,Listed    ,30 DEC 2025,              10.00,          53049389,            150.05,     7960060819.45 
30 DEC 2025,RAYMOND,EQ,RAYMOND LTD              ,Listed    ,30 DEC 2025,              10.00,          66573731,            417.20,    27774560573.20   
30 DEC 2025,RAYMONDLSL,EQ,RAYMOND LIFESTYLE LIMITED,Listed    ,30 DEC 2025,               2.00,          60923629,            988.90,    60247376718.10
30 DEC 2025,RAYMONDREL,EQ,RAYMOND REALTY LIMITED   ,Listed    ,30 DEC 2025,              10.00,          66573731,            506.55,    33722923438.05
30 DEC 2025,RBA,EQ,RESTAURANT BRAND ASIA LTD,Listed    ,30 DEC 2025,              10.00,         582192114,             64.25,    37417487166.80       
30 DEC 2025,RBLBANK,EQ,RBL BANK LIMITED         ,Listed    ,30 DEC 2025,              10.00,         613020634,            309.70,   189852490349.80   
30 DEC 2025,RBMINFRA,SM,RBM INFRACON LIMITED     ,Listed    ,30 DEC 2025,              10.00,          10103000,            416.90,     4211940700.00  
30 DEC 2025,RBS,SM,RAMDEVBABA SOLVENT LTD   ,Listed    ,30 DEC 2025,              10.00,          22861350,             94.00,     2148966900.00       
30 DEC 2025,RBZJEWEL,EQ,RBZ JEWELLERS LIMITED    ,Listed    ,30 DEC 2025,              10.00,          40000000,            139.10,     5563200000.00  
30 DEC 2025,RCDL,SM,RAJGOR CASTOR DERIVATI L ,Listed    ,26 DEC 2025,              10.00,          23915852,             21.00,      502232892.00      
30 DEC 2025,RCF,EQ,RASHTRIYA CHEMICALS & FER,Listed    ,30 DEC 2025,              10.00,         551688100,            145.45,    80254067907.00       
30 DEC 2025,RCOM,BE,RELIANCE COMMUNICATIONS L,Listed    ,30 DEC 2025,               5.00,        2765533050,              1.10,     3014431024.50      
30 DEC 2025,READYMIX,SM,READYMIX CONSTRU MACHI L ,Listed    ,30 DEC 2025,              10.00,          10958500,            115.00,     1260227500.00  
30 DEC 2025,RECLTD,EQ,REC LIMITED              ,Listed    ,30 DEC 2025,              10.00,        2633224000,            351.40,   925314913600.00    
30 DEC 2025,REDINGTON,EQ,REDINGTON LIMITED        ,Listed    ,30 DEC 2025,               2.00,         781774431,            268.40,   209828257280.40 
30 DEC 2025,REDTAPE,EQ,REDTAPE LIMITED          ,Listed    ,30 DEC 2025,               2.00,         552807600,            121.95,    67403830668.00   
30 DEC 2025,REFEX,EQ,REFEX INDUSTRIES LIMITED ,Listed    ,30 DEC 2025,               2.00,         136855607,            250.85,    34330229015.95     
30 DEC 2025,REFRACTORY,SM,REFRACTORY SHAPES LIMITED,Listed    ,30 DEC 2025,              10.00,          21800000,             55.10,     1201180000.00
30 DEC 2025,REGAAL,EQ,REGAAL RESOURCES LIMITED ,Listed    ,30 DEC 2025,               5.00,         102723460,             68.15,     7001631033.60    
30 DEC 2025,REGENCERAM,EQ,REGENCY CERAMICS LTD.    ,Listed    ,30 DEC 2025,              10.00,          26441586,             49.00,     1295108882.30
30 DEC 2025,RELAXO,EQ,RELAXO FOOT LTD.         ,Listed    ,30 DEC 2025,               1.00,         248938586,            400.40,    99675009834.40    
30 DEC 2025,RELCHEMQ,EQ,RELIANCE CHEMOTEX IND LTD,Listed    ,30 DEC 2025,              10.00,           7543563,            134.15,     1011818105.20  
30 DEC 2025,RELIABLE,BE,RELIABLE DATA SERVICE LTD,Listed    ,30 DEC 2025,              10.00,          10320000,            140.20,     1447070400.00  
30 DEC 2025,RELIANCE,EQ,RELIANCE INDUSTRIES LTD  ,Listed    ,30 DEC 2025,              10.00,       13532472634,           1539.80, 20837301361833.20  
30 DEC 2025,RELIGARE,EQ,RELIGARE ENTER. LTD.     ,Listed    ,30 DEC 2025,              10.00,         330656663,            240.75,    79598978484.00  
30 DEC 2025,RELTD,EQ,RAVINDRA ENERGY LIMITED  ,Listed    ,30 DEC 2025,              10.00,         178554463,            158.10,    28231246144.95     
30 DEC 2025,REMSONSIND,EQ,REMSONS INDUSTRIES LTD   ,Listed    ,30 DEC 2025,               2.00,          34878785,            117.10,     4084654511.35
30 DEC 2025,REMUS,SM,REMUS PHARMACEUTICALS L  ,Listed    ,30 DEC 2025,              10.00,          11784000,            709.55,     8361337200.00     
30 DEC 2025,RENUKA,EQ,SHREE RENUKA SUGARS LTD  ,Listed    ,30 DEC 2025,               1.00,        2128489773,             25.75,    54829896552.50    
30 DEC 2025,REPCOHOME,EQ,REPCO HOME FINANCE LTD   ,Listed    ,30 DEC 2025,              10.00,          62561362,            413.25,    25853482846.50 
30 DEC 2025,REPL,EQ,RUDRABHISHEK ENTERP LTD  ,Listed    ,30 DEC 2025,              10.00,          18122500,            116.70,     2115076975.00      
30 DEC 2025,REPRO,EQ,REPRO INDIA LIMITED      ,Listed    ,30 DEC 2025,              10.00,          14323488,            465.50,     6667583664.00     
30 DEC 2025,RESPONIND,EQ,RESPONSIVE INDUSTRIES LTD,Listed    ,30 DEC 2025,               1.00,         266608544,            202.55,    54006892758.10 
30 DEC 2025,RETAIL,EQ,JHS SVENDGAARD RETAIL V L,Listed    ,30 DEC 2025,              10.00,           7404600,             24.20,      179191320.00    
30 DEC 2025,REXPIPES,SM,REX PIPES AND CABLES LTD ,Listed    ,26 DEC 2025,              10.00,           9450000,            153.30,     1448685000.00  
30 DEC 2025,REXPRO,SM,REXPRO ENTERPRISES LTD   ,Listed    ,30 DEC 2025,              10.00,          11206460,             62.50,      700403750.00    
30 DEC 2025,RGL,EQ,RENAISSANCE GLOBAL LTD   ,Listed    ,30 DEC 2025,               2.00,         107287971,            119.65,    12835932850.45       
30 DEC 2025,RHETAN,EQ,RHETAN TMT LIMITED       ,Listed    ,30 DEC 2025,               1.00,         796875000,             24.20,    19284375000.00    
30 DEC 2025,RHFL,BZ,RELIANCE HOME FINANCE LTD,Listed    ,30 DEC 2025,              10.00,         484555683,              2.90,     1395520367.05      
30 DEC 2025,RHIM,EQ,RHI MAGNESITA INDIA LTD  ,Listed    ,30 DEC 2025,               1.00,         206501426,            444.00,    91686633144.00      
30 DEC 2025,RHL,EQ,ROBUST HOTELS LIMITED    ,Listed    ,30 DEC 2025,              10.00,          17291696,            175.15,     3028467637.45       
30 DEC 2025,RICHA,ST,RICHA INFO SYSTEMS LTD   ,Listed    ,26 DEC 2025,              10.00,          10328000,             67.00,      691976000.00     
30 DEC 2025,RICOAUTO,EQ,RICO AUTO INDUSTRIES LTD ,Listed    ,30 DEC 2025,               1.00,         135285000,            130.80,    17696630850.00  
30 DEC 2025,RIIL,EQ,RELIANCE INDUSTRIAL INFRA,Listed    ,30 DEC 2025,              10.00,          15100000,            792.80,    11971280000.00      
30 DEC 2025,RILINFRA,SM,RACHANA INFRA LTD        ,Listed    ,30 DEC 2025,              10.00,          18605000,             37.40,      695827000.00  
30 DEC 2025,RISHABH,EQ,RISHABH INSTRUMENTS LTD  ,Listed    ,30 DEC 2025,              10.00,          38409424,            394.00,    15133313056.00   
30 DEC 2025,RITCO,EQ,RITCO LOGISTICS LIMITED  ,Listed    ,30 DEC 2025,              10.00,          28622757,            267.35,     7652294083.95     
30 DEC 2025,RITES,EQ,RITES LIMITED            ,Listed    ,30 DEC 2025,              10.00,         480603774,            237.25,   114032857457.00     
30 DEC 2025,RITEZONE,SM,RITE ZONE CHEMCON IND LTD,Listed    ,30 DEC 2025,              10.00,           4230270,             22.40,       94758048.00  
30 DEC 2025,RKDL,EQ,RAVI KUMAR DIST. LTD.    ,Listed    ,30 DEC 2025,              10.00,          24000000,             23.15,      556080000.00      
30 DEC 2025,RKEC,EQ,RKEC PROJECTS LIMITED    ,Listed    ,30 DEC 2025,              10.00,          25820600,             54.85,     1416001704.00      
30 DEC 2025,RKFORGE,EQ,RAMKRISHNA FORGINGS LTD  ,Listed    ,30 DEC 2025,               2.00,         181030604,            507.55,    91882083060.20   
30 DEC 2025,RKSWAMY,EQ,R K SWAMY LIMITED        ,Listed    ,30 DEC 2025,               5.00,          50477241,            114.90,     5799330218.50   
30 DEC 2025,RMDRIP,EQ,R M DRIP & SPRINK SYS LTD,Listed    ,30 DEC 2025,               1.00,         249800000,             82.25,    20548548000.00    
30 DEC 2025,RML,EQ,RANE (MADRAS) LIMITED    ,Listed    ,30 DEC 2025,              10.00,          27637137,            783.40,    21650933125.80       
30 DEC 2025,RNBDENIMS,EQ,R&B DENIMS LIMITED       ,Listed    ,30 DEC 2025,               2.00,          89973440,            129.70,    11671354636.80 
30 DEC 2025,RNFI,SM,RNFI SERVICES LIMITED    ,Listed    ,30 DEC 2025,              10.00,          24952688,            310.00,     7735333280.00      
30 DEC 2025,RNPL,ST,RENOL POLYCHEM LIMITED   ,Listed    ,30 DEC 2025,              10.00,           7944000,            147.00,     1167768000.00      
30 DEC 2025,ROADSTAR,IV,ROADSTAR INFRA INVT TRUST,Listed    ,Not Traded ,             100.00,         455477143,            100.00,    45547714300.00  
30 DEC 2025,ROCKINGDCE,SM,ROCKINGDEALS CIRCU ECO L ,Listed    ,30 DEC 2025,              10.00,           5659000,            272.00,     1539248000.00
30 DEC 2025,ROHLTD,EQ,ROYAL ORCHID HOTELS LTD  ,Listed    ,30 DEC 2025,              10.00,          27425215,            415.85,    11404775657.75    
30 DEC 2025,ROLEXRINGS,EQ,ROLEX RINGS LIMITED      ,Listed    ,30 DEC 2025,               1.00,         272333120,            127.90,    34831406048.00
30 DEC 2025,ROLLT,EQ,ROLLATAINERS LIMITED     ,Listed    ,30 DEC 2025,               1.00,         250130000,              1.20,      305158600.00     
30 DEC 2025,ROML,EQ,RAJ OIL MILLS LIMITED    ,Listed    ,30 DEC 2025,              10.00,          14988684,             51.80,      776563718.05      
30 DEC 2025,ROSSARI,EQ,ROSSARI BIOTECH LIMITED  ,Listed    ,30 DEC 2025,               2.00,          55366966,            575.05,    31838773798.30   
30 DEC 2025,ROSSELLIND,EQ,ROSSELL INDIA LIMITED    ,Listed    ,30 DEC 2025,               2.00,          62428270,             50.80,     3171980398.70
30 DEC 2025,ROSSTECH,EQ,ROSSELL TECHSYS LIMITED  ,Listed    ,30 DEC 2025,               2.00,          37696475,            635.30,    23948570567.50  
30 DEC 2025,ROTO,EQ,ROTO PUMPS LIMITED       ,Listed    ,30 DEC 2025,               1.00,         188445660,             68.60,    12931141189.20      
30 DEC 2025,ROUTE,EQ,ROUTE MOBILE LIMITED     ,Listed    ,30 DEC 2025,              10.00,          62997582,            702.15,    44233752201.30     
30 DEC 2025,ROXHITECH,SM,ROX HI TECH LIMITED      ,Listed    ,30 DEC 2025,              10.00,          22836350,             43.20,      986530320.00 
30 DEC 2025,ROYALARC,SM,ROYAL ARC ELECTRODES LTD ,Listed    ,30 DEC 2025,              10.00,          11100200,            160.00,     1776032000.00  
30 DEC 2025,RPEL,EQ,RAGHAV PRODUCTIVITY ENH L,Listed    ,30 DEC 2025,              10.00,          45911960,            929.40,    42670575624.00      
30 DEC 2025,RPGLIFE,EQ,RPG LIFE SCIENCES LTD    ,Listed    ,30 DEC 2025,               8.00,          16539015,           2284.60,    37785033669.00   
30 DEC 2025,RPOWER,EQ,RELIANCE POWER LTD.      ,Listed    ,30 DEC 2025,              10.00,        4135770966,             33.65,   139210050715.55    
30 DEC 2025,RPPINFRA,EQ,R.P.P INFRA PROJECTS LTD ,Listed    ,30 DEC 2025,              10.00,          49585918,             99.75,     4945699461.30  
30 DEC 2025,RPPL,EQ,RAJSHREE POLYPACK LTD    ,Listed    ,30 DEC 2025,               5.00,          73344000,             18.75,     1373733120.00      
30 DEC 2025,RPSGVENT,EQ,RPSG VENTURES LIMITED    ,Listed    ,30 DEC 2025,              10.00,          33086409,            747.20,    24722164804.80  
30 DEC 2025,RPTECH,EQ,RASHI PERIPHERALS LIMITED,Listed    ,30 DEC 2025,               5.00,          65899665,            354.00,    23328481410.00    
30 DEC 2025,RRKABEL,EQ,R R KABEL LIMITED        ,Listed    ,30 DEC 2025,               5.00,         113086233,           1433.20,   162075189135.60   
30 DEC 2025,RSSOFTWARE,EQ,R. S. SOFTWARE (INDIA) LI,Listed    ,30 DEC 2025,               5.00,          25831211,             50.00,     1291560550.00
30 DEC 2025,RSWM,EQ,RSWM LIMITED             ,Listed    ,30 DEC 2025,              10.00,          47101684,            149.00,     7017208882.30      
30 DEC 2025,RSYSTEMS,EQ,R SYS INTERNATIONAL LTD  ,Listed    ,30 DEC 2025,               1.00,         118388137,            405.70,    48030067180.90  
30 DEC 2025,RTL,SM,RAMA TELECOM LIMITED     ,Listed    ,30 DEC 2025,              10.00,          13199349,             66.00,      871157034.00       
30 DEC 2025,RTNINDIA,EQ,RATTANINDIA ENT LIMITED  ,Listed    ,30 DEC 2025,               2.00,        1382269592,             40.35,    55788400733.10  
30 DEC 2025,RTNPOWER,EQ,RATTANINDIA POWER LIMITED,Listed    ,30 DEC 2025,              10.00,        5370105860,              9.25,    49566077087.80  
30 DEC 2025,RUBFILA,EQ,RUBFILA INTERNATIONAL LTD,Listed    ,30 DEC 2025,               5.00,          54267529,             73.20,     3971840447.50   
30 DEC 2025,RUBICON,EQ,RUBICON RESEARCH LIMITED ,Listed    ,30 DEC 2025,               1.00,         164750309,            662.70,   109180029774.30   
30 DEC 2025,RUBYMILLS,EQ,THE RUBY MILLS LTD       ,Listed    ,30 DEC 2025,               5.00,          33440000,            221.20,     7396259200.00 
30 DEC 2025,RUCHINFRA,EQ,RUCHI INFRASTRUCTURE LTD ,Listed    ,30 DEC 2025,               1.00,         236024942,              6.50,     1536522372.40 
30 DEC 2025,RUCHIRA,EQ,RUCHIRA PAPERS LIMITED   ,Listed    ,30 DEC 2025,              10.00,          29844984,            120.25,     3589157775.85   
30 DEC 2025,RUDRA,EQ,RUDRA GLOBAL INFRA PROD L,Listed    ,30 DEC 2025,               5.00,         100343828,             25.35,     2541709163.25     
30 DEC 2025,RULKA,SM,RULKA ELECTRICALS LIMITED,Listed    ,30 DEC 2025,              10.00,           4258400,            103.55,      440957320.00     
30 DEC 2025,RUPA,EQ,RUPA & COMPANY LTD       ,Listed    ,30 DEC 2025,               1.00,          79524560,            157.70,    12541818357.60      
30 DEC 2025,RUSHIL,EQ,RUSHIL DECOR LIMITED     ,Listed    ,30 DEC 2025,               1.00,         293416820,             22.30,     6537326749.60    
30 DEC 2025,RUSTOMJEE,EQ,KEYSTONE REALTORS LIMITED,Listed    ,30 DEC 2025,              10.00,         126093584,            528.80,    66678287219.20 
30 DEC 2025,RVHL,EQ,RAVINDER HEIGHTS LIMITED ,Listed    ,30 DEC 2025,               1.00,          61325746,             52.15,     3196911139.00      
30 DEC 2025,RVNL,EQ,RAIL VIKAS NIGAM LIMITED ,Listed    ,30 DEC 2025,              10.00,        2085020100,            360.35,   751336993035.00      
30 DEC 2025,RVTH,EQ,REVATHI EQUIPMENT INDIA L,Listed    ,30 DEC 2025,              10.00,           3066943,            714.10,     2190103996.30      
30 DEC 2025,S&SPOWER,EQ,S&S POWER SWITCHGEARS LTD,Listed    ,30 DEC 2025,              10.00,          12341550,            276.45,     3412068328.50  
30 DEC 2025,SAAKSHI,SM,SAAKSHI MEDTEC N PANELS L,Listed    ,30 DEC 2025,              10.00,          17656000,            188.00,     3319328000.00   
30 DEC 2025,SAATVIKGL,EQ,SAATVIK GREEN ENERGY LTD ,Listed    ,30 DEC 2025,               2.00,         127105004,            378.25,    48077467763.00 
30 DEC 2025,SABAR,ST,SABAR FLEX INDIA LIMITED ,Listed    ,30 DEC 2025,              10.00,          17250207,              4.90,       84526014.30     
30 DEC 2025,SABEVENTS,BE,SAB EVENTS & GOVERNANCE  ,Listed    ,30 DEC 2025,              10.00,          10483711,              8.80,       92151819.70 
30 DEC 2025,SABTNL,BE,SRI ADHIKARI BRO TELE N L,Listed    ,30 DEC 2025,              10.00,          25373056,           1570.60,    39850921753.60    
30 DEC 2025,SACHEEROME,ST,SACHEEROME LIMITED       ,Listed    ,30 DEC 2025,              10.00,          22372800,            363.30,     8128038240.00
30 DEC 2025,SADBHAV,BE,SADBHAV ENGINEERING LTD  ,Listed    ,30 DEC 2025,               1.00,         171570800,             11.00,     1888994508.00   
30 DEC 2025,SADBHIN,EQ,SADBHAV INFRA PROJ LTD.  ,Listed    ,30 DEC 2025,              10.00,         352225216,              3.70,     1303233299.20   
30 DEC 2025,SADHAV,SM,SADHAV SHIPPING LIMITED  ,Listed    ,30 DEC 2025,              10.00,          14352618,             98.50,     1413732873.00    
30 DEC 2025,SADHNANIQ,EQ,SADHANA NITROCHEM LIMITED,Listed    ,30 DEC 2025,               1.00,         329411057,              7.10,     2338818504.70 
30 DEC 2025,SAFARI,EQ,SAFARI IND (INDIA) LTD   ,Listed    ,30 DEC 2025,               2.00,          48990613,           2167.10,   106167557432.30    
30 DEC 2025,SAFEENTP,SM,SAFE ENTER RETAIL FIX LTD,Listed    ,30 DEC 2025,               5.00,          46604478,            257.00,    11977350846.00  
30 DEC 2025,SAGARDEEP,EQ,SAGARDEEP ALLOYS LIMITED ,Listed    ,30 DEC 2025,              10.00,          17057400,             28.85,      491935416.00 
30 DEC 2025,SAGCEM,EQ,SAGAR CEMENTS LIMITED    ,Listed    ,30 DEC 2025,               2.00,         130707548,            210.80,    27554458193.90    
30 DEC 2025,SAGILITY,EQ,SAGILITY LIMITED         ,Listed    ,30 DEC 2025,              10.00,        4681328413,             52.20,   244365343158.60  
30 DEC 2025,SAHAJSOLAR,SM,SAHAJ SOLAR LIMITED      ,Listed    ,30 DEC 2025,              10.00,          21972020,            180.30,     3961555206.00
30 DEC 2025,SAHANA,SM,SAHANA SYSTEM LIMITED    ,Listed    ,30 DEC 2025,              10.00,           8837104,            823.40,     7276471433.60    
30 DEC 2025,SAHASRA,SM,SAHASRA ELECTRONIC SOLU L,Listed    ,30 DEC 2025,              10.00,          24992763,            282.30,     7055456994.90   
30 DEC 2025,SAHYADRI,EQ,SAHYADRI INDUSTRIES LTD  ,Listed    ,30 DEC 2025,              10.00,          10946300,            255.95,     2801705485.00  
30 DEC 2025,SAIFL,SM,SAMEERA AGRO AND INFRA L ,Listed    ,30 DEC 2025,              10.00,          26949800,             13.40,      361127320.00     
30 DEC 2025,SAIL,EQ,STEEL AUTHORITY OF INDIA ,Listed    ,30 DEC 2025,              10.00,        4130525289,            141.00,   582486676254.80      
30 DEC 2025,SAILIFE,EQ,SAI LIFE SCIENCES LIMITED,Listed    ,30 DEC 2025,               1.00,         209249292,            910.35,   190490092972.20   
30 DEC 2025,SAJHOTELS,SM,SAJ HOTELS LIMITED       ,Listed    ,30 DEC 2025,              10.00,          16125000,             58.00,      935250000.00 
30 DEC 2025,SAKAR,EQ,SAKAR HEALTHCARE LIMITED ,Listed    ,30 DEC 2025,              10.00,          22249910,            407.40,     9064613334.00     
30 DEC 2025,SAKHTISUG,EQ,SAKTHI SUGARS LTD        ,Listed    ,30 DEC 2025,              10.00,         118849036,             19.25,     2290220923.70 
30 DEC 2025,SAKSOFT,EQ,SAKSOFT LIMITED          ,Listed    ,30 DEC 2025,               1.00,         132551250,            196.60,    26056924725.00   
30 DEC 2025,SAKUMA,EQ,SAKUMA EXPORTS LIMITED   ,Listed    ,30 DEC 2025,               1.00,        1567718640,              2.10,     3323563516.80    
30 DEC 2025,SALASAR,EQ,SALASAR TECHNO ENGG. LTD.,Listed    ,30 DEC 2025,               1.00,        1726770290,              8.80,    15178310849.10   
30 DEC 2025,SALONA,EQ,SALONA COTSPIN LTD.      ,Listed    ,30 DEC 2025,              10.00,           5262400,            261.25,     1374802000.00    
30 DEC 2025,SALSTEEL,BE,S.A.L. STEEL LTD.        ,Listed    ,30 DEC 2025,              10.00,          84966700,             42.55,     3613633751.00  
30 DEC 2025,SALZERELEC,EQ,SALZER ELECTRONICS LTD   ,Listed    ,30 DEC 2025,              10.00,          17682737,            687.50,    12156881687.50
30 DEC 2025,SAMAY,ST,SAMAY PROJECT SERVICES L ,Listed    ,30 DEC 2025,              10.00,          15349320,             44.40,      681509808.00     
30 DEC 2025,SAMBHAAV,BE,SAMBHAAV MEDIA LTD       ,Listed    ,30 DEC 2025,               1.00,         191110840,              9.05,     1733375318.80  
30 DEC 2025,SAMBHV,EQ,SAMBHV STEEL TUBES LTD   ,Listed    ,30 DEC 2025,              10.00,         294671429,             95.10,    28020306183.60    
30 DEC 2025,SAMHI,EQ,SAMHI HOTELS LIMITED     ,Listed    ,30 DEC 2025,               1.00,         221206154,            178.00,    39379119535.10     
30 DEC 2025,SAMMAANCAP,EQ,SAMMAAN CAPITAL LIMITED  ,Listed    ,30 DEC 2025,               2.00,         828358025,            141.00,   116806765105.25
30 DEC 2025,SAMPANN,EQ,SAMPANN UTPADAN INDIA LTD,Listed    ,30 DEC 2025,              10.00,          40610000,             33.90,     1376272900.00   
30 DEC 2025,SANATHAN,EQ,SANATHAN TEXTILES LIMITED,Listed    ,30 DEC 2025,              10.00,          84404059,            416.35,    35141629964.65  
30 DEC 2025,SANCO,BZ,SANCO INDUSTRIES LIMITED ,Listed    ,30 DEC 2025,              10.00,          13082000,              2.20,       28780400.00     
30 DEC 2025,SANDESH,EQ,SANDESH LTD              ,Listed    ,30 DEC 2025,              10.00,           7569421,           1067.70,     8081870801.70   
30 DEC 2025,SANDHAR,EQ,SANDHAR TECHNOLOGIES LTD ,Listed    ,30 DEC 2025,              10.00,          60190708,            550.30,    33122946612.40   
30 DEC 2025,SANDUMA,EQ,SANDUR MANG & IRON ORES L,Listed    ,30 DEC 2025,              10.00,         486104814,            240.95,   117131815981.45   
30 DEC 2025,SANGAMIND,EQ,SANGAM (INDIA) LTD       ,Listed    ,30 DEC 2025,              10.00,          50246559,            474.05,    23819381293.95 
30 DEC 2025,SANGANI,SM,SANGANI HOSPITALS LIMITED,Listed    ,30 DEC 2025,              10.00,          13776990,             57.00,      785288430.00   
30 DEC 2025,SANGHIIND,EQ,SANGHI INDUSTRIES LTD    ,Listed    ,30 DEC 2025,              10.00,         258326000,             63.80,    16486365320.00 
30 DEC 2025,SANGHVIMOV,EQ,SANGHVI MOVERS LTD       ,Listed    ,30 DEC 2025,               1.00,          86576000,            343.90,    29773486400.00
30 DEC 2025,SANGINITA,EQ,SANGINITA CHEMICALS LTD  ,Listed    ,30 DEC 2025,              10.00,          25901550,              9.90,      256943376.00 
30 DEC 2025,SANOFI,EQ,SANOFI INDIA LIMITED     ,Listed    ,30 DEC 2025,              10.00,          23030622,           4064.20,    93601053932.40    
30 DEC 2025,SANOFICONR,EQ,SANOFI CONS HEALTHC IND L,Listed    ,30 DEC 2025,              10.00,          23030622,           4416.90,   101723954311.80
30 DEC 2025,SANSERA,EQ,SANSERA ENGINEERING LTD  ,Listed    ,30 DEC 2025,               2.00,          62095749,           1666.80,   103501194433.20   
30 DEC 2025,SANSTAR,EQ,SANSTAR LIMITED          ,Listed    ,30 DEC 2025,               2.00,         182244250,             93.35,    17012500737.50   
30 DEC 2025,SANWARIA,BZ,SANWARIA CONSUMER LIMITED,Listed    ,30 DEC 2025,               1.00,         736100000,              0.25,      191386000.00  
30 DEC 2025,SAPPHIRE,EQ,SAPPHIRE FOODS INDIA LTD ,Listed    ,30 DEC 2025,               2.00,         321382905,            247.30,    79477992406.50  
30 DEC 2025,SARDAEN,EQ,SARDA ENERGY & MIN LTD   ,Listed    ,30 DEC 2025,               1.00,         352381270,            516.70,   182075402209.00   
30 DEC 2025,SAREGAMA,EQ,SAREGAMA INDIA LIMITED   ,Listed    ,30 DEC 2025,               1.00,         192809490,            351.15,    67705052413.50  
30 DEC 2025,SARLAPOLY,EQ,SARLA PERF. FIBERS LTD   ,Listed    ,30 DEC 2025,               1.00,          83503000,             90.55,     7560361620.00 
30 DEC 2025,SAROJA,SM,SAROJA PHARMA INDUS IND L,Listed    ,23 DEC 2025,              10.00,           4020486,             40.00,      160819440.00    
30 DEC 2025,SARTELE,SM,SAR TELEVENTURE LIMITED  ,Listed    ,30 DEC 2025,               2.00,          47107500,            216.90,    10217616750.00   
30 DEC 2025,SARVESHWAR,EQ,SARVESHWAR FOODS LIMITED ,Listed    ,30 DEC 2025,               1.00,        1228726469,              4.35,     5332672875.45
30 DEC 2025,SASKEN,EQ,SASKEN TECHNOLOGIES LTD  ,Listed    ,30 DEC 2025,              10.00,          15142801,           1499.90,    22712687219.90    
30 DEC 2025,SASTASUNDR,EQ,SASTASUNDAR VENTURES LTD ,Listed    ,30 DEC 2025,              10.00,          31810500,            299.95,     9541559475.00
30 DEC 2025,SATECH,ST,S A TECH SOFTWARE INDIA L,Listed    ,30 DEC 2025,              10.00,          13057281,             52.15,      680937204.15    
30 DEC 2025,SATIA,EQ,SATIA INDUSTRIES LIMITED ,Listed    ,30 DEC 2025,               1.00,         100000000,             66.00,     6600000000.00     
30 DEC 2025,SATIN,EQ,SATIN CREDIT NET LTD     ,Listed    ,30 DEC 2025,              10.00,         110470965,            143.70,    15872468251.20     
30 DEC 2025,SATIPOLY,SM,SATI POLY PLAST LIMITED  ,Listed    ,30 DEC 2025,              10.00,           4947000,             59.00,      291873000.00  
30 DEC 2025,SATKARTAR,SM,SAT KARTAR SHOPPING LTD  ,Listed    ,30 DEC 2025,              10.00,          15744876,            141.50,     2227899954.00 
30 DEC 2025,SATTVAENGG,SM,SATTVA ENGINEERING CSTN L,Listed    ,30 DEC 2025,              10.00,          17468616,             62.10,     1084801053.60
30 DEC 2025,SAURASHCEM,EQ,SAURASHTRA CEMENT LIMITED,Listed    ,30 DEC 2025,              10.00,         111253157,             80.35,     8940303696.50
30 DEC 2025,SAVY,SM,SAVY INFRA AND LOGI LTD  ,Listed    ,30 DEC 2025,              10.00,          20808480,            165.10,     3435480048.00      
30 DEC 2025,SAWALIYA,SM,SAWALIYA FOOD PRODUCTS L ,Listed    ,30 DEC 2025,              10.00,           9918220,            315.60,     3130190232.00  
30 DEC 2025,SBC,EQ,SBC EXPORTS LIMITED      ,Listed    ,30 DEC 2025,               1.00,         476190000,             28.35,    13490462700.00       
30 DEC 2025,SBCL,EQ,SHIVALIK BIMETAL CON. LTD,Listed    ,30 DEC 2025,               2.00,          57604200,            424.95,    24478904790.00      
30 DEC 2025,SBFC,EQ,SBFC FINANCE LIMITED     ,Listed    ,30 DEC 2025,              10.00,        1091537046,            104.70,   114294844086.65      
30 DEC 2025,SBGLP,EQ,SURATWWALA BUS GROUP LTD ,Listed    ,30 DEC 2025,               1.00,         173416440,             35.85,     6216979374.00     
30 DEC 2025,SBICARD,EQ,SBI CARDS & PAY SER LTD  ,Listed    ,30 DEC 2025,              10.00,         951544404,            843.40,   802532550333.60   
30 DEC 2025,SBILIFE,EQ,SBI LIFE INSURANCE CO LTD,Listed    ,30 DEC 2025,              10.00,        1002475226,           1995.50,  2000439313483.00   
30 DEC 2025,SBIN,EQ,STATE BANK OF INDIA      ,Listed    ,30 DEC 2025,               1.00,        9230617586,            973.45,  8985544689091.70      
30 DEC 2025,SCHAEFFLER,EQ,SCHAEFFLER INDIA LIMITED ,Listed    ,30 DEC 2025,               2.00,         156303670,           3823.60,   597642712612.00
30 DEC 2025,SCHAND,EQ,S CHAND AND COMPANY LTD  ,Listed    ,30 DEC 2025,               5.00,          35249632,            153.95,     5427385839.05    
30 DEC 2025,SCHNEIDER,EQ,SCHNEIDER ELECTRIC INFRA ,Listed    ,30 DEC 2025,               2.00,         239104035,            701.50,   167731480552.50 
30 DEC 2025,SCI,EQ,SHIPPING CORP OF INDIA LT,Listed    ,30 DEC 2025,              10.00,         465799010,            228.45,   106421099814.70       
30 DEC 2025,SCILAL,EQ,SHIPPING CORP OF ILA LTD ,Listed    ,30 DEC 2025,              10.00,         465799010,             46.45,    21627048034.30    
30 DEC 2025,SCML,ST,SHARP CHUCKS N MACHINES L,Listed    ,30 DEC 2025,              10.00,          11509792,            141.75,     1631513016.00      
30 DEC 2025,SCODATUBES,EQ,SCODA TUBES LIMITED      ,Listed    ,30 DEC 2025,              10.00,          59908900,            157.00,     9406296389.00
30 DEC 2025,SCPL,EQ,SHEETAL COOL PRODUCTS LTD,Listed    ,30 DEC 2025,              10.00,          10500000,            307.40,     3227805000.00      
30 DEC 2025,SDBL,EQ,SOM DIST & BREW LTD      ,Listed    ,30 DEC 2025,               2.00,         194988432,            105.65,    20596628072.15      
30 DEC 2025,SDREAMS,SM,S D RETAIL LIMITED       ,Listed    ,30 DEC 2025,              10.00,          18722386,             77.50,     1450984915.00   
30 DEC 2025,SEAMECLTD,EQ,SEAMEC LIMITED           ,Listed    ,30 DEC 2025,              10.00,          25425000,           1066.55,    27117033750.00 
30 DEC 2025,SECMARK,EQ,SECMARK CONSULTANCY LTD  ,Listed    ,30 DEC 2025,              10.00,          10447000,            114.40,     1195136800.00   
30 DEC 2025,SECURKLOUD,BE,SECUREKLOUD TECH LIMITED ,Listed    ,30 DEC 2025,               5.00,          33410605,             24.95,      833594594.75
30 DEC 2025,SEITINVIT,IV,SUSTAINABLE ENERGY INFRA ,Listed    ,16 DEC 2025,             100.00,         324000000,            118.00,    38232000000.00 
30 DEC 2025,SEJALLTD,BE,SEJAL GLASS LIMITED      ,Listed    ,30 DEC 2025,              10.00,          10100000,            869.65,     8783465000.00  
30 DEC 2025,SEL,SM,SUNGARNER ENERGIES LTD   ,Listed    ,30 DEC 2025,              10.00,           2318750,            216.00,      500850000.00       
30 DEC 2025,SELLOWRAP,SM,SELLOWRAP INDUSTRIES LTD ,Listed    ,30 DEC 2025,              10.00,          13744220,             79.00,     1085793380.00 
30 DEC 2025,SELMC,BE,SEL MANUFACTURING CO LTD ,Listed    ,30 DEC 2025,              10.00,          33134700,             32.00,     1060310400.00     
30 DEC 2025,SEMAC,EQ,SEMAC CONSTRUCTION LTD   ,Listed    ,30 DEC 2025,              10.00,           3117308,            307.95,      959974998.60     
30 DEC 2025,SENCO,EQ,SENCO GOLD LIMITED       ,Listed    ,30 DEC 2025,               5.00,         163718332,            318.30,    52111545075.60     
30 DEC 2025,SENORES,EQ,SENORES PHARMACEUTICALS L,Listed    ,30 DEC 2025,              10.00,          46053588,            823.60,    37929735076.80   
30 DEC 2025,SEPC,EQ,SEPC LIMITED             ,Listed    ,30 DEC 2025,              10.00,        1590158103,             10.05,    15965187354.10      
30 DEC 2025,SEQUENT,EQ,SEQUENT SCIENTIFIC LTD.  ,Listed    ,30 DEC 2025,               2.00,         251652648,            206.40,    51941106547.20   
30 DEC 2025,SERVICE,SM,SERVICE CARE LIMITED     ,Listed    ,30 DEC 2025,              10.00,          13328500,             43.05,      573791925.00   
30 DEC 2025,SERVOTECH,EQ,SERVOTECH REN POW SYS LTD,Listed    ,30 DEC 2025,               1.00,         225845348,             77.60,    17527857458.30 
30 DEC 2025,SESHAPAPER,EQ,SESHASAYEE PAPER & BOARDS,Listed    ,30 DEC 2025,               2.00,          63068140,            238.50,    15041751390.00
30 DEC 2025,SETCO,EQ,SETCO AUTOMOTIVE LTD     ,Listed    ,30 DEC 2025,               2.00,         133767275,             15.65,     2090782508.25     
30 DEC 2025,SETUINFRA,BZ,SETUBANDHAN INFRA LTD    ,Listed    ,30 DEC 2025,               1.00,         125678260,              0.45,       59068782.20 
30 DEC 2025,SFL,EQ,SHEELA FOAM LIMITED      ,Listed    ,30 DEC 2025,               5.00,         108710778,            578.80,    62921798306.40       
30 DEC 2025,SFML,SM,SUPREME FACILITY MGMT LTD,Listed    ,30 DEC 2025,              10.00,          24829200,             31.50,      782119800.00      
30 DEC 2025,SGFIN,EQ,SG FINSERVE LIMITED      ,Listed    ,30 DEC 2025,              10.00,          55895000,            395.80,    22123241000.00     
30 DEC 2025,SGIL,EQ,SYNERGY GREEN IND. LTD   ,Listed    ,30 DEC 2025,              10.00,          15543000,            472.10,     7337850300.00      
30 DEC 2025,SGL,EQ,STL GLOBAL LIMITED       ,Listed    ,30 DEC 2025,              10.00,          26990914,             13.30,      359518974.50       
30 DEC 2025,SGLTL,EQ,STANDARD GLASS LIN TECH L,Listed    ,30 DEC 2025,              10.00,         199491662,            148.70,    29664410139.40     
30 DEC 2025,SGMART,EQ,SG MART LIMITED          ,Listed    ,30 DEC 2025,               1.00,         126000000,            380.05,    47886300000.00    
30 DEC 2025,SHAH,EQ,SHAH METACORP LIMITED    ,Listed    ,30 DEC 2025,               1.00,         629378676,              5.00,     3146893380.00      
30 DEC 2025,SHAHALLOYS,EQ,SHAH ALLOYS LIMITED      ,Listed    ,30 DEC 2025,              10.00,          19797540,             68.45,     1355537563.80
30 DEC 2025,SHAILY,EQ,SHAILY ENG PLASTICS LTD  ,Listed    ,30 DEC 2025,               2.00,          45955093,           2250.60,   103426532305.80    
30 DEC 2025,SHAIVAL,ST,SHAIVAL REALITY LIMITED  ,Listed    ,23 APR 2024,              10.00,          11574000,             30.50,      353007000.00   
30 DEC 2025,SHAKTIPUMP,EQ,SHAKTI PUMPS (I) LTD     ,Listed    ,30 DEC 2025,              10.00,         123397965,            699.85,    86360065805.25
30 DEC 2025,SHALBY,EQ,SHALBY LIMITED           ,Listed    ,30 DEC 2025,              10.00,         108009770,            196.55,    21227160098.10    
30 DEC 2025,SHALPAINTS,EQ,SHALIM PAINTS LTD        ,Listed    ,30 DEC 2025,               2.00,          83711178,             59.95,     5018485121.10
30 DEC 2025,SHANKARA,EQ,SHANKARA BLDG PRODUCT LTD,Listed    ,30 DEC 2025,              10.00,          24249326,            101.10,     2451606858.60  
30 DEC 2025,SHANTHALA,ST,SHANTHALA FMCG PRODUCTS L,Listed    ,29 DEC 2025,              10.00,           6698064,             30.30,      202951339.20 
30 DEC 2025,SHANTI,EQ,SHANTI OVERSEAS INDIA LTD,Listed    ,30 DEC 2025,              10.00,          11106000,              9.00,      100065060.00    
30 DEC 2025,SHANTIGEAR,EQ,SHANTHI GEARS LTD        ,Listed    ,30 DEC 2025,               1.00,          76715853,            469.95,    36052615117.35
30 DEC 2025,SHANTIGOLD,EQ,SHANTI GOLD INTERNATION L,Listed    ,30 DEC 2025,              10.00,          72096000,            186.15,    13419228480.00
30 DEC 2025,SHARDACROP,EQ,SHARDA CROPCHEM LTD.     ,Listed    ,30 DEC 2025,              10.00,          90220495,            839.70,    75758149651.50
30 DEC 2025,SHARDAMOTR,EQ,SHARDA MOTOR INDS LTD    ,Listed    ,30 DEC 2025,               2.00,          57407706,            934.55,    53650371642.30
30 DEC 2025,SHAREINDIA,EQ,SHARE IND. SECURITIES LTD,Listed    ,30 DEC 2025,               2.00,         217492050,            164.10,    35690445405.00
30 DEC 2025,SHEEL,SM,SHEEL BIOTECH LIMITED    ,Listed    ,30 DEC 2025,              10.00,          20352550,             71.00,     1445031050.00     
30 DEC 2025,SHEETAL,SM,SHEETAL UNIVERSAL LIMITED,Listed    ,30 DEC 2025,              10.00,          11455999,            161.50,     1850143838.50   
30 DEC 2025,SHEKHAWATI,EQ,SHEKHAWATI INDUSTRIES LTD,Listed    ,30 DEC 2025,              10.00,          34470000,             19.40,      669407400.00
30 DEC 2025,SHEMAROO,EQ,SHEMAROO ENTER. LTD.     ,Listed    ,30 DEC 2025,              10.00,          27320299,            106.55,     2911251061.45  
30 DEC 2025,SHERA,SM,SHERA ENERGY LIMITED     ,Listed    ,30 DEC 2025,              10.00,          24439347,            130.55,     3190556750.85     
30 DEC 2025,SHETHJI,SM,SHREEJI GLOBAL FMCG LTD  ,Listed    ,30 DEC 2025,              10.00,          22760000,            114.85,     2613986000.00   
30 DEC 2025,SHIGAN,SM,SHIGAN QUANTUM TECH LTD  ,Listed    ,30 DEC 2025,              10.00,          20327400,             43.10,      876110940.00    
30 DEC 2025,SHILCTECH,EQ,SHILCHAR TECHNOLOGIES LTD,Listed    ,30 DEC 2025,              10.00,          11440200,           3817.20,    43669531440.00 
30 DEC 2025,SHILPAMED,EQ,SHILPA MEDICARE LTD      ,Listed    ,30 DEC 2025,               1.00,         195581816,            315.60,    61725621129.60 
30 DEC 2025,SHIVALIK,EQ,SHIVALIK RASAYAN LIMITED ,Listed    ,30 DEC 2025,               5.00,          15750365,            357.75,     5634693078.75  
30 DEC 2025,SHIVAMAUTO,EQ,SHIVAM AUTO.LTD          ,Listed    ,30 DEC 2025,               2.00,         131495219,             23.75,     3123011451.25
30 DEC 2025,SHIVAMILLS,EQ,SHIVA MILLS LIMITED      ,Listed    ,30 DEC 2025,              10.00,           8641808,             58.85,      508397564.65
30 DEC 2025,SHIVASHRIT,SM,SHIVASHRIT FOODS LIMITED ,Listed    ,30 DEC 2025,              10.00,          18269000,            130.00,     2374970000.00
30 DEC 2025,SHIVATEX,EQ,SHIVA TEXYARN LIMITED    ,Listed    ,30 DEC 2025,              10.00,          12962713,            184.75,     2394990853.90  
30 DEC 2025,SHIVAUM,EQ,SHIV AUM STEELS LIMITED  ,Listed    ,30 DEC 2025,              10.00,          13600400,            298.00,     4052919200.00   
30 DEC 2025,SHK,EQ,S H KELKAR AND CO. LTD.  ,Listed    ,30 DEC 2025,              10.00,         138420801,            175.55,    24299771615.55       
30 DEC 2025,SHKSIL,SM,SHRI HARE-KRI SPO IRON L ,Listed    ,30 DEC 2025,              10.00,          19191050,             56.00,     1074698800.00    
30 DEC 2025,SHOPERSTOP,EQ,SHOPPERS STOP LIMITED    ,Listed    ,30 DEC 2025,               5.00,         110112105,            373.30,    41104848796.50
30 DEC 2025,SHRADHA,EQ,SHRADHA INFRAPROJECTS LTD,Listed    ,30 DEC 2025,               2.00,          80997568,             37.65,     3047938483.85   
30 DEC 2025,SHREDIGCEM,EQ,SHREE DIGVIJAY CEM CO LTD,Listed    ,30 DEC 2025,              10.00,         147869278,             91.00,    13456104298.00
30 DEC 2025,SHREECEM,EQ,SHREE CEMENT LIMITED     ,Listed    ,30 DEC 2025,              10.00,          36080748,          26340.00,   950366902320.00  
30 DEC 2025,SHREEJISPG,EQ,SHREEJI SHIPPING GLOBAL L,Listed    ,30 DEC 2025,              10.00,         162918254,            360.65,    58756468305.10
30 DEC 2025,SHREEKARNI,SM,SHREE KARNI FABCOM LTD   ,Listed    ,30 DEC 2025,              10.00,           7228750,            496.90,     3591965875.00
30 DEC 2025,SHREEOSFM,SM,SHREE OSFM E-MOBILITY LTD,Listed    ,30 DEC 2025,              10.00,          15403400,             73.20,     1127528880.00 
30 DEC 2025,SHREEPUSHK,EQ,SHRE PUSH CHEM & FERT LTD,Listed    ,30 DEC 2025,              10.00,          32337691,            376.75,    12183225084.25
30 DEC 2025,SHREERAMA,EQ,SHREE RAMA MULTI TECH LTD,Listed    ,30 DEC 2025,               5.00,         133468005,             64.85,     8655400124.25 
30 DEC 2025,SHREMINVIT,IV,SHREM INVIT              ,Listed    ,30 DEC 2025,             100.00,         610844160,            100.00,    61084416000.00
30 DEC 2025,SHRENIK,EQ,SHRENIK LIMITED          ,Listed    ,30 DEC 2025,               1.00,         612000000,              0.50,      293760000.00   
30 DEC 2025,SHREYANIND,EQ,SHREYANS INDUSTRIES LTD  ,Listed    ,30 DEC 2025,              10.00,          13825000,            175.50,     2426564000.00
30 DEC 2025,SHRIAHIMSA,SM,SHRI AHIMSA NATURALS LTD ,Listed    ,30 DEC 2025,              10.00,          23330100,            231.35,     5397418635.00
30 DEC 2025,SHRIKANHA,SM,SHRI KANHA STAINLESS LTD ,Listed    ,30 DEC 2025,              10.00,          15582400,             28.90,      450331360.00 
30 DEC 2025,SHRINGARMS,EQ,SHRINGAR HOU OF MANGALS L,Listed    ,30 DEC 2025,              10.00,          96432080,            220.45,    21258452036.00
30 DEC 2025,SHRIPISTON,EQ,SHRIRAM PIST. & RING LTD ,Listed    ,30 DEC 2025,              10.00,          44049824,           3159.00,   139153394016.00
30 DEC 2025,SHRIRAMFIN,EQ,SHRIRAM FINANCE LIMITED  ,Listed    ,30 DEC 2025,               2.00,        1881007883,            979.40,  1842259120610.20
30 DEC 2025,SHRIRAMPPS,EQ,SHRIRAM PROPERTIES LTD   ,Listed    ,30 DEC 2025,              10.00,         170352907,             85.05,    14490218269.40
30 DEC 2025,SHRITECH,SM,SHRI TECHTEX LIMITED     ,Listed    ,30 DEC 2025,              10.00,          24950000,             60.00,     1497000000.00  
30 DEC 2025,SHUBHLAXMI,ST,SHUBHLAXMI JEWEL ART LTD ,Listed    ,30 DEC 2025,              10.00,          10604000,             37.45,      397119800.00
30 DEC 2025,SHUBHSHREE,SM,SHUBHSHREE BIOFUELS ENE L,Listed    ,29 DEC 2025,              10.00,           5242000,            382.00,     2002444000.00
30 DEC 2025,SHYAMCENT,BE,SHYAM CENTURY FERROUS LTD,Listed    ,30 DEC 2025,               1.00,         212172990,              6.15,     1304863888.50 
30 DEC 2025,SHYAMMETL,EQ,SHYAM METALICS AND ENGY L,Listed    ,30 DEC 2025,              10.00,         279131853,            833.65,   232698269253.45 
30 DEC 2025,SHYAMTEL,EQ,SHYAM TELECOM LIMITED    ,Listed    ,30 DEC 2025,              10.00,          11270000,             12.65,      142452800.00  
30 DEC 2025,SICALLOG,BE,SICAL LOGISTICS LIMITED  ,Listed    ,30 DEC 2025,              10.00,          65249080,             84.75,     5531164511.60  
30 DEC 2025,SIDDHICOTS,SM,SIDDHI COTSPIN LIMITED   ,Listed    ,30 DEC 2025,              10.00,          24406491,             30.20,      737076028.20
30 DEC 2025,SIDDHIKA,SM,SIDDHIKA COATINGS LIMITED,Listed    ,30 DEC 2025,              10.00,           6179000,            208.45,     1288012550.00  
30 DEC 2025,SIEMENS,EQ,SIEMENS LTD              ,Listed    ,30 DEC 2025,               2.00,         356120505,           3029.50,  1078867069897.50   
30 DEC 2025,SIGACHI,EQ,SIGACHI INDUSTRIES LTD   ,Listed    ,30 DEC 2025,               1.00,         382117010,             32.10,    12262134850.90   
30 DEC 2025,SIGIND,EQ,SIGNET INDUSTRIES LIMITED,Listed    ,30 DEC 2025,              10.00,          29437000,             54.40,     1601961540.00    
30 DEC 2025,SIGMA,BE,SIGMA SOLVE LIMITED      ,Listed    ,30 DEC 2025,               1.00,         102774980,             57.60,     5917783348.40     
30 DEC 2025,SIGNATURE,EQ,SIGNATUREGLOBAL INDIA LTD,Listed    ,30 DEC 2025,               1.00,         140510691,           1114.40,   156585114050.40 
30 DEC 2025,SIGNORIA,SM,SIGNORIA CREATION LIMITED,Listed    ,30 DEC 2025,              10.00,           4758000,            100.45,      477941100.00  
30 DEC 2025,SIGNPOST,EQ,SIGNPOST INDIA LIMITED   ,Listed    ,30 DEC 2025,               2.00,          53450000,            212.35,    11349573000.00  
30 DEC 2025,SIKKO,BE,SIKKO INDUSTRIES LIMITED ,Listed    ,30 DEC 2025,               1.00,         436800000,              5.25,     2284464000.00     
30 DEC 2025,SIL,EQ,STANDARD INDUSTRIES LTD. ,Listed    ,30 DEC 2025,               5.00,          64328941,             15.95,     1026046608.95       
30 DEC 2025,SILGO,EQ,SILGO RETAIL LIMITED     ,Listed    ,30 DEC 2025,              10.00,          24604529,             81.65,     2008959792.85     
30 DEC 2025,SILINV,EQ,SIL INVESTMENTS LIMITED  ,Listed    ,30 DEC 2025,              10.00,          10595860,            512.35,     5428788871.00    
30 DEC 2025,SILKFLEX,SM,SILKFLEX POLYMERS INDIA L,Listed    ,30 DEC 2025,              10.00,          11607000,             92.25,     1070745750.00  
30 DEC 2025,SILKY,SM,SILKY OVERSEAS LIMITED   ,Listed    ,30 DEC 2025,              10.00,           6367623,            145.95,      929354576.85     
30 DEC 2025,SILLYMONKS,BE,SILLY MONKS ENTERTAIN LTD,Listed    ,30 DEC 2025,              10.00,          10253664,             21.00,      215326944.00
30 DEC 2025,SILVERTUC,EQ,SILVER TOUCH TECHNO LTD  ,Listed    ,30 DEC 2025,              10.00,          12681000,           1011.85,    12831269850.00 
30 DEC 2025,SIMBHALS,BZ,SIMBHAOLI SUGARS LTD.    ,Listed    ,30 DEC 2025,              10.00,          41279020,             10.40,      430127388.40  
30 DEC 2025,SIMPLEXINF,EQ,SIMPLEX INFRASTRUCTURES L,Listed    ,30 DEC 2025,               2.00,          79095346,            240.45,    19018475945.70
30 DEC 2025,SINCLAIR,EQ,SINCLAIRS HOTELS LIMITED ,Listed    ,30 DEC 2025,               2.00,          51260000,             83.70,     4289949400.00  
30 DEC 2025,SINDHUTRAD,EQ,SINDHU TRADE LINKS LTD   ,Listed    ,30 DEC 2025,               1.00,        1541928780,             19.95,    30730640585.40
30 DEC 2025,SINTERCOM,EQ,SINTERCOM INDIA LIMITED  ,Listed    ,30 DEC 2025,              10.00,          27527822,            101.10,     2783062804.20 
30 DEC 2025,SIRCA,EQ,SIRCA PAINT INDIA LIMITED,Listed    ,30 DEC 2025,              10.00,          54808800,            484.00,    26527459200.00     
30 DEC 2025,SIS,EQ,SIS LIMITED              ,Listed    ,30 DEC 2025,               5.00,         140963469,            333.60,    47025413258.40       
30 DEC 2025,SITINET,BZ,SITI NETWORKS LIMITED    ,Listed    ,30 DEC 2025,               1.00,         872053848,              0.35,      322659923.75   
30 DEC 2025,SIYSIL,EQ,SIYARAM SILK MILLS LTD   ,Listed    ,30 DEC 2025,               2.00,          45370088,            629.15,    28544590865.20    
30 DEC 2025,SJLOGISTIC,SM,S J LOGISTICS (INDIA) LTD,Listed    ,30 DEC 2025,              10.00,          15293130,            359.35,     5495586265.50
30 DEC 2025,SJS,EQ,SJS ENTERPRISES LIMITED  ,Listed    ,30 DEC 2025,              10.00,          31387404,           1714.00,    53798010456.00       
30 DEC 2025,SJVN,EQ,SJVN LTD                 ,Listed    ,30 DEC 2025,              10.00,        3929795175,             73.20,   287582410906.50      
30 DEC 2025,SKFINDIA,EQ,SKF INDIA LTD            ,Listed    ,30 DEC 2025,              10.00,          49437963,           1867.60,    92330339698.80  
30 DEC 2025,SKFINDUS,EQ,SKF IND (INDUSTRIAL) LTD ,Listed    ,30 DEC 2025,              10.00,          49437963,           2600.20,   128548591392.60  
30 DEC 2025,SKIPPER,EQ,SKIPPER LIMITED          ,Listed    ,30 DEC 2025,               1.00,         112884794,            410.80,    46373073375.20   
30 DEC 2025,SKMEGGPROD,EQ,SKM EGG PROD EXPORT(I) LT,Listed    ,30 DEC 2025,              10.00,          26330000,            428.10,    11271873000.00
30 DEC 2025,SKP,SM,SKP BEARING INDUSTRI. LTD,Listed    ,29 DEC 2025,              10.00,          16600000,            169.75,     2817850000.00       
30 DEC 2025,SKYGOLD,EQ,SKY GOLD AND DIAMONDS LTD,Listed    ,30 DEC 2025,              10.00,         154863884,            331.50,    51337377546.00   
30 DEC 2025,SLONE,SM,SLONE INFOSYSTEMS LIMITED,Listed    ,30 DEC 2025,              10.00,           5269013,            283.40,     1493238284.20     
30 DEC 2025,SMARTEN,SM,SMARTEN POWER SYSTEMS LTD,Listed    ,30 DEC 2025,              10.00,          19000800,             76.60,     1455461280.00   
30 DEC 2025,SMARTLINK,EQ,SMARTLINK HOLDINGS LTD   ,Listed    ,30 DEC 2025,               2.00,           9975000,            130.40,     1300839750.00 
30 DEC 2025,SMARTWORKS,EQ,SMARTWORKS COWORKING SP L,Listed    ,30 DEC 2025,              10.00,         114131326,            476.90,    54429229369.40
30 DEC 2025,SMCGLOBAL,EQ,SMC GLOBAL SECURITIES LTD,Listed    ,30 DEC 2025,               2.00,         209400000,             85.55,    17918358000.00 
30 DEC 2025,SMLMAH,EQ,SML MAHINDRA LIMITED     ,Listed    ,30 DEC 2025,              10.00,          14471646,           3962.70,    57346791604.20    
30 DEC 2025,SMLT,EQ,SARTHAK METALS LIMITED   ,Listed    ,30 DEC 2025,              10.00,          13689750,             86.40,     1182520605.00      
30 DEC 2025,SMSPHARMA,EQ,SMS PHARMACEUTICALS LTD. ,Listed    ,30 DEC 2025,               1.00,          93652030,            313.90,    29397372217.00 
30 DEC 2025,SMVD,SM,SMVD POLY PACK LIMITED   ,Listed    ,29 DEC 2025,              10.00,          10030108,              8.10,       81243874.80      
30 DEC 2025,SNEHAA,SM,SNEHAA ORGANICS LIMITED  ,Listed    ,30 DEC 2025,              10.00,          10179000,             70.60,      718637400.00    
30 DEC 2025,SNOWMAN,EQ,SNOWMAN LOGISTICS LTD.   ,Listed    ,30 DEC 2025,              10.00,         167087995,             39.05,     6524786204.75   
30 DEC 2025,SOBHA,EQ,SOBHA LIMITED            ,Listed    ,30 DEC 2025,              10.00,         106924278,           1458.60,   155959751890.80     
30 DEC 2025,SOFTTECH,EQ,SOFTTECH ENGINEERS LTD   ,Listed    ,30 DEC 2025,              10.00,          13807138,            313.70,     4331299190.60  
30 DEC 2025,SOLARA,EQ,SOLARA ACTIVE PHA SCI LTD,Listed    ,30 DEC 2025,              10.00,          36154267,            551.15,    19926424257.05    
30 DEC 2025,SOLARINDS,EQ,SOLAR INDUSTRIES (I) LTD ,Listed    ,30 DEC 2025,               2.00,          90490055,          12028.00,  1088414381540.00 
30 DEC 2025,SOLARWORLD,EQ,SOLARWORLD ENERGY SOL LTD,Listed    ,30 DEC 2025,               5.00,          86672654,            274.25,    23769975359.50
30 DEC 2025,SOLEX,EQ,SOLEX ENERGY LIMITED     ,Listed    ,30 DEC 2025,              10.00,          10802489,           1233.40,    13323789932.60     
30 DEC 2025,SOMANYCERA,EQ,SOMANY CERAMICS LIMITED  ,Listed    ,30 DEC 2025,               2.00,          41012806,            407.05,    16694262682.30
30 DEC 2025,SOMATEX,BE,SOMA TEXTILEI NDUSTRIES L,Listed    ,30 DEC 2025,              10.00,          33033000,            141.15,     4662607950.00   
30 DEC 2025,SOMICONVEY,EQ,SOMI CONVEYOR BELT. LTD. ,Listed    ,30 DEC 2025,              10.00,          11779656,            124.25,     1463386664.90
30 DEC 2025,SONACOMS,EQ,SONA BLW PRECISION FRGS L,Listed    ,30 DEC 2025,              10.00,         621720975,            478.80,   297680002830.00  
30 DEC 2025,SONAMAC,SM,SONA MACHINERY LIMITED   ,Listed    ,30 DEC 2025,              10.00,          13724000,             45.00,      617580000.00   
30 DEC 2025,SONAMLTD,EQ,SONAM LIMITED            ,Listed    ,30 DEC 2025,               5.00,          40032000,             42.10,     1685347200.00  
30 DEC 2025,SONATSOFTW,EQ,SONATA SOFTWARE LTD      ,Listed    ,30 DEC 2025,               1.00,         280424816,            357.25,   100181765516.00
30 DEC 2025,SONUINFRA,SM,SONU INFRATECH LIMITED   ,Listed    ,30 DEC 2025,              10.00,          10349000,             72.50,      750302500.00 
30 DEC 2025,SOTAC,SM,SOTAC PHARMACEUTICALS LTD,Listed    ,30 DEC 2025,              10.00,          11050000,            129.55,     1431527500.00     
30 DEC 2025,SOTL,EQ,SAVITA OIL TECHNOLO. LTD ,Listed    ,30 DEC 2025,               2.00,          68560415,            386.00,    26464320190.00      
30 DEC 2025,SOUTHBANK,EQ,THE SOUTH INDIAN BANK LTD,Listed    ,30 DEC 2025,               1.00,        2616715252,             37.75,    98807167915.50 
30 DEC 2025,SOUTHWEST,BE,SOUTH WEST PINNACLE LTD  ,Listed    ,30 DEC 2025,              10.00,          29830011,            197.30,     5886057770.50 
30 DEC 2025,SPAL,EQ,S. P. APPARELS LIMITED   ,Listed    ,30 DEC 2025,              10.00,          25092600,            703.20,    17645116320.00      
30 DEC 2025,SPANDANA,EQ,SPANDANA SPHOORTY FIN LTD,Listed    ,30 DEC 2025,              10.00,          71305144,            265.45,    18927950474.80  
30 DEC 2025,SPARC,EQ,SUN PHARMA ADV.RES.CO.LTD,Listed    ,30 DEC 2025,               1.00,         324499558,            134.45,    43628965573.10     
30 DEC 2025,SPCENET,BE,SPACENET ENTERS IND LTD  ,Listed    ,30 DEC 2025,               1.00,         566103736,              6.85,     3877810591.60   
30 DEC 2025,SPCL,SM,SHIVALIC POWER CONTROL L ,Listed    ,30 DEC 2025,              10.00,          24115754,             90.90,     2192122038.60      
30 DEC 2025,SPEB,SM,SPEB ADHESIVES LIMITED   ,Listed    ,29 DEC 2025,              10.00,          22464570,             54.00,     1213086780.00      
30 DEC 2025,SPECIALITY,EQ,SPECIALITY REST LTD      ,Listed    ,30 DEC 2025,              10.00,          48235657,            109.75,     5294828068.90
30 DEC 2025,SPECTRUM,EQ,SPECTRUM ELECTRIC IND LTD,Listed    ,30 DEC 2025,              10.00,          15713840,           1218.10,    19141028504.00  
30 DEC 2025,SPECTSTM,SM,SPECTRUM TALENT MGMT LTD ,Listed    ,30 DEC 2025,              10.00,          23093096,             98.40,     2272360646.40  
30 DEC 2025,SPENCERS,EQ,SPENCER S RETAIL LIMITED ,Listed    ,30 DEC 2025,               5.00,          90138789,             40.90,     3687577858.00  
30 DEC 2025,SPIC,EQ,SPIC LTD                 ,Listed    ,30 DEC 2025,              10.00,         203640336,             81.65,    16627233434.40      
30 DEC 2025,SPLIL,EQ,SPL INDUSTRIES LIMITED   ,Listed    ,30 DEC 2025,              10.00,          29000004,             33.50,      971790134.05     
30 DEC 2025,SPLPETRO,EQ,SUPREME PETROCHEM LIMITED,Listed    ,30 DEC 2025,               2.00,         188041342,            641.90,   120703737429.80  
30 DEC 2025,SPMLINFRA,EQ,SPML INFRA LIMITED       ,Listed    ,30 DEC 2025,               2.00,          71689468,            170.60,    12231657030.15 
30 DEC 2025,SPORTKING,EQ,SPORTKING INDIA LIMITED  ,Listed    ,30 DEC 2025,               1.00,         132872000,             86.40,    11482798240.00 
30 DEC 2025,SPPPOLY,SM,SPP POLYMER LIMITED      ,Listed    ,30 DEC 2025,              10.00,          15391160,             15.70,      241641212.00   
30 DEC 2025,SPRL,ST,SP REFRACTORIES LIMITED  ,Listed    ,18 DEC 2025,              10.00,           1789500,            160.00,      286320000.00      
30 DEC 2025,SPUNWEB,SM,SPUNWEB NONWOVEN LIMITED ,Listed    ,30 DEC 2025,              10.00,          24103409,            135.30,     3261191237.70   
30 DEC 2025,SRD,EQ,SHANKAR LAL RAMPAL LTD   ,Listed    ,30 DEC 2025,              10.00,          63966780,             65.05,     4160399371.20       
30 DEC 2025,SREEL,EQ,SREELEATHERS LIMITED     ,Listed    ,30 DEC 2025,              10.00,          23155012,            218.80,     5065853525.35     
30 DEC 2025,SRF,EQ,SRF LTD                  ,Listed    ,30 DEC 2025,              10.00,         296424825,           3038.30,   900627545797.50       
30 DEC 2025,SRGHFL,EQ,SRG HOUSING FINANCE L    ,Listed    ,30 DEC 2025,              10.00,          15680438,            284.20,     4456380479.60    
30 DEC 2025,SRHHYPOLTD,EQ,SREE RAYALSEEMA HHP LTD. ,Listed    ,30 DEC 2025,              10.00,          17164821,            509.80,     8750625745.80
30 DEC 2025,SRIVASAVI,SM,SRIVASAVI ADHESIVE TAPE L,Listed    ,30 DEC 2025,              10.00,          14174166,             48.50,      687447051.00 
30 DEC 2025,SRM,EQ,SRM CONTRACTORS LIMITED  ,Listed    ,30 DEC 2025,              10.00,          22944200,            527.65,    12106507130.00       
30 DEC 2025,SRPL,BZ,SHREE RAM PROTEINS LTD.  ,Listed    ,30 DEC 2025,               1.00,         428400000,              0.65,      287028000.00      
30 DEC 2025,SSDL,EQ,SARASWATI SAREE DEPOT LTD,Listed    ,30 DEC 2025,              10.00,          39599800,             76.85,     3042848632.00      
30 DEC 2025,SSEGL,SM,SATHLOKHAR SYN E&C GLOB L,Listed    ,30 DEC 2025,              10.00,          24137992,            457.30,    11038303741.60     
30 DEC 2025,SSFL,SM,SRIVARI SPICES N FOODS L ,Listed    ,30 DEC 2025,              10.00,           8570400,            128.40,     1100439360.00      
30 DEC 2025,SSWL,EQ,STEEL STRIPS WHEELS LTD. ,Listed    ,30 DEC 2025,               1.00,         157180425,            190.60,    29955445396.50      
30 DEC 2025,STALLION,BE,STALLION IND FLUOROCHEM L,Listed    ,30 DEC 2025,              10.00,          79325254,            244.65,    19407716643.65  
30 DEC 2025,STANLEY,EQ,STANLEY LIFESTYLES LTD   ,Listed    ,30 DEC 2025,               2.00,          57125663,            190.75,    10897291473.90   
30 DEC 2025,STAR,EQ,STRIDES PHARMA SCI LTD   ,Listed    ,30 DEC 2025,              10.00,          92172714,            908.10,    83702041583.40      
30 DEC 2025,STARCEMENT,EQ,STAR CEMENT LIMITED      ,Listed    ,30 DEC 2025,               1.00,         412428997,            221.55,    91377768575.30
30 DEC 2025,STARHEALTH,EQ,STAR HEALTH & AL INS CO L,Listed    ,30 DEC 2025,              10.00,         587949881,            448.75,   263842509098.75
30 DEC 2025,STARPAPER,EQ,STAR PAPER MILLS LTD     ,Listed    ,30 DEC 2025,              10.00,          15608350,            164.60,     2569290493.50 
30 DEC 2025,STARTECK,EQ,STARTECK FINANCE LIMITED ,Listed    ,30 DEC 2025,              10.00,           9910330,            291.95,     2893320843.50  
30 DEC 2025,STCINDIA,EQ,THE STATE TRADING CORPN  ,Listed    ,30 DEC 2025,              10.00,          60000000,            129.05,     7742400000.00  
30 DEC 2025,STEELCAS,EQ,STEELCAST LIMITED        ,Listed    ,30 DEC 2025,               1.00,         101200000,            204.70,    20715640000.00  
30 DEC 2025,STEELCITY,EQ,STEEL CITY SECURITIES LTD,Listed    ,30 DEC 2025,              10.00,          15107095,             90.95,     1374292432.15 
30 DEC 2025,STEELXIND,EQ,STEEL EXCHANGE INDIA LTD ,Listed    ,30 DEC 2025,               1.00,        1247220542,              9.25,    11561734424.35 
30 DEC 2025,STEL,EQ,STEL HOLDINGS LIMITED    ,Listed    ,30 DEC 2025,              10.00,          18455405,            513.75,     9481464318.75      
30 DEC 2025,STERTOOLS,EQ,STERLING TOOLS LIMITED   ,Listed    ,30 DEC 2025,               2.00,          36184318,            272.10,     9845752927.80 
30 DEC 2025,STLNETWORK,EQ,STL NETWORKS LIMITED     ,Listed    ,30 DEC 2025,               2.00,         487921086,             22.15,    10812331265.75
30 DEC 2025,STLTECH,EQ,STERLITE TECHNOLOGIES LTD,Listed    ,30 DEC 2025,               2.00,         487954019,            101.95,    49756671317.45   
30 DEC 2025,STOVEKRAFT,EQ,STOVE KRAFT LIMITED      ,Listed    ,30 DEC 2025,              10.00,          33101500,            562.00,    18603043000.00
30 DEC 2025,STUDDS,EQ,STUDDS ACCESSORIES LTD   ,Listed    ,30 DEC 2025,               5.00,          39353400,            529.90,    20853366660.00    
30 DEC 2025,STUDIOLSD,SM,STUDIO LSD LIMITED       ,Listed    ,30 DEC 2025,               2.00,          51891755,             13.00,      674592815.00 
30 DEC 2025,STYL,EQ,SESHAASAI TECHNOLOGIES L ,Listed    ,30 DEC 2025,              10.00,         161805826,            273.15,    44197261371.90      
30 DEC 2025,STYLAMIND,EQ,STYLAM INDUSTRIES LIMITED,Listed    ,30 DEC 2025,               5.00,          16948060,           2175.10,    36863725306.00 
30 DEC 2025,STYLEBAAZA,EQ,BAAZAR STYLE RETAIL LTD  ,Listed    ,30 DEC 2025,               5.00,          74617353,            274.00,    20445154722.00
30 DEC 2025,STYRENIX,EQ,STYRENIX PERFORMANCE LTD ,Listed    ,30 DEC 2025,              10.00,          17585625,           1967.20,    34594441500.00  
30 DEC 2025,SUBAHOTELS,SM,SUBA HOTELS LIMITED      ,Listed    ,30 DEC 2025,              10.00,          24242516,            143.95,     3489710178.20
30 DEC 2025,SUBEXLTD,EQ,SUBEX LTD                ,Listed    ,30 DEC 2025,               5.00,         562002935,             11.30,     6339393106.80  
30 DEC 2025,SUBROS,EQ,SUBROS LIMITED           ,Listed    ,30 DEC 2025,               2.00,          65235750,            847.65,    55297083487.50    
30 DEC 2025,SUDARSCHEM,EQ,SUDARSHAN CHEMICAL INDS L,Listed    ,30 DEC 2025,               2.00,          78596469,            932.10,    73259768754.90
30 DEC 2025,SUDEEPPHRM,EQ,SUDEEP PHARMA LIMITED    ,Listed    ,30 DEC 2025,               1.00,         112948625,            606.65,    68520283356.25
30 DEC 2025,SUKHJITS,EQ,SUKHJIT STARCH & CHEM LTD,Listed    ,30 DEC 2025,               5.00,          31244000,            189.40,     5918238480.00  
30 DEC 2025,SULA,EQ,SULA VINEYARDS LIMITED   ,Listed    ,30 DEC 2025,               2.00,          84430029,            217.25,    18340735199.65      
30 DEC 2025,SUMEETINDS,BE,SUMEET IND LIMITED       ,Listed    ,30 DEC 2025,               2.00,         526325680,             29.55,    15547660587.20
30 DEC 2025,SUMICHEM,EQ,SUMITOMO CHEM INDIA LTD  ,Listed    ,30 DEC 2025,              10.00,         499145736,            463.45,   231329091349.20  
30 DEC 2025,SUMIT,EQ,SUMIT WOODS LIMITED      ,Listed    ,30 DEC 2025,              10.00,          45268753,             61.20,     2770900371.15     
30 DEC 2025,SUMMITSEC,EQ,SUMMIT SECURITIES LTD    ,Listed    ,30 DEC 2025,              10.00,          10901781,           1931.20,    21053519467.20 
30 DEC 2025,SUNCLAY,EQ,SUNDARAM CLAYTON LIMITED ,Listed    ,30 DEC 2025,               5.00,          22046162,           1226.00,    27028594612.00   
30 DEC 2025,SUNDARAM,EQ,SUNDARAM MULTI PAP LTD   ,Listed    ,30 DEC 2025,               1.00,         473877773,              1.80,      848241213.65  
30 DEC 2025,SUNDARMFIN,EQ,SUNDARAM FINANCE LTD     ,Listed    ,30 DEC 2025,              10.00,         111103860,           5134.90,   570507210714.00
30 DEC 2025,SUNDRMBRAK,EQ,SUNDARAM BRAK LININGS LTD,Listed    ,30 DEC 2025,              10.00,           3934575,            681.75,     2682396506.25
30 DEC 2025,SUNDRMFAST,EQ,SUNDRAM FASTENERS LTD    ,Listed    ,30 DEC 2025,               1.00,         210128370,            922.30,   193801395651.00
30 DEC 2025,SUNDROP,EQ,SUNDROP BRANDS LIMITED   ,Listed    ,30 DEC 2025,              10.00,          37696853,            686.05,    25861926000.65   
30 DEC 2025,SUNFLAG,EQ,SUNFLAG IRON AND STEEL CO,Listed    ,30 DEC 2025,              10.00,         180219448,            263.20,    47433758713.60   
30 DEC 2025,SUNLITE,ST,SUNLITE RECYCLING IND LTD,Listed    ,30 DEC 2025,              10.00,          10880000,            313.00,     3405440000.00   
30 DEC 2025,SUNPHARMA,EQ,SUN PHARMACEUTICAL IND L ,Listed    ,30 DEC 2025,               1.00,        2399334970,           1720.20,  4127336015394.00 
30 DEC 2025,SUNREST,SM,SUNREST LIFESCIENCE LTD  ,Listed    ,30 DEC 2025,              10.00,           4291200,             41.55,      178299360.00   
30 DEC 2025,SUNTECH,SM,SUNTECH INFRA SOLUTIONS L,Listed    ,30 DEC 2025,              10.00,          19362600,             41.90,      811292940.00   
30 DEC 2025,SUNTECK,EQ,SUNTECK REALTY LIMITED   ,Listed    ,30 DEC 2025,               1.00,         146489084,            398.95,    58441820061.80   
30 DEC 2025,SUNTV,EQ,SUN TV NETWORK LIMITED   ,Listed    ,30 DEC 2025,               5.00,         394084620,            575.20,   226677473424.00     
30 DEC 2025,SUPERHOUSE,EQ,SUPERHOUSE LIMITED       ,Listed    ,30 DEC 2025,              10.00,          11025000,            145.40,     1602814500.00
30 DEC 2025,SUPERSPIN,EQ,SUPER SPINNING MILLS LTD ,Listed    ,30 DEC 2025,               1.00,          55000000,              8.05,      442750000.00 
30 DEC 2025,SUPRAJIT,EQ,SUPRAJIT ENGINEERING LTD ,Listed    ,30 DEC 2025,               1.00,         137161003,            469.55,    64403948958.65  
30 DEC 2025,SUPREME,EQ,SUPREME HOLDIN N HOSP I L,Listed    ,30 DEC 2025,              10.00,          38646853,             72.15,     2788370443.95   
30 DEC 2025,SUPREMEENG,BZ,SUPREME ENGINEERING LTD  ,Listed    ,30 DEC 2025,               1.00,         249950000,              1.15,      292441500.00
30 DEC 2025,SUPREMEIND,EQ,SUPREME INDUSTRIES LTD   ,Listed    ,30 DEC 2025,               2.00,         127026870,           3274.30,   415924080441.00
30 DEC 2025,SUPREMEINF,BZ,SUPREME INFRA. LTD       ,Listed    ,30 DEC 2025,              10.00,          25698372,             85.55,     2198495724.60
30 DEC 2025,SUPREMEPWR,SM,SUPREME POWER EQUIPMENT L,Listed    ,30 DEC 2025,              10.00,          24991135,            191.75,     4792050136.25
30 DEC 2025,SUPRIYA,EQ,SUPRIYA LIFESCIENCE LTD  ,Listed    ,30 DEC 2025,               2.00,          80482800,            732.90,    58985844120.00   
30 DEC 2025,SURAJEST,EQ,SURAJ ESTATE DEVELOPERS L,Listed    ,30 DEC 2025,               5.00,          47773388,            261.70,    12502295639.60  
30 DEC 2025,SURAJLTD,EQ,SURAJ LIMITED            ,Listed    ,30 DEC 2025,              10.00,          18364100,            250.00,     4591025000.00  
30 DEC 2025,SURAKSHA,EQ,SURAKSHA DIAGNOSTIC LTD  ,Listed    ,30 DEC 2025,               2.00,          52080758,            266.75,    13892542196.50  
30 DEC 2025,SURANASOL,EQ,SURANA SOLAR LIMITED     ,Listed    ,30 DEC 2025,               5.00,          49206600,             26.70,     1314800352.00 
30 DEC 2025,SURANAT&P,EQ,SURANA TELECOM AND POW LT,Listed    ,30 DEC 2025,               1.00,         135759963,             20.15,     2732848055.20 
30 DEC 2025,SURANI,SM,SURANI STEEL TUBES LTD.  ,Listed    ,30 DEC 2025,              10.00,          15548036,             60.00,      932882160.00    
30 DEC 2025,SURYALAXMI,EQ,SURYALAKSHMI COT MIL LTD ,Listed    ,30 DEC 2025,              10.00,          18805290,             60.40,     1135839516.00
30 DEC 2025,SURYAROSNI,EQ,SURYA ROSHNI LTD         ,Listed    ,30 DEC 2025,               5.00,         217635896,            270.95,    58968446021.20
30 DEC 2025,SURYODAY,EQ,SURYODAY SMALL FIN BK LTD,Listed    ,30 DEC 2025,              10.00,         106289824,            139.15,    14790229009.60  
30 DEC 2025,SUTLEJTEX,EQ,SUTLEJ TEXT & INDUS LTD  ,Listed    ,30 DEC 2025,               1.00,         163828620,             32.50,     5321153577.60 
30 DEC 2025,SUVEN,EQ,SUVEN LIFE SCIENCES LTD  ,Listed    ,30 DEC 2025,               1.00,         227474207,            167.45,    38088281220.10     
30 DEC 2025,SUVIDHAA,EQ,SUVIDHAA INFOSERVE LTD   ,Listed    ,30 DEC 2025,               1.00,         209806690,              3.60,      753206017.10  
30 DEC 2025,SUYOG,EQ,SUYOG TELEMATICS LIMITED ,Listed    ,30 DEC 2025,              10.00,          11189620,            581.60,     6507882992.00     
30 DEC 2025,SUZLON,EQ,SUZLON ENERGY LIMITED    ,Listed    ,30 DEC 2025,               2.00,       13708517135,             52.00,   712842891020.00    
30 DEC 2025,SVLL,EQ,SHREE VASU LOGISTICS LTD ,Listed    ,30 DEC 2025,              10.00,          11493700,            684.05,     7862265485.00      
30 DEC 2025,SVPGLOB,BE,SVP GLOBAL TEXTILES LTD  ,Listed    ,30 DEC 2025,               1.00,         126500000,              3.75,      474375000.00   
30 DEC 2025,SWANCORP,EQ,SWAN CORP LIMITED        ,Listed    ,30 DEC 2025,               1.00,         313456886,            471.15,   147685211838.90  
30 DEC 2025,SWARAJ,SM,SWARAJ SUITING LIMITED   ,Listed    ,30 DEC 2025,              10.00,          22018260,            242.00,     5328418920.00    
30 DEC 2025,SWARAJENG,EQ,SWARAJ ENGINES LTD       ,Listed    ,30 DEC 2025,              10.00,          12147466,           3565.60,    43313004769.60 
30 DEC 2025,SWASTIK,SM,SWASTIK PIPE LIMITED     ,Listed    ,30 DEC 2025,              10.00,          23231460,             23.50,      545939310.00   
30 DEC 2025,SWELECTES,EQ,SWELECT ENERGY SYS LTD   ,Listed    ,30 DEC 2025,              10.00,          15158760,            617.75,     9364323990.00 
30 DEC 2025,SWIGGY,EQ,SWIGGY LIMITED           ,Listed    ,30 DEC 2025,               1.00,        2493646892,            394.05,   982621557792.60    
30 DEC 2025,SWSOLAR,EQ,STRLNG & WIL REN ENE LTD ,Listed    ,30 DEC 2025,               1.00,         233494316,            209.45,    48903049543.05   
30 DEC 2025,SYLVANPLY,SM,SYLVAN PLYBOARD (INDIA) L,Listed    ,29 DEC 2025,              10.00,          19374830,             60.10,     1164427283.00 
30 DEC 2025,SYMPHONY,EQ,SYMPHONY LIMITED         ,Listed    ,30 DEC 2025,               2.00,          68671400,            863.35,    59287453190.00  
30 DEC 2025,SYNCOMF,EQ,SYNCOM FORMU (I) LTD     ,Listed    ,30 DEC 2025,               1.00,         940000000,             14.10,    13244600000.00   
30 DEC 2025,SYNGENE,EQ,SYNGENE INTERNATIONAL LTD,Listed    ,30 DEC 2025,              10.00,         402939420,            643.75,   259392251625.00   
30 DEC 2025,SYNOPTICS,SM,SYNOPTICS TECHNOLOGIES L ,Listed    ,30 DEC 2025,              10.00,           8480000,             59.60,      505408000.00 
30 DEC 2025,SYRMA,EQ,SYRMA SGS TECHNOLOGY LTD ,Listed    ,30 DEC 2025,              10.00,         192464163,            722.70,   139093850600.10     
30 DEC 2025,SYSTANGO,ST,SYSTANGO TECHNOLOGIES LTD,Listed    ,30 DEC 2025,              10.00,          14668800,            290.70,     4264220160.00  
30 DEC 2025,SYSTMTXC,EQ,SYSTEMATIX CORP SERVICE L,Listed    ,30 DEC 2025,               1.00,         136538010,            137.65,    18794457076.50  
30 DEC 2025,TAC,SM,TAC INFOSEC LIMITED      ,Listed    ,30 DEC 2025,              10.00,          20959200,            767.25,    16080946200.00       
30 DEC 2025,TAINWALCHM,EQ,TAINWALA CHEMICAL AND PLA,Listed    ,30 DEC 2025,              10.00,           9363863,            194.55,     1821833185.30
30 DEC 2025,TAJGVK,EQ,TAJ GVK HOTELS & RESORTS ,Listed    ,30 DEC 2025,               2.00,          62701495,            429.35,    26920886878.25    
30 DEC 2025,TAKE,BE,TAKE SOLUTIONS LTD       ,Listed    ,30 DEC 2025,               1.00,         147934000,             39.65,     5864103760.00      
30 DEC 2025,TALBROAUTO,EQ,TALBROS AUTO. COMP. LTD  ,Listed    ,30 DEC 2025,               2.00,          61728150,            273.30,    16870303395.00
30 DEC 2025,TANKUP,ST,TANKUP ENGINEERS LIMITED ,Listed    ,30 DEC 2025,              10.00,           5295000,            708.05,     3749124750.00    
30 DEC 2025,TANLA,EQ,TANLA PLATFORMS LIMITED  ,Listed    ,30 DEC 2025,               1.00,         132617359,            517.55,    68636114150.45     
30 DEC 2025,TAPIFRUIT,SM,TAPI FRUIT PROCESSING LTD,Listed    ,30 DEC 2025,              10.00,           4300500,             68.50,      294584250.00 
30 DEC 2025,TARACHAND,EQ,TARA CHAND INFRA SOLN LTD,Listed    ,30 DEC 2025,               2.00,          78824900,             75.40,     5944185709.00 
30 DEC 2025,TARAPUR,BE,TARAPUR TRANSFORMERS LTD ,Listed    ,30 DEC 2025,              10.00,          19500011,             27.60,      538590303.80   
30 DEC 2025,TARC,EQ,TARC LIMITED             ,Listed    ,30 DEC 2025,               2.00,         295096335,            162.00,    47805606270.00      
30 DEC 2025,TARIL,EQ,TRANS & RECTI. LTD       ,Listed    ,30 DEC 2025,               1.00,         300165834,            283.50,    85097013939.00     
30 DEC 2025,TARMAT,EQ,TARMAT LIMITED           ,Listed    ,30 DEC 2025,              10.00,          24064255,             51.10,     1229442787.95    
30 DEC 2025,TARSONS,EQ,TARSONS PRODUCTS LIMITED ,Listed    ,30 DEC 2025,               2.00,          53206281,            233.90,    12443885000.30   
30 DEC 2025,TASTYBITE,EQ,TASTY BITE EATABLES LTD  ,Listed    ,30 DEC 2025,              10.00,           2566000,           7849.50,    20141817000.00 
30 DEC 2025,TATACAP,EQ,TATA CAPITAL LIMITED     ,Listed    ,30 DEC 2025,              10.00,        4244869037,            336.65,  1429035161306.05   
30 DEC 2025,TATACHEM,EQ,TATA CHEMICALS LTD       ,Listed    ,30 DEC 2025,              10.00,         254756278,            748.40,   190659598455.20  
30 DEC 2025,TATACOMM,EQ,TATA COMMUNICATIONS LTD  ,Listed    ,30 DEC 2025,              10.00,         285000000,           1811.70,   516334500000.00  
30 DEC 2025,TATACONSUM,EQ,TATA CONSUMER PRODUCT LTD,Listed    ,30 DEC 2025,               1.00,         989541732,           1179.00,  1166669702028.00
30 DEC 2025,TATAELXSI,EQ,TATA ELXSI LIMITED       ,Listed    ,30 DEC 2025,              10.00,          62292563,           5193.00,   323485279659.00 
30 DEC 2025,TATAINVEST,EQ,TATA INVESTMENT CORP LTD ,Listed    ,30 DEC 2025,               1.00,         505952960,            691.35,   349790578896.00
30 DEC 2025,TATAPOWER,EQ,TATA POWER CO LTD        ,Listed    ,30 DEC 2025,               1.00,        3195339547,            374.35,  1196175359419.45 
30 DEC 2025,TATASTEEL,EQ,TATA STEEL LIMITED       ,Listed    ,30 DEC 2025,               1.00,       12483527171,            175.80,  2194604076661.80 
30 DEC 2025,TATATECH,EQ,TATA TECHNOLOGIES LIMITED,Listed    ,30 DEC 2025,               2.00,         405711840,            638.75,   259148437800.00  
30 DEC 2025,TATVA,EQ,TATVA CHIN PHARM CHEM LTD,Listed    ,30 DEC 2025,              10.00,          23392055,           1297.60,    30353530568.00     
30 DEC 2025,TAURIAN,ST,TAURIAN MPS LIMITED      ,Listed    ,30 DEC 2025,              10.00,           8883200,            228.10,     2026257920.00   
30 DEC 2025,TBI,SM,TBI CORN LIMITED         ,Listed    ,30 DEC 2025,              10.00,          18158405,             86.05,     1562530750.25       
30 DEC 2025,TBOTEK,EQ,TBO TEK LIMITED          ,Listed    ,30 DEC 2025,               1.00,         108587787,           1650.90,   179267577558.30    
30 DEC 2025,TBZ,EQ,TRIB BHIMJI ZAVERI LTD   ,Listed    ,30 DEC 2025,              10.00,          66730620,            162.75,    10861743017.40       
30 DEC 2025,TCI,EQ,TRANSPORT CORPN OF INDIA ,Listed    ,30 DEC 2025,               2.00,          76697357,           1077.50,    82641402167.50       
30 DEC 2025,TCIEXP,EQ,TCI EXPRESS LIMITED      ,Listed    ,30 DEC 2025,               2.00,          38418990,            575.05,    22092840199.50    
30 DEC 2025,TCIFINANCE,BE,TCIFINANCELTD-ROLL SETT  ,Listed    ,30 DEC 2025,              10.00,          12872493,             26.05,      335457167.60
30 DEC 2025,TCL,SM,THAAI CASTING LIMITED    ,Listed    ,30 DEC 2025,              10.00,          24341437,             99.85,     2430492484.45       
30 DEC 2025,TCPLPACK,EQ,TCPL PACKAGING LIMITED   ,Listed    ,30 DEC 2025,              10.00,           9100000,           2999.60,    27296360000.00  
30 DEC 2025,TCS,EQ,TATA CONSULTANCY SERV LT ,Listed    ,30 DEC 2025,               1.00,        3618087518,           3246.80, 11747206553442.40       
30 DEC 2025,TDPOWERSYS,EQ,TD POWER SYSTEMS LTD.    ,Listed    ,30 DEC 2025,               2.00,         156192304,            702.75,   109764141636.00
30 DEC 2025,TEAMGTY,EQ,TEAM INDIA GUARANTY LTD  ,Listed    ,30 DEC 2025,              10.00,           8993149,            300.00,     2697944700.00   
30 DEC 2025,TEAMLEASE,EQ,TEAMLEASE SERVICES LTD.  ,Listed    ,30 DEC 2025,              10.00,          16768900,           1571.30,    26348972570.00 
30 DEC 2025,TECHD,ST,TECHD CYBERSECURITY LTD  ,Listed    ,30 DEC 2025,              10.00,           7479733,            614.70,     4597791875.10     
30 DEC 2025,TECHERA,ST,TECHERA ENGINEER (IND) L ,Listed    ,30 DEC 2025,              10.00,          16520925,            220.00,     3634603500.00   
30 DEC 2025,TECHLABS,SM,TRIDENT TECHLABS LIMITED ,Listed    ,30 DEC 2025,              10.00,          17281064,            329.15,     5688062215.60  
30 DEC 2025,TECHM,EQ,TECH MAHINDRA LIMITED    ,Listed    ,30 DEC 2025,               5.00,         979562303,           1604.60,  1571805671393.80     
30 DEC 2025,TECHNOE,EQ,TECHNO ELEC & ENG CO. LTD,Listed    ,30 DEC 2025,               2.00,         116299574,           1044.60,   121486535000.40   
30 DEC 2025,TECILCHEM,EQ,TECIL CHEMICALS          ,Listed    ,30 DEC 2025,              10.00,          18963700,             19.95,      377946541.00 
30 DEC 2025,TEGA,EQ,TEGA INDUSTRIES LIMITED  ,Listed    ,30 DEC 2025,              10.00,          66535492,           1943.20,   129291768054.40      
30 DEC 2025,TEJASCARGO,SM,TEJAS CARGO INDIA LIMITED,Listed    ,26 DEC 2025,              10.00,          23892840,            285.00,     6809459400.00
30 DEC 2025,TEJASNET,EQ,TEJAS NETWORKS LIMITED   ,Listed    ,30 DEC 2025,              10.00,         176843297,            451.45,    79835906430.65  
30 DEC 2025,TEMBO,EQ,TEMBO GLOBAL IND LTD     ,Listed    ,30 DEC 2025,              10.00,          15467146,            641.35,     9919854087.10     
30 DEC 2025,TENNIND,EQ,TENNECO CLEAN AIR INDIA L,Listed    ,30 DEC 2025,              10.00,         403604309,            503.00,   203012967427.00   
30 DEC 2025,TERASOFT,BE,TERA SOFTWARE LIMITED    ,Listed    ,30 DEC 2025,              10.00,          12511875,            397.30,     4970967937.50  
30 DEC 2025,TEXINFRA,EQ,TEXMACO INFRA & HOLDG LTD,Listed    ,30 DEC 2025,               1.00,         127426590,             99.85,    12726093543.30  
30 DEC 2025,TEXMOPIPES,EQ,TEXMO PIPE & PRODUCTS LTD,Listed    ,30 DEC 2025,              10.00,          29195000,             48.60,     1419168950.00
30 DEC 2025,TEXRAIL,EQ,TEXMACO RAIL & ENG. LTD. ,Listed    ,30 DEC 2025,               1.00,         399467302,            135.85,    54263638303.70   
30 DEC 2025,TFCILTD,EQ,TOURISM FINANCE CORP. OF ,Listed    ,30 DEC 2025,               2.00,         462977240,             62.85,    29107379078.80   
30 DEC 2025,TFL,EQ,TRANSWARRANTY FIN. LTD.  ,Listed    ,30 DEC 2025,              10.00,          53974537,             15.85,      856575902.20       
30 DEC 2025,TGBHOTELS,EQ,TGB BANQUETS&HOTELS LTD  ,Listed    ,30 DEC 2025,              10.00,          29286400,              9.70,      283785216.00 
30 DEC 2025,TGL,ST,TEERTH GOPICON LIMITED   ,Listed    ,30 DEC 2025,              10.00,          11999600,             76.65,      919769340.00       
30 DEC 2025,THANGAMAYL,EQ,THANGAMAYIL JEWELLERY LTD,Listed    ,30 DEC 2025,              10.00,          31082021,           3204.50,    99602336294.50
30 DEC 2025,THEINVEST,EQ,THE INVEST TRUST OF IND L,Listed    ,30 DEC 2025,              10.00,          52242217,            118.70,     6201151157.90 
30 DEC 2025,THEJO,EQ,THEJO ENGINEERING LIMITED,Listed    ,30 DEC 2025,              10.00,          10846379,           1767.90,    19175313434.10     
30 DEC 2025,THELEELA,EQ,LEELA PALACES HOTEL LTD  ,Listed    ,30 DEC 2025,              10.00,         333957878,            433.55,   144787438006.90  
30 DEC 2025,THEMISMED,EQ,THEMIS MEDICARE LTD.     ,Listed    ,30 DEC 2025,               1.00,          92040120,             99.35,     9142345119.60 
30 DEC 2025,THERMAX,EQ,THERMAX LTD              ,Listed    ,30 DEC 2025,               2.00,         119156300,           3013.50,   359077510050.00   
30 DEC 2025,THESL,SM,THINKING HATS ENTER SOL L,Listed    ,30 DEC 2025,              10.00,          12487150,             27.00,      337153050.00     
30 DEC 2025,THOMASCOOK,EQ,THOMAS COOK (INDIA) LTD  ,Listed    ,30 DEC 2025,               1.00,         470380562,            139.45,    65603976982.15
30 DEC 2025,THOMASCOTT,EQ,THOMAS SCOTT (INDIA) LTD ,Listed    ,30 DEC 2025,              10.00,          14670380,            329.80,     4838291324.00
30 DEC 2025,THYROCARE,EQ,THYROCARE TECH LTD       ,Listed    ,30 DEC 2025,              10.00,         158983341,            452.85,    71995605971.85 
30 DEC 2025,TI,EQ,TILAKNAGAR INDUSTRIES LTD,Listed    ,30 DEC 2025,              10.00,         193813750,            447.30,    86692890375.00        
30 DEC 2025,TICL,BE,TWAMEV CONS AND INFRA LTD,Listed    ,30 DEC 2025,               1.00,         155000000,             22.30,     3454950000.00      
30 DEC 2025,TIGERLOGS,EQ,TIGER LOGISTICS (INDIA) L,Listed    ,30 DEC 2025,               1.00,         105725000,             34.10,     3607337000.00 
30 DEC 2025,TIIL,EQ,TECHNOCRAFT IND LTD      ,Listed    ,30 DEC 2025,              10.00,          22672798,           2233.20,    50632892493.60      
30 DEC 2025,TIINDIA,EQ,TUBE INVEST OF INDIA LTD ,Listed    ,30 DEC 2025,               1.00,         193497890,           2565.40,   496399487006.00   
30 DEC 2025,TIJARIA,EQ,TIJARIA POLYPIPES LTD    ,Listed    ,30 DEC 2025,              10.00,          28626579,              4.65,      132827326.55   
30 DEC 2025,TIL,EQ,TIL LTD                  ,Listed    ,30 DEC 2025,              10.00,          66602056,            270.45,    18012526045.20       
30 DEC 2025,TIMESCAN,SM,TIMESCAN LOGISTICS IND L ,Listed    ,30 DEC 2025,              10.00,           6988000,             50.35,      351845800.00  
30 DEC 2025,TIMETECHNO,EQ,TIME TECHNOPLAST LTD.    ,Listed    ,30 DEC 2025,               1.00,         493635379,            181.35,    89515839627.85
30 DEC 2025,TIMKEN,EQ,TIMKEN INDIA LTD.        ,Listed    ,30 DEC 2025,              10.00,          75218734,           2957.20,   222436840184.80    
30 DEC 2025,TINNARUBR,EQ,TINNA RUBBER AND INFR LTD,Listed    ,30 DEC 2025,              10.00,          18015757,            785.45,    14150476335.65 
30 DEC 2025,TIPSFILMS,EQ,TIPS FILMS LIMITED       ,Listed    ,30 DEC 2025,              10.00,           4322886,            414.70,     1792700824.20 
30 DEC 2025,TIPSMUSIC,EQ,TIPS MUSIC LIMITED       ,Listed    ,30 DEC 2025,               1.00,         128426590,            536.30,    68875180217.00 
30 DEC 2025,TIRUMALCHM,EQ,THIRUMALAI CHEMICALS LTD ,Listed    ,30 DEC 2025,               1.00,         118656160,            234.05,    27770287686.40
30 DEC 2025,TIRUPATI,ST,SHREE TIRUPATI BALAJEE   ,Listed    ,30 DEC 2025,              10.00,          10130040,            715.00,     7242978600.00  
30 DEC 2025,TIRUPATIFL,EQ,TIRUPATI FORGE LIMITED   ,Listed    ,30 DEC 2025,               2.00,         119280000,             33.50,     3997072800.00
30 DEC 2025,TITAGARH,EQ,TITAGARH RAIL SYSTEMS LTD,Listed    ,30 DEC 2025,               2.00,         134673768,            878.50,   118310905188.00  
30 DEC 2025,TITAN,EQ,TITAN COMPANY LIMITED    ,Listed    ,30 DEC 2025,               1.00,         887786160,           3974.10,  3528150978456.00     
30 DEC 2025,TMB,EQ,TAMILNAD MERCA BANK LTD  ,Listed    ,30 DEC 2025,              10.00,         158351454,            512.00,    81075944448.00       
30 DEC 2025,TMCV,EQ,TATA MOTORS LIMITED      ,Listed    ,30 DEC 2025,               2.00,        3682331373,            409.65,  1508467046949.45      
30 DEC 2025,TMPV,EQ,TATA MOTORS PASS VEH LTD ,Listed    ,30 DEC 2025,               2.00,        3682522662,            361.75,  1332152572978.50      
30 DEC 2025,TNPETRO,EQ,TAMILNADU PETROPRODUCTS L,Listed    ,30 DEC 2025,              10.00,          89971474,            105.80,     9518082234.45   
30 DEC 2025,TNPL,EQ,TAMILNADU NEWSPRT & PAPER,Listed    ,30 DEC 2025,              10.00,          69210600,            144.75,    10018234350.00      
30 DEC 2025,TNTELE,EQ,TAMILNADU TELECOMMUNICATI,Listed    ,30 DEC 2025,              10.00,          45671400,             10.25,      467218422.00    
30 DEC 2025,TOKYOPLAST,EQ,TOKYO PLAST INTL LTD     ,Listed    ,30 DEC 2025,              10.00,           9501400,            111.00,     1054560386.00
30 DEC 2025,TOLINS,EQ,TOLINS TYRES LIMITED     ,Listed    ,30 DEC 2025,               5.00,          39508831,            130.90,     5172101066.20    
30 DEC 2025,TORNTPHARM,EQ,TORRENT PHARMACEUTICALS L,Listed    ,30 DEC 2025,               5.00,         338445440,           3822.10,  1293572316224.00
30 DEC 2025,TORNTPOWER,EQ,TORRENT POWER LTD        ,Listed    ,30 DEC 2025,              10.00,         503903543,           1266.60,   638244227563.80
30 DEC 2025,TOTAL,EQ,TOTAL TRANSPORT SYS LTD  ,Listed    ,30 DEC 2025,              10.00,          16126973,             78.50,     1265967380.50     
30 DEC 2025,TOUCHWOOD,EQ,TOUCHWOOD ENTERTAIN LTD. ,Listed    ,30 DEC 2025,              10.00,          11081245,            103.00,     1141479047.45 
30 DEC 2025,TPHQ,EQ,TEAMO PRODUCTIONS HQ LTD ,Listed    ,30 DEC 2025,               1.00,        1096219600,              0.65,      723504936.00      
30 DEC 2025,TPLPLASTEH,EQ,TPL PLASTECH LIMITED     ,Listed    ,30 DEC 2025,               2.00,          78003000,             65.65,     5119336890.00
30 DEC 2025,TRACXN,EQ,TRACXN TECHNOLOGIES LTD  ,Listed    ,30 DEC 2025,               1.00,         106355918,             39.25,     4174469781.50    
30 DEC 2025,TRANSRAILL,EQ,TRANSRAIL LIGHTING LTD   ,Listed    ,30 DEC 2025,               2.00,         134256025,            547.10,    73451471277.50
30 DEC 2025,TRANSTEEL,SM,TRANSTEEL SEATING TECH L ,Listed    ,30 DEC 2025,              10.00,          21706010,            142.90,     3101788829.00 
30 DEC 2025,TRANSWIND,ST,TRANSWIND INFRA LIMITED  ,Listed    ,30 DEC 2025,              10.00,           6689000,             23.15,      154850350.00 
30 DEC 2025,TRANSWORLD,EQ,TRANSWORLD SHIP LINES LTD,Listed    ,30 DEC 2025,              10.00,          21957533,            197.50,     4336832342.85
30 DEC 2025,TRAVELFOOD,EQ,TRAVEL FOOD SERVICES LTD ,Listed    ,30 DEC 2025,               1.00,         131679484,           1152.60,   151773773258.40
30 DEC 2025,TREEHOUSE,EQ,TREE HOUSE EDU LTD       ,Listed    ,30 DEC 2025,              10.00,          42310724,              7.85,      332139183.40 
30 DEC 2025,TREJHARA,BE,TREJHARA SOLUTIONS LTD   ,Listed    ,30 DEC 2025,              10.00,          14516298,            233.90,     3395362102.20  
30 DEC 2025,TREL,EQ,TRANSINDIA REAL ESTATE L ,Listed    ,30 DEC 2025,               2.00,         245695524,             28.25,     6945812463.50      
30 DEC 2025,TRENT,EQ,TRENT LTD                ,Listed    ,30 DEC 2025,               1.00,         355487461,           4207.70,  1495784589649.70     
30 DEC 2025,TRF,EQ,TRF LIMITED              ,Listed    ,30 DEC 2025,              10.00,          11004412,            291.90,     3212187862.80       
30 DEC 2025,TRIDENT,EQ,TRIDENT LIMITED          ,Listed    ,30 DEC 2025,               1.00,        5095955670,             26.60,   135501461265.30   
30 DEC 2025,TRIDHYA,SM,TRIDHYA TECH LIMITED     ,Listed    ,24 DEC 2025,              10.00,          23288000,             15.10,      351648800.00   
30 DEC 2025,TRIGYN,EQ,TRIGYN TECHNOLOGIES LTD  ,Listed    ,30 DEC 2025,              10.00,          30785736,             65.85,     2027548572.95    
30 DEC 2025,TRITURBINE,EQ,TRIVENI TURBINE LIMITED  ,Listed    ,30 DEC 2025,               1.00,         317880270,            532.55,   169287137788.50
30 DEC 2025,TRIVENI,EQ,TRIVENI ENGG. & INDS. LTD,Listed    ,30 DEC 2025,               1.00,         218897968,            381.85,    83586189080.80   
30 DEC 2025,TROM,SM,TROM INDUSTRIES LIMITED  ,Listed    ,30 DEC 2025,              10.00,           9194866,             73.00,      671225218.00      
30 DEC 2025,TRU,EQ,TRUCAP FINANCE LIMITED   ,Listed    ,30 DEC 2025,               2.00,         118861871,              7.65,      909293313.15       
30 DEC 2025,TRUALT,EQ,TRUALT BIOENERGY LIMITED ,Listed    ,30 DEC 2025,              10.00,          85752591,            396.10,    33966601295.10    
30 DEC 2025,TRUST,ST,TRUST FINTECH LIMITED    ,Listed    ,30 DEC 2025,              10.00,          23825200,             47.15,     1123358180.00     
30 DEC 2025,TSC,SM,TSC INDIA LIMITED        ,Listed    ,30 DEC 2025,              10.00,          14048000,             47.60,      668684800.00       
30 DEC 2025,TSFINV,EQ,TSF INVESTMENTS LIMITED  ,Listed    ,30 DEC 2025,               5.00,         222103860,            452.20,   100435365492.00    
30 DEC 2025,TTKHLTCARE,EQ,TTK HEALTHCARE LIMITED   ,Listed    ,30 DEC 2025,              10.00,          14130333,           1033.10,    14598047022.30
30 DEC 2025,TTKPRESTIG,EQ,TTK PRESTIGE LTD         ,Listed    ,30 DEC 2025,               1.00,         136949974,            612.45,    83875011576.30
30 DEC 2025,TTL,EQ,T T LIMITED              ,Listed    ,30 DEC 2025,               1.00,         258310944,              8.45,     2182727476.80       
30 DEC 2025,TTML,EQ,TATA TELESERV(MAHARASTRA),Listed    ,30 DEC 2025,              10.00,        1954927727,             49.70,    97179457309.15      
30 DEC 2025,TUNWAL,SM,TUNWAL E-MOTORS LIMITED  ,Listed    ,30 DEC 2025,               2.00,          57692384,             34.80,     2007694963.20    
30 DEC 2025,TVSELECT,BE,TVS ELECTRONICS LTD      ,Listed    ,30 DEC 2025,              10.00,          18650318,            420.10,     7834998591.80  
30 DEC 2025,TVSHLTD,EQ,TVS HOLDINGS LIMITED     ,Listed    ,30 DEC 2025,               5.00,          20232104,          13506.00,   273254796624.00   
30 DEC 2025,TVSINVIT,IV,TVS INFRASTRUCTURE TRUST ,Listed    ,19 DEC 2025,             100.00,         197200000,            110.50,    21790600000.00  
30 DEC 2025,TVSMOTOR,EQ,TVS MOTOR COMPANY  LTD   ,Listed    ,30 DEC 2025,               1.00,         475087114,           3634.60,  1726751624544.40  
30 DEC 2025,TVSSCS,EQ,TVS SUPPLY CHAIN SOL L   ,Listed    ,30 DEC 2025,               1.00,         441180027,            110.95,    48944512195.40    
30 DEC 2025,TVSSRICHAK,EQ,TVS SRICHAKRA LIMITED    ,Listed    ,30 DEC 2025,              10.00,           7657050,           4130.70,    31628976435.00
30 DEC 2025,TVTODAY,EQ,TV TODAY NETWORK LTD     ,Listed    ,30 DEC 2025,               5.00,          59668615,            141.05,     8417451518.05   
30 DEC 2025,TVVISION,BE,TV VISION LIMITED        ,Listed    ,30 DEC 2025,              10.00,          38744500,              8.30,      321191905.00  
30 DEC 2025,UBL,EQ,UNITED BREWERIES LTD     ,Listed    ,30 DEC 2025,               1.00,         264405149,           1606.60,   424793312383.40       
30 DEC 2025,UCAL,EQ,UCAL LIMITED             ,Listed    ,30 DEC 2025,              10.00,          22113625,            109.50,     2421663073.75      
30 DEC 2025,UCL,SM,USHANTI COLOUR CHEM LTD  ,Listed    ,26 DEC 2025,              10.00,          11236700,             53.50,      601163450.00       
30 DEC 2025,UCOBANK,EQ,UCO BANK                 ,Listed    ,30 DEC 2025,              10.00,       12539558979,             28.85,   361515485364.55   
30 DEC 2025,UDS,EQ,UPDATER SERVICES LIMITED ,Listed    ,30 DEC 2025,              10.00,          66953241,            186.35,    12478075525.15       
30 DEC 2025,UFLEX,EQ,UFLEX LIMITED            ,Listed    ,30 DEC 2025,              10.00,          72211486,            489.35,    35336690674.10     
30 DEC 2025,UFO,EQ,UFO MOVIEZ INDIA LTD.    ,Listed    ,30 DEC 2025,              10.00,          38814757,             82.75,     3211921141.75       
30 DEC 2025,UGARSUGAR,EQ,THE UGAR SUGAR WORKS LTD ,Listed    ,30 DEC 2025,               1.00,         112500000,             42.40,     4772250000.00 
30 DEC 2025,UGROCAP,EQ,UGRO CAPITAL LIMITED     ,Listed    ,30 DEC 2025,              10.00,         116812275,            180.80,    21118491197.25   
30 DEC 2025,UHTL,SM,UNITED HEAT TRANSFER LTD ,Listed    ,30 DEC 2025,              10.00,          19004000,             59.50,     1130738000.00      
30 DEC 2025,UJJIVANSFB,EQ,UJJIVAN SMALL FINANC BANK,Listed    ,30 DEC 2025,              10.00,        1937152798,             51.90,   100557601744.20
30 DEC 2025,ULTRACEMCO,EQ,ULTRATECH CEMENT LIMITED ,Listed    ,30 DEC 2025,              10.00,         294679171,          11705.00,  3449219696555.00
30 DEC 2025,UMA,SM,UMA CONVERTER LIMITED    ,Listed    ,30 DEC 2025,              10.00,          20274286,             19.70,      399403434.20       
30 DEC 2025,UMAEXPORTS,EQ,UMA EXPORTS LIMITED      ,Listed    ,30 DEC 2025,              10.00,          33809830,             39.15,     1323316746.20
30 DEC 2025,UMESLTD,EQ,USHA MARTIN EDU & SOL LTD,Listed    ,30 DEC 2025,               1.00,          26415811,              5.10,      134192319.90   
30 DEC 2025,UMIYA-MRO,EQ,UMIYA BUILDCON LIMITED   ,Listed    ,30 DEC 2025,               5.00,          18684602,             88.05,     1645179206.10 
30 DEC 2025,UNICHEMLAB,EQ,UNICHEM LABORATORIES LTD ,Listed    ,30 DEC 2025,               2.00,          70405750,            433.70,    30534973775.00
30 DEC 2025,UNIDT,EQ,UNITED DRILLING TOOLS LTD,Listed    ,30 DEC 2025,              10.00,          20303126,            204.35,     4149349860.60     
30 DEC 2025,UNIECOM,EQ,UNICOMMERCE ESOLUTIONS L ,Listed    ,30 DEC 2025,               1.00,         111362085,            117.20,    13050522741.15   
30 DEC 2025,UNIENTER,EQ,UNIPHOS ENTERPRISES LTD  ,Listed    ,30 DEC 2025,               2.00,          69545849,            142.40,     9903328897.60  
30 DEC 2025,UNIHEALTH,ST,UNIHEALTH HOSPITALS LTD  ,Listed    ,30 DEC 2025,              10.00,          15399952,            286.70,     4415166238.40 
30 DEC 2025,UNIINFO,EQ,UNIINFO TELECOM SERVI LTD,Listed    ,30 DEC 2025,              10.00,          10693120,             15.20,      162321561.60   
30 DEC 2025,UNILEX,SM,UNILEX COLOURS AND CHEM L,Listed    ,30 DEC 2025,              10.00,          13617000,             35.00,      476595000.00    
30 DEC 2025,UNIMECH,EQ,UNIMECH AEROSPACE N MFG L,Listed    ,30 DEC 2025,               5.00,          50856883,            901.60,    45852565712.80   
30 DEC 2025,UNIONBANK,EQ,UNION BANK OF INDIA      ,Listed    ,30 DEC 2025,              10.00,        7633605607,            151.65,  1157636290301.55 
30 DEC 2025,UNIPARTS,EQ,UNIPARTS INDIA LIMITED   ,Listed    ,30 DEC 2025,              10.00,          45133758,            477.45,    21549112757.10  
30 DEC 2025,UNITDSPR,EQ,UNITED SPIRITS LIMITED   ,Listed    ,30 DEC 2025,               2.00,         727350853,           1423.80,  1035602144501.40  
30 DEC 2025,UNITECH,EQ,UNITECH LTD              ,Listed    ,30 DEC 2025,               2.00,        2616301047,              5.70,    14965241988.85   
30 DEC 2025,UNITEDPOLY,BE,UNITED POLYFAB GUJ. LTD. ,Listed    ,30 DEC 2025,               1.00,         229515500,             24.10,     5531323550.00
30 DEC 2025,UNITEDTEA,EQ,UNITED NILGIRI TEA LTD   ,Listed    ,30 DEC 2025,              10.00,           4996566,            458.00,     2288427228.00 
30 DEC 2025,UNIVASTU,EQ,UNIVASTU INDIA LIMITED   ,Listed    ,30 DEC 2025,              10.00,          35986770,             68.85,     2476969379.10  
30 DEC 2025,UNIVCABLES,EQ,UNIVERSAL CABLES LTD     ,Listed    ,30 DEC 2025,              10.00,          31989828,            890.50,    28486941834.00
30 DEC 2025,UNIVPHOTO,EQ,UNIVERSUS IMAGINGS LTD   ,Listed    ,30 DEC 2025,              10.00,          10946604,            221.65,     2426314776.60 
30 DEC 2025,UNOMINDA,EQ,UNO MINDA LIMITED        ,Listed    ,30 DEC 2025,               2.00,         575910741,           1273.30,   733307146515.30  
30 DEC 2025,UPL,EQ,UPL LIMITED              ,Listed    ,30 DEC 2025,               2.00,         843313163,            787.35,   663982618888.05       
30 DEC 2025,URAVIDEF,EQ,URAVI DEFENCE &TECH LTD  ,Listed    ,30 DEC 2025,              10.00,          11360000,            197.20,     2240192000.00  
30 DEC 2025,URBAN,SM,URBAN ENVIRO WASTE MGMT L,Listed    ,30 DEC 2025,              10.00,           8660000,            154.00,     1333640000.00     
30 DEC 2025,URBANCO,EQ,URBAN COMPANY LIMITED    ,Listed    ,30 DEC 2025,               1.00,        1435901931,            131.55,   188864180984.45   
30 DEC 2025,URJA,EQ,URJA GLOBAL LIMITED      ,Listed    ,30 DEC 2025,               1.00,         525453377,             10.85,     5695914606.70      
30 DEC 2025,USASEEDS,SM,UPSURGE SEEDS OF AGRI LTD,Listed    ,30 DEC 2025,              10.00,          10085429,            152.00,     1532985208.00  
30 DEC 2025,USHAFIN,SM,USHA FINANCIAL SERVICES L,Listed    ,30 DEC 2025,              10.00,          43475262,             43.85,     1906390238.70   
30 DEC 2025,USHAMART,EQ,USHA MARTIN LTD.         ,Listed    ,30 DEC 2025,               1.00,         304741780,            450.90,   137408068602.00  
30 DEC 2025,USK,EQ,UDAYSHIVAKUMAR INFRA LTD ,Listed    ,30 DEC 2025,              10.00,          55357142,             23.45,     1297017837.05       
30 DEC 2025,UTIAMC,EQ,UTI ASSET MNGMT CO LTD   ,Listed    ,30 DEC 2025,              10.00,         128192037,           1103.10,   141408636014.70    
30 DEC 2025,UTKARSHBNK,EQ,UTKARSH SMALL FIN BANK L ,Listed    ,30 DEC 2025,              10.00,        1779523685,             14.50,    25820888669.35
30 DEC 2025,UTLSOLAR,EQ,FUJIYAMA POWER SYSTEMS L ,Listed    ,30 DEC 2025,               1.00,         306410934,            215.70,    66092838463.80  
30 DEC 2025,UTSSAV,SM,UTSSAV CZ GOLD JEWELS LTD,Listed    ,30 DEC 2025,              10.00,          23818000,            221.50,     5275687000.00    
30 DEC 2025,UTTAMSUGAR,EQ,UTTAM SUGAR MILLS LTD.   ,Listed    ,30 DEC 2025,              10.00,          38138120,            251.95,     9608136571.60
30 DEC 2025,UWCSL,SM,ULTRA WIRING CONN SYS LTD,Listed    ,24 DEC 2025,              10.00,           5203571,            108.30,      563546739.30     
30 DEC 2025,UYFINCORP,BE,U. Y. FINCORP LIMITED    ,Listed    ,30 DEC 2025,               5.00,         190238329,             14.15,     2695677121.95 
30 DEC 2025,V2RETAIL,EQ,V2 RETAIL LIMITED        ,Listed    ,30 DEC 2025,              10.00,          36463755,           2389.20,    87119203446.00  
30 DEC 2025,VADILALIND,EQ,VADILAL INDUSTRIES LTD   ,Listed    ,30 DEC 2025,              10.00,           7187830,           4933.50,    35461159305.00
30 DEC 2025,VAIBHAVGBL,EQ,VAIBHAV GLOBAL LIMITED   ,Listed    ,30 DEC 2025,               2.00,         166828455,            233.50,    38951107673.40
30 DEC 2025,VAISHALI,EQ,VAISHALI PHARMA LIMITED  ,Listed    ,30 DEC 2025,               2.00,         107192130,              8.90,      955081878.30  
30 DEC 2025,VAKRANGEE,EQ,VAKRANGEE LIMITED        ,Listed    ,30 DEC 2025,               1.00,        1083191807,              7.75,     8373072668.10 
30 DEC 2025,VALIANTLAB,EQ,VALIANT LABORATORIES LTD ,Listed    ,30 DEC 2025,              10.00,          54312500,             72.15,     3919733125.00
30 DEC 2025,VALIANTORG,EQ,VALIANT ORGANICS LIMITED ,Listed    ,30 DEC 2025,              10.00,          27599049,            271.60,     7495901708.40
30 DEC 2025,VARDHACRLC,EQ,VARDHAMAN ACRYLICS LTD   ,Listed    ,30 DEC 2025,              10.00,          80363746,             40.30,     3238658963.80
30 DEC 2025,VARDMNPOLY,EQ,VARDHMAN POLYTEX LTD.    ,Listed    ,30 DEC 2025,               1.00,         458894004,              6.15,     2822198124.60
30 DEC 2025,VARROC,EQ,VARROC ENGINEERING LTD.  ,Listed    ,30 DEC 2025,               1.00,         152786400,            588.70,    89945353680.00    
30 DEC 2025,VASA,SM,VASA RETAIL & OVERSEA LTD,Listed    ,29 SEP 2025,              10.00,           5992550,              5.00,       29962750.00      
30 DEC 2025,VASCONEQ,EQ,VASCON ENGINEERS LTD     ,Listed    ,30 DEC 2025,              10.00,         226287111,             44.70,    10112770990.60  
30 DEC 2025,VASWANI,EQ,VASWANI IND LTD          ,Listed    ,30 DEC 2025,              10.00,          31346153,             63.00,     1974807639.00   
30 DEC 2025,VBL,EQ,VARUN BEVERAGES LIMITED  ,Listed    ,30 DEC 2025,               2.00,        3381961269,            484.45,  1638391136767.05       
30 DEC 2025,VCL,BE,VAXTEX COTFAB LIMITED    ,Listed    ,30 DEC 2025,               1.00,         183752220,              2.00,      365666917.80       
30 DEC 2025,VDEAL,SM,VDEAL SYSTEM LIMITED     ,Listed    ,30 DEC 2025,              10.00,           4890460,            203.00,      992763380.00     
30 DEC 2025,VEDL,EQ,VEDANTA LIMITED          ,Listed    ,30 DEC 2025,               1.00,        3910388057,            605.55,  2367935487916.35      
30 DEC 2025,VEEDOL,EQ,VEEDOL CORPORATION LTD   ,Listed    ,30 DEC 2025,               2.00,          17424000,           1625.70,    28326196800.00    
30 DEC 2025,VEEKAYEM,SM,VEEKAYEM FASH & APP LTD  ,Listed    ,30 DEC 2025,              10.00,           5875730,            144.30,      847867839.00  
30 DEC 2025,VELS,SM,VELS FILM INTERNATIONAL L,Listed    ,29 DEC 2025,              10.00,          12908000,             55.50,      716394000.00      
30 DEC 2025,VENKEYS,EQ,VENKY S (INDIA) LIMITED  ,Listed    ,30 DEC 2025,              10.00,          14087335,           1487.40,    20953502079.00   
30 DEC 2025,VENTIVE,EQ,VENTIVE HOSPITALITY LTD  ,Listed    ,30 DEC 2025,               1.00,         233541608,            739.60,   172727373276.80   
30 DEC 2025,VENUSPIPES,EQ,VENUS PIPES & TUBES LTD  ,Listed    ,30 DEC 2025,              10.00,          20492110,           1146.60,    23496253326.00
30 DEC 2025,VENUSREM,BE,VENUS REMEDIES LIMITED   ,Listed    ,30 DEC 2025,              10.00,          13366988,            741.50,     9911621602.00  
30 DEC 2025,VERA,SM,VERA SYNTHETIC LIMITED   ,Listed    ,27 OCT 2025,              10.00,           4935000,             69.90,      344956500.00      
30 DEC 2025,VERANDA,EQ,VERANDA LEARNING SOL LTD ,Listed    ,30 DEC 2025,              10.00,          93602271,            180.45,    16891465824.65   
30 DEC 2025,VERITAAS,SM,VERITAAS ADVERTISING LTD ,Listed    ,29 DEC 2025,              10.00,           2823000,             64.90,      183212700.00  
30 DEC 2025,VERTEXPLUS,SM,VERTEXPLUS TECHNOLOGIES L,Listed    ,29 DEC 2025,              10.00,           5479600,            111.20,      609331520.00
30 DEC 2025,VERTOZ,EQ,VERTOZ LIMITED           ,Listed    ,30 DEC 2025,              10.00,          85230000,             70.65,     6019794900.00    
30 DEC 2025,VESUVIUS,EQ,VESUVIUS INDIA LTD       ,Listed    ,30 DEC 2025,               1.00,         202960800,            471.85,    95767053480.00  
30 DEC 2025,VETO,EQ,VETO SWITCHGEAR CABLE LTD,Listed    ,30 DEC 2025,              10.00,          19114955,            112.80,     2156166924.00      
30 DEC 2025,VGINFOTECH,SM,VIRTUAL GALAXY INFOTECH L,Listed    ,30 DEC 2025,              10.00,          24868635,            150.60,     3745216431.00
30 DEC 2025,VGUARD,EQ,V-GUARD IND LTD.         ,Listed    ,30 DEC 2025,               1.00,         435998786,            328.65,   143291001018.90    
30 DEC 2025,VHL,EQ,VARDHMAN HOLDINGS LIMITED,Listed    ,30 DEC 2025,              10.00,           3183808,           3558.50,    11329580768.00       
30 DEC 2025,VHLTD,BE,VICEROY HOTELS LIMITED   ,Listed    ,30 DEC 2025,              10.00,          67578948,            143.75,     9715825353.95     
30 DEC 2025,VIAZ,SM,VIAZ TYRES LIMITED       ,Listed    ,30 DEC 2025,              10.00,          12251000,             64.55,      790802050.00      
30 DEC 2025,VIDHIING,EQ,VIDHI SPCLTY F INGRDNTS L,Listed    ,30 DEC 2025,               1.00,          49945000,            342.60,    17111157000.00  
30 DEC 2025,VIDYAWIRES,EQ,VIDYA WIRES LIMITED      ,Listed    ,30 DEC 2025,               1.00,         212692307,             49.70,    10566553811.75
30 DEC 2025,VIESL,ST,VISION INFRA EQUIP SOL L ,Listed    ,30 DEC 2025,              10.00,          24642400,            249.05,     6137189720.00     
30 DEC 2025,VIGOR,SM,VIGOR PLAST INDIA LIMITED,Listed    ,24 DEC 2025,              10.00,          10351700,             79.00,      817784300.00     
30 DEC 2025,VIJAYA,EQ,VIJAYA DIAGNOSTIC CEN LTD,Listed    ,30 DEC 2025,               1.00,         102724936,           1048.05,   107660869174.80    
30 DEC 2025,VIJAYPD,SM,VIJAYPD CEUTICAL LIMITED ,Listed    ,29 DEC 2025,              10.00,          19528686,             43.60,      851450709.60   
30 DEC 2025,VIJIFIN,EQ,VIJI FINANCE LIMITED     ,Listed    ,30 DEC 2025,               1.00,         142500000,              2.70,      387600000.00   
30 DEC 2025,VIKASECO,EQ,VIKAS ECOTECH LIMITED    ,Listed    ,30 DEC 2025,               1.00,        1768706024,              1.70,     3006800240.80  
30 DEC 2025,VIKASLIFE,EQ,VIKAS LIFECARE LIMITED   ,Listed    ,30 DEC 2025,               1.00,        1857668560,              1.75,     3269496665.60 
30 DEC 2025,VIKRAMSOLR,EQ,VIKRAM SOLAR LIMITED     ,Listed    ,30 DEC 2025,              10.00,         361717031,            237.70,    85980138268.70
30 DEC 2025,VIKRAN,EQ,VIKRAN ENGINEERING LTD   ,Listed    ,30 DEC 2025,               1.00,         257911026,            103.90,    26794376491.15    
30 DEC 2025,VILAS,SM,VILAS TRANSCORE LIMITED  ,Listed    ,30 DEC 2025,              10.00,          24480000,            393.35,     9629208000.00     
30 DEC 2025,VILINBIO,SM,VILIN BIO MED LIMITED    ,Listed    ,29 DEC 2025,              10.00,          13950000,             20.05,      279697500.00  
30 DEC 2025,VIMTALABS,EQ,VIMTA LABS LIMITED       ,Listed    ,30 DEC 2025,               2.00,          44540820,            596.65,    26575280253.00 
30 DEC 2025,VINATIORGA,EQ,VINATI ORGANICS LTD      ,Listed    ,30 DEC 2025,               1.00,         103665632,           1598.80,   165740612441.60
30 DEC 2025,VINCOFE,EQ,VINTAGE COFFEE N BVRGS L ,Listed    ,30 DEC 2025,              10.00,         130083409,            154.95,    20159025892.75   
30 DEC 2025,VINDHYATEL,EQ,VINDHYA TELELINKS LTD    ,Listed    ,30 DEC 2025,              10.00,          11850863,           1398.50,    16573431905.50
30 DEC 2025,VINEETLAB,EQ,VINEET LABORATORIES LTD  ,Listed    ,30 DEC 2025,              10.00,          19206267,             36.55,      701796996.20 
30 DEC 2025,VINNY,EQ,VINNY OVERSEAS LIMITED   ,Listed    ,30 DEC 2025,               1.00,         465246622,              1.25,      581558277.50     
30 DEC 2025,VINSYS,SM,VINSYS IT SERVICES IND LT,Listed    ,30 DEC 2025,              10.00,          14677927,            360.40,     5289924890.80    
30 DEC 2025,VINYAS,SM,VINYAS INNOVATIVE TECH L ,Listed    ,30 DEC 2025,              10.00,          12584726,           1117.20,    14059655887.20    
30 DEC 2025,VINYLINDIA,EQ,VINYL CHEMICALS (I) LTD. ,Listed    ,30 DEC 2025,               1.00,          18337111,            239.00,     4382936271.20
30 DEC 2025,VIPCLOTHNG,EQ,VIP CLOTHING LIMITED     ,Listed    ,30 DEC 2025,               2.00,          90129519,             30.95,     2787706022.65
30 DEC 2025,VIPIND,EQ,VIP INDUSTRIES LTD       ,Listed    ,30 DEC 2025,               2.00,         142044846,            379.30,    53877610087.80    
30 DEC 2025,VIPULLTD,EQ,VIPUL LIMITED            ,Listed    ,30 DEC 2025,               1.00,         140959480,             12.00,     1692923354.80  
30 DEC 2025,VIRINCHI,EQ,VIRINCHI LIMITED         ,Listed    ,30 DEC 2025,              10.00,         102646896,             22.75,     2336243352.95  
30 DEC 2025,VISAKAIND,EQ,VISAKA INDUSTRIES LIMITED,Listed    ,30 DEC 2025,               2.00,          86404760,             69.65,     6017227486.40 
30 DEC 2025,VISAMAN,ST,VISAMAN GLOBAL SALES LTD ,Listed    ,30 DEC 2025,              10.00,          13811999,            125.00,     1726499875.00   
30 DEC 2025,VISASTEEL,BE,VISA STEEL LIMITED       ,Listed    ,30 DEC 2025,              10.00,         115789500,             51.55,     5968948725.00 
30 DEC 2025,VISHNU,EQ,VISHNU CHEMICALS LIMITED ,Listed    ,30 DEC 2025,               2.00,          67315284,            542.05,    36488249692.20    
30 DEC 2025,VISHNUINFR,SM,VISHNUSURYA PROJ N INFR L,Listed    ,30 DEC 2025,              10.00,          24609671,            175.75,     4325149678.25
30 DEC 2025,VISHWARAJ,EQ,VISHWARAJ SUGAR IND LTD  ,Listed    ,30 DEC 2025,               2.00,         217827700,              6.80,     1481228360.00 
30 DEC 2025,VISHWAS,SM,VISHWAS AGRI SEEDS LTD   ,Listed    ,24 DEC 2025,              10.00,          10000000,             44.35,      443500000.00   
30 DEC 2025,VITAL,SM,VITAL CHEMTECH LIMITED   ,Listed    ,30 DEC 2025,              10.00,          23951100,             57.00,     1365212700.00     
30 DEC 2025,VIVIANA,SM,VIVIANA POWER TECH LTD   ,Listed    ,30 DEC 2025,              10.00,          10124800,            727.80,     7368829440.00   
30 DEC 2025,VIVIDHA,EQ,VISAGAR POLYTEX LTD      ,Listed    ,30 DEC 2025,               1.00,         292700534,              0.65,      184401336.40   
30 DEC 2025,VIVIMEDLAB,EQ,VIVIMED LABS LIMITED     ,Listed    ,30 DEC 2025,               2.00,          82913915,             18.60,     1542198819.00
30 DEC 2025,VIVO,SM,VIVO COLLAB SOLUTIONS LTD,Listed    ,12 DEC 2025,              10.00,           2015000,             78.00,      157170000.00      
30 DEC 2025,VLEGOV,EQ,VL E GOV AND IT SOL LTD  ,Listed    ,30 DEC 2025,              10.00,         108451329,             20.05,     2172280119.85    
30 DEC 2025,VLINFRA,SM,V.L.INFRAPROJECTS LIMITED,Listed    ,30 DEC 2025,              10.00,          15712500,             30.00,      471375000.00   
30 DEC 2025,VLSFINANCE,EQ,VLS FINANCE LTD          ,Listed    ,30 DEC 2025,              10.00,          34010241,            293.00,     9965000613.00
30 DEC 2025,VMARCIND,SM,V MARC INDIA LIMITED     ,Listed    ,30 DEC 2025,              10.00,          24420696,            672.70,    16427802199.20  
30 DEC 2025,VMART,EQ,VMART RETAIL LTD         ,Listed    ,30 DEC 2025,              10.00,          79387132,            714.30,    56706228387.60     
30 DEC 2025,VMM,EQ,VISHAL MEGA MART LIMITED ,Listed    ,30 DEC 2025,              10.00,        4671067926,            134.85,   629893509821.10       
30 DEC 2025,VMSTMT,EQ,VMS TMT LIMITED          ,Listed    ,30 DEC 2025,              10.00,          49631210,             52.75,     2617550015.40    
30 DEC 2025,VOLERCAR,ST,VOLER CAR LIMITED        ,Listed    ,30 DEC 2025,              10.00,          11143527,            215.90,     2405887479.30  
30 DEC 2025,VOLTAMP,EQ,VOLTAMP TRANSFORMERS LTD ,Listed    ,30 DEC 2025,              10.00,          10117120,           7685.50,    77755125760.00   
30 DEC 2025,VOLTAS,EQ,VOLTAS LTD               ,Listed    ,30 DEC 2025,               1.00,         330884740,           1350.70,   446926018318.00    
30 DEC 2025,VPRPL,EQ,VISHNU PRAKASH R PUNGLI L,Listed    ,30 DEC 2025,              10.00,         124644000,             55.30,     6894059640.00     
30 DEC 2025,VR,SM,V R INFRASPACE LIMITED   ,Listed    ,30 DEC 2025,              10.00,           8880000,            156.05,     1385724000.00        
30 DEC 2025,VRAJ,EQ,VRAJ IRON AND STEEL LTD  ,Listed    ,30 DEC 2025,              10.00,          32982619,            122.55,     4041360306.05      
30 DEC 2025,VRLLOG,EQ,VRL LOGISTICS LIMITED    ,Listed    ,30 DEC 2025,              10.00,         176686990,            268.25,    47396285067.50    
30 DEC 2025,VSCL,SM,VADIVARHE SPCLTY CHEM LTD,Listed    ,30 DEC 2025,              10.00,          12782750,             16.85,      215389337.50      
30 DEC 2025,VSSL,EQ,VARDHMAN SPC STEEL LTD   ,Listed    ,30 DEC 2025,              10.00,          96503428,            278.75,    26900330555.00      
30 DEC 2025,VSTIND,EQ,VST INDUSTRIES LTD       ,Listed    ,30 DEC 2025,              10.00,         169861120,            256.90,    43637321728.00    
30 DEC 2025,VSTL,EQ,VIBHOR STEEL TUBES LTD   ,Listed    ,30 DEC 2025,              10.00,          18962443,            131.55,     2494888625.50      
30 DEC 2025,VSTTILLERS,EQ,VST TILLERS TRACTORS LTD ,Listed    ,30 DEC 2025,              10.00,           8643358,           6073.00,    52491113134.00
30 DEC 2025,VTL,EQ,VARDHMAN TEXTILES LIMITED,Listed    ,30 DEC 2025,               2.00,         289227300,            439.35,   127072014255.00       
30 DEC 2025,WAAREEENER,EQ,WAAREE ENERGIES LIMITED  ,Listed    ,30 DEC 2025,              10.00,         287283199,           2980.30,   856190117979.70
30 DEC 2025,WAAREERTL,EQ,WAAREE RENEWABLE TECH LTD,Listed    ,30 DEC 2025,               2.00,         104246569,            948.60,    98888295353.40 
30 DEC 2025,WABAG,EQ,VA TECH WABAG LTD        ,Listed    ,30 DEC 2025,               2.00,          62256186,           1271.30,    79146289261.80     
30 DEC 2025,WAKEFIT,EQ,WAKEFIT INNOVATIONS LTD  ,Listed    ,30 DEC 2025,               1.00,         326828675,            184.15,    60182232214.50   
30 DEC 2025,WALCHANNAG,EQ,WALCHANDNAGAR INDUSTRIES ,Listed    ,30 DEC 2025,               2.00,          67826451,            185.25,    12564171783.25
30 DEC 2025,WALPAR,SM,WALPAR NUTRITIONS LIMITED,Listed    ,23 DEC 2025,              10.00,           9390440,             47.85,      449332554.00    
30 DEC 2025,WANBURY,EQ,WANBURY LIMITED          ,Listed    ,30 DEC 2025,              10.00,          32876998,            231.60,     7614312736.80   
30 DEC 2025,WCIL,EQ,WESTERN CARRIERS (IND) L ,Listed    ,30 DEC 2025,               5.00,         101955213,            120.05,    12238703768.50      
30 DEC 2025,WEALTH,EQ,WEALTH FRST PORT. MG. LTD,Listed    ,30 DEC 2025,              10.00,          10655000,            945.30,    10072171500.00    
30 DEC 2025,WEBELSOLAR,EQ,WEBSOL ENERGY SYSTEM LTD ,Listed    ,30 DEC 2025,               1.00,         422063470,             90.50,    38196744035.00
30 DEC 2025,WEIZMANIND,EQ,WEIZMANN LTD             ,Listed    ,30 DEC 2025,              10.00,          15493852,             94.10,     1457816534.70
30 DEC 2025,WEL,EQ,WONDER ELECTRICALS LTD   ,Listed    ,30 DEC 2025,               1.00,         134008000,            148.30,    19872046320.00       
30 DEC 2025,WELCORP,EQ,WELSPUN CORP LIMITED     ,Listed    ,30 DEC 2025,               5.00,         263606895,            790.05,   208262627394.75   
30 DEC 2025,WELENT,EQ,WELSPUN ENTERPRISES LTD. ,Listed    ,30 DEC 2025,              10.00,         138413810,            500.45,    69269191214.50    
30 DEC 2025,WELINV,EQ,WELSPUN INV & COMM LTD   ,Listed    ,30 DEC 2025,              10.00,           3654476,           1355.60,     4954007665.60    
30 DEC 2025,WELSPUNLIV,EQ,WELSPUN LIVING LIMITED   ,Listed    ,30 DEC 2025,               1.00,         959152514,            132.95,   127528918261.45
30 DEC 2025,WENDT,EQ,WENDT (INDIA) LIMITED    ,Listed    ,30 DEC 2025,              10.00,           2000000,           7725.00,    15450000000.00     
30 DEC 2025,WESTLIFE,EQ,WESTLIFE FOODWORLD LTD   ,Listed    ,30 DEC 2025,               2.00,         155936165,            536.80,    83706533372.00  
30 DEC 2025,WEWIN,BE,WE WIN LIMITED           ,Listed    ,30 DEC 2025,              10.00,          10161000,             46.00,      467406000.00     
30 DEC 2025,WEWORK,EQ,WEWORK INDIA MANAGEMENT L,Listed    ,30 DEC 2025,              10.00,         134023259,            600.15,    80434058888.85    
30 DEC 2025,WHEELS,EQ,WHEELS INDIA LTD         ,Listed    ,30 DEC 2025,              10.00,          24433012,            853.80,    20860905645.60    
30 DEC 2025,WHIRLPOOL,EQ,WHIRLPOOL OF INDIA LTD   ,Listed    ,30 DEC 2025,              10.00,         126871830,            888.70,   112750995321.00 
30 DEC 2025,WHITEFORCE,SM,HAPPY SQUARE OUTSOURC S L,Listed    ,30 DEC 2025,              10.00,          11600400,             71.00,      823628400.00
30 DEC 2025,WILLAMAGOR,EQ,WILLIAMSON MAGOR         ,Listed    ,30 DEC 2025,              10.00,          10956360,             29.90,      327704727.60
30 DEC 2025,WINDLAS,EQ,WINDLAS BIOTECH LIMITED  ,Listed    ,30 DEC 2025,               5.00,          21077239,            776.65,    16369637669.35   
30 DEC 2025,WINDMACHIN,EQ,WINDSOR MACHINES LIMITED ,Listed    ,30 DEC 2025,               2.00,          84478318,            271.05,    22897848093.90
30 DEC 2025,WINNY,SM,WINNY IMMIGRA & EDU SER L,Listed    ,30 DEC 2025,              10.00,           2170000,             75.50,      163835000.00     
30 DEC 2025,WINSOL,SM,WINSOL ENGINEERS LIMITED ,Listed    ,30 DEC 2025,              10.00,          11535200,            156.60,     1806412320.00    
30 DEC 2025,WINSOME,BZ,WINSOME YARNS LIMITED    ,Listed    ,30 DEC 2025,              10.00,          70707229,              1.80,      127980084.50   
30 DEC 2025,WIPL,EQ,THE WESTERN INDIA PLY LTD,Listed    ,30 DEC 2025,              10.00,           8487340,            148.05,     1256380940.20      
30 DEC 2025,WIPRO,EQ,WIPRO LTD                ,Listed    ,30 DEC 2025,               2.00,       10483686680,            263.65,  2764023993182.00     
30 DEC 2025,WOCKPHARMA,EQ,WOCKHARDT LIMITED        ,Listed    ,30 DEC 2025,               5.00,         162492169,           1374.20,   223296738639.80
30 DEC 2025,WOL3D,ST,WOL 3D INDIA LIMITED     ,Listed    ,30 DEC 2025,              10.00,           6452000,            183.00,     1180716000.00     
30 DEC 2025,WOMANCART,SM,WOMANCART LIMITED        ,Listed    ,30 DEC 2025,              10.00,           6307200,            275.30,     1736372160.00 
30 DEC 2025,WONDERLA,EQ,WONDERLA HOLIDAYS LTD.   ,Listed    ,30 DEC 2025,              10.00,          63416445,            514.85,    32649956708.25  
30 DEC 2025,WORTHPERI,EQ,WORTH PERIPHERALS LIMITED,Listed    ,30 DEC 2025,              10.00,          15751000,            138.90,     2187656390.00 
30 DEC 2025,WSI,EQ,W.S.INDUSTRIES (I) LTD.  ,Listed    ,30 DEC 2025,              10.00,          63918749,             86.55,     5532167725.95       
30 DEC 2025,WSTCSTPAPR,EQ,WEST COAST PAPER MILLS LT,Listed    ,30 DEC 2025,               2.00,          66048908,            410.65,    27122984070.20
30 DEC 2025,WTICAB,SM,WISE TRAVEL INDIA LIMITED,Listed    ,30 DEC 2025,              10.00,          23811837,            139.95,     3332466588.15    
30 DEC 2025,XCHANGING,EQ,XCHANGING SOLUTIONS LTD  ,Listed    ,30 DEC 2025,              10.00,         111403716,             81.10,     9032613293.30 
30 DEC 2025,XELPMOC,BE,XELPMOC DESIGN & TECH LTD,Listed    ,30 DEC 2025,              10.00,          14759493,            128.50,     1896742445.45   
30 DEC 2025,XPROINDIA,EQ,XPRO INDIA LIMITED       ,Listed    ,30 DEC 2025,              10.00,          23230378,            950.00,    22068859100.00 
30 DEC 2025,XTGLOBAL,EQ,XTGLOBAL INFOTECH LIMITED,Listed    ,30 DEC 2025,               1.00,         133562205,             33.95,     4535772481.80  
30 DEC 2025,YASHO,EQ,YASHO INDUSTRIES LIMITED ,Listed    ,30 DEC 2025,              10.00,          12057095,           1437.60,    17333279772.00     
30 DEC 2025,YASHOPTICS,SM,YASH OPTICS & LENS LTD   ,Listed    ,30 DEC 2025,              10.00,          24765600,            116.95,     2896336920.00
30 DEC 2025,YATHARTH,EQ,YATHARTH HOSP & TRA C S L,Listed    ,30 DEC 2025,              10.00,          96354357,            676.00,    65135545332.00  
30 DEC 2025,YATRA,EQ,YATRA ONLINE LIMITED     ,Listed    ,30 DEC 2025,               1.00,         156916193,            177.25,    27810256885.40     
30 DEC 2025,YCCL,SM,YASONS CHEMEX CARE LTD   ,Listed    ,30 DEC 2025,              10.00,          19303920,             13.10,      252881352.00      
30 DEC 2025,YESBANK,EQ,YES BANK LIMITED         ,Listed    ,30 DEC 2025,               2.00,       31370860590,             21.35,   670395290808.30   
30 DEC 2025,YUDIZ,SM,YUDIZ SOLUTIONS LIMITED  ,Listed    ,29 DEC 2025,              10.00,          10319375,             27.20,      280687000.00     
30 DEC 2025,YUKEN,EQ,YUKEN INDIA LIMITED      ,Listed    ,30 DEC 2025,              10.00,          13584000,            888.05,    12063271200.00     
30 DEC 2025,ZAGGLE,EQ,ZAGGLE PREPA OCEAN SER L ,Listed    ,30 DEC 2025,               1.00,         134254022,            352.30,    47297691950.60    
30 DEC 2025,ZEAL,SM,ZEAL GLOBAL SERVICES LTD ,Listed    ,30 DEC 2025,              10.00,          13309750,             91.80,     1221835050.00      
30 DEC 2025,ZEEL,EQ,ZEE ENTERTAINMENT ENT LTD,Listed    ,30 DEC 2025,               1.00,         960519420,             89.70,    86139381585.60      
30 DEC 2025,ZEELEARN,EQ,ZEE LEARN LIMITED        ,Listed    ,30 DEC 2025,               1.00,         327062005,              7.20,     2351575815.95  
30 DEC 2025,ZEEMEDIA,EQ,ZEE MEDIA CORPORATION LTD,Listed    ,30 DEC 2025,               1.00,         625428680,              8.85,     5522535244.40  
30 DEC 2025,ZENITHDRUG,SM,ZENITH DRUGS LIMITED     ,Listed    ,30 DEC 2025,              10.00,          17148800,             50.10,      859154880.00
30 DEC 2025,ZENITHEXPO,EQ,ZENITH EXPORTS LTD       ,Listed    ,30 DEC 2025,              10.00,           5396250,            220.45,     1189603312.50
30 DEC 2025,ZENITHSTL,EQ,ZENITH STEEL PIP IND LTD ,Listed    ,30 DEC 2025,              10.00,         142280448,              7.15,     1015882398.70 
30 DEC 2025,ZENSARTECH,EQ,ZENSAR TECHNOLOGIES  LTD ,Listed    ,30 DEC 2025,               2.00,         227296001,            693.85,   157709330293.85
30 DEC 2025,ZENTEC,EQ,ZEN TECHNOLOGIES LIMITED ,Listed    ,30 DEC 2025,               1.00,          90290356,           1352.90,   122153822632.40    
30 DEC 2025,ZFCVINDIA,EQ,ZF COM VE CTR SYS IND LTD,Listed    ,30 DEC 2025,               5.00,          18967584,          14826.00,   281213400384.00 
30 DEC 2025,ZIMLAB,EQ,ZIM LABORATORIES LIMITED ,Listed    ,30 DEC 2025,              10.00,          48725814,             71.30,     3474637796.35    
30 DEC 2025,ZODIAC,EQ,ZODIAC ENERGY LIMITED    ,Listed    ,30 DEC 2025,              10.00,          15123690,            293.85,     4444096306.50    
30 DEC 2025,ZODIACLOTH,EQ,ZODIAC CLOTHING CO. LTD. ,Listed    ,30 DEC 2025,              10.00,          25993717,             85.20,     2214664688.40
30 DEC 2025,ZOTA,EQ,ZOTA HEALTH CARE LIMITED ,Listed    ,30 DEC 2025,              10.00,          30317921,           1525.10,    46237861317.10      
30 DEC 2025,ZTECH,SM,Z-TECH (INDIA) LIMITED   ,Listed    ,30 DEC 2025,              10.00,          14330248,            668.15,     9574755201.20     
30 DEC 2025,ZUARI,EQ,ZUARI AGRO CHEMICALS LTD ,Listed    ,30 DEC 2025,              10.00,          42058006,            334.95,    14087329109.70     
30 DEC 2025,ZUARIIND,EQ,ZUARI INDUSTRIES LIMITED ,Listed    ,30 DEC 2025,              10.00,          29781184,            321.05,     9561249123.20  
30 DEC 2025,ZYDUSLIFE,EQ,ZYDUS LIFESCIENCES LTD   ,Listed    ,30 DEC 2025,               1.00,        1006233990,            901.45,   907069630285.50 
30 DEC 2025,ZYDUSWELL,EQ,ZYDUS WELLNESS LIMITED   ,Listed    ,30 DEC 2025,               2.00,         318160720,            424.00,   134900145280.00 
30 DEC 2025,EPWINDIA,ST,EPW INDIA LIMITED        ,Listed    ,30 DEC 2025,               5.00,          11479600,            116.55,     1337947380.00  
30 DEC 2025,GKSL,EQ,GUJARAT KIDNEY N SUP SP L,Listed    ,30 DEC 2025,               2.00,          78843250,            104.55,     8242273355.00      
30 DEC 2025,SHYAMDHANI,ST,SHYAM DHANI INDUSTRIES L ,Listed    ,30 DEC 2025,              10.00,          20656000,            139.65,     2884610400.00
30 DEC 2025,SOCL,ST,SUNDREX OIL COMPANY LTD  ,Listed    ,30 DEC 2025,              10.00,          13393552,             65.40,      875938300.80      
30 DEC 2025,Listed    ,  ,                         ,          ,           ,               0.00,                 0,              0.00,467807228922931.14
30 DEC 2025,Permitted ,  ,                         ,          ,           ,               0.00,                 0,              0.00,  1380534944631.55
30 DEC 2025,Total     ,  ,                         ,          ,           ,               0.00,                 0,              0.00,469187763867562.73
