Trade Date,Symbol,Series,Security Name,Category,Last Trade Date,Face Value(Rs.),Issue Size,Close Price/Paid up value(Rs.),Market Cap(Rs.)              
02 JAN 2026,20MICRONS,EQ,20 MICRONS LTD           ,Listed    ,02 JAN 2026,               5.00,          35286502,            214.30,     7561897378.60 
02 JAN 2026,21STCENMGM,EQ,21ST CENTURY MGMT SERVICE,Listed    ,02 JAN 2026,              10.00,          10500000,             49.40,      518595000.00
02 JAN 2026,360ONE,EQ,360 ONE WAM LIMITED      ,Listed    ,02 JAN 2026,               1.00,         405057728,           1200.10,   486109779372.80    
02 JAN 2026,3IINFOLTD,EQ,3I INFOTECH LIMITED      ,Listed    ,02 JAN 2026,              10.00,         207396267,             16.90,     3504996912.30 
02 JAN 2026,3MINDIA,EQ,3M INDIA LIMITED         ,Listed    ,02 JAN 2026,              10.00,          11265070,          36170.00,   407457581900.00   
02 JAN 2026,3PLAND,EQ,3P LAND HOLDINGS LIMITED ,Listed    ,02 JAN 2026,               2.00,          18000000,             37.70,      678420000.00    
02 JAN 2026,5PAISA,EQ,5PAISA CAPITAL LIMITED   ,Listed    ,02 JAN 2026,              10.00,          31242338,            367.80,    11490931916.40    
02 JAN 2026,63MOONS,EQ,63 MOONS TECHNOLOGIES LTD,Listed    ,02 JAN 2026,               2.00,          46078537,            725.75,    33441498227.75   
02 JAN 2026,A2ZINFRA,EQ,A2Z INFRA ENGINEERING LTD,Listed    ,02 JAN 2026,              10.00,         176119858,             15.55,     2735141394.75  
02 JAN 2026,AAATECH,BE,AAA TECHNOLOGIES LIMITED ,Listed    ,02 JAN 2026,              10.00,          12826800,             96.65,     1239966756.00   
02 JAN 2026,AADHARHFC,EQ,AADHAR HOUSING FINANCE L ,Listed    ,02 JAN 2026,              10.00,         433796312,            500.55,   217136743971.60 
02 JAN 2026,AAKAAR,SM,AAKAAR MEDICAL TECHNO LTD,Listed    ,02 JAN 2026,              10.00,          14172816,             70.10,      993514401.60    
02 JAN 2026,AAKASH,EQ,AAKASH EXPLORATION SER L ,Listed    ,02 JAN 2026,               1.00,         101250000,              8.75,      886950000.00    
02 JAN 2026,AARADHYA,ST,AARADHYA DISPOSAL INDUS L,Listed    ,02 JAN 2026,              10.00,          14138000,            122.00,     1724836000.00  
02 JAN 2026,AAREYDRUGS,EQ,AAREY DRUGS & PHARM LTD  ,Listed    ,02 JAN 2026,              10.00,          28354303,             66.35,     1881024461.00
02 JAN 2026,AARON,EQ,AARON INDUSTRIES LIMITED ,Listed    ,02 JAN 2026,              10.00,          20946478,            176.50,     3697053367.00     
02 JAN 2026,AARTECH,EQ,AARTECH SOLONICS LIMITED ,Listed    ,02 JAN 2026,               5.00,          31770376,             49.00,     1556113016.50   
02 JAN 2026,AARTIDRUGS,EQ,AARTI DRUGS LTD.         ,Listed    ,02 JAN 2026,              10.00,          91270000,            410.95,    37507406500.00
02 JAN 2026,AARTIIND,EQ,AARTI INDUSTRIES LTD     ,Listed    ,02 JAN 2026,               5.00,         362593869,            376.95,   136679758919.55  
02 JAN 2026,AARTIPHARM,EQ,AARTI PHARMALABS LIMITED ,Listed    ,02 JAN 2026,               5.00,          90647294,            742.10,    67269356877.40
02 JAN 2026,AARTISURF,EQ,AARTI SURFACTANTS LIMITED,Listed    ,02 JAN 2026,              10.00,           8458495,            387.55,     3278089737.25 
02 JAN 2026,AARVI,EQ,AARVI ENCON LIMITED      ,Listed    ,02 JAN 2026,              10.00,          14810700,            128.70,     1905988983.00     
02 JAN 2026,AATMAJ,SM,AATMAJ HEALTHCARE LIMITED,Listed    ,02 JAN 2026,               5.00,          22600000,             24.00,      542400000.00    
02 JAN 2026,AAVAS,EQ,AAVAS FINANCIERS LIMITED ,Listed    ,02 JAN 2026,              10.00,          79179511,           1443.40,   114287706177.40     
02 JAN 2026,ABAN,BE,ABAN OFFSHORE LTD.       ,Listed    ,02 JAN 2026,               2.00,          58365323,             19.85,     1159135314.80      
02 JAN 2026,ABB,EQ,ABB INDIA LIMITED        ,Listed    ,02 JAN 2026,               2.00,         211908375,           5205.50,  1103089046062.50       
02 JAN 2026,ABBOTINDIA,EQ,ABBOTT INDIA LIMITED     ,Permitted ,02 JAN 2026,              10.00,          21249302,          28125.00,   597636618750.00
02 JAN 2026,ABCAPITAL,EQ,ADITYA BIRLA CAPITAL LTD.,Listed    ,02 JAN 2026,              10.00,        2617145082,            361.25,   945443660872.50 
02 JAN 2026,ABCOTS,EQ,A B COTSPIN INDIA LIMITED,Listed    ,02 JAN 2026,              10.00,          21963620,            412.20,     9053404164.00    
02 JAN 2026,ABDL,EQ,ALLIED BLEND N DISTILS L ,Listed    ,02 JAN 2026,               2.00,         279710151,            580.00,   162231887580.00      
02 JAN 2026,ABFRL,EQ,ADITYA BIRLA FASHION & RT,Listed    ,02 JAN 2026,              10.00,        1220492475,             78.15,    95393691846.00     
02 JAN 2026,ABHAPOWER,SM,ABHA POWER N STEEL LTD   ,Listed    ,02 JAN 2026,              10.00,          18587830,             36.55,      679385186.50 
02 JAN 2026,ABINFRA,EQ,A B INFRABUILD LIMITED   ,Listed    ,02 JAN 2026,               1.00,         638789360,             18.70,    11951748925.60   
02 JAN 2026,ABLBL,EQ,ADITYA BIRLA LIFES BRAN L,Listed    ,02 JAN 2026,              10.00,        1220504009,            125.20,   152782691846.60     
02 JAN 2026,ABMINTLLTD,EQ,ABM INTERNATIONAL LTD    ,Listed    ,02 JAN 2026,              10.00,           9408000,             42.00,      395136000.00
02 JAN 2026,ABNINT,IT,A B N INTERCORP LIMITED  ,Listed    ,Not Traded ,              10.00,            419532,            200.00,       83906400.00    
02 JAN 2026,ABREL,EQ,ADITYA BIRLA REAL EST LTD,Listed    ,02 JAN 2026,              10.00,         111695680,           1664.20,   185883950656.00     
02 JAN 2026,ABSLAMC,EQ,ADIT BIRL SUN LIF AMC LTD,Listed    ,02 JAN 2026,               5.00,         288777425,            833.60,   240724861480.00   
02 JAN 2026,ABSMARINE,SM,ABS MARINE SERVICES LTD  ,Listed    ,02 JAN 2026,              10.00,          24550000,            199.40,     4895270000.00 
02 JAN 2026,ACC,EQ,ACC LIMITED              ,Listed    ,02 JAN 2026,              10.00,         187787263,           1748.80,   328402365534.40       
02 JAN 2026,ACCELYA,EQ,ACCELYA SOLN INDIA LTD   ,Listed    ,02 JAN 2026,              10.00,          14926261,           1309.20,    19541460901.20   
02 JAN 2026,ACCENTMIC,SM,ACCENT MICROCELL LIMITED ,Listed    ,02 JAN 2026,              10.00,          23989020,            348.75,     8366170725.00 
02 JAN 2026,ACCORD,SM,ACCORD SYNERGY LIMITED   ,Listed    ,26 DEC 2025,              10.00,           3472000,             29.00,      100688000.00    
02 JAN 2026,ACCPL,ST,ACCRETION PHARMA LIMITED ,Listed    ,02 JAN 2026,              10.00,          11116000,             84.00,      933744000.00     
02 JAN 2026,ACCURACY,EQ,ACCURACY SHIPPING LIMITED,Listed    ,02 JAN 2026,               1.00,         150560000,              5.80,      873248000.00  
02 JAN 2026,ACE,EQ,ACTION CONST EQUIP LTD   ,Listed    ,02 JAN 2026,               2.00,         119083196,            976.80,   116320465852.80       
02 JAN 2026,ACEINTEG,EQ,ACE INTEGRATED SOLU. LTD.,Listed    ,02 JAN 2026,              10.00,          10200000,             22.75,      231948000.00  
02 JAN 2026,ACI,EQ,ARCHEAN CHEMICAL IND LTD ,Listed    ,02 JAN 2026,               2.00,         123458394,            562.70,    69470038303.80       
02 JAN 2026,ACL,EQ,ANDHRA CEMENTS LIMITED   ,Listed    ,02 JAN 2026,              10.00,          92172140,             67.00,     6177376822.80       
02 JAN 2026,ACMESOLAR,EQ,ACME SOLAR HOLDINGS LTD  ,Listed    ,02 JAN 2026,               2.00,         605971804,            240.45,   145718039707.90 
02 JAN 2026,ACTIVEINFR,SM,ACTIVE INFRASTRUCTURES L ,Listed    ,02 JAN 2026,               5.00,          15015016,            171.00,     2567567736.00
02 JAN 2026,ACUTAAS,EQ,ACUTAAS CHEMICALS LIMITED,Listed    ,02 JAN 2026,               5.00,          81871122,           1749.30,   143217153714.60   
02 JAN 2026,ADANIENSOL,EQ,ADANI ENERGY SOLUTION LTD,Listed    ,02 JAN 2026,              10.00,        1201282642,           1057.90,  1270836906971.80
02 JAN 2026,ADANIENT,EQ,ADANI ENTERPRISES LIMITED,Listed    ,02 JAN 2026,               1.00,        1154180729,           2279.80,  2631301225974.20  
02 JAN 2026,ADANIGREEN,EQ,ADANI GREEN ENERGY LTD   ,Listed    ,02 JAN 2026,              10.00,        1647176155,           1038.80,  1711086589814.00
02 JAN 2026,ADANIPORTS,EQ,ADANI PORT & SEZ LTD     ,Listed    ,02 JAN 2026,               2.00,        2160138945,           1489.50,  3217526958577.50
02 JAN 2026,ADANIPOWER,EQ,ADANI POWER LTD          ,Listed    ,02 JAN 2026,               2.00,       19284694705,            148.15,  2857413214439.85
02 JAN 2026,ADFFOODS,EQ,ADF FOODS LIMITED        ,Listed    ,02 JAN 2026,               2.00,         109863595,            204.10,    22422061103.55  
02 JAN 2026,ADL,EQ,ARCHIDPLY DECOR LIMITED  ,Listed    ,02 JAN 2026,              10.00,           5566250,             79.25,      441013987.50       
02 JAN 2026,ADOR,EQ,ADOR WELDING LTD         ,Listed    ,02 JAN 2026,              10.00,          17402815,           1037.70,    18058901125.50      
02 JAN 2026,ADROITINFO,EQ,ADROIT INFOTECH LIMITED  ,Listed    ,02 JAN 2026,              10.00,          54177208,             10.15,      548815117.05
02 JAN 2026,ADSL,EQ,ALLIED DIGITAL SERV. LTD ,Listed    ,02 JAN 2026,               5.00,          56514128,            155.45,     8785686338.90      
02 JAN 2026,ADVANCE,EQ,ADVANCE AGROLIFE LIMITED ,Listed    ,02 JAN 2026,              10.00,          64285720,            121.25,     7795286407.20   
02 JAN 2026,ADVANIHOTR,EQ,ADVANI HOT.& RES.(I) LTD ,Listed    ,02 JAN 2026,               2.00,          92438500,             58.10,     5368828080.00
02 JAN 2026,ADVENTHTL,EQ,ADVENT HOTELS INTERNATI L,Listed    ,02 JAN 2026,              10.00,          53942887,            235.55,    12705168175.10 
02 JAN 2026,ADVENZYMES,EQ,ADVANCED ENZYME TECH LTD ,Listed    ,02 JAN 2026,               2.00,         111926800,            302.15,    33818682620.00
02 JAN 2026,AEGISLOG,EQ,AEGIS LOGISTICS LIMITED  ,Listed    ,02 JAN 2026,               1.00,         351000000,            726.15,   254878650000.00  
02 JAN 2026,AEGISVOPAK,EQ,AEGIS VOPAK TERMINALS LTD,Listed    ,02 JAN 2026,              10.00,        1107991489,            248.80,   275690442293.00
02 JAN 2026,AEQUS,EQ,AEQUS LIMITED            ,Listed    ,02 JAN 2026,              10.00,         670665635,            137.35,    92129338279.95     
02 JAN 2026,AEROFLEX,EQ,AEROFLEX INDUSTRIES LTD  ,Listed    ,02 JAN 2026,               2.00,         129320370,            197.55,    25549825500.90  
02 JAN 2026,AERON,SM,AERON COMPOSITE LIMITED  ,Listed    ,02 JAN 2026,              10.00,          17020000,            104.90,     1785398000.00     
02 JAN 2026,AESTHETIK,SM,AESTHETIK ENGINEERS LTD  ,Listed    ,02 JAN 2026,              10.00,          17220175,             89.50,     1541205662.50 
02 JAN 2026,AETHER,EQ,AETHER INDUSTRIES LIMITED,Listed    ,02 JAN 2026,              10.00,         132612818,            944.10,   125199761473.80    
02 JAN 2026,AFCONS,EQ,AFCONS INFRASTRUCTURE LTD,Listed    ,02 JAN 2026,              10.00,         367784631,            390.85,   143748623026.35    
02 JAN 2026,AFFLE,EQ,AFFLE 3I LIMITED         ,Listed    ,02 JAN 2026,               2.00,         140695134,           1782.70,   250817215381.80     
02 JAN 2026,AFFORDABLE,EQ,AFFORD ROBO & AUTO LTD   ,Listed    ,02 JAN 2026,              10.00,          11246266,            208.80,     2347995415.50
02 JAN 2026,AFIL,EQ,AKME FINTRADE (INDIA) LTD,Listed    ,02 JAN 2026,               1.00,         426749960,              6.40,     2739734743.20      
02 JAN 2026,AFSL,EQ,ABANS FINANCIAL SRVCS LTD,Listed    ,02 JAN 2026,               2.00,          50658840,            202.40,    10254362392.80      
02 JAN 2026,AGARIND,EQ,AGARWAL INDS CORP LTD.   ,Listed    ,02 JAN 2026,              10.00,          14957789,            720.05,    10770355969.45   
02 JAN 2026,AGARWALEYE,EQ,DR AGARWALS HEALTH CARE L,Listed    ,02 JAN 2026,               1.00,         316470002,            501.95,   158852117503.90
02 JAN 2026,AGARWALFT,SM,AGARWAL FLOAT GLASS I LTD,Listed    ,02 JAN 2026,              10.00,           7243488,             42.05,      304588670.40 
02 JAN 2026,AGARWALTUF,SM,AGARWAL TOUGH GLASS IND L,Listed    ,02 JAN 2026,              10.00,          17674600,            127.30,     2249976580.00
02 JAN 2026,AGI,EQ,AGI GREENPAC LIMITED     ,Listed    ,02 JAN 2026,               2.00,          64697381,            759.65,    49147365476.65       
02 JAN 2026,AGIIL,EQ,AGI INFRA LIMITED        ,Listed    ,02 JAN 2026,               1.00,         122167200,            273.35,    33394404120.00     
02 JAN 2026,AGNI,SM,AGNI GREEN POWER LTD     ,Listed    ,02 JAN 2026,              10.00,          19534800,             23.35,      456137580.00      
02 JAN 2026,AGRITECH,BE,AGRI-TECH (INDIA) LIMITED,Listed    ,02 JAN 2026,              10.00,           5940000,            153.15,      909592200.00  
02 JAN 2026,AGROPHOS,EQ,AGRO PHOS INDIA LIMITED  ,Listed    ,02 JAN 2026,              10.00,          20274115,             40.50,      820696175.20  
02 JAN 2026,AGSTRA,BZ,AGS TRANSACT TECH LTD    ,Listed    ,02 JAN 2026,              10.00,         128433076,              4.15,      532997265.40    
02 JAN 2026,AGUL,SM,A G UNIVERSAL LIMITED    ,Listed    ,02 JAN 2026,              10.00,           5484000,             65.55,      359476200.00      
02 JAN 2026,AHCL,EQ,ANLON HEALTHCARE LIMITED ,Listed    ,02 JAN 2026,              10.00,          53151500,            154.70,     8222537050.00      
02 JAN 2026,AHIMSA,ST,AHIMSA INDUSTRIES LTD.   ,Listed    ,24 DEC 2025,              10.00,           5473990,             23.75,      130007262.50    
02 JAN 2026,AHLADA,EQ,AHLADA ENGINEERS LIMITED ,Listed    ,02 JAN 2026,              10.00,          12921000,             47.45,      612843030.00    
02 JAN 2026,AHLEAST,EQ,ASIAN HOTELS (EAST) LTD  ,Listed    ,02 JAN 2026,              10.00,          17291696,            147.55,     2551043910.90   
02 JAN 2026,AHLUCONT,EQ,AHLUWALIA CONT IND LTD   ,Listed    ,02 JAN 2026,               2.00,          66987560,            960.45,    64338202002.00  
02 JAN 2026,AIAENG,EQ,AIA ENGINEERING LIMITED  ,Listed    ,02 JAN 2026,               2.00,          93320370,           4089.70,   381652317189.00    
02 JAN 2026,AIIL,EQ,AUTHUM INVEST & INFRA LTD,Listed    ,02 JAN 2026,               1.00,         169845100,           3045.80,   517314205580.00      
02 JAN 2026,AILIMITED,SM,ABHISHEK INTEGRATIONS LTD,Listed    ,02 JAN 2026,              10.00,           6021570,             39.00,      234841230.00 
02 JAN 2026,AIMTRON,ST,AIMTRON ELECTRONICS LTD  ,Listed    ,02 JAN 2026,              10.00,          20413825,            884.00,    18045821300.00   
02 JAN 2026,AIRAN,EQ,AIRAN LIMITED            ,Listed    ,02 JAN 2026,               2.00,         125020000,             18.30,     2290366400.00     
02 JAN 2026,AIROLAM,EQ,AIRO LAM LIMITED         ,Listed    ,02 JAN 2026,              10.00,          15002000,            101.00,     1515352020.00   
02 JAN 2026,AISL,SM,ANI INTEGRATED SERV LTD. ,Listed    ,02 JAN 2026,              10.00,          11687200,             80.50,      940819600.00      
02 JAN 2026,AJANTPHARM,EQ,AJANTA PHARMA LIMITED    ,Listed    ,02 JAN 2026,               2.00,         124935624,           2949.20,   368460142300.80
02 JAN 2026,AJAXENGG,EQ,AJAX ENGINEERING LIMITED ,Listed    ,02 JAN 2026,               1.00,         114406800,            595.10,    68083486680.00  
02 JAN 2026,AJMERA,EQ,AJMERA REALTY & INF I LTD,Listed    ,02 JAN 2026,              10.00,          39359130,           1001.75,    39428008477.50    
02 JAN 2026,AJOONI,EQ,AJOONI BIOTECH LIMITED   ,Listed    ,02 JAN 2026,               2.00,         172243598,              4.35,      745814779.35    
02 JAN 2026,AKANKSHA,SM,AKANKSHA POWER N INFRA L ,Listed    ,02 JAN 2026,              10.00,          19580520,             68.25,     1336370490.00  
02 JAN 2026,AKASH,EQ,AKASH INFRA-PROJECTS LTD ,Listed    ,02 JAN 2026,              10.00,          16862534,             25.75,      434378875.85     
02 JAN 2026,AKG,EQ,AKG EXIM LIMITED         ,Listed    ,02 JAN 2026,              10.00,          31776576,             12.55,      399113794.55       
02 JAN 2026,AKI,EQ,AKI INDIA LIMITED        ,Listed    ,02 JAN 2026,               2.00,         103205956,              6.80,      700768441.25       
02 JAN 2026,AKIKO,ST,AKIKO GLOBAL SERVICES L  ,Listed    ,02 JAN 2026,              10.00,          10769600,            262.60,     2828096960.00     
02 JAN 2026,AKSHAR,EQ,AKSHAR SPINTEX LIMITED   ,Listed    ,02 JAN 2026,               1.00,         787468500,              0.50,      393734250.00    
02 JAN 2026,AKSHARCHEM,EQ,AKSHARCHEM INDIA LIMITED ,Listed    ,02 JAN 2026,              10.00,           8033099,            239.05,     1920472977.95
02 JAN 2026,AKSHOPTFBR,EQ,AKSH OPTIFIBRE LIMITED   ,Listed    ,02 JAN 2026,               5.00,         162697971,              6.50,     1055909831.80
02 JAN 2026,AKUMS,EQ,AKUMS DRUGS AND PHARMA L ,Listed    ,02 JAN 2026,               2.00,         157393988,            451.85,    71118473477.80     
02 JAN 2026,AKZOINDIA,EQ,AKZO NOBEL INDIA LIMITED ,Listed    ,02 JAN 2026,              10.00,          45540314,           3211.60,   146257272442.40 
02 JAN 2026,ALANKIT,EQ,ALANKIT LIMITED          ,Listed    ,02 JAN 2026,               1.00,         271158100,             10.85,     2947488547.00   
02 JAN 2026,ALBERTDAVD,EQ,ALBERT DAVID LIMITED     ,Listed    ,02 JAN 2026,              10.00,           5707162,            752.70,     4295780837.40
02 JAN 2026,ALCODIS,SM,ALCOKRAFT DISTILLERIE LTD,Listed    ,02 JAN 2026,              10.00,          10250000,             94.40,      967600000.00   
02 JAN 2026,ALEMBICLTD,EQ,ALEMBIC LIMITED          ,Listed    ,02 JAN 2026,               2.00,         256781828,            103.35,    26543537560.35
02 JAN 2026,ALICON,EQ,ALICON CASTALLOY LIMITED ,Listed    ,02 JAN 2026,               5.00,          16336840,            847.20,    13840570848.00    
02 JAN 2026,ALIVUS,EQ,ALIVUS LIFE SCIENCES LTD ,Listed    ,02 JAN 2026,               2.00,         122681348,            913.00,   112008070724.00    
02 JAN 2026,ALKALI,EQ,ALKALI METALS LTD        ,Listed    ,02 JAN 2026,              10.00,          10182506,             81.15,      826412186.95    
02 JAN 2026,ALKEM,EQ,ALKEM LABORATORIES LTD.  ,Listed    ,02 JAN 2026,               2.00,         119565000,           5592.50,   668667262500.00     
02 JAN 2026,ALKYLAMINE,EQ,ALKYL AMINES CHEM. LTD   ,Listed    ,02 JAN 2026,               2.00,          51143977,           1607.10,    82193485436.70
02 JAN 2026,ALLCARGO,EQ,ALLCARGO LOGISTICS LTD   ,Listed    ,02 JAN 2026,               2.00,         982782096,             11.45,    11243027178.25  
02 JAN 2026,ALLDIGI,EQ,ALLDIGI TECH LIMITED     ,Listed    ,02 JAN 2026,              10.00,          15238326,            836.95,    12753716945.70   
02 JAN 2026,ALLETEC,SM,ALL E TECHNOLOGIES LTD   ,Listed    ,02 JAN 2026,              10.00,          20194176,            219.30,     4428582796.80   
02 JAN 2026,ALLTIME,EQ,ALL TIME PLASTICS LIMITED,Listed    ,02 JAN 2026,               2.00,          65507778,            263.35,    17251473336.30   
02 JAN 2026,ALMONDZ,EQ,ALMONDZ GLOBAL SEC LTD   ,Listed    ,02 JAN 2026,               1.00,         173646754,             18.70,     3243721364.70   
02 JAN 2026,ALOKINDS,EQ,ALOK INDUSTRIES LIMITED  ,Listed    ,02 JAN 2026,               1.00,        4965240401,             16.25,    80734808920.25  
02 JAN 2026,ALPA,EQ,ALPA LABORATORIES LTD    ,Listed    ,02 JAN 2026,              10.00,          21040600,             78.05,     1642008424.00      
02 JAN 2026,ALPEXSOLAR,SM,ALPEX SOLAR LIMITED      ,Listed    ,02 JAN 2026,              10.00,          25543000,            825.30,    21080637900.00
02 JAN 2026,ALPHAGEO,EQ,ALPHAGEO (INDIA) LIMITED ,Listed    ,02 JAN 2026,              10.00,           6364767,            229.65,     1461605093.90  
02 JAN 2026,ALUWIND,SM,ALUWIND INFRA-TECH LTD   ,Listed    ,02 JAN 2026,              10.00,          24847420,             69.35,     1723168577.00   
02 JAN 2026,AMANTA,EQ,AMANTA HEALTHCARE LIMITED,Listed    ,02 JAN 2026,              10.00,          38829351,            109.75,     4261132978.75    
02 JAN 2026,AMBANIORGO,SM,AMBANI ORGOCHEM LIMITED  ,Listed    ,23 DEC 2025,              10.00,           7658659,             99.75,      763951235.25
02 JAN 2026,AMBER,EQ,AMBER ENTERPRISES (I) LTD,Listed    ,02 JAN 2026,              10.00,          35172042,           6482.50,   228002762265.00     
02 JAN 2026,AMBEY,SM,AMBEY LABORATORIES LTD   ,Listed    ,01 JAN 2026,              10.00,          24946819,             43.50,     1085186626.50     
02 JAN 2026,AMBICAAGAR,EQ,AMBICA AGAR & AROMAINDLTD,Listed    ,02 JAN 2026,              10.00,          17177400,             25.50,      438023700.00
02 JAN 2026,AMBIKCO,EQ,AMBIKA COTTON MILL LTD.  ,Listed    ,02 JAN 2026,              10.00,           5725000,           1247.20,     7140220000.00   
02 JAN 2026,AMBUJACEM,EQ,AMBUJA CEMENTS LTD       ,Listed    ,02 JAN 2026,               2.00,        2471823478,            565.40,  1397568994461.20 
02 JAN 2026,AMCL,ST,ANB METAL CAST LIMITED   ,Listed    ,02 JAN 2026,              10.00,          11834780,            358.00,     4236851240.00      
02 JAN 2026,AMDIND,EQ,AMD INDUSTRIES LIMITED   ,Listed    ,02 JAN 2026,              10.00,          19166749,             47.30,      906395560.20    
02 JAN 2026,AMEYA,SM,AMEYA PRECISION ENG LTD  ,Listed    ,02 JAN 2026,              10.00,           7500000,            102.00,      765000000.00     
02 JAN 2026,AMIABLE,SM,AMIABLE LOGISTICS (I) LTD,Listed    ,01 JAN 2026,              10.00,           1748200,             98.50,      172197700.00   
02 JAN 2026,AMJLAND,EQ,AMJ LAND HOLDINGS LIMITED,Listed    ,02 JAN 2026,               2.00,          41000000,             51.35,     2106170000.00   
02 JAN 2026,AMJUMBO,SM,A AND M JUMBO BAGS LTD   ,Listed    ,02 JAN 2026,              10.00,          10500000,             10.00,      105000000.00   
02 JAN 2026,AMNPLST,EQ,AMINES & PLASTICIZERS LTD,Listed    ,02 JAN 2026,               2.00,          55020000,            192.35,    10581996600.00   
02 JAN 2026,AMRUTANJAN,EQ,AMRUTAJAN HEALTH LTD     ,Listed    ,02 JAN 2026,               1.00,          28910630,            672.75,    19449626332.50
02 JAN 2026,ANANDRATHI,EQ,ANAND RATHI WEALTH LTD   ,Listed    ,02 JAN 2026,               5.00,          83020634,           3079.40,   255653740339.60
02 JAN 2026,ANANTAM,IV,ANANTAM HIGHWAYS TRUST   ,Listed    ,02 JAN 2026,             100.00,         217500000,            104.00,    22615650000.00   
02 JAN 2026,ANANTRAJ,EQ,ANANT RAJ LIMITED        ,Listed    ,02 JAN 2026,               2.00,         359876930,            584.05,   210186120966.50  
02 JAN 2026,ANDHRAPAP,EQ,ANDHRA PAPER LIMITED     ,Listed    ,02 JAN 2026,               2.00,         198850195,             67.45,    13412445652.75 
02 JAN 2026,ANDHRSUGAR,EQ,ANDHRA SUGARS LTD        ,Listed    ,02 JAN 2026,               2.00,         135535390,             76.00,    10297978932.20
02 JAN 2026,ANGELONE,EQ,ANGEL ONE LIMITED        ,Listed    ,02 JAN 2026,              10.00,          90839339,           2387.90,   216915257598.10  
02 JAN 2026,ANIKINDS,EQ,ANIK INDUSTRIES LTD      ,Listed    ,02 JAN 2026,              10.00,          27753486,             51.80,     1437630574.80  
02 JAN 2026,ANKITMETAL,BZ,ANKIT MET & POW LTD      ,Listed    ,02 JAN 2026,              10.00,         141110500,              1.75,      246943375.00
02 JAN 2026,ANLON,SM,ANLON TECHNOLOGY SOL LTD ,Listed    ,02 JAN 2026,              10.00,           6255400,            396.95,     2483081030.00     
02 JAN 2026,ANMOL,EQ,ANMOL INDIA LIMITED      ,Listed    ,02 JAN 2026,              10.00,          56914150,             14.25,      811595779.00     
02 JAN 2026,ANNAPURNA,SM,ANNAPURNA SWADISHT LTD   ,Listed    ,02 JAN 2026,              10.00,          21820000,            194.30,     4239626000.00 
02 JAN 2026,ANONDITA,ST,ANONDITA MEDICARE LIMITED,Listed    ,02 JAN 2026,              10.00,          18086618,           1012.25,    18308179070.50  
02 JAN 2026,ANSALAPI,BZ,ANSAL PROP & INFRA LTD   ,Listed    ,02 JAN 2026,               5.00,         157404876,              3.35,      524158237.10  
02 JAN 2026,ANTGRAPHIC,EQ,ANTARCTICA LTD           ,Listed    ,02 JAN 2026,               1.00,         155009600,              1.05,      161209984.00
02 JAN 2026,ANTHEM,EQ,ANTHEM BIOSCIENCES LTD   ,Listed    ,02 JAN 2026,               2.00,         561610051,            654.45,   367545697876.95    
02 JAN 2026,ANUHPHR,EQ,ANUH PHARMA LIMITED      ,Listed    ,02 JAN 2026,               5.00,         100224000,             80.20,     8037964800.00   
02 JAN 2026,ANUP,EQ,THE ANUP ENGINEERING LTD ,Listed    ,02 JAN 2026,              10.00,          20031466,           2256.40,    45198999882.40      
02 JAN 2026,ANURAS,EQ,ANUPAM RASAYAN INDIA LTD ,Listed    ,02 JAN 2026,              10.00,         113848310,           1325.30,   150883165243.00    
02 JAN 2026,ANYA,SM,ANYA POLYTECH & FERTI LTD,Listed    ,31 DEC 2025,               2.00,         120000000,             20.55,     2466000000.00      
02 JAN 2026,ANZEN,IV,ANZEN IND ENE YLD PLU TRU,Listed    ,02 JAN 2026,             100.00,         196193900,            116.00,    22758492400.00     
02 JAN 2026,APARINDS,EQ,APAR INDUSTRIES LTD.     ,Listed    ,02 JAN 2026,              10.00,          40168315,           8264.50,   331971039317.50  
02 JAN 2026,APCL,EQ,ANJANI PORTLAND CEM LTD  ,Listed    ,02 JAN 2026,              10.00,          29374764,            124.75,     3664795556.65      
02 JAN 2026,APCOTEXIND,EQ,APCOTEX INDUSTRIES LIMITE,Listed    ,02 JAN 2026,               2.00,          51844960,            370.85,    19226703416.00
02 JAN 2026,APEX,EQ,APEX FROZEN FOODS LIMITED,Listed    ,02 JAN 2026,              10.00,          31250000,            295.95,     9248437500.00      
02 JAN 2026,APEXECO,SM,APEX ECOTECH LIMITED     ,Listed    ,02 JAN 2026,              10.00,          13185200,            131.00,     1727261200.00   
02 JAN 2026,APLAPOLLO,EQ,APL APOLLO TUBES LTD     ,Listed    ,02 JAN 2026,               2.00,         277636026,           1931.90,   536365038629.40 
02 JAN 2026,APLLTD,EQ,ALEMBIC PHARMA LTD       ,Listed    ,02 JAN 2026,               2.00,         196563124,            835.05,   164140036696.20    
02 JAN 2026,APOLLO,EQ,APOLLO MICRO SYSTEMS LTD ,Listed    ,02 JAN 2026,               1.00,         335674736,            271.90,    91269960718.40    
02 JAN 2026,APOLLOHOSP,EQ,APOLLO HOSPITALS ENTER. L,Listed    ,02 JAN 2026,               5.00,         143784657,           7129.50,  1025112712081.50
02 JAN 2026,APOLLOPIPE,EQ,APOLLO PIPES LIMITED     ,Listed    ,02 JAN 2026,              10.00,          44048206,            289.75,    12762967688.50
02 JAN 2026,APOLLOTYRE,EQ,APOLLO TYRES LTD         ,Listed    ,02 JAN 2026,               1.00,         635100946,            497.25,   315803945398.50
02 JAN 2026,APOLSINHOT,EQ,APOLLO SINDOORI HOTEL LTD,Listed    ,02 JAN 2026,               5.00,           2600400,           1188.00,     3089275200.00
02 JAN 2026,APRAMEYA,SM,APRAMEYA ENGINEERING LTD ,Listed    ,02 JAN 2026,              10.00,          19040000,            302.00,     5750080000.00  
02 JAN 2026,APS,SM,AUSTRALIAN PREM SOLAR I L,Listed    ,02 JAN 2026,              10.00,          20160000,            372.25,     7504560000.00       
02 JAN 2026,APTECHT,EQ,APTECH LIMITED           ,Listed    ,02 JAN 2026,              10.00,          58032675,             94.00,     5456232103.50   
02 JAN 2026,APTUS,EQ,APTUS VALUE HSG FIN I LTD,Listed    ,02 JAN 2026,               2.00,         500722736,            283.80,   142105112476.80     
02 JAN 2026,ARABIAN,SM,ARABIAN PETROLEUM LIMITED,Listed    ,02 JAN 2026,              10.00,          10892000,             73.75,      803285000.00   
02 JAN 2026,ARCHIDPLY,EQ,ARCHIDPLY IND. LTD       ,Listed    ,02 JAN 2026,              10.00,          19865000,             89.40,     1776129650.00 
02 JAN 2026,ARCHIES,EQ,ARCHIES LTD              ,Listed    ,02 JAN 2026,               2.00,          33780000,             18.45,      622565400.00   
02 JAN 2026,ARCIIL,SM,ARC INSULATION & INSU LTD,Listed    ,02 JAN 2026,              10.00,          10297380,             67.00,      689924460.00    
02 JAN 2026,ARE&M,EQ,AMARA RAJA ENERGY MOB LTD,Listed    ,02 JAN 2026,               1.00,         183025364,            928.30,   169902445401.20     
02 JAN 2026,ARENTERP,EQ,RAJDARSHAN INDUSTRIES LTD,Listed    ,02 JAN 2026,              10.00,           3108300,             44.90,      139531587.00  
02 JAN 2026,ARFIN,EQ,ARFIN INDIA LIMITED      ,Listed    ,02 JAN 2026,               1.00,         168722482,             74.80,    12617067203.95     
02 JAN 2026,ARHAM,ST,ARHAM TECHNOLOGIES LTD   ,Listed    ,02 JAN 2026,              10.00,          16920000,            151.50,     2563380000.00     
02 JAN 2026,ARIES,EQ,ARIES AGRO LTD.          ,Listed    ,02 JAN 2026,              10.00,          13004339,            345.45,     4492348907.55     
02 JAN 2026,ARIHANTACA,ST,ARIHANT ACADEMY LIMITED  ,Listed    ,01 JAN 2026,              10.00,           6055200,            499.50,     3024572400.00
02 JAN 2026,ARIHANTCAP,EQ,ARIHANT CAPITAL MKTS LTD ,Listed    ,02 JAN 2026,               1.00,         104612800,             90.55,     9474781296.00
02 JAN 2026,ARIHANTSUP,EQ,ARIHANT SUPERSTRUCT LTD  ,Listed    ,02 JAN 2026,              10.00,          43249991,            343.00,    14834746913.00
02 JAN 2026,ARISINFRA,EQ,ARISINFRA SOLUTIONS LTD  ,Listed    ,02 JAN 2026,               2.00,          81382036,            131.45,    10696854811.85 
02 JAN 2026,ARISTO,SM,ARISTO BIO T AND LIFESC L,Listed    ,01 JAN 2026,              10.00,           6807800,            120.00,      816936000.00    
02 JAN 2026,ARKADE,EQ,ARKADE DEVELOPERS LIMITED,Listed    ,02 JAN 2026,              10.00,         185663617,            137.20,    25474904888.55    
02 JAN 2026,ARMANFIN,EQ,ARMAN FIN SERV LTD       ,Listed    ,02 JAN 2026,              10.00,          10512921,           1520.90,    15989101548.90  
02 JAN 2026,AROGRANITE,EQ,ARO GRANITE IND. LTD.    ,Listed    ,02 JAN 2026,              10.00,          15300000,             32.85,      502911000.00
02 JAN 2026,ARROWGREEN,EQ,ARROW GREENTECH LIMITED  ,Listed    ,02 JAN 2026,              10.00,          15087938,            516.05,     7786130404.90
02 JAN 2026,ARSHIYA,BZ,ARSHIYA LIMITED          ,Listed    ,02 JAN 2026,               2.00,         263475915,              1.25,      329344893.75   
02 JAN 2026,ARSSBL,EQ,ANAND RATHI SH N STK BR L,Listed    ,02 JAN 2026,               5.00,          62725250,            656.45,    41175990362.50    
02 JAN 2026,ARTEMISMED,EQ,ARTEMIS MED SERVICE LTD  ,Listed    ,02 JAN 2026,               1.00,         158200497,            276.15,    43687067246.55
02 JAN 2026,ARTNIRMAN,EQ,ART NIRMAN LIMITED       ,Listed    ,02 JAN 2026,              10.00,          24956000,             46.65,     1164696520.00 
02 JAN 2026,ARUNAYA,SM,ARUNAYA ORGANICS LIMITED ,Listed    ,02 JAN 2026,              10.00,          17538432,             20.00,      350768640.00   
02 JAN 2026,ARVEE,BE,ARVEE LABORATORIES I LTD ,Listed    ,02 JAN 2026,              10.00,          11020000,            199.95,     2203228600.00     
02 JAN 2026,ARVIND,EQ,ARVIND LIMITED           ,Listed    ,02 JAN 2026,              10.00,         262114640,            318.35,    83444195644.00    
02 JAN 2026,ARVINDFASN,EQ,ARVIND FASHIONS LIMITED  ,Listed    ,02 JAN 2026,               4.00,         133590692,            510.55,    68204727800.60
02 JAN 2026,ARVINDPORT,SM,ARVIND PORT AND INFRA LTD,Listed    ,02 JAN 2026,              10.00,          17798300,             41.60,      740409280.00
02 JAN 2026,ARVSMART,EQ,ARVIND SMARTSPACES LTD   ,Listed    ,02 JAN 2026,              10.00,          45866979,            594.30,    27258745619.70  
02 JAN 2026,ASAHIINDIA,EQ,ASAHI INDIA GLASS LIMITED,Listed    ,02 JAN 2026,               1.00,         254927192,            992.10,   252913267183.20
02 JAN 2026,ASAHISONG,EQ,ASAHI SONGWON COLOR LTD  ,Listed    ,02 JAN 2026,              10.00,          11787262,            260.95,     3075886018.90 
02 JAN 2026,ASAL,EQ,AUTOMOTIVE STAMPINGS & AS,Listed    ,02 JAN 2026,              10.00,          15864397,            485.10,     7695818984.70      
02 JAN 2026,ASALCBR,EQ,ASSO ALCOHOLS & BREW LTD ,Listed    ,02 JAN 2026,              10.00,          18979200,            952.30,    18073892160.00   
02 JAN 2026,ASCOM,ST,ASCOM LEASIN & INVEST LTD,Listed    ,02 JAN 2026,              10.00,          11714179,            128.00,     1499414912.00     
02 JAN 2026,ASHALOG,SM,ASHAPURA LOGISTICS LTD   ,Listed    ,01 JAN 2026,              10.00,          13556121,             68.55,      929272094.55   
02 JAN 2026,ASHAPURMIN,EQ,ASHAPURA MINECHEM LTD    ,Listed    ,02 JAN 2026,               2.00,          95526098,            901.00,    86069014298.00
02 JAN 2026,ASHIANA,EQ,ASHIANA HOUSING LTD      ,Listed    ,02 JAN 2026,               2.00,         100524857,            286.00,    28750109102.00   
02 JAN 2026,ASHIMASYN,EQ,ASHIMA LTD               ,Listed    ,02 JAN 2026,              10.00,         191660078,             19.45,     3725871916.30 
02 JAN 2026,ASHOKA,EQ,ASHOKA BUILDCON LTD      ,Listed    ,02 JAN 2026,               5.00,         280723217,            169.35,    47543284031.10    
02 JAN 2026,ASHOKAMET,EQ,ASHOKA METCAST LIMITED   ,Listed    ,02 JAN 2026,              10.00,          24996000,             15.70,      391937280.00 
02 JAN 2026,ASHOKLEY,EQ,ASHOK LEYLAND LTD        ,Listed    ,02 JAN 2026,               1.00,        5873854552,            188.80,  1108866262326.55  
02 JAN 2026,ASHWINI,ST,ASHWINI CONTAINER MOVER L,Listed    ,02 JAN 2026,              10.00,          15000000,            138.10,     2071500000.00   
02 JAN 2026,ASIANENE,EQ,ASIAN ENERGY SERVICES LTD,Listed    ,02 JAN 2026,              10.00,          44774444,            288.10,    12899517316.40  
02 JAN 2026,ASIANHOTNR,EQ,ASIAN HOTELS (NORTH) LTD ,Listed    ,02 JAN 2026,              10.00,          19453229,            324.00,     6302846196.00
02 JAN 2026,ASIANPAINT,EQ,ASIAN PAINTS LIMITED     ,Listed    ,02 JAN 2026,               1.00,         959197790,           2772.60,  2659471792554.00
02 JAN 2026,ASIANTILES,EQ,ASIAN GRANITO IND. LTD.  ,Listed    ,02 JAN 2026,              10.00,         231911649,             76.65,    17776027895.85
02 JAN 2026,ASKAUTOLTD,EQ,ASK AUTOMOTIVE LIMITED   ,Listed    ,02 JAN 2026,               2.00,         197142600,            482.10,    95042447460.00
02 JAN 2026,ASLIND,ST,ASL INDUSTRIES LIMITED   ,Listed    ,01 JAN 2026,              10.00,          10417090,            116.10,     1209424149.00    
02 JAN 2026,ASMS,EQ,BARTRONICS INDIA LIMITED ,Listed    ,02 JAN 2026,               1.00,         304576740,             12.00,     3654920880.00      
02 JAN 2026,ASPINWALL,EQ,ASPINWALL & CO LTD       ,Listed    ,02 JAN 2026,              10.00,           7818288,            241.05,     1884598322.40 
02 JAN 2026,ASPIRE,SM,ASPIRE & INNOVATIVE ADV L,Listed    ,02 JAN 2026,              10.00,          15178000,             16.20,      245883600.00    
02 JAN 2026,ASTEC,EQ,ASTEC LIFESCIENCES LTD   ,Listed    ,02 JAN 2026,              10.00,          22281661,            715.15,    15934729864.15     
02 JAN 2026,ASTERDM,EQ,ASTER DM HEALTHCARE LTD. ,Listed    ,02 JAN 2026,              10.00,         518121029,            613.90,   318074499703.10   
02 JAN 2026,ASTRAL,EQ,ASTRAL LIMITED           ,Listed    ,02 JAN 2026,               1.00,         268650163,           1453.40,   390456146904.20    
02 JAN 2026,ASTRAMICRO,EQ,ASTRA MICROWAVE LTD      ,Listed    ,02 JAN 2026,               2.00,          94945008,            963.35,    91465273456.80
02 JAN 2026,ASTRAZEN,EQ,ASTRAZENECA PHARMA IND LT,Listed    ,02 JAN 2026,               2.00,          25000000,           8601.50,   215037500000.00  
02 JAN 2026,ASTRON,EQ,ASTRON PAPER BORD MIL LTD,Listed    ,02 JAN 2026,              10.00,          46500000,              6.00,      279930000.00    
02 JAN 2026,ATALREAL,EQ,ATAL REALTECH LIMITED    ,Listed    ,02 JAN 2026,               2.00,         111015000,             25.95,     2883059550.00  
02 JAN 2026,ATAM,EQ,ATAM VALVES LIMITED      ,Listed    ,02 JAN 2026,              10.00,          11463000,             82.60,      946614540.00      
02 JAN 2026,ATCENERGY,SM,ATC ENERGIES SYSTEM LTD  ,Listed    ,02 JAN 2026,              10.00,          20388600,             36.60,      746222760.00 
02 JAN 2026,ATGL,EQ,ADANI TOTAL GAS LIMITED  ,Listed    ,02 JAN 2026,               1.00,        1099810083,            587.60,   646248404770.80      
02 JAN 2026,ATHERENERG,EQ,ATHER ENERGY LIMITED     ,Listed    ,02 JAN 2026,               1.00,         381407309,            741.65,   282870730719.85
02 JAN 2026,ATL,EQ,ALLCARGO TERMINALS LTD   ,Listed    ,02 JAN 2026,               2.00,         252060324,             28.20,     7105580533.55       
02 JAN 2026,ATLANTAA,BE,ATLANTAA LIMITED         ,Listed    ,02 JAN 2026,               2.00,          81500000,             44.45,     3622675000.00  
02 JAN 2026,ATLANTAELE,EQ,ATLANTA ELECTRICALS LTD  ,Listed    ,02 JAN 2026,               2.00,          76896625,            907.35,    69772152693.75
02 JAN 2026,ATLASCYCLE,EQ,ATLAS CYCLE (HARYANA) LTD,Listed    ,02 JAN 2026,               5.00,           6503838,            104.40,      678935648.80
02 JAN 2026,ATMASTCO,SM,ATMASTCO LIMITED         ,Listed    ,02 JAN 2026,              10.00,          24734690,            131.95,     3263742345.50  
02 JAN 2026,ATUL,EQ,ATUL LTD                 ,Listed    ,02 JAN 2026,              10.00,          29441755,           6109.50,   179874402172.50      
02 JAN 2026,ATULAUTO,EQ,ATUL AUTO LIMITED        ,Listed    ,02 JAN 2026,               5.00,          27751280,            464.10,    12879369048.00  
02 JAN 2026,AUBANK,EQ,AU SMALL FINANCE BANK LTD,Listed    ,02 JAN 2026,              10.00,         746932077,            999.40,   746483917753.80    
02 JAN 2026,AURIONPRO,EQ,AURIONPRO SOLN LTD       ,Listed    ,02 JAN 2026,              10.00,          55213530,           1086.20,    59972936286.00 
02 JAN 2026,AUROIMPEX,SM,AURO IMPEX & CHEMICALS L ,Listed    ,02 JAN 2026,              10.00,          12200800,             39.25,      478881400.00 
02 JAN 2026,AUROPHARMA,EQ,AUROBINDO PHARMA LTD     ,Listed    ,02 JAN 2026,               1.00,         580801623,           1215.40,   705906292594.20
02 JAN 2026,AURUM,EQ,AURUM PROPTECH LIMITED   ,Listed    ,02 JAN 2026,               5.00,          76115247,            187.10,    14241923866.15     
02 JAN 2026,AUSL,SM,ADITYA ULTRA STEEL LTD   ,Listed    ,31 DEC 2025,              10.00,          24835568,             25.00,      620889200.00      
02 JAN 2026,AUSOMENT,EQ,AUSOM ENTERPRISE LIMITED ,Listed    ,02 JAN 2026,              10.00,          13623552,            110.65,     1507173557.75  
02 JAN 2026,AUTOAXLES,EQ,AUTOMOTIVE AXLES LIMITED ,Listed    ,02 JAN 2026,              10.00,          15111975,           1969.20,    29758501170.00 
02 JAN 2026,AUTOIND,EQ,AUTOLINE INDUSTRIES LTD  ,Listed    ,02 JAN 2026,              10.00,          45375401,             79.35,     3600538069.35   
02 JAN 2026,AVADHSUGAR,EQ,AVADH SUG & ENERGY LTD   ,Listed    ,02 JAN 2026,              10.00,          20018420,            373.60,     7478881712.00
02 JAN 2026,AVALON,EQ,AVALON TECHNOLOGIES LTD  ,Listed    ,02 JAN 2026,               2.00,          66734029,            893.75,    59643538418.75    
02 JAN 2026,AVANTEL,EQ,AVANTEL LIMITED          ,Listed    ,02 JAN 2026,               2.00,         264969520,            157.65,    41777744218.40   
02 JAN 2026,AVANTIFEED,EQ,AVANTI FEEDS LIMITED     ,Listed    ,02 JAN 2026,               1.00,         136245630,            880.25,   119930215807.50
02 JAN 2026,AVG,EQ,AVG LOGISTICS LIMITED    ,Listed    ,02 JAN 2026,              10.00,          15057720,            175.15,     2637359658.00       
02 JAN 2026,AVIANSH,SM,AVI ANSH TEXTILE LIMITED ,Listed    ,02 JAN 2026,              10.00,          13976930,            117.25,     1638795042.50   
02 JAN 2026,AVL,EQ,ADITYA VISION LIMITED    ,Listed    ,02 JAN 2026,               1.00,         129138050,            483.55,    62444704077.50       
02 JAN 2026,AVONMORE,EQ,AVONMORE CAP&MGT SERV LTD,Listed    ,02 JAN 2026,               1.00,         282184741,             18.65,     5262745419.65  
02 JAN 2026,AVPINFRA,SM,AVP INFRACON LIMITED     ,Listed    ,02 JAN 2026,              10.00,          24979200,            119.70,     2990010240.00  
02 JAN 2026,AVROIND,EQ,AVRO INDIA LIMITED       ,Listed    ,02 JAN 2026,              10.00,          13311050,            117.80,     1567775469.00   
02 JAN 2026,AVSL,ST,AVSL INDUSTRIES LIMITED  ,Listed    ,08 DEC 2025,              10.00,           5331120,            126.00,      671721120.00      
02 JAN 2026,AVTNPL,EQ,AVT NATURAL PRODUCTS LTD ,Listed    ,02 JAN 2026,               1.00,         152284000,             67.50,    10280692840.00    
02 JAN 2026,AWFIS,EQ,AWFIS SPACE SOLUTIONS LTD,Listed    ,02 JAN 2026,              10.00,          71509041,            493.90,    35318315349.90     
02 JAN 2026,AWHCL,EQ,ANTONY WASTE HDG CELL LTD,Listed    ,02 JAN 2026,               5.00,          28382100,            492.65,    13982441565.00     
02 JAN 2026,AWL,EQ,AWL AGRI BUSINESS LIMITED,Listed    ,02 JAN 2026,               1.00,        1299678605,            236.25,   307075064003.35       
02 JAN 2026,AXISBANK,EQ,AXIS BANK LIMITED        ,Listed    ,02 JAN 2026,               2.00,        3104488514,           1266.90,  3933076498386.60  
02 JAN 2026,AXISCADES,BE,AXISCADES TECH LTD       ,Listed    ,02 JAN 2026,               5.00,          42517389,           1373.80,    58410389008.20 
02 JAN 2026,AXITA,BE,AXITA COTTON LIMITED     ,Listed    ,02 JAN 2026,               1.00,         347837344,             11.75,     4083610418.55     
02 JAN 2026,AYMSYNTEX,EQ,AYM SYNTEX LIMITED       ,Listed    ,02 JAN 2026,              10.00,          58581091,            170.20,     9971673310.00 
02 JAN 2026,AZAD,EQ,AZAD ENGINEERING LIMITED ,Listed    ,02 JAN 2026,               2.00,          64581743,           1652.80,   106740704830.40      
02 JAN 2026,BABAFP,SM,BABA FOOD PROCESSING     ,Listed    ,02 JAN 2026,              10.00,          16326403,             32.10,      524077536.30    
02 JAN 2026,BAFNAPH,BE,BAFNA PHARMACEUTICALS LTD,Listed    ,02 JAN 2026,              10.00,          23656335,            151.15,     3575655035.25   
02 JAN 2026,BAGDIGITAL,SM,B.A.G.CONVERGENCE LIMITED,Listed    ,02 JAN 2026,              10.00,          21218800,            122.25,     2593998300.00
02 JAN 2026,BAGFILMS,EQ,B.A.G FILMS AND MEDIA LTD,Listed    ,02 JAN 2026,               2.00,         197747749,              6.25,     1239878386.25  
02 JAN 2026,BAHETI,SM,BAHETI RECYCLING IND LTD ,Listed    ,02 JAN 2026,              10.00,          10368530,            609.40,     6318582182.00    
02 JAN 2026,BAIDFIN,EQ,BAID FINSERV LIMITED     ,Listed    ,02 JAN 2026,               2.00,         150085375,             11.05,     1659944247.50   
02 JAN 2026,BAJAJ-AUTO,EQ,BAJAJ AUTO LIMITED       ,Listed    ,02 JAN 2026,              10.00,         279257608,           9502.50,  2653645420020.00
02 JAN 2026,BAJAJCON,EQ,BAJAJ CONSUMER CARE LTD  ,Listed    ,02 JAN 2026,               1.00,         130618321,            267.35,    34920808119.35  
02 JAN 2026,BAJAJELEC,EQ,BAJAJ ELECT.LTD          ,Listed    ,02 JAN 2026,               2.00,         115388440,            479.35,    55311448714.00 
02 JAN 2026,BAJAJFINSV,EQ,BAJAJ FINSERV LTD.       ,Listed    ,02 JAN 2026,               1.00,        1597813220,           2038.40,  3256982467648.00
02 JAN 2026,BAJAJHCARE,EQ,BAJAJ HEALTHCARE LIMITED ,Listed    ,02 JAN 2026,               5.00,          31583252,            418.60,    13220749287.20
02 JAN 2026,BAJAJHFL,EQ,BAJAJ HOUSING FINANCE LTD,Listed    ,02 JAN 2026,              10.00,        8332334619,             96.60,   805070170887.80  
02 JAN 2026,BAJAJHIND,EQ,BAJAJ HINDUSTHAN SUGAR LT,Listed    ,02 JAN 2026,               1.00,        1277359942,             18.70,    23861083716.55 
02 JAN 2026,BAJAJHLDNG,EQ,BAJAJ HOLDINGS & INVS LTD,Listed    ,02 JAN 2026,              10.00,         111293510,          11181.00,  1244372735310.00
02 JAN 2026,BAJAJINDEF,EQ,INDEF MANUFACTURING LTD  ,Listed    ,02 JAN 2026,               1.00,          32000000,            357.30,    11433600000.00
02 JAN 2026,BAJEL,EQ,BAJEL PROJECTS LIMITED   ,Listed    ,02 JAN 2026,               2.00,         115658560,            174.50,    20183575305.60     
02 JAN 2026,BAJFINANCE,EQ,BAJAJ FINANCE LIMITED    ,Listed    ,02 JAN 2026,               1.00,        6222481865,            990.45,  6163057163189.25
02 JAN 2026,BALAJEE,EQ,SHREE TIRUPATI BALAJEE L ,Listed    ,02 JAN 2026,              10.00,          81570852,             40.35,     3291383878.20   
02 JAN 2026,BALAJIPHOS,SM,BALAJI PHOSPHATES LIMITED,Listed    ,02 JAN 2026,              10.00,          23777100,            141.50,     3364459650.00
02 JAN 2026,BALAJITELE,EQ,BALAJI TELEFILMS LIMITED.,Listed    ,02 JAN 2026,               2.00,         119984844,            107.30,    12874373761.20
02 JAN 2026,BALAMINES,EQ,BALAJI AMINES LIMITED    ,Listed    ,02 JAN 2026,               2.00,          32401000,           1110.00,    35965110000.00 
02 JAN 2026,BALAXI,EQ,BALAXI PHARMA LTD        ,Listed    ,02 JAN 2026,               2.00,          55207500,             27.05,     1493914950.00    
02 JAN 2026,BALCO,SM,SOLVE PLASTIC PRODUCTS L ,Listed    ,02 JAN 2026,              10.00,           4368250,             25.95,      113356087.50     
02 JAN 2026,BALKRISHNA,EQ,BALKRISHNA PAPER MILLS L ,Listed    ,02 JAN 2026,              10.00,          32219532,             18.45,      595094756.05
02 JAN 2026,BALKRISIND,EQ,BALKRISHNA IND. LTD      ,Listed    ,02 JAN 2026,               2.00,         193317190,           2368.60,   457891096234.00
02 JAN 2026,BALMLAWRIE,EQ,BALMER LAWRIE & CO LTD   ,Listed    ,02 JAN 2026,              10.00,         171003846,            184.45,    31538239317.80
02 JAN 2026,BALPHARMA,EQ,BAL PHARMA LTD.          ,Listed    ,02 JAN 2026,              10.00,          15920872,             73.25,     1166203874.00 
02 JAN 2026,BALRAMCHIN,EQ,BALRAMPUR CHINI MILLS LTD,Listed    ,02 JAN 2026,               1.00,         201950436,            438.55,    88565363707.80
02 JAN 2026,BALUFORGE,EQ,BALU FORGE INDUSTRIES LTD,Listed    ,02 JAN 2026,              10.00,         113991900,            596.40,    67984769160.00 
02 JAN 2026,BANARBEADS,EQ,BANARAS BEADS LTD        ,Listed    ,02 JAN 2026,              10.00,           6636222,            127.40,      845454682.80
02 JAN 2026,BANARISUG,EQ,BANNARI AMMAN SUGARS LTD ,Listed    ,02 JAN 2026,              10.00,          12539700,           3602.40,    45173015280.00 
02 JAN 2026,BANCOINDIA,EQ,BANCO PRODUCTS (I) LTD   ,Listed    ,02 JAN 2026,               2.00,         143037300,            708.70,   101370534510.00
02 JAN 2026,BANDHANBNK,EQ,BANDHAN BANK LIMITED     ,Listed    ,02 JAN 2026,              10.00,        1610971405,            144.45,   232720929166.30
02 JAN 2026,BANG,EQ,BANG OVERSEAS LTD.       ,Listed    ,02 JAN 2026,              10.00,          13560000,             48.15,      653185200.00      
02 JAN 2026,BANKA,EQ,BANKA BIOLOO LIMITED     ,Listed    ,02 JAN 2026,              10.00,          10892857,             67.65,      736683918.90     
02 JAN 2026,BANKBARODA,EQ,BANK OF BARODA           ,Listed    ,02 JAN 2026,               2.00,        5171362179,            305.05,  1577524032703.95
02 JAN 2026,BANKINDIA,EQ,BANK OF INDIA            ,Listed    ,02 JAN 2026,              10.00,        4552667866,            149.20,   679349098964.50 
02 JAN 2026,BANSALWIRE,EQ,BANSAL WIRE INDUSTRIES L ,Listed    ,02 JAN 2026,               5.00,         156555952,            311.25,    48728040060.00
02 JAN 2026,BANSWRAS,EQ,BANSWARA SYNTEX LIMITED  ,Listed    ,02 JAN 2026,               5.00,          34232084,            114.40,     3915465767.90  
02 JAN 2026,BARFLEX,SM,BARFLEX POLYFILMS LIMITED,Listed    ,02 JAN 2026,              10.00,          24749000,             74.60,     1846275400.00   
02 JAN 2026,BASF,EQ,BASF INDIA LTD           ,Listed    ,02 JAN 2026,              10.00,          43285640,           3934.80,   170320336272.00      
02 JAN 2026,BASILIC,SM,BASILIC FLY STUDIO LTD   ,Listed    ,02 JAN 2026,              10.00,          25265000,            340.50,     8602732500.00   
02 JAN 2026,BASML,EQ,BANNARI AM SPIN MILL LTD.,Listed    ,02 JAN 2026,               5.00,          79921375,             26.20,     2093140811.25     
02 JAN 2026,BATAINDIA,EQ,BATA INDIA LTD           ,Listed    ,02 JAN 2026,               5.00,         128527540,            950.15,   122120442131.00 
02 JAN 2026,BAWEJA,SM,BAWEJA STUDIOS LIMITED   ,Listed    ,02 JAN 2026,              10.00,          18427001,             42.35,      780383492.35    
02 JAN 2026,BAYERCROP,EQ,BAYER CROPSCIENCE LTD    ,Permitted ,02 JAN 2026,              10.00,          44942092,           4546.70,   204338209696.40 
02 JAN 2026,BBL,EQ,BHARAT BIJLEE LTD        ,Listed    ,02 JAN 2026,               5.00,          11303120,           2759.90,    31195480888.00       
02 JAN 2026,BBOX,EQ,BLACK BOX LIMITED        ,Listed    ,02 JAN 2026,               2.00,         170153199,            557.40,    94843393122.60      
02 JAN 2026,BBTC,EQ,BOMBAY BURMAH TRADING COR,Listed    ,02 JAN 2026,               2.00,          69771900,           1880.90,   131233966710.00      
02 JAN 2026,BBTCL,EQ,B&B TRIPLEWALL CONT LTD  ,Listed    ,02 JAN 2026,              10.00,          20511240,            193.70,     3972616963.20     
02 JAN 2026,BCG,EQ,BRIGHTCOM GROUP LIMITED  ,Listed    ,02 JAN 2026,               2.00,        2017921873,             10.55,    21289075760.15       
02 JAN 2026,BCLIND,EQ,BCL INDUSTRIES LIMITED   ,Listed    ,02 JAN 2026,               1.00,         295163340,             32.75,     9663647751.60    
02 JAN 2026,BCONCEPTS,EQ,BRAND CONCEPTS LIMITED   ,Listed    ,02 JAN 2026,              10.00,          12481877,            337.70,     4215129862.90 
02 JAN 2026,BDL,EQ,BHARAT DYNAMICS LIMITED  ,Listed    ,02 JAN 2026,               5.00,         366562500,           1495.00,   548010937500.00       
02 JAN 2026,BDR,IT,BDR BUILDCON LIMITED     ,Listed    ,10 MAR 2017,              10.00,           6645000,             87.65,      582434250.00       
02 JAN 2026,BEACON,ST,BEACON TRUSTEESHIP LTD   ,Listed    ,02 JAN 2026,              10.00,          18064913,             84.45,     1525581902.85    
02 JAN 2026,BEARDSELL,EQ,BEARDSELL LIMITED        ,Listed    ,02 JAN 2026,               2.00,          39437000,             30.35,     1196124210.00 
02 JAN 2026,BECTORFOOD,EQ,MRS BECTORS FOOD SPE LTD ,Listed    ,02 JAN 2026,               2.00,         306990595,            244.50,    75056130571.55
02 JAN 2026,BEDMUTHA,EQ,BEDMUTHA INDUST LTD      ,Listed    ,02 JAN 2026,              10.00,          32263884,            111.40,     3594841955.30  
02 JAN 2026,BEL,EQ,BHARAT ELECTRONICS LTD   ,Listed    ,02 JAN 2026,               1.00,        7309778829,            403.15,  2946937334911.35       
02 JAN 2026,BELLACASA,EQ,BELLA CASA FASH AND RET L,Listed    ,02 JAN 2026,              10.00,          13387500,            379.50,     5080556250.00 
02 JAN 2026,BELRISE,EQ,BELRISE INDUSTRIES LTD   ,Listed    ,02 JAN 2026,               5.00,         889879192,            185.05,   164672144479.60   
02 JAN 2026,BEML,EQ,BEML LIMITED             ,Listed    ,02 JAN 2026,               5.00,          83289000,           1857.80,   154734304200.00      
02 JAN 2026,BEPL,EQ,BHANSALI ENG. POLYMERS LT,Listed    ,02 JAN 2026,               1.00,         248858460,             91.25,    22705845890.40      
02 JAN 2026,BERGEPAINT,EQ,BERGER PAINTS (I) LTD    ,Listed    ,02 JAN 2026,               1.00,        1165927190,            524.10,   611062440279.00
02 JAN 2026,BESTAGRO,EQ,BEST AGROLIFE LIMITED    ,Listed    ,02 JAN 2026,              10.00,          23644740,            390.30,     9228542022.00  
02 JAN 2026,BETA,EQ,BETA DRUGS LIMITED       ,Listed    ,02 JAN 2026,              10.00,          10094553,           1629.40,    16448064658.20      
02 JAN 2026,BEWLTD,SM,BEW ENGINEERING LIMITED  ,Listed    ,02 JAN 2026,              10.00,          13073324,            123.75,     1617823845.00    
02 JAN 2026,BFINVEST,EQ,BF INVESTMENT LIMITED    ,Listed    ,02 JAN 2026,               5.00,          37667628,            418.55,    15765785699.40  
02 JAN 2026,BFUTILITIE,BZ,BF UTILITIES LIMITED     ,Listed    ,02 JAN 2026,               5.00,          37667628,            685.25,    25811742087.00
02 JAN 2026,BGRENERGY,BE,BGR ENERGY SYSTEMS LTD   ,Listed    ,02 JAN 2026,              10.00,          72161560,            359.10,    25913216196.00 
02 JAN 2026,BHADORA,SM,BHADORA INDUSTRIES LTD   ,Listed    ,02 JAN 2026,              10.00,          18600000,             77.70,     1445220000.00   
02 JAN 2026,BHAGCHEM,EQ,BHAGIRADHA CHEM & INDS L ,Listed    ,02 JAN 2026,               1.00,         129669080,            200.60,    26014210829.60  
02 JAN 2026,BHAGERIA,EQ,BHAGERIA INDUSTRIES LTD  ,Listed    ,02 JAN 2026,               5.00,          43644180,            183.40,     8004779053.80  
02 JAN 2026,BHAGYANGR,BE,BHAGYANAGAR INDIA LIMITED,Listed    ,02 JAN 2026,               2.00,          31995000,            161.25,     5158873800.00 
02 JAN 2026,BHANDARI,EQ,BHANDARI HOSIERY EXP LTD ,Listed    ,02 JAN 2026,               1.00,         240049652,              4.25,     1017810524.50  
02 JAN 2026,BHARATFORG,EQ,BHARAT FORGE LTD         ,Listed    ,02 JAN 2026,               2.00,         478088632,           1477.20,   706232527190.40
02 JAN 2026,BHARATGEAR,BE,BHARAT GEARS LTD         ,Listed    ,02 JAN 2026,              10.00,          15355058,            117.30,     1800994752.80
02 JAN 2026,BHARATRAS,EQ,BHARAT RASAYAN LTD       ,Listed    ,02 JAN 2026,               5.00,          16621072,           2202.00,    36599600544.00 
02 JAN 2026,BHARATSE,EQ,BHARAT SEATS LIMITED     ,Listed    ,02 JAN 2026,               2.00,          62800000,            177.60,    11153280000.00  
02 JAN 2026,BHARATWIRE,EQ,BHARAT WIRE ROPES LTD.   ,Listed    ,02 JAN 2026,              10.00,          68584648,            186.60,    12799267009.75
02 JAN 2026,BHARTIARTL,EQ,BHARTI AIRTEL LIMITED    ,Listed    ,02 JAN 2026,               5.00,        5702105319,           2106.30, 12010344433409.70
02 JAN 2026,BHARTIHEXA,EQ,BHARTI HEXACOM LIMITED   ,Listed    ,02 JAN 2026,               5.00,         500000000,           1802.10,   901050000000.00
02 JAN 2026,BHEL,EQ,BHEL                     ,Listed    ,02 JAN 2026,               2.00,        3482063355,            299.50,  1042877974822.50      
02 JAN 2026,BIGBLOC,EQ,BIGBLOC CONSTRUCTION LTD ,Listed    ,02 JAN 2026,               2.00,         141575750,             73.05,    10343524295.00   
02 JAN 2026,BIKAJI,EQ,BIKAJI FOODS INTERN LTD  ,Listed    ,02 JAN 2026,               1.00,         250592710,            735.60,   184335997476.00    
02 JAN 2026,BIKEWO,SM,BIKEWO GREEN TECH LIMITED,Listed    ,02 JAN 2026,              10.00,          13043250,             22.25,      290212312.50    
02 JAN 2026,BIL,EQ,BHARTIYA INTERNATIONAL   ,Listed    ,02 JAN 2026,              10.00,          13410411,            735.35,     9861345728.85       
02 JAN 2026,BILVYAPAR,BE,BIL VYAPAR LIMITED       ,Listed    ,02 JAN 2026,              10.00,          31366175,              7.50,      234932650.75 
02 JAN 2026,BIOCON,EQ,BIOCON LIMITED.          ,Listed    ,02 JAN 2026,               5.00,        1336963635,            392.95,   525359860373.25    
02 JAN 2026,BIOFILCHEM,EQ,BIOFIL CHEM & PHARMA LTD ,Listed    ,02 JAN 2026,              10.00,          16273800,             33.50,      545009562.00
02 JAN 2026,BIRDYS,SM,GRILL SPLENDOUR SER LTD  ,Listed    ,29 DEC 2025,              10.00,           5858200,            121.00,      708842200.00    
02 JAN 2026,BIRET,RR,BROOKFIELD INDIA RET     ,Listed    ,02 JAN 2026,             275.00,         749385513,            334.50,   250661960243.35     
02 JAN 2026,BIRLACABLE,EQ,BIRLA CABLE LIMITED      ,Listed    ,02 JAN 2026,              10.00,          30000000,            136.55,     4096200000.00
02 JAN 2026,BIRLACORPN,EQ,BIRLA CORPORATION LTD    ,Listed    ,02 JAN 2026,              10.00,          77005347,           1109.30,    85422031427.10
02 JAN 2026,BIRLAMONEY,EQ,ADITYA BIRLA MONEY LTD   ,Listed    ,02 JAN 2026,               1.00,          56509201,            144.65,     8174055924.65
02 JAN 2026,BIRLANU,EQ,BIRLANU LIMITED          ,Listed    ,02 JAN 2026,              10.00,           7540899,           1741.10,    13129459248.90   
02 JAN 2026,BLACKBUCK,EQ,BLACKBUCK LIMITED        ,Listed    ,02 JAN 2026,               1.00,         181171147,            699.10,   126656748867.70 
02 JAN 2026,BLAL,EQ,BEML LAND ASSETS LIMITED ,Listed    ,02 JAN 2026,              10.00,          41644500,            207.20,     8629573290.00      
02 JAN 2026,BLBLIMITED,EQ,BLB LIMITED              ,Listed    ,02 JAN 2026,               1.00,          52865258,             13.80,      729540560.40
02 JAN 2026,BLISSGVS,EQ,BLISS GVS PHARMA LTD     ,Listed    ,02 JAN 2026,               1.00,         105722592,            162.80,    17213752429.45  
02 JAN 2026,BLKASHYAP,EQ,B.L.KASHYAP & SON LTD    ,Listed    ,02 JAN 2026,               1.00,         225440000,             53.50,    12061040000.00 
02 JAN 2026,BLS,EQ,BLS INTL SERVS LTD       ,Listed    ,02 JAN 2026,               1.00,         411740908,            316.80,   130439519654.40       
02 JAN 2026,BLSE,EQ,BLS E-SERVICES LIMITED   ,Listed    ,02 JAN 2026,              10.00,          90856485,            199.35,    18112240284.75      
02 JAN 2026,BLUECOAST,BE,BLUE COAST HOTELS LIMITED,Listed    ,02 JAN 2026,              10.00,          17192457,             35.10,      603283316.15 
02 JAN 2026,BLUEDART,EQ,BLUE DART EXPRESS LTD    ,Listed    ,02 JAN 2026,              10.00,          23727934,           5593.50,   132722198829.00  
02 JAN 2026,BLUEJET,EQ,BLUE JET HEALTHCARE LTD  ,Listed    ,02 JAN 2026,               2.00,         173465425,            531.10,    92127487217.50   
02 JAN 2026,BLUEPEBBLE,SM,BLUE PEBBLE LIMITED      ,Listed    ,02 JAN 2026,              10.00,           4080000,            124.60,      508368000.00
02 JAN 2026,BLUESTARCO,EQ,BLUE STAR LIMITED        ,Listed    ,02 JAN 2026,               2.00,         205614788,           1816.10,   373417016486.80
02 JAN 2026,BLUESTONE,EQ,BLUESTONE JEWEL LFSTL LTD,Listed    ,02 JAN 2026,               1.00,         151320372,            500.75,    75773676279.00 
02 JAN 2026,BLUEWATER,SM,BLUE WATER LOGISTICS LTD ,Listed    ,02 JAN 2026,              10.00,          11000000,            149.80,     1647800000.00 
02 JAN 2026,BLUSPRING,EQ,BLUSPRING ENTERPRISES LTD,Listed    ,02 JAN 2026,              10.00,         148949413,             65.95,     9826192775.60 
02 JAN 2026,BMETRICS,SM,BOMBAY METRICS S C LTD   ,Listed    ,02 JAN 2026,              10.00,          12313920,             43.75,      538734000.00  
02 JAN 2026,BMWVENTLTD,EQ,BMW VENTURES LIMITED     ,Listed    ,02 JAN 2026,              10.00,          86715000,             57.50,     4987846800.00
02 JAN 2026,BODALCHEM,EQ,BODAL CHEMICALS LTD      ,Listed    ,02 JAN 2026,               2.00,         125944065,             54.00,     6799720069.35 
02 JAN 2026,BOHRAIND,EQ,BOHRA INDUSTRIES LIMITED ,Listed    ,02 JAN 2026,              10.00,          21172152,             17.05,      361196913.10  
02 JAN 2026,BOMDYEING,EQ,BOMBAY DYEING & MFG. CO L,Listed    ,02 JAN 2026,               2.00,         206534900,            130.00,    26851602349.00 
02 JAN 2026,BORANA,BE,BORANA WEAVES LIMITED    ,Listed    ,02 JAN 2026,              10.00,          26645295,            303.15,     8077521179.25    
02 JAN 2026,BOROLTD,EQ,BOROSIL LIMITED          ,Listed    ,02 JAN 2026,               1.00,         119580599,            283.50,    33901099816.50   
02 JAN 2026,BORORENEW,EQ,BOROSIL RENEWABLES LTD   ,Listed    ,02 JAN 2026,               1.00,         133216853,            547.95,    72996174601.35 
02 JAN 2026,BOROSCI,EQ,BOROSIL SCIENTIFIC LTD   ,Listed    ,02 JAN 2026,               1.00,          88947050,            119.60,    10636288239.00   
02 JAN 2026,BOSCHLTD,EQ,BOSCH LIMITED            ,Listed    ,02 JAN 2026,              10.00,          29493640,          39420.00,  1162639288800.00  
02 JAN 2026,BOSS,SM,BOSS PACKAGING SOLU LTD  ,Listed    ,02 JAN 2026,              10.00,           4446260,             45.15,      200748639.00      
02 JAN 2026,BPCL,EQ,BHARAT PETROLEUM CORP  LT,Listed    ,02 JAN 2026,              10.00,        4338505488,            381.45,  1654922918397.60      
02 JAN 2026,BPL,EQ,BPL LTD                  ,Listed    ,02 JAN 2026,              10.00,          48975751,             66.70,     3267172349.20       
02 JAN 2026,BRACEPORT,SM,BRACE PORT LOGISTICS LTD ,Listed    ,02 JAN 2026,              10.00,          11301200,             95.95,     1084350140.00 
02 JAN 2026,BRIGADE,EQ,BRIGADE ENTER. LTD       ,Listed    ,02 JAN 2026,              10.00,         244498273,            890.45,   217713487192.85   
02 JAN 2026,BRIGHOTEL,EQ,BRIGADE HOTEL VENTURE LTD,Listed    ,02 JAN 2026,              10.00,         379842565,             68.70,    26095184215.50 
02 JAN 2026,BRITANNIA,EQ,BRITANNIA INDUSTRIES LTD ,Listed    ,02 JAN 2026,               1.00,         240868296,           5984.50,  1441476317412.00 
02 JAN 2026,BRNL,EQ,BHARAT ROAD NETWORK LTD  ,Listed    ,02 JAN 2026,              10.00,          83950000,             22.10,     1856974000.00      
02 JAN 2026,BROOKS,EQ,BROOKS LAB LIMITED       ,Listed    ,02 JAN 2026,              10.00,          29457248,             77.25,     2275866980.50    
02 JAN 2026,BSE,EQ,BSE LIMITED              ,Listed    ,02 JAN 2026,               2.00,         407884077,           2666.50,  1087622891320.50       
02 JAN 2026,BSHSL,EQ,BOMBAY SUPER HYBRID SEEDS,Listed    ,02 JAN 2026,               1.00,         104937280,            107.05,    11235634569.60     
02 JAN 2026,BSL,EQ,BSL LTD                  ,Listed    ,02 JAN 2026,              10.00,          10292168,            147.15,     1514698364.55       
02 JAN 2026,BSOFT,EQ,BIRLASOFT LIMITED        ,Listed    ,02 JAN 2026,               2.00,         278690185,            432.05,   120408094429.25     
02 JAN 2026,BTML,EQ,BODHI TREE MULTIMEDIA LTD,Listed    ,02 JAN 2026,               1.00,         180497777,              8.50,     1532426126.75      
02 JAN 2026,BULKCORP,SM,BULKCORP INTERNATIONAL L ,Listed    ,02 JAN 2026,              10.00,           7514064,             60.00,      450843840.00  
02 JAN 2026,BUTTERFLY,EQ,BTRFLY GANDHI APPL LTD   ,Listed    ,02 JAN 2026,              10.00,          17879551,            643.15,    11499233225.65 
02 JAN 2026,BVCL,EQ,BARAK VALLEY CEM. LTD.   ,Listed    ,02 JAN 2026,              10.00,          22160000,             43.25,      957976800.00      
02 JAN 2026,BYKE,EQ,THE BYKE HOSPITALITY LTD ,Listed    ,02 JAN 2026,              10.00,          52279300,             53.75,     2809489582.00      
02 JAN 2026,C2C,SM,C2C ADVANCED SYSTEMS LTD ,Listed    ,02 JAN 2026,              10.00,          16968433,            476.55,     8086306746.15       
02 JAN 2026,CADSYS,SM,CADSYS (INDIA) LIMITED   ,Listed    ,02 JAN 2026,              10.00,          10002500,             52.35,      523630875.00    
02 JAN 2026,CALSOFT,EQ,CALIFORNIA SOFTWARE CO LT,Listed    ,02 JAN 2026,              10.00,          15457106,             15.75,      243140277.40   
02 JAN 2026,CAMLINFINE,EQ,CAMLIN FINE SCIENCES LTD ,Listed    ,02 JAN 2026,               1.00,         192086613,            149.85,    28784178958.05
02 JAN 2026,CAMPUS,EQ,CAMPUS ACTIVEWEAR LIMITED,Listed    ,02 JAN 2026,               5.00,         305530332,            261.85,    80003117434.20    
02 JAN 2026,CAMS,EQ,COMPUTER AGE MNGT SER LTD,Listed    ,02 JAN 2026,               2.00,         247650635,            756.55,   187360087909.25      
02 JAN 2026,CANARYS,SM,CANARYS AUTOMATIONS LTD  ,Listed    ,02 JAN 2026,               2.00,          57196113,             30.00,     1715883390.00   
02 JAN 2026,CANBK,EQ,CANARA BANK              ,Listed    ,02 JAN 2026,               2.00,        9070651260,            154.85,  1404771760636.20     
02 JAN 2026,CANFINHOME,EQ,CAN FIN HOMES LTD        ,Listed    ,02 JAN 2026,               2.00,         133154125,            940.40,   125218139150.00
02 JAN 2026,CANHLIFE,EQ,CANARA HSBC LIFE INS CO L,Listed    ,02 JAN 2026,              10.00,         950000000,            149.70,   142215000000.00  
02 JAN 2026,CANTABIL,EQ,CANTABIL RETAIL LTD      ,Listed    ,02 JAN 2026,               2.00,          83638040,            289.15,    24183939266.00  
02 JAN 2026,CAPACITE,EQ,CAPACITE INFRAPROJECT LTD,Listed    ,02 JAN 2026,              10.00,          84604043,            257.85,    21815152487.55  
02 JAN 2026,CAPILLARY,EQ,CAPILLARY TECHNO INDIA L ,Listed    ,02 JAN 2026,               2.00,          79311773,            673.20,    53392685583.60 
02 JAN 2026,CAPINVIT,IV,CAPITAL INFRA TRUST      ,Listed    ,02 JAN 2026,              99.00,         491551733,             74.50,    36615688591.15  
02 JAN 2026,CAPITALSFB,EQ,CAPITAL SMALL FIN BANK L ,Listed    ,02 JAN 2026,              10.00,          45418771,            270.85,    12301674125.35
02 JAN 2026,CAPLIPOINT,EQ,CAPLIN POINT LAB LTD.    ,Listed    ,02 JAN 2026,               2.00,          76011696,           1848.80,   140530423564.80
02 JAN 2026,CAPTRUST,EQ,CAPITAL TRUST LIMITED    ,Listed    ,02 JAN 2026,              10.00,          34019404,             12.90,      438850311.60  
02 JAN 2026,CARBORUNIV,EQ,CARBORUNDUM UNIVERSAL LTD,Listed    ,02 JAN 2026,               1.00,         190440988,            859.55,   163693551235.40
02 JAN 2026,CARERATING,EQ,CARE RATINGS LIMITED     ,Listed    ,02 JAN 2026,              10.00,          30025029,           1688.50,    50697261466.50
02 JAN 2026,CARRARO,EQ,CARRARO INDIA LIMITED    ,Listed    ,02 JAN 2026,              10.00,          56851538,            556.40,    31632195743.20   
02 JAN 2026,CARTRADE,EQ,CARTRADE TECH LIMITED    ,Listed    ,02 JAN 2026,              10.00,          47842935,           2900.90,   138787570141.50  
02 JAN 2026,CARYSIL,EQ,CARYSIL LIMITED          ,Listed    ,02 JAN 2026,               2.00,          28442606,            918.00,    26110312308.00   
02 JAN 2026,CASTROLIND,EQ,CASTROL INDIA LIMITED    ,Listed    ,02 JAN 2026,               5.00,         989122384,            191.50,   189416936536.00
02 JAN 2026,CBAZAAR,ST,NET AVENUE TECHNOLOGIES L,Listed    ,02 JAN 2026,               1.00,          21454078,              3.95,       84743608.10   
02 JAN 2026,CCCL,BE,CONS. CONST. CONSORT LTD ,Listed    ,02 JAN 2026,               2.00,         446759451,             18.10,     8086346063.10      
02 JAN 2026,CCHHL,EQ,COUNTRY CLUB HOSP HOL LTD,Listed    ,02 JAN 2026,               2.00,         163464735,             15.25,     2489567914.05     
02 JAN 2026,CCL,EQ,CCL PRODUCTS (I) LTD     ,Listed    ,02 JAN 2026,               2.00,         133527920,            915.70,   122271516344.00       
02 JAN 2026,CDSL,EQ,CENTRAL DEPO SER (I) LTD ,Listed    ,02 JAN 2026,              10.00,         209000000,           1466.60,   306519400000.00      
02 JAN 2026,CEATLTD,EQ,CEAT LIMITED             ,Listed    ,02 JAN 2026,              10.00,          40450092,           3887.20,   157237597622.40   
02 JAN 2026,CEDAAR,SM,CEDAAR TEXTILE LIMITED   ,Listed    ,02 JAN 2026,              10.00,          13878600,             60.90,      845206740.00    
02 JAN 2026,CEIGALL,EQ,CEIGALL INDIA LIMITED    ,Listed    ,02 JAN 2026,               5.00,         174204861,            274.45,    47810524101.45   
02 JAN 2026,CELEBRITY,EQ,CELEBRITY FASHIONS LTD   ,Listed    ,02 JAN 2026,              10.00,          59678413,              9.10,      541879990.05 
02 JAN 2026,CELLECOR,SM,CELLECOR GADGETS LIMITED ,Listed    ,02 JAN 2026,               1.00,         220677800,             29.05,     6410690090.00  
02 JAN 2026,CELLO,EQ,CELLO WORLD LIMITED      ,Listed    ,02 JAN 2026,               5.00,         220885034,            547.25,   120879334856.50     
02 JAN 2026,CELLPOINT,SM,CELL POINT (INDIA) LTD   ,Listed    ,02 JAN 2026,              10.00,          18685600,             16.35,      305509560.00 
02 JAN 2026,CENTENKA,EQ,CENTURY ENKA LTD         ,Listed    ,02 JAN 2026,              10.00,          21850589,            457.45,     9995551938.05  
02 JAN 2026,CENTEXT,BE,CENTURY EXTRUSIONS LTD   ,Listed    ,02 JAN 2026,               1.00,          80000000,             22.65,     1810400000.00   
02 JAN 2026,CENTRALBK,EQ,CENTRAL BANK OF INDIA    ,Listed    ,02 JAN 2026,              10.00,        9051401274,             38.75,   350922827393.00 
02 JAN 2026,CENTRUM,EQ,CENTRUM CAPITAL LIMITED  ,Listed    ,02 JAN 2026,               1.00,         459579194,             29.10,    13369158753.45   
02 JAN 2026,CENTUM,EQ,CENTUM ELECTRONICS LTD   ,Listed    ,02 JAN 2026,              10.00,          14736150,           2266.80,    33403904820.00    
02 JAN 2026,CENTURYPLY,EQ,CENTURY PLYBOARDS (I) LTD,Listed    ,02 JAN 2026,               1.00,         222172990,            824.10,   183092761059.00
02 JAN 2026,CERA,EQ,CERA SANITARYWARE LTD    ,Listed    ,02 JAN 2026,               5.00,          12897541,           5258.00,    67815270578.00      
02 JAN 2026,CEREBRAINT,BZ,CEREBRA INT TECH LTD     ,Listed    ,02 JAN 2026,              10.00,         111986482,              6.20,      695436053.20
02 JAN 2026,CESC,EQ,CESC LTD                 ,Listed    ,02 JAN 2026,               1.00,        1325570430,            175.35,   232465286309.10      
02 JAN 2026,CEWATER,EQ,CONCORD ENVIRO SYSTEMS L ,Listed    ,02 JAN 2026,               5.00,          20696233,            471.65,     9761378294.45   
02 JAN 2026,CGCL,EQ,CAPRI GLOBAL CAPITAL LTD ,Listed    ,02 JAN 2026,               1.00,         962153962,            185.20,   178210156841.65      
02 JAN 2026,CGPOWER,EQ,CG POWER AND IND SOL LTD ,Listed    ,02 JAN 2026,               2.00,        1574857609,            649.10,  1022240074001.90   
02 JAN 2026,CGRAPHICS,SM,CREATIVE GRAPHICS S IND L,Listed    ,02 JAN 2026,              10.00,          24286000,            197.00,     4784342000.00 
02 JAN 2026,CHALET,EQ,CHALET HOTELS LIMITED    ,Listed    ,02 JAN 2026,              10.00,         218739432,            902.50,   197412337380.00    
02 JAN 2026,CHAMBLFERT,EQ,CHAMBAL FERTILIZERS LTD  ,Listed    ,02 JAN 2026,              10.00,         400652297,            479.90,   192273037330.30
02 JAN 2026,CHAMUNDA,SM,CHAMUNDA ELECTRICAL LTD  ,Listed    ,02 JAN 2026,              10.00,          11004594,             51.00,      561234294.00  
02 JAN 2026,CHANDAN,SM,CHANDAN HEALTHCARE LTD   ,Listed    ,02 JAN 2026,              10.00,          24452064,            316.50,     7739078256.00   
02 JAN 2026,CHAVDA,SM,CHAVDA INFRA LIMITED     ,Listed    ,02 JAN 2026,              10.00,          24656000,            123.50,     3045016000.00    
02 JAN 2026,CHEMBOND,EQ,CHEMBOND MATERIALTECH LTD,Listed    ,02 JAN 2026,               5.00,          13448288,            161.35,     2170015751.70  
02 JAN 2026,CHEMBONDCH,EQ,CHEMBOND CHEMICAL LIMITED,Listed    ,02 JAN 2026,               5.00,          26896576,            152.90,     4111948538.90
02 JAN 2026,CHEMCON,EQ,CHEMCON SPECIAL CHEM LTD ,Listed    ,02 JAN 2026,              10.00,          36630701,            208.05,     7620651036.05   
02 JAN 2026,CHEMFAB,EQ,CHEMFAB ALKALIS LIMITED  ,Listed    ,02 JAN 2026,              10.00,          14373702,            426.80,     6134696013.60   
02 JAN 2026,CHEMPLASTS,EQ,CHEMPLAST SANMAR LIMITED ,Listed    ,02 JAN 2026,               5.00,         158109574,            265.80,    42025524769.20
02 JAN 2026,CHENNPETRO,EQ,CHENNAI PETROLEUM CORP LT,Listed    ,02 JAN 2026,              10.00,         148911400,            827.20,   123179510080.00
02 JAN 2026,CHETANA,SM,CHETANA EDUCATION LIMITED,Listed    ,01 JAN 2026,              10.00,          20400000,             57.90,     1181160000.00   
02 JAN 2026,CHEVIOT,EQ,CHEVIOT COMPANY LIMITED  ,Listed    ,02 JAN 2026,              10.00,           5841875,           1073.50,     6271252812.50   
02 JAN 2026,CHOICEIN,EQ,CHOICE INTERNATIONAL LTD ,Listed    ,02 JAN 2026,              10.00,         205655500,            850.30,   174868871650.00  
02 JAN 2026,CHOLAFIN,EQ,CHOLAMANDALAM IN & FIN CO,Listed    ,02 JAN 2026,               2.00,         843853491,           1781.10,  1502987452820.10  
02 JAN 2026,CHOLAHLDNG,EQ,CHOLAMANDALAM FIN HOL LTD,Listed    ,02 JAN 2026,               1.00,         187777462,           1872.50,   351613297595.00
02 JAN 2026,CIEINDIA,EQ,CIE AUTOMOTIVE INDIA LTD ,Listed    ,02 JAN 2026,              10.00,         379362377,            427.75,   162272256761.75  
02 JAN 2026,CIFL,EQ,CAPITAL INDIA FINANCE LTD,Listed    ,02 JAN 2026,               2.00,         389708800,             34.90,    13608631296.00      
02 JAN 2026,CIGNITITEC,EQ,CIGNITI TECHNOLOGIES LTD ,Listed    ,02 JAN 2026,              10.00,          27546959,           1624.00,    44736261416.00
02 JAN 2026,CINELINE,EQ,CINELINE INDIA LIMITED   ,Listed    ,02 JAN 2026,               5.00,          34266434,             85.90,     2943829344.95  
02 JAN 2026,CINEVISTA,EQ,CINEVISTA LIMITED        ,Listed    ,02 JAN 2026,               2.00,          57436475,             16.10,      924152882.75 
02 JAN 2026,CIPLA,EQ,CIPLA LTD                ,Listed    ,02 JAN 2026,               2.00,         807771798,           1511.60,  1221027849856.80     
02 JAN 2026,CLASSICEIL,SM,CLASSIC ELECTRODE (IND) L,Listed    ,01 JAN 2026,              10.00,          17964950,             76.00,     1365336200.00
02 JAN 2026,CLEAN,EQ,CLEAN SCIENCE & TECH LTD ,Listed    ,02 JAN 2026,               1.00,         106276499,            869.80,    92439298830.20     
02 JAN 2026,CLEDUCATE,EQ,CL EDUCATE LIMITED       ,Listed    ,02 JAN 2026,               5.00,          54223958,             86.15,     4672478460.85 
02 JAN 2026,CLSEL,EQ,CHAMAN LAL SETIA EXP LTD ,Listed    ,02 JAN 2026,               2.00,          49725620,            268.90,    13371219218.00     
02 JAN 2026,CLSL,SM,CROP LIFE SCIENCE LIMITED,Listed    ,02 JAN 2026,              10.00,          17140000,             52.00,      891280000.00      
02 JAN 2026,CMNL,SM,CHAMAN METALLICS LIMITED ,Listed    ,02 JAN 2026,              10.00,          24134764,            118.25,     2853935843.00      
02 JAN 2026,CMRSL,SM,CYBER MEDIA RES & SER LTD,Listed    ,01 JAN 2026,              10.00,           2928000,             77.95,      228237600.00     
02 JAN 2026,CMSINFO,EQ,CMS INFO SYSTEMS LIMITED ,Listed    ,02 JAN 2026,              10.00,         164472541,            355.30,    58437093817.30   
02 JAN 2026,CNL,EQ,CREATIVE NEWTECH LIMITED ,Listed    ,02 JAN 2026,              10.00,          15016675,            729.85,    10959920248.75       
02 JAN 2026,COALINDIA,EQ,COAL INDIA LTD           ,Listed    ,02 JAN 2026,              10.00,        6162728327,            427.90,  2637031451123.30 
02 JAN 2026,COASTCORP,BE,COASTAL CORPORATION LTD  ,Listed    ,02 JAN 2026,               2.00,          66977230,             45.65,     3056840777.20 
02 JAN 2026,COCHINSHIP,EQ,COCHIN SHIPYARD LIMITED  ,Listed    ,02 JAN 2026,               5.00,         263080780,           1629.00,   428558590620.00
02 JAN 2026,COFFEEDAY,EQ,COFFEE DAY ENTERPRISE LTD,Listed    ,02 JAN 2026,              10.00,         211251719,             36.35,     7681112502.85 
02 JAN 2026,COFORGE,EQ,COFORGE LIMITED          ,Listed    ,02 JAN 2026,               2.00,         335041808,           1650.30,   552919495742.40   
02 JAN 2026,COLPAL,EQ,COLGATE PALMOLIVE LTD.   ,Listed    ,02 JAN 2026,               1.00,         271985634,           2090.10,   568477173623.40    
02 JAN 2026,COMMITTED,SM,COMMITTED CARGO CARE LTD ,Listed    ,01 JAN 2026,              10.00,          11459600,            202.90,     2325152840.00 
02 JAN 2026,COMPINFO,BZ,COMPUAGE INFOCOM LTD     ,Listed    ,02 JAN 2026,               2.00,          85768064,              1.70,      144090347.50  
02 JAN 2026,COMPUSOFT,EQ,COMPUCOM SOFTWARE LTD    ,Listed    ,02 JAN 2026,               2.00,          79125188,             16.25,     1284993053.10 
02 JAN 2026,COMSYN,BE,COMMERCIAL SYN BAGS LTD  ,Listed    ,02 JAN 2026,              10.00,          39952200,            154.10,     6156234498.00    
02 JAN 2026,CONCOR,EQ,CONTAINER CORP OF IND LTD,Listed    ,02 JAN 2026,               5.00,         761617935,            531.80,   405028417833.00    
02 JAN 2026,CONCORDBIO,EQ,CONCORD BIOTECH LIMITED  ,Listed    ,02 JAN 2026,               1.00,         104616204,           1311.50,   137204151546.00
02 JAN 2026,CONFIPET,EQ,CONFIDENCE PETRO IND LTD.,Listed    ,02 JAN 2026,               1.00,         332241043,             37.25,    12375978851.75  
02 JAN 2026,CONNPLEX,SM,CONNPLEX CINEMAS LIMITED ,Listed    ,02 JAN 2026,              10.00,          19100000,            276.75,     5285925000.00  
02 JAN 2026,CONSOFINVT,EQ,CONSO. FIN. & HOLD. LTD. ,Listed    ,02 JAN 2026,              10.00,          32326366,            164.75,     5325122271.20
02 JAN 2026,CONTI,SM,CONTINENTAL SEED CHEM LTD,Listed    ,01 JAN 2026,              10.00,          13702438,             22.20,      304194123.60     
02 JAN 2026,CONTROLPR,EQ,CONTROL PRINT LIMITED    ,Listed    ,02 JAN 2026,              10.00,          15994212,            693.40,    11090386600.80 
02 JAN 2026,COOLCAPS,SM,COOL CAPS INDUSTRIES LTD ,Listed    ,02 JAN 2026,               2.00,         115600000,             70.20,     8115120000.00  
02 JAN 2026,CORALFINAC,EQ,CORAL INDIA FIN & HOUS LT,Listed    ,02 JAN 2026,               2.00,          40302225,             40.65,     1638285446.25
02 JAN 2026,CORDSCABLE,EQ,CORDS CABLE INDUS LTD.   ,Listed    ,02 JAN 2026,              10.00,          12927780,            187.55,     2424346583.40
02 JAN 2026,COROMANDEL,EQ,COROMANDEL INTERNTL. LTD ,Listed    ,02 JAN 2026,               1.00,         294995409,           2280.10,   672619032060.90
02 JAN 2026,CORONA,EQ,CORONA REMEDIES LIMITED  ,Listed    ,02 JAN 2026,              10.00,          61160088,           1443.50,    88284587028.00    
02 JAN 2026,COSMOFIRST,EQ,COSMO FIRST LIMITED      ,Listed    ,02 JAN 2026,              10.00,          26249727,            695.20,    18248810210.40
02 JAN 2026,COUNCODOS,EQ,COUNTRY CONDO S LIMITED  ,Listed    ,02 JAN 2026,               1.00,          77597300,              6.05,      468687692.00 
02 JAN 2026,CPCAP,EQ,CP CAPITAL LIMITED       ,Listed    ,02 JAN 2026,              10.00,          18192939,            113.55,     2065808223.45     
02 JAN 2026,CPEDU,EQ,CAREER POINT EDUTECH LTD ,Listed    ,02 JAN 2026,              10.00,          18192939,            253.45,     4611000389.55     
02 JAN 2026,CPPLUS,EQ,ADITYA INFOTECH LIMITED  ,Listed    ,02 JAN 2026,               1.00,         117545019,           1501.40,   176482091526.60    
02 JAN 2026,CPS,ST,C P S SHAPERS LIMITED    ,Listed    ,02 JAN 2026,              10.00,           2278020,           1185.00,     2699453700.00       
02 JAN 2026,CRAFTSMAN,EQ,CRAFTSMAN AUTOMATION LTD ,Listed    ,02 JAN 2026,               5.00,          23855583,           8013.50,   191166714370.50 
02 JAN 2026,CRAMC,EQ,CANARA ROBECO AMC LIMITED,Listed    ,02 JAN 2026,              10.00,         199417428,            311.05,    62028790979.40     
02 JAN 2026,CRAYONS,SM,CRAYONS ADVERTISING LTD  ,Listed    ,02 JAN 2026,              10.00,          24430000,             40.00,      977200000.00   
02 JAN 2026,CREATIVEYE,EQ,CREATIVE EYE LIMITED     ,Listed    ,02 JAN 2026,               5.00,          20058250,              7.15,      143416487.50
02 JAN 2026,CREDITACC,EQ,CREDITACCESS GRAMEEN LTD ,Listed    ,02 JAN 2026,              10.00,         160013081,           1287.70,   206048844403.70 
02 JAN 2026,CREST,EQ,CREST VENTURES LIMITED   ,Listed    ,02 JAN 2026,              10.00,          28450000,            397.85,    11318832500.00     
02 JAN 2026,CRISIL,EQ,CRISIL LTD               ,Listed    ,02 JAN 2026,               1.00,          73130017,           4458.60,   326057493796.20    
02 JAN 2026,CRIZAC,EQ,CRIZAC LIMITED           ,Listed    ,02 JAN 2026,               2.00,         174982500,            283.15,    49546294875.00    
02 JAN 2026,CROMPTON,EQ,CROMPT GREA CON ELEC LTD ,Listed    ,02 JAN 2026,               2.00,         643914875,            252.10,   162330939987.50  
02 JAN 2026,CROWN,EQ,CROWN LIFTERS LIMITED    ,Listed    ,02 JAN 2026,              10.00,          11275844,            137.55,     1550992342.20     
02 JAN 2026,CSBBANK,EQ,CSB BANK LIMITED         ,Listed    ,02 JAN 2026,              10.00,         173485827,            483.15,    83819677315.05   
02 JAN 2026,CSLFINANCE,EQ,CSL FINANCE LIMITED      ,Listed    ,02 JAN 2026,              10.00,          22782621,            297.45,     6776690616.45
02 JAN 2026,CSSL,SM,CLEAR SECURED SERVICES L ,Listed    ,02 JAN 2026,              10.00,          24047112,            129.20,     3106886870.40      
02 JAN 2026,CTE,EQ,CAMBRIDGE TECH ENTER LTD ,Listed    ,02 JAN 2026,              10.00,          19631015,             39.90,      783277498.50       
02 JAN 2026,CUB,EQ,CITY UNION BANK LTD      ,Listed    ,02 JAN 2026,               1.00,         742098317,            288.50,   214095364454.50       
02 JAN 2026,CUBEINVIT,IV,CUBE HIGHWAYS TRUST      ,Listed    ,31 DEC 2025,             100.00,        1344069762,            139.10,   186986985289.45 
02 JAN 2026,CUBEXTUB,EQ,CUBEX TUBINGS LTD        ,Listed    ,02 JAN 2026,              10.00,          14318975,            121.50,     1739755462.50  
02 JAN 2026,CUDML,SM,CASH UR DRIVE MARKETING L,Listed    ,02 JAN 2026,              10.00,          17645800,            132.85,     2344244530.00     
02 JAN 2026,CUMMINSIND,EQ,CUMMINS INDIA LTD        ,Listed    ,02 JAN 2026,               2.00,         277200000,           4482.10,  1242438120000.00
02 JAN 2026,CUPID,EQ,CUPID LIMITED            ,Listed    ,02 JAN 2026,               1.00,         268467140,            419.95,   112742775443.00     
02 JAN 2026,CURAA,BE,CURA TECHNOLOGIES LIMITED,Listed    ,02 JAN 2026,              10.00,           9900000,            109.90,     1088109000.00     
02 JAN 2026,CURIS,SM,CURIS LIFESCIENCES LTD   ,Listed    ,02 JAN 2026,              10.00,           8084434,            123.50,      998427599.00     
02 JAN 2026,CURRENT,SM,CURRENT INFRAPROJECTS LTD,Listed    ,01 JAN 2026,              10.00,          19148000,            141.70,     2713271600.00   
02 JAN 2026,CYBERMEDIA,EQ,CYBER MEDIA (INDIA) LTD. ,Listed    ,02 JAN 2026,              10.00,          15667242,             17.15,      268536527.90
02 JAN 2026,CYBERTECH,BE,CYBERTECH SYSTEMS & SOFTW,Listed    ,02 JAN 2026,              10.00,          31130593,            148.20,     4613242576.65 
02 JAN 2026,CYIENT,EQ,CYIENT LIMITED           ,Listed    ,02 JAN 2026,               5.00,         111102195,           1105.90,   122867917450.50    
02 JAN 2026,CYIENTDLM,EQ,CYIENT DLM LIMITED       ,Listed    ,02 JAN 2026,              10.00,          79364396,            415.85,    33003684076.60 
02 JAN 2026,UFBL,EQ,UNITED FOODBRANDS LIMITED,Listed    ,02 JAN 2026,               5.00,          39086387,            216.10,     8446959094.55      
02 JAN 2026,VGL,EQ,VARVEE GLOBAL LIMITED    ,Listed    ,02 JAN 2026,              10.00,          25764339,            152.25,     3922105325.95       
02 JAN 2026,AURIGROW,BE,AURI GROW INDIA LIMITED  ,Listed    ,02 JAN 2026,               1.00,        1476240000,              0.70,     1033368000.00  
02 JAN 2026,BOSCH-HCIL,EQ,BOSCH HOME COMFRT IND LTD,Listed    ,02 JAN 2026,              10.00,          27190884,           1442.60,    39225569258.40
02 JAN 2026,CEMPRO,EQ,CEMINDIA PROJECTS LIMITED,Listed    ,02 JAN 2026,               1.00,         171787584,            774.65,   133075251945.60    
02 JAN 2026,DABUR,EQ,DABUR INDIA LTD          ,Listed    ,02 JAN 2026,               1.00,        1773690172,            522.60,   926930483887.20     
02 JAN 2026,DALBHARAT,EQ,DALMIA BHARAT LIMITED    ,Listed    ,02 JAN 2026,               2.00,         187565161,           2147.10,   402721157183.10 
02 JAN 2026,DALMIASUG,EQ,DALMIA BHARAT SUG IN LTD ,Listed    ,02 JAN 2026,               2.00,          80939303,            297.40,    24071348712.20 
02 JAN 2026,DAMCAPITAL,EQ,DAM CAPITAL ADVISORS LTD ,Listed    ,02 JAN 2026,               2.00,          70686000,            219.10,    15488716320.00
02 JAN 2026,DAMODARIND,EQ,DAMODAR INDUSTRIES LTD   ,Listed    ,02 JAN 2026,               5.00,          23300000,             30.10,      701097000.00
02 JAN 2026,DANGEE,EQ,DANGEE DUMS LIMITED      ,Listed    ,02 JAN 2026,               1.00,         153975000,              3.75,      577406250.00    
02 JAN 2026,DANISH,SM,DANISH POWER LIMITED     ,Listed    ,02 JAN 2026,              10.00,          19691610,            645.25,    12706011352.50    
02 JAN 2026,DATAMATICS,EQ,DATAMATICS GLOBAL SER LTD,Listed    ,02 JAN 2026,               5.00,          59106389,            805.80,    47627928256.20
02 JAN 2026,DATAPATTNS,EQ,DATA PATTERNS INDIA LTD  ,Listed    ,02 JAN 2026,               2.00,          55983969,           2621.70,   146773171527.30
02 JAN 2026,DAVANGERE,EQ,DAVANGERE SUGAR COMPANY L,Listed    ,02 JAN 2026,               1.00,        1429990798,              3.75,     5376765400.50 
02 JAN 2026,DBCORP,EQ,D.B.CORP LTD             ,Listed    ,02 JAN 2026,              10.00,         178242357,            260.35,    46405397644.95    
02 JAN 2026,DBEIL,EQ,DEEPAK BUILDERS & ENG I L,Listed    ,02 JAN 2026,              10.00,          46580860,            118.30,     5511447355.20     
02 JAN 2026,DBL,EQ,DILIP BUILDCON LIMITED   ,Listed    ,02 JAN 2026,              10.00,         162444833,            467.85,    75999815119.05       
02 JAN 2026,DBOL,EQ,DHAMPUR BIO ORGANICS LTD ,Listed    ,02 JAN 2026,              10.00,          66387590,             80.25,     5328267973.40      
02 JAN 2026,DBREALTY,EQ,VALOR ESTATE LIMITED     ,Listed    ,02 JAN 2026,              10.00,         539204431,            120.55,    65001094157.05  
02 JAN 2026,DBSTOCKBRO,EQ,DB (INT) STOCK BROKERS   ,Listed    ,02 JAN 2026,               2.00,          35000000,             24.85,      870450000.00
02 JAN 2026,DCAL,EQ,DISHMAN CARBO AMCIS LTD  ,Listed    ,02 JAN 2026,               2.00,         156783095,            254.80,    39945196944.10      
02 JAN 2026,DCBBANK,EQ,DCB BANK LIMITED         ,Listed    ,02 JAN 2026,              10.00,         321712297,            177.45,    57084629979.70   
02 JAN 2026,DCCL,SM,DAR CREDIT & CAPITAL LTD ,Listed    ,02 JAN 2026,              10.00,          14276000,             44.45,      634568200.00      
02 JAN 2026,DCG,SM,DCG CABLES & WIRES LTD   ,Listed    ,02 JAN 2026,              10.00,          18149600,             68.45,     1242340120.00       
02 JAN 2026,DCI,EQ,DC INFOTECH AND COMUN LTD,Listed    ,02 JAN 2026,              10.00,          16000000,            245.75,     3931840000.00       
02 JAN 2026,DCM,EQ,DCM LTD                  ,Listed    ,02 JAN 2026,              10.00,          18677749,             92.55,     1728438892.45       
02 JAN 2026,DCMFINSERV,EQ,DCM FINANCIAL SERVICES LT,Listed    ,02 JAN 2026,              10.00,          18781987,              5.40,      101422729.80
02 JAN 2026,DCMNVL,EQ,DCM NOUVELLE LIMITED     ,Listed    ,02 JAN 2026,              10.00,          18677749,            139.35,     2603117878.15    
02 JAN 2026,DCMSHRIRAM,EQ,DCM SHRIRAM LIMITED      ,Listed    ,02 JAN 2026,               2.00,         155942296,           1257.20,   196050654531.20
02 JAN 2026,DCMSRIND,BE,DCM SHRIRAM IND LTD      ,Listed    ,02 JAN 2026,               2.00,          86992185,             54.55,     4743683848.05  
02 JAN 2026,DCW,EQ,DCW LTD                  ,Listed    ,02 JAN 2026,               2.00,         295155017,             57.75,    17039299131.40       
02 JAN 2026,DCXINDIA,EQ,DCX SYSTEMS LIMITED      ,Listed    ,02 JAN 2026,               2.00,         111386427,            193.55,    21559956810.10  
02 JAN 2026,DDEVPLSTIK,EQ,DDEV PLASTIKS IND LTD    ,Listed    ,02 JAN 2026,               1.00,         103476664,            301.45,    31193040362.80
02 JAN 2026,DECCANCE,EQ,DECCAN CEMENTS LIMITED   ,Listed    ,02 JAN 2026,               5.00,          14007500,            730.90,    10238081750.00  
02 JAN 2026,DECCANTRAN,SM,DECCAN TRANSCON LEASING L,Listed    ,02 JAN 2026,              10.00,          22723448,             24.15,      548771269.20
02 JAN 2026,DEEDEV,EQ,DEE DEVELOPMENT ENG LTD  ,Listed    ,02 JAN 2026,              10.00,          69263342,            214.90,    14884692195.80    
02 JAN 2026,DEEM,SM,DEEM ROLL TECH LIMITED   ,Listed    ,02 JAN 2026,              10.00,           8337272,             50.55,      421449099.60      
02 JAN 2026,DEEPAKFERT,EQ,DEEPAK FERTILIZERS & PETR,Listed    ,02 JAN 2026,              10.00,         126237825,           1261.80,   159286887585.00
02 JAN 2026,DEEPAKNTR,EQ,DEEPAK NITRITE LTD       ,Listed    ,02 JAN 2026,               2.00,         136393041,           1711.10,   233382132455.10 
02 JAN 2026,DEEPINDS,EQ,DEEP INDUSTRIES LIMITED  ,Listed    ,02 JAN 2026,               5.00,          64000000,            454.75,    29104000000.00  
02 JAN 2026,DELAPLEX,SM,DELAPLEX LIMITED         ,Listed    ,02 JAN 2026,              10.00,           9110000,            133.25,     1213907500.00  
02 JAN 2026,DELHIVERY,EQ,DELHIVERY LIMITED        ,Listed    ,02 JAN 2026,               1.00,         748095781,            404.50,   302604743414.50 
02 JAN 2026,DELPHIFX,EQ,DELPHI WORLD MONEY LTD   ,Listed    ,02 JAN 2026,              10.00,          16351185,            234.25,     3829938062.55  
02 JAN 2026,DELTACORP,EQ,DELTA CORP LIMITED       ,Listed    ,02 JAN 2026,               1.00,         267771097,             70.45,    18869829205.60 
02 JAN 2026,DELTAMAGNT,EQ,DELTA MANUFACTURING LTD  ,Listed    ,02 JAN 2026,              10.00,          10851120,             67.35,      730931443.20
02 JAN 2026,DELTIC,SM,DELTA AUTOCORP LIMITED   ,Listed    ,02 JAN 2026,              10.00,          15289698,             50.00,      764484900.00    
02 JAN 2026,DEN,EQ,DEN NETWORKS LTD         ,Listed    ,02 JAN 2026,              10.00,         477223845,             31.40,    14975284256.10       
02 JAN 2026,DENEERS,SM,DE NEERS TOOLS LIMITED   ,Listed    ,02 JAN 2026,              10.00,           8606400,            153.00,     1316779200.00   
02 JAN 2026,DENORA,EQ,DE NORA INDIA LIMITED    ,Listed    ,02 JAN 2026,              10.00,           5308634,            693.85,     3683395700.90    
02 JAN 2026,DENTA,EQ,DENTA WATER N INFRA SOL L,Listed    ,02 JAN 2026,              10.00,          26700000,            339.35,     9060645000.00     
02 JAN 2026,DENTALKART,SM,VASA DENTICITY LIMITED   ,Listed    ,02 JAN 2026,              10.00,          17336798,            559.55,     9700805320.90
02 JAN 2026,DESTINY,SM,DESTINY LOGISTICS & I LTD,Listed    ,31 DEC 2025,              10.00,          15388000,            115.40,     1775775200.00   
02 JAN 2026,DEVIT,EQ,DEV INFO TECHNOLOGY LTD  ,Listed    ,02 JAN 2026,               2.00,          56335233,             35.65,     2008351056.45     
02 JAN 2026,DEVX,EQ,DEV ACCELERATOR LIMITED  ,Listed    ,02 JAN 2026,               2.00,          90187515,             42.00,     3789679380.30      
02 JAN 2026,DEVYANI,EQ,DEVYANI INTERNATIONAL LTD,Listed    ,02 JAN 2026,               1.00,        1232872291,            148.05,   182551400128.35   
02 JAN 2026,DGCONTENT,EQ,DIGICONTENT LIMITED      ,Listed    ,02 JAN 2026,               2.00,          58187078,             32.60,     1896898742.80 
02 JAN 2026,DHAMPURSUG,EQ,DHAMPUR SUGAR MILLS LTD. ,Listed    ,02 JAN 2026,              10.00,          64306509,            123.90,     7967576465.10
02 JAN 2026,DHANBANK,EQ,DHANLAXMI BANK LIMITED   ,Listed    ,02 JAN 2026,              10.00,         394698851,             24.95,     9851683320.95  
02 JAN 2026,DHANLAXMI,SM,DHANLAXMI CROP SCIENCE L ,Listed    ,02 JAN 2026,              10.00,          16328000,             30.20,      493105600.00 
02 JAN 2026,DHANUKA,EQ,DHANUKA AGRITECH LTD     ,Listed    ,02 JAN 2026,               2.00,          45078324,           1178.70,    53133820498.80   
02 JAN 2026,DHARARAIL,ST,DHARA RAIL PROJECTS LTD  ,Listed    ,02 JAN 2026,              10.00,          15084000,            142.20,     2144944800.00 
02 JAN 2026,DHARIWAL,ST,DHARIWALCORP LIMITED     ,Listed    ,02 JAN 2026,              10.00,           8951400,            361.00,     3231455400.00  
02 JAN 2026,DHARMAJ,EQ,DHARMAJ CROP GUARD LTD   ,Listed    ,02 JAN 2026,              10.00,          33797296,            245.15,     8285407114.40   
02 JAN 2026,DHRUV,EQ,DHRUV CONSULTANCY SER LTD,Listed    ,02 JAN 2026,              10.00,          18966569,             47.25,      896170385.25     
02 JAN 2026,DHTL,ST,DOCMODE HEALTH TECH LTD  ,Listed    ,02 JAN 2026,              10.00,           3142800,             74.15,      233038620.00      
02 JAN 2026,DHUNINV,EQ,DHUNSERI INVESTMENTS LTD ,Listed    ,02 JAN 2026,              10.00,           6097178,           1234.80,     7528795394.40   
02 JAN 2026,DIACABS,EQ,DIAMOND POWER INFRA LTD  ,Listed    ,02 JAN 2026,               1.00,         526971060,            137.00,    72200304930.60   
02 JAN 2026,DIAMINESQ,EQ,DIAMINES & CHEMICALS LTD ,Listed    ,02 JAN 2026,              10.00,           9783990,            263.70,     2580038163.00 
02 JAN 2026,DIAMONDYD,EQ,PRATAAP SNACKS LIMITED   ,Listed    ,02 JAN 2026,               5.00,          23900929,           1203.60,    28767158144.40 
02 JAN 2026,DICIND,EQ,DIC INDIA LIMITED        ,Listed    ,02 JAN 2026,              10.00,           9178977,            503.25,     4619320175.25    
02 JAN 2026,DIFFNKG,EQ,DIFFUSION ENGINEERS LTD  ,Listed    ,02 JAN 2026,              10.00,          37426259,            336.25,    12584579588.75   
02 JAN 2026,DIGIDRIVE,EQ,DIGIDRIVE DISTRIBUTORS L ,Listed    ,02 JAN 2026,              10.00,          38561898,             26.35,     1016877250.25 
02 JAN 2026,DIGIKORE,SM,DIGIKORE STUDIOS LIMITED ,Listed    ,02 JAN 2026,              10.00,          12665600,             74.20,      939787520.00  
02 JAN 2026,DIGISPICE,EQ,DIGISPICE TECHNOLOGIES LT,Listed    ,02 JAN 2026,               3.00,         234471106,             23.55,     5519449835.25 
02 JAN 2026,DIGITIDE,EQ,DIGITIDE SOLUTIONS LTD   ,Listed    ,02 JAN 2026,              10.00,         148949413,            133.50,    19884746635.50  
02 JAN 2026,DIGJAMLMTD,EQ,DIGJAM LTD               ,Listed    ,02 JAN 2026,              10.00,          20000000,             55.35,     1106800000.00
02 JAN 2026,DIL,BZ,DEBOCK INDUSTRIES LIMITED,Listed    ,02 JAN 2026,              10.00,         162736115,              1.70,      278278756.65       
02 JAN 2026,DIRL,SM,DHANUKA INFRA REALTY LTD ,Listed    ,01 JAN 2026,              10.00,           9540040,             19.90,      189846796.00      
02 JAN 2026,DISHTV,EQ,DISH TV INDIA LTD.       ,Listed    ,02 JAN 2026,               1.00,        1841256054,              4.05,     7420261897.60    
02 JAN 2026,DIVGIITTS,EQ,DIVGI TORQTRANSFER SYST L,Listed    ,02 JAN 2026,               5.00,          30582927,            613.50,    18762625714.50 
02 JAN 2026,DIVINEHIRA,ST,DIVINE HIRA JEWELLERS LTD,Listed    ,02 JAN 2026,              10.00,          13047100,            239.20,     3120866320.00
02 JAN 2026,DIVISLAB,EQ,DIVI S LABORATORIES LTD  ,Listed    ,02 JAN 2026,               2.00,         265468580,           6392.50,  1697007897650.00  
02 JAN 2026,DIVYADHAN,SM,DIVYADHAN RECYCLING IND L,Listed    ,31 DEC 2025,              10.00,          14306714,             28.30,      404880006.20 
02 JAN 2026,DIXON,EQ,DIXON TECHNO (INDIA) LTD ,Listed    ,02 JAN 2026,               2.00,          60685743,          12165.00,   738242063595.00     
02 JAN 2026,DJML,EQ,DJ MEDIAPRINT & LOG LTD  ,Listed    ,02 JAN 2026,              10.00,          32977851,             70.45,     2323619381.45      
02 JAN 2026,DKEGL,SM,D K ENTERPRISES GLOBAL L ,Listed    ,01 JAN 2026,              10.00,           7508000,             77.10,      578866800.00     
02 JAN 2026,DLF,EQ,DLF LIMITED              ,Listed    ,02 JAN 2026,               2.00,        2475315036,            698.20,  1728264958135.20       
02 JAN 2026,DLINKINDIA,EQ,D-LINK INDIA LTD         ,Listed    ,02 JAN 2026,               2.00,          35504850,            430.65,    15290163652.50
02 JAN 2026,DMART,EQ,AVENUE SUPERMARTS LIMITED,Listed    ,02 JAN 2026,              10.00,         650733068,           3719.80,  2420596866346.40     
02 JAN 2026,DMCC,EQ,DMCC SPECIALITY CHEMICALS,Listed    ,02 JAN 2026,              10.00,          24939933,            255.55,     6373399878.15      
02 JAN 2026,DNAMEDIA,EQ,DILIGENT MEDIA CORP LTD. ,Listed    ,02 JAN 2026,               1.00,         117708018,              3.85,      451998789.10  
02 JAN 2026,DODLA,EQ,DODLA DAIRY LIMITED      ,Listed    ,02 JAN 2026,              10.00,          60327809,           1220.40,    73624058103.60     
02 JAN 2026,DOLATALGO,EQ,DOLAT ALGOTECH LIMITED   ,Listed    ,02 JAN 2026,               1.00,         176000000,             91.55,    16111040000.00 
02 JAN 2026,DOLLAR,EQ,DOLLAR INDUSTRIES LIMITED,Listed    ,02 JAN 2026,               2.00,          56716120,            353.90,    20071834868.00    
02 JAN 2026,DOLLEX,SM,DOLLEX AGROTECH LIMITED  ,Listed    ,02 JAN 2026,              10.00,          39948800,             39.85,     1591959680.00    
02 JAN 2026,DOLPHIN,EQ,DOLPHIN OFF ENT (IND) L  ,Listed    ,02 JAN 2026,               1.00,          40004580,            479.40,    19178195652.00   
02 JAN 2026,DOMS,EQ,DOMS INDUSTRIES LIMITED  ,Listed    ,02 JAN 2026,              10.00,          60687811,           2673.90,   162273137832.90      
02 JAN 2026,DONEAR,EQ,DONEAR IND. LIMITED      ,Listed    ,02 JAN 2026,               2.00,          52000000,             93.50,     4863040000.00    
02 JAN 2026,DPABHUSHAN,EQ,D. P. ABHUSHAN LIMITED   ,Listed    ,02 JAN 2026,              10.00,          22827920,           1417.20,    32351728224.00
02 JAN 2026,DPEL,ST,DIVINE POWER ENERGY LTD  ,Listed    ,02 JAN 2026,              10.00,          24965080,            272.10,     6792998268.00      
02 JAN 2026,DPSCLTD,EQ,DPSC LIMITED             ,Listed    ,02 JAN 2026,               1.00,         973789640,             10.05,     9767110089.20   
02 JAN 2026,DPWIRES,EQ,D P WIRES LIMITED        ,Listed    ,02 JAN 2026,              10.00,          15506286,            208.10,     3226858116.60   
02 JAN 2026,DRCSYSTEMS,EQ,DRC SYSTEMS INDIA LIMITED,Listed    ,02 JAN 2026,               1.00,         144081330,             17.25,     2483962129.20
02 JAN 2026,DREAMFOLKS,EQ,DREAMFOLKS SERVICES LTD  ,Listed    ,02 JAN 2026,               2.00,          53269862,            109.00,     5805882259.40
02 JAN 2026,DREDGECORP,EQ,DREDGING CORP OF INDIA   ,Listed    ,02 JAN 2026,              10.00,          28000000,            963.95,    26990600000.00
02 JAN 2026,DRONE,SM,DRONE DESTINATION LIMITED,Listed    ,02 JAN 2026,              10.00,          24399998,             66.75,     1628699866.50     
02 JAN 2026,DRREDDY,EQ,DR. REDDY S LABORATORIES ,Listed    ,02 JAN 2026,               1.00,         834630355,           1256.10,  1048379188915.50   
02 JAN 2026,DRSCARGO,ST,DRS CARGO MOVERS LIMITED ,Listed    ,05 DEC 2025,              10.00,           7531201,             47.75,      359614847.75  
02 JAN 2026,DRSDILIP,SM,DRS DILIP ROADLINES LTD. ,Listed    ,24 DEC 2025,              10.00,          15062403,             60.10,      905250420.30  
02 JAN 2026,DSSL,EQ,DYNACONS SYS & SOLN LTD  ,Listed    ,02 JAN 2026,              10.00,          12725330,           1005.00,    12788956650.00      
02 JAN 2026,DTIL,EQ,DHUNSERI TEA & IND. LTD. ,Listed    ,02 JAN 2026,              10.00,          10507427,            158.95,     1670050447.40      
02 JAN 2026,DTL,SM,DIENSTEN TECH LIMITED    ,Listed    ,02 JAN 2026,              10.00,           8260646,            146.00,     1206054316.00       
02 JAN 2026,DUCOL,SM,DUCOL ORGS AND COLOURS LT,Listed    ,02 JAN 2026,              10.00,          16254276,            151.60,     2464148241.60     
02 JAN 2026,DUCON,EQ,DUCON INFRATECHNOLOGIES L,Listed    ,02 JAN 2026,               1.00,         324925587,              3.60,     1163233601.45     
02 JAN 2026,DUGLOBAL,SM,DUDIGITAL GLOBAL LIMITED ,Listed    ,02 JAN 2026,               2.00,          71871953,             30.95,     2224436945.35  
02 JAN 2026,DURLAX,SM,DURLAX TOP SURFACE LTD   ,Listed    ,02 JAN 2026,              10.00,          16627701,             41.00,      681735741.00    
02 JAN 2026,DVL,EQ,DHUNSERI VENTURES LIMITED,Listed    ,02 JAN 2026,              10.00,          35024754,            283.40,     9926015283.60       
02 JAN 2026,DWARKESH,EQ,DWARIKESH SUGAR IND LTD  ,Listed    ,02 JAN 2026,               1.00,         185301470,             37.90,     7019219683.60  
02 JAN 2026,DYCL,EQ,DYNAMIC CABLES LIMITED   ,Listed    ,02 JAN 2026,              10.00,          48458638,            343.10,    16626158697.80      
02 JAN 2026,DYNAMATECH,EQ,DYNAMATIC TECHNOLOGIES   ,Listed    ,02 JAN 2026,              10.00,           6791443,           9503.00,    64539082829.00
02 JAN 2026,DYNAMIC,SM,DYNAMIC SRVCS & SEC LTD  ,Listed    ,02 JAN 2026,              10.00,          13746192,            129.25,     1776695316.00   
02 JAN 2026,DYNPRO,EQ,DYNEMIC PRODUCTS LIMITED ,Listed    ,02 JAN 2026,              10.00,          12428387,            255.75,     3178559975.25    
02 JAN 2026,E2E,EQ,E2E NETWORKS LIMITED     ,Listed    ,02 JAN 2026,              10.00,          20123689,           2027.50,    40800779447.50       
02 JAN 2026,EASEMYTRIP,EQ,EASY TRIP PLANNERS LTD   ,Listed    ,02 JAN 2026,               1.00,        3636853188,              7.45,    27058187718.70
02 JAN 2026,EBGNG,EQ,GNG ELECTRONICS LIMITED  ,Listed    ,02 JAN 2026,               2.00,         114011517,            310.70,    35423378331.90     
02 JAN 2026,ECLERX,EQ,ECLERX SERVICES LTD      ,Listed    ,02 JAN 2026,              10.00,          47650360,           4721.50,   224981174740.00    
02 JAN 2026,ECOLINE,SM,ECOLINE EXIM LIMITED     ,Listed    ,02 JAN 2026,              10.00,          20515376,            130.00,     2666998880.00   
02 JAN 2026,ECOSMOBLTY,EQ,ECOS (INDIA) MOB & HOSP L,Listed    ,02 JAN 2026,               2.00,          60000000,            199.95,    11997600000.00
02 JAN 2026,EDELWEISS,EQ,EDELWEISS FIN SERV LTD   ,Listed    ,02 JAN 2026,               1.00,         946473324,            113.90,   107822241070.10 
02 JAN 2026,EEPL,SM,EPPELTONE ENGINEERS LTD  ,Listed    ,02 JAN 2026,              10.00,          12959312,            202.55,     2624908645.60      
02 JAN 2026,EFACTOR,ST,E FACTOR EXPERIENCES LTD ,Listed    ,02 JAN 2026,              10.00,          13088098,            339.70,     4446026890.60   
02 JAN 2026,EFCIL,EQ,EFC (I) LIMITED          ,Listed    ,02 JAN 2026,               2.00,          99553376,            302.60,    30124851577.60     
02 JAN 2026,EFFWA,SM,EFFWA INFRA & RESEARCH L ,Listed    ,02 JAN 2026,              10.00,          23147167,            227.70,     5270609925.90     
02 JAN 2026,EFORCE,SM,ELECTRO FORCE (INDIA) LTD,Listed    ,02 JAN 2026,              10.00,          23400001,             33.90,      793260033.90    
02 JAN 2026,EICHERMOT,EQ,EICHER MOTORS LTD        ,Listed    ,02 JAN 2026,               1.00,         274299237,           7334.50,  2011847753776.50 
02 JAN 2026,EIDPARRY,EQ,EID PARRY INDIA LTD      ,Listed    ,02 JAN 2026,               1.00,         177872717,           1011.20,   179864891430.40  
02 JAN 2026,EIEL,EQ,ENVIRO INFRA ENGINEERS L ,Listed    ,02 JAN 2026,              10.00,         175530000,            206.75,    36290827500.00      
02 JAN 2026,EIFFL,EQ,EURO (I) FRESH FOODS LTD ,Listed    ,02 JAN 2026,              10.00,          24800000,            268.05,     6647640000.00     
02 JAN 2026,EIHAHOTELS,EQ,EIH ASSOCIATED HOTELS LTD,Listed    ,02 JAN 2026,              10.00,          60936294,            359.10,    21882223175.40
02 JAN 2026,EIHOTEL,EQ,EIH LIMITED              ,Listed    ,02 JAN 2026,               2.00,         625364182,            367.30,   229696264048.60   
02 JAN 2026,EIMCOELECO,EQ,EIMCO ELECON (INDIA) LTD ,Listed    ,02 JAN 2026,              10.00,           5768385,           1625.30,     9375356140.50
02 JAN 2026,EKC,EQ,EVEREST KANTO CYLINDERLTD,Listed    ,02 JAN 2026,               2.00,         112207682,            117.20,    13149618253.60       
02 JAN 2026,ELDEHSG,EQ,ELDECO HSG & IND LTD.    ,Listed    ,02 JAN 2026,               2.00,           9833000,            926.40,     9109291200.00   
02 JAN 2026,ELECON,EQ,ELECON ENG. CO. LTD      ,Listed    ,02 JAN 2026,               1.00,         224399930,            501.00,   112424364930.00    
02 JAN 2026,ELECTCAST,EQ,ELECTROSTEEL CASTINGS LTD,Listed    ,02 JAN 2026,               1.00,         618184591,             76.75,    47445667359.25 
02 JAN 2026,ELECTHERM,EQ,ELECTROTHERM (I) LTD.    ,Listed    ,02 JAN 2026,              10.00,          12742814,            868.90,    11072231084.60 
02 JAN 2026,ELGIEQUIP,EQ,ELGI EQUIPMENTS LTD      ,Listed    ,02 JAN 2026,               1.00,         316909016,            483.80,   153320581940.80 
02 JAN 2026,ELGIRUBCO,EQ,ELGI RUBBER CO. LTD      ,Listed    ,02 JAN 2026,               1.00,          50050000,             45.55,     2280778500.00 
02 JAN 2026,ELGNZ,SM,ELEGANZ INTERIORS LIMITED,Listed    ,02 JAN 2026,              10.00,          22599626,             92.25,     2084815498.50     
02 JAN 2026,ELIN,EQ,ELIN ELECTRONICS LIMITED ,Listed    ,02 JAN 2026,               5.00,          49659220,            166.60,     8273722644.20      
02 JAN 2026,ELLEN,EQ,ELLENBARRIE INDUS GASES L,Listed    ,02 JAN 2026,               2.00,         140935600,            341.60,    48143600960.00     
02 JAN 2026,EMAMILTD,EQ,EMAMI LIMITED            ,Listed    ,02 JAN 2026,               1.00,         436500000,            522.55,   228093075000.00  
02 JAN 2026,EMAMIPAP,EQ,EMAMI PAPER MILLS LIMITED,Listed    ,02 JAN 2026,               2.00,          60499050,             88.40,     5348116020.00  
02 JAN 2026,EMAMIREAL,EQ,EMAMI REALTY LIMITED     ,Listed    ,02 JAN 2026,               2.00,          43833889,             82.20,     3602707336.90 
02 JAN 2026,EMAPARTNER,SM,EMA PARTNERS INDIA LTD   ,Listed    ,02 JAN 2026,               5.00,          23246426,             95.50,     2220033683.00
02 JAN 2026,EMBASSY,RR,EMBASSY OFFICE PARKS REIT,Listed    ,02 JAN 2026,             300.00,         947893743,            438.50,   415660885242.95   
02 JAN 2026,EMBDL,BE,EMBASSY DEVELOPMENTS LTD ,Listed    ,02 JAN 2026,               2.00,        1390633433,             56.60,    78695945973.45     
02 JAN 2026,EMCURE,EQ,EMCURE PHARMACEUTICALS L ,Listed    ,02 JAN 2026,              10.00,         189564847,           1430.90,   271248339572.30    
02 JAN 2026,EMIL,EQ,ELECTRONICS MART IND LTD ,Listed    ,02 JAN 2026,              10.00,         384748762,            105.15,    40452484836.70      
02 JAN 2026,EMKAY,EQ,EMKAY GLOBAL FIN SERV LTD,Listed    ,02 JAN 2026,              10.00,          25632463,            286.25,     7337292533.75     
02 JAN 2026,EMKAYTOOLS,SM,EMKAY TAP & CUT. TOOL LTD,Listed    ,02 JAN 2026,              10.00,          10671300,            116.00,     1237870800.00
02 JAN 2026,EMMBI,EQ,EMMBI INDUSTRIES LIMITED ,Listed    ,02 JAN 2026,              10.00,          19240250,            100.30,     1929797075.00     
02 JAN 2026,EMMIL,SM,ENERGY MISSION MACH IND L,Listed    ,02 JAN 2026,              10.00,          11326500,            186.00,     2106729000.00     
02 JAN 2026,EMMVEE,EQ,EMMVEE PHOTOVOLTAIC PWR L,Listed    ,02 JAN 2026,               2.00,         692345033,            187.75,   129987779945.75    
02 JAN 2026,EMSLIMITED,EQ,EMS LIMITED              ,Listed    ,02 JAN 2026,              10.00,          55530807,            433.90,    24094817157.30
02 JAN 2026,EMUDHRA,EQ,EMUDHRA LIMITED          ,Listed    ,02 JAN 2026,               5.00,          82811707,            576.35,    47728527329.45   
02 JAN 2026,ENCOMPAS,SM,ENCOMPASS DESIGN INDIA L ,Listed    ,02 JAN 2026,              10.00,          14183544,            253.95,     3601910998.80  
02 JAN 2026,ENDURANCE,EQ,ENDURANCE TECHNO. LTD.   ,Listed    ,02 JAN 2026,              10.00,         140662848,           2540.20,   357311766489.60 
02 JAN 2026,ENERGYDEV,BE,ENERGY DEVE. CO.LTD      ,Listed    ,02 JAN 2026,              10.00,          47500000,             20.40,      969950000.00 
02 JAN 2026,ENFUSE,SM,ENFUSE SOLUTIONS LIMITED ,Listed    ,01 JAN 2026,              10.00,           8847600,            222.00,     1964167200.00    
02 JAN 2026,ENGINERSIN,EQ,ENGINEERS INDIA LTD      ,Listed    ,02 JAN 2026,               5.00,         562042373,            206.40,   116005545787.20
02 JAN 2026,ENIL,EQ,ENTERTAIN NET. IND. LTD. ,Listed    ,02 JAN 2026,              10.00,          47670415,            114.05,     5436810830.75      
02 JAN 2026,ENRIN,EQ,SIEMENS ENERGY INDIA LTD ,Listed    ,02 JAN 2026,               2.00,         356120505,           2546.70,   906932090083.50     
02 JAN 2026,ENSER,SM,ENSER COMMUNICATIONS LTD ,Listed    ,02 JAN 2026,               2.00,          87160590,             16.95,     1477372000.50     
02 JAN 2026,ENTERO,EQ,ENTERO HEALTHCARE SOLU L ,Listed    ,02 JAN 2026,              10.00,          43510937,           1123.50,    48884537719.50    
02 JAN 2026,ENVIRO,SM,ENVIROTECH SYSTEMS LTD   ,Listed    ,02 JAN 2026,              10.00,          18790000,            115.95,     2178700500.00    
02 JAN 2026,EPACK,EQ,EPACK DURABLE LIMITED    ,Listed    ,02 JAN 2026,              10.00,          96228477,            281.10,    27049824884.70     
02 JAN 2026,EPACKPEB,EQ,EPACK PREFAB TECHN LTD   ,Listed    ,02 JAN 2026,               2.00,         100451997,            260.90,    26207926017.30  
02 JAN 2026,EPIGRAL,EQ,EPIGRAL LIMITED          ,Listed    ,02 JAN 2026,              10.00,          43141338,           1245.80,    53745478880.40   
02 JAN 2026,EPL,EQ,EPL LIMITED              ,Listed    ,02 JAN 2026,               2.00,         320276025,            214.40,    68660774239.50       
02 JAN 2026,EPWINDIA,ST,EPW INDIA LIMITED        ,Listed    ,02 JAN 2026,               5.00,          11479600,            108.70,     1247832520.00  
02 JAN 2026,EQUIPPP,BE,EQUIPPP SOC IMP TECH LTD ,Listed    ,02 JAN 2026,               1.00,         103095225,             23.25,     2396963981.25   
02 JAN 2026,EQUITASBNK,EQ,EQUITAS SMALL FIN BNK LTD,Listed    ,02 JAN 2026,              10.00,        1140719893,             64.15,    73188588334.90
02 JAN 2026,ERIS,EQ,ERIS LIFESCIENCES LIMITED,Listed    ,02 JAN 2026,               1.00,         136216891,           1533.50,   208888602348.50      
02 JAN 2026,ESABINDIA,EQ,ESAB INDIA LTD           ,Listed    ,02 JAN 2026,              10.00,          15393020,           6167.50,    94936450850.00 
02 JAN 2026,ESAFSFB,EQ,ESAF SMALL FINANCE BANK L,Listed    ,02 JAN 2026,              10.00,         515572741,             26.75,    13801882276.55   
02 JAN 2026,ESCONET,SM,ESCONET TECHNOLOGIES LTD ,Listed    ,02 JAN 2026,              10.00,          13196238,            138.70,     1830318210.60   
02 JAN 2026,ESCORTS,EQ,ESCORTS KUBOTA LIMITED   ,Listed    ,02 JAN 2026,              10.00,         111877754,           3847.10,   430404907413.40   
02 JAN 2026,ESFL,SM,ESSEN SPECIALITY FILMS L ,Listed    ,02 JAN 2026,              10.00,          24839040,            175.75,     4365461280.00      
02 JAN 2026,ESPRIT,SM,ESPRIT STONES LIMITED    ,Listed    ,02 JAN 2026,              10.00,          21945200,             64.80,     1422048960.00    
02 JAN 2026,ESSARSHPNG,BE,ESSAR SHIPPING LTD       ,Listed    ,02 JAN 2026,              10.00,         206976072,             27.35,     5664935090.65
02 JAN 2026,ESSENTIA,EQ,INTEGRA ESSENTIA LIMITED ,Listed    ,02 JAN 2026,               1.00,        1067690544,              1.55,     1644243437.75  
02 JAN 2026,ESTER,EQ,ESTER INDUSTRIES LTD     ,Listed    ,02 JAN 2026,               5.00,          97586191,            102.35,     9989898372.65     
02 JAN 2026,ETERNAL,EQ,ETERNAL LIMITED          ,Listed    ,02 JAN 2026,               1.00,        9650350647,            284.15,  2742147136345.05   
02 JAN 2026,ETHOSLTD,EQ,ETHOS LIMITED            ,Listed    ,02 JAN 2026,              10.00,          26757693,           2953.50,    79028846275.50  
02 JAN 2026,ETL,SM,EMKAY TOOLS LIMITED      ,Listed    ,02 JAN 2026,               1.00,          10671300,            840.05,     8964425565.00       
02 JAN 2026,ETML,SM,EMERALD TYRE MANUF LTD   ,Listed    ,02 JAN 2026,              10.00,          19476512,            104.55,     2036269329.60      
02 JAN 2026,EUREKAFORB,EQ,EUREKA FORBES LIMITED    ,Listed    ,02 JAN 2026,              10.00,         193403691,            628.55,   121563889978.05
02 JAN 2026,EUROBOND,EQ,EURO PANEL PRODUCTS LTD  ,Listed    ,02 JAN 2026,              10.00,          24500000,            175.60,     4301955000.00  
02 JAN 2026,EUROPRATIK,EQ,EURO PRATIK SALES LIMITED,Listed    ,02 JAN 2026,               1.00,         102200000,            311.85,    31871070000.00
02 JAN 2026,EUROTEXIND,BE,EUROTEX IND & EXPORTS LTD,Listed    ,02 JAN 2026,              10.00,           8749865,             14.20,      124160584.35
02 JAN 2026,EVEREADY,EQ,EVEREADY INDS. IND.  LTD.,Listed    ,02 JAN 2026,               5.00,          72687260,            337.15,    24506509709.00  
02 JAN 2026,EVERESTIND,EQ,EVEREST INDUSTRIES LTD   ,Listed    ,02 JAN 2026,              10.00,          15855754,            527.95,     8371045324.30
02 JAN 2026,EXCEL,EQ,EXCEL REALTY N INFRA LTD ,Listed    ,02 JAN 2026,               1.00,        1410695055,              1.40,     2003186978.10     
02 JAN 2026,EXCELINDUS,EQ,EXCEL INDUSTRIES LTD     ,Listed    ,02 JAN 2026,               5.00,          12570692,            952.75,    11976726803.00
02 JAN 2026,EXCELLENT,SM,EXCELLENT WIRES N PACK L ,Listed    ,01 JAN 2026,              10.00,           4470000,             42.00,      187740000.00 
02 JAN 2026,EXCELSOFT,EQ,EXCELSOFT TECHNOLOGIES L ,Listed    ,02 JAN 2026,              10.00,         115084164,             89.10,    10256300695.70 
02 JAN 2026,EXICOM,EQ,EXICOM TELE SYSTEMS LTD  ,Listed    ,02 JAN 2026,              10.00,         139079771,            119.25,    16586653489.45    
02 JAN 2026,EXIDEIND,EQ,EXIDE INDUSTRIES LTD     ,Listed    ,02 JAN 2026,               1.00,         850000000,            367.70,   312545000000.00  
02 JAN 2026,EXIMROUTES,ST,EXIM ROUTES LIMITED      ,Listed    ,02 JAN 2026,               5.00,          18752000,            160.35,     3006883200.00
02 JAN 2026,EXPLEOSOL,EQ,EXPLEO SOLUTIONS LIMITED ,Listed    ,02 JAN 2026,              10.00,          15519739,            971.60,    15078978412.40 
02 JAN 2026,EXXARO,BE,EXXARO TILES LIMITED     ,Listed    ,02 JAN 2026,               1.00,         447410700,              8.10,     3619552563.00    
02 JAN 2026,FABTECH,EQ,FABTECH TECHNOLOGIES LTD ,Listed    ,02 JAN 2026,              10.00,          44450794,            198.20,     8809258354.90   
02 JAN 2026,FACT,EQ,FACT LTD                 ,Listed    ,02 JAN 2026,              10.00,         647071974,            908.05,   587573705990.70      
02 JAN 2026,FAIRCHEMOR,EQ,FAIRCHEM ORGANICS LIMITED,Listed    ,02 JAN 2026,              10.00,          13020902,            767.10,     9988333924.20
02 JAN 2026,FALCONTECH,SM,FALCON TECHNOPROJ IND LTD,Listed    ,02 JAN 2026,              10.00,           5356793,             15.50,       83030291.50
02 JAN 2026,FAZE3Q,EQ,FAZE THREE LIMITED       ,Listed    ,02 JAN 2026,              10.00,          24319000,            409.25,     9952550750.00    
02 JAN 2026,FCL,EQ,FINEOTEX CHEMICAL LIMITED,Listed    ,02 JAN 2026,               1.00,        1145750900,             24.50,    28047982032.00       
02 JAN 2026,FCSSOFT,EQ,FCS SOFTWARE SOLN. LTD.  ,Listed    ,02 JAN 2026,               1.00,        1709553100,              1.90,     3248150890.00   
02 JAN 2026,FDC,EQ,FDC LIMITED              ,Listed    ,02 JAN 2026,               1.00,         162810084,            419.55,    68306970742.20       
02 JAN 2026,FEDERALBNK,EQ,FEDERAL BANK LTD         ,Listed    ,02 JAN 2026,               2.00,        2462945660,            266.95,   657483343937.00
02 JAN 2026,FEDFINA,EQ,FEDBANK FINANCIAL SER L  ,Listed    ,02 JAN 2026,              10.00,         374076800,            160.60,    60076734080.00   
02 JAN 2026,FEL,BZ,FUTURE ENTERPRISES LTD   ,Listed    ,02 JAN 2026,               2.00,         454930401,              0.50,      218366592.50       
02 JAN 2026,FELDVR,BZ,FUTURE ENTERPRISES LTD   ,Listed    ,02 JAN 2026,               2.00,          39374679,              3.10,      122848998.50    
02 JAN 2026,FELIX,SM,FELIX INDUSTRIES LTD.    ,Listed    ,02 JAN 2026,              10.00,          17206350,            178.05,     3063590617.50     
02 JAN 2026,FIBERWEB,EQ,FIBERWEB INDIA LIMITED   ,Listed    ,02 JAN 2026,              10.00,          28791710,             36.55,     1052912834.70  
02 JAN 2026,FIDEL,SM,FIDEL SOFTECH LIMITED    ,Listed    ,02 JAN 2026,              10.00,          13750560,            138.00,     1897577280.00     
02 JAN 2026,FIEMIND,EQ,FIEM INDUSTRIES LIMITED  ,Listed    ,02 JAN 2026,              10.00,          26319660,           2334.30,    61437982338.00   
02 JAN 2026,FILATEX,EQ,FILATEX INDIA LTD        ,Listed    ,02 JAN 2026,               1.00,         444058375,             49.55,    22003092481.25   
02 JAN 2026,FILATFASH,EQ,FILATEX FASHIONS LIMITED ,Listed    ,02 JAN 2026,               1.00,        8334072725,              0.30,     2666903272.00 
02 JAN 2026,FINBUD,SM,FINBUD FINANCIAL SERV LTD,Listed    ,02 JAN 2026,              10.00,          19049480,            130.65,     2488814562.00    
02 JAN 2026,FINCABLES,EQ,FINOLEX CABLES LTD       ,Listed    ,02 JAN 2026,               2.00,         152939345,            784.45,   119973269185.25 
02 JAN 2026,FINEORG,EQ,FINE ORGANIC IND. LTD.   ,Listed    ,02 JAN 2026,               5.00,          30659976,           4184.80,   128305867564.80   
02 JAN 2026,FINKURVE,EQ,FINKURVE FINANCIAL SERV L,Listed    ,02 JAN 2026,               1.00,         140050488,             98.60,    13806177107.05  
02 JAN 2026,FINOPB,EQ,FINO PAYMENTS BANK LTD   ,Listed    ,02 JAN 2026,              10.00,          83218402,            258.95,    21549405197.90    
02 JAN 2026,FINPIPE,EQ,FINOLEX INDUSTRIES LTD   ,Listed    ,02 JAN 2026,               2.00,         620476905,            178.50,   110761332311.55   
02 JAN 2026,FIRSTCRY,EQ,BRAINBEES SOLUTIONS LTD  ,Listed    ,02 JAN 2026,               2.00,         521992685,            289.80,   151273480113.00  
02 JAN 2026,FISCHER,EQ,FISCHER MEDICAL VENTURE L,Listed    ,02 JAN 2026,               1.00,         648515470,             41.85,    27127402110.10   
02 JAN 2026,FIVESTAR,EQ,FIVE-STAR BUS FIN LTD    ,Listed    ,02 JAN 2026,               1.00,         294533548,            532.25,   156765480923.00  
02 JAN 2026,FLAIR,EQ,FLAIR WRITING INDUST LTD ,Listed    ,02 JAN 2026,               5.00,         105395378,            314.25,    33120497536.50     
02 JAN 2026,FLEXITUFF,EQ,FLEXITUFF VENTURES INT L ,Listed    ,02 JAN 2026,              10.00,          32822806,             12.70,      416193180.10 
02 JAN 2026,FLFL,BZ,FUT LIFESTYLE FASH LTD   ,Listed    ,02 JAN 2026,               2.00,         201774874,              1.50,      302662311.00      
02 JAN 2026,FLUOROCHEM,EQ,GUJARAT FLUOROCHEM LTD   ,Listed    ,02 JAN 2026,               1.00,         109850000,           3648.00,   400732800000.00
02 JAN 2026,FLYSBS,SM,FLYSBS AVIATION LIMITED  ,Listed    ,02 JAN 2026,              10.00,          17303751,            535.50,     9266158660.50    
02 JAN 2026,FMGOETZE,EQ,FEDERAL-MOGUL GOETZE (IND,Listed    ,02 JAN 2026,              10.00,          55632130,            488.90,    27198548357.00  
02 JAN 2026,FMNL,EQ,FUTURE MKT NETWORKS LTD  ,Listed    ,02 JAN 2026,              10.00,          60644381,              8.85,      537309215.65      
02 JAN 2026,FOCE,SM,FOCE INDIA LIMITED       ,Listed    ,31 DEC 2025,              10.00,           4892925,           1915.00,     9369951375.00      
02 JAN 2026,FOCUS,EQ,FOCUS LIGHTG & FIXTRS LTD,Listed    ,02 JAN 2026,               2.00,          67444950,             74.75,     5040161113.50     
02 JAN 2026,FONEBOX,ST,FONEBOX RETAIL LIMITED   ,Listed    ,02 JAN 2026,              10.00,          10260000,             89.50,      918270000.00   
02 JAN 2026,FOODSIN,EQ,FOODS & INNS LIMITED     ,Listed    ,02 JAN 2026,               1.00,          73414624,             68.75,     5046521253.75   
02 JAN 2026,FORCAS,SM,FORCAS STUDIO LIMITED    ,Listed    ,02 JAN 2026,              10.00,          17580000,            120.00,     2109600000.00    
02 JAN 2026,FORCEMOT,EQ,FORCE MOTORS LIMITED     ,Listed    ,02 JAN 2026,              10.00,          13032914,          21230.00,   276688764220.00  
02 JAN 2026,FORGEAUTO,SM,FORGE AUTO INTERNATION L ,Listed    ,01 JAN 2026,              10.00,          10920000,            112.50,     1228500000.00 
02 JAN 2026,FORTIS,EQ,FORTIS HEALTHCARE LTD    ,Listed    ,02 JAN 2026,              10.00,         754958148,            914.75,   690597965883.00    
02 JAN 2026,FOSECOIND,EQ,FOSECO INDIA LTD         ,Listed    ,02 JAN 2026,              10.00,           7537259,           4927.70,    37141351174.30 
02 JAN 2026,FRESHARA,SM,FRESHARA AGRO EXPORTS LTD,Listed    ,02 JAN 2026,              10.00,          23499200,            176.65,     4151133680.00  
02 JAN 2026,FROG,SM,FROG INNOVATIONS LIMITED ,Listed    ,02 JAN 2026,              10.00,          15554300,            163.50,     2543128050.00      
02 JAN 2026,FSL,EQ,FIRSTSOURCE SOLU. LTD.   ,Listed    ,02 JAN 2026,              10.00,         696990826,            340.55,   237360225794.30       
02 JAN 2026,FUSION,EQ,FUSION FINANCE LIMITED   ,Listed    ,02 JAN 2026,              10.00,         101023885,            161.95,    16360818175.75    
02 JAN 2026,FWSTC,SM,FLYWINGS SIMULAT T C LTD ,Listed    ,02 JAN 2026,              10.00,          10177128,            221.15,     2250671857.20     
02 JAN 2026,GABRIEL,EQ,GABRIEL INDIA LTD        ,Listed    ,02 JAN 2026,               1.00,         143643940,           1051.60,   151055967304.00   
02 JAN 2026,GAEL,EQ,GUJARAT AMBUJA EXPORTS LT,Listed    ,02 JAN 2026,               1.00,         458670660,            137.70,    63163536588.60      
02 JAN 2026,GAIL,EQ,GAIL (INDIA) LTD         ,Listed    ,02 JAN 2026,              10.00,        6575099644,            175.40,  1153140975564.70      
02 JAN 2026,GAJANAND,SM,GAJANAND INTERNATIONAL L ,Listed    ,02 JAN 2026,              10.00,          18835568,             10.20,      192122793.60  
02 JAN 2026,GALAPREC,EQ,GALA PRECISION ENG LTD   ,Listed    ,02 JAN 2026,              10.00,          12750275,            785.80,    10019166095.00  
02 JAN 2026,GALAXYSURF,EQ,GALAXY SURFACTANTS LTD   ,Listed    ,02 JAN 2026,              10.00,          35454752,           2050.60,    72703514451.20
02 JAN 2026,GALLANTT,EQ,GALLANTT ISPAT LIMITED   ,Listed    ,02 JAN 2026,              10.00,         241280945,            552.50,   133307722112.50  
02 JAN 2026,GANDHAR,EQ,GANDHAR OIL REFINE IND L ,Listed    ,02 JAN 2026,               2.00,          97879530,            151.75,    14854197472.80   
02 JAN 2026,GANDHITUBE,EQ,GANDHI SPL. TUBES LTD    ,Listed    ,02 JAN 2026,               5.00,          12152000,            790.85,     9610409200.00
02 JAN 2026,GANECOS,EQ,GANESHA ECOSPHERE LIMITED,Listed    ,02 JAN 2026,              10.00,          26795984,            851.30,    22811421179.20   
02 JAN 2026,GANESHBE,EQ,GANESH BENZOPLAST LIMITED,Listed    ,02 JAN 2026,               1.00,          71989421,             81.70,     5880815801.50  
02 JAN 2026,GANESHCP,EQ,GANESH CONSUMER PRODUCT L,Listed    ,02 JAN 2026,              10.00,          40412946,            224.75,     9083617872.40  
02 JAN 2026,GANESHHOU,EQ,GANESH HOUSING LIMITED   ,Listed    ,02 JAN 2026,              10.00,          83387090,            808.90,    67451817101.00 
02 JAN 2026,GANESHIN,SM,GANESH INFRAWORLD LIMITED,Listed    ,02 JAN 2026,               5.00,          42721397,            142.00,     6066438374.00  
02 JAN 2026,GANGABATH,SM,GANGA BATH FITTINGS LTD  ,Listed    ,02 JAN 2026,              10.00,          22207848,             20.75,      460812846.00 
02 JAN 2026,GANGAFORGE,EQ,GANGA FORGING LIMITED    ,Listed    ,02 JAN 2026,               1.00,         134802230,              3.70,      497420228.70
02 JAN 2026,GANGESSECU,EQ,GANGES SECURITIES LIMITED,Listed    ,02 JAN 2026,              10.00,          10003687,            135.60,     1356299883.45
02 JAN 2026,GARFIBRES,EQ,GARWARE TECH FIBRES LTD  ,Listed    ,02 JAN 2026,              10.00,          99265845,            689.75,    68468616588.75 
02 JAN 2026,GARUDA,EQ,GARUDA CONSTRUCT N ENG L ,Listed    ,02 JAN 2026,               5.00,          93041742,            195.30,    18170121795.20    
02 JAN 2026,GATECH,EQ,GACM TECHNOLOGIES LIMITED,Listed    ,02 JAN 2026,               1.00,        1102742236,              0.55,      606508229.80    
02 JAN 2026,GATECHDVR,EQ,GACM TECHNOLOGIES LIMITED,Listed    ,02 JAN 2026,               1.00,         189665894,              0.50,       92936288.05 
02 JAN 2026,GATEWAY,EQ,GATEWAY DISTRIPARKS LTD  ,Listed    ,02 JAN 2026,              10.00,         499643836,             60.60,    30268423584.90   
02 JAN 2026,GAYAHWS,BE,GAYATRI HIGHWAYS LIMITED ,Listed    ,02 JAN 2026,               2.00,         239651900,              2.75,      663835763.00   
02 JAN 2026,GCHOTELS,SM,GRAND CONTINENT HOTELS L ,Listed    ,02 JAN 2026,              10.00,          24919403,            164.00,     4086782092.00  
02 JAN 2026,GCSL,BE,GRETEX CORPORATE SERVICES,Listed    ,02 JAN 2026,              10.00,          22639347,            340.05,     7698509947.35      
02 JAN 2026,GEECEE,EQ,GEECEE VENTURES LIMITED  ,Listed    ,02 JAN 2026,              10.00,          20911729,            323.20,     6758670812.80    
02 JAN 2026,GEEKAYWIRE,EQ,GEEKAY WIRES LIMITED     ,Listed    ,02 JAN 2026,               1.00,         104520000,             33.70,     3523369200.00
02 JAN 2026,GEMAROMA,EQ,GEM AROMATICS LIMITED    ,Listed    ,02 JAN 2026,               2.00,          52237138,            166.10,     8677633364.55  
02 JAN 2026,GENCON,EQ,GENERIC ENG CONS PROJ LTD,Listed    ,02 JAN 2026,               5.00,          56986219,             43.80,     2495996392.20    
02 JAN 2026,GENESYS,EQ,GENESYS INTL CORPN LTD   ,Listed    ,02 JAN 2026,               5.00,          41770212,            429.10,    17923597969.20   
02 JAN 2026,GENSOL,BZ,GENSOL ENGINEERING LTD   ,Listed    ,02 JAN 2026,              10.00,          38002434,             26.65,     1012384841.75    
02 JAN 2026,GENUSPAPER,EQ,GENUS P&B LIMITED        ,Listed    ,02 JAN 2026,               1.00,         257125940,             13.00,     3347779738.80
02 JAN 2026,GENUSPOWER,EQ,GENUS POWER INFRASTRU LTD,Listed    ,02 JAN 2026,               1.00,         304111548,            300.40,    91355109019.20
02 JAN 2026,GEOJITFSL,EQ,GEOJIT FINANCIAL SER L   ,Listed    ,02 JAN 2026,               1.00,         279122119,             75.75,    21149082956.65 
02 JAN 2026,GESHIP,EQ,THE GE SHPG.LTD          ,Listed    ,02 JAN 2026,              10.00,         142767161,           1114.00,   159042617354.00    
02 JAN 2026,GFLLIMITED,EQ,GFL LIMITED              ,Listed    ,02 JAN 2026,               1.00,         109850000,             58.75,     6452589000.00
02 JAN 2026,GGBL,SM,GANESH GREEN BHARAT LTD  ,Listed    ,02 JAN 2026,              10.00,          24801000,            323.50,     8023123500.00      
02 JAN 2026,GHCL,EQ,GHCL LIMITED             ,Listed    ,02 JAN 2026,              10.00,          91934155,            566.50,    52080698807.50      
02 JAN 2026,GHCLTEXTIL,EQ,GHCL TEXTILES LIMITED    ,Listed    ,02 JAN 2026,               2.00,          95585786,             76.75,     7338120791.20
02 JAN 2026,GICHSGFIN,EQ,GIC HOUSING FINANCE LTD  ,Listed    ,02 JAN 2026,              10.00,          53851066,            179.95,     9689422305.40 
02 JAN 2026,GICL,ST,GLOBE INTL CARRIERS LTD  ,Listed    ,02 JAN 2026,               5.00,         111954588,             46.95,     5256267906.60      
02 JAN 2026,GICRE,EQ,GENERAL INS CORP OF INDIA,Listed    ,02 JAN 2026,               5.00,        1754400000,            379.55,   665882520000.00     
02 JAN 2026,GILLANDERS,EQ,GILLANDERS ARBUTHNOT LTD ,Listed    ,02 JAN 2026,              10.00,          21342346,            105.00,     2240732906.55
02 JAN 2026,GILLETTE,EQ,GILLETTE INDIA LTD       ,Listed    ,02 JAN 2026,              10.00,          32585217,           8207.50,   267443168527.50  
02 JAN 2026,GINNIFILA,EQ,GINNI FILAMENTS LTD      ,Listed    ,02 JAN 2026,              10.00,          85650065,             41.50,     3555334198.15 
02 JAN 2026,GIPCL,EQ,GUJ IND POW CO. LTD      ,Listed    ,02 JAN 2026,              10.00,         155215944,            162.30,    25189995551.75     
02 JAN 2026,GIRIRAJ,SM,GIRIRAJ CIVIL DEVP LTD   ,Listed    ,02 JAN 2026,              10.00,          23920500,            246.05,     5885639025.00   
02 JAN 2026,GKENERGY,EQ,GK ENERGY LIMITED        ,Listed    ,02 JAN 2026,               2.00,         202817266,            162.15,    32884791509.25  
02 JAN 2026,GKSL,EQ,GUJARAT KIDNEY N SUP SP L,Listed    ,02 JAN 2026,               2.00,          78843250,            102.70,     8097990207.50      
02 JAN 2026,GKWLIMITED,EQ,GKW LIMITED              ,Listed    ,02 JAN 2026,              10.00,           5966500,           1723.00,    10280279500.00
02 JAN 2026,GLAND,EQ,GLAND PHARMA LIMITED     ,Listed    ,02 JAN 2026,               1.00,         164756423,           1715.80,   282689070583.40     
02 JAN 2026,GLAXO,EQ,GLAXOSMITHKLINE PHARMA LT,Listed    ,02 JAN 2026,              10.00,         169406034,           2483.80,   420770707249.20     
02 JAN 2026,GLENMARK,EQ,GLENMARK PHARMACEUTICALS ,Listed    ,02 JAN 2026,               1.00,         282200809,           2064.50,   582603570180.50  
02 JAN 2026,GLOBAL,BE,GLOBAL EDUCATION LIMITED ,Listed    ,02 JAN 2026,               2.00,          50901500,             89.55,     4559247355.00    
02 JAN 2026,GLOBALE,EQ,GLOBALE TESSILE LIMITED  ,Listed    ,02 JAN 2026,              10.00,          10620275,             12.35,      130947990.75   
02 JAN 2026,GLOBALPET,SM,GLOBAL PET INDUSTRIES LTD,Listed    ,01 JAN 2026,              10.00,          11787408,            120.00,     1414488960.00 
02 JAN 2026,GLOBALVECT,EQ,GLOBAL VEC HELICORP LTD  ,Listed    ,02 JAN 2026,              10.00,          14000000,            200.25,     2803360000.00
02 JAN 2026,GLOBE,EQ,GLOBE ENTERPRISE (I) LTD ,Listed    ,02 JAN 2026,               2.00,         450418788,              2.95,     1333239612.50     
02 JAN 2026,GLOBECIVIL,EQ,GLOBE CIVIL PROJECTS LTD ,Listed    ,02 JAN 2026,              10.00,          59718999,             60.45,     3610013489.55
02 JAN 2026,GLOBUSSPR,EQ,GLOBUS SPIRITS LTD       ,Listed    ,02 JAN 2026,              10.00,          28972134,           1088.30,    31530373432.20 
02 JAN 2026,GLOSTERLTD,EQ,GLOSTER LIMITED          ,Listed    ,02 JAN 2026,              10.00,          10943260,            666.40,     7292588464.00
02 JAN 2026,GLOTTIS,EQ,GLOTTIS LIMITED          ,Listed    ,02 JAN 2026,               2.00,          92403000,             61.50,     5684632560.00   
02 JAN 2026,GMBREW,EQ,G M BREWERIES LTD        ,Listed    ,02 JAN 2026,              10.00,          22846924,           1207.20,    27580806652.80    
02 JAN 2026,GMDCLTD,EQ,GUJARAT MINERAL DEV CORP ,Listed    ,02 JAN 2026,               2.00,         318000000,            619.45,   196985100000.00   
02 JAN 2026,GML,SM,GALAXY MEDICARE LIMITED  ,Listed    ,02 JAN 2026,              10.00,          15171983,             20.85,      316335845.55       
02 JAN 2026,GMMPFAUDLR,EQ,GMM PFAUDLER LIMITED     ,Listed    ,02 JAN 2026,               2.00,          44957224,           1093.40,    49156228721.60
02 JAN 2026,GMRAIRPORT,EQ,GMR AIRPORTS LIMITED     ,Listed    ,02 JAN 2026,               1.00,       10558975952,            105.75,  1116822886443.05
02 JAN 2026,GMRP&UI,EQ,GMR POW AND URBAN INFRA L,Listed    ,02 JAN 2026,               5.00,         714836194,            110.25,    78796393664.60   
02 JAN 2026,GNA,EQ,GNA AXLES LIMITED        ,Listed    ,02 JAN 2026,              10.00,          42930800,            317.70,    13639115160.00       
02 JAN 2026,GNFC,EQ,GUJ NAR VAL FER & CHEM L ,Listed    ,02 JAN 2026,              10.00,         146940683,            493.55,    72522574094.65      
02 JAN 2026,GOACARBON,EQ,GOA CARBON LIMITED       ,Listed    ,02 JAN 2026,              10.00,           9151052,            424.35,     3883248916.20 
02 JAN 2026,GOCLCORP,EQ,GOCL CORPORATION LIMITED ,Listed    ,02 JAN 2026,               2.00,          49572490,            292.65,    14507389198.50  
02 JAN 2026,GOCOLORS,EQ,GO FASHION INDIA LTD     ,Listed    ,02 JAN 2026,              10.00,          54008984,            460.30,    24860335335.20  
02 JAN 2026,GODAVARIB,EQ,GODAVARI BIOREFINERIES L ,Listed    ,02 JAN 2026,              10.00,          51175977,            299.30,    15316969916.10 
02 JAN 2026,GODFRYPHLP,EQ,GODFREY PHILLIPS INDIA LT,Listed    ,02 JAN 2026,               2.00,         155981760,           2249.30,   350849772768.00
02 JAN 2026,GODIGIT,EQ,GO DIGIT GENERAL INS LTD ,Listed    ,02 JAN 2026,              10.00,         923720770,            346.35,   319930688689.50   
02 JAN 2026,GODREJAGRO,EQ,GODREJ AGROVET LIMITED   ,Listed    ,02 JAN 2026,              10.00,         192328994,            573.95,   110387226106.30
02 JAN 2026,GODREJCP,EQ,GODREJ CONSUMER PRODUCTS ,Listed    ,02 JAN 2026,               1.00,        1023244581,           1235.20,  1263911706451.20  
02 JAN 2026,GODREJIND,EQ,GODREJ INDUSTRIES LTD    ,Listed    ,02 JAN 2026,               1.00,         336804842,           1021.10,   343911424166.20 
02 JAN 2026,GODREJPROP,EQ,GODREJ PROPERTIES LTD    ,Listed    ,02 JAN 2026,               5.00,         301206344,           2068.50,   623045322564.00
02 JAN 2026,GOKEX,EQ,GOKALDAS EXPORTS LTD.    ,Listed    ,02 JAN 2026,               5.00,          73239878,            718.20,    52600880379.60     
02 JAN 2026,GOKUL,EQ,GOKUL REFOILS & SOLV LTD ,Listed    ,02 JAN 2026,               2.00,          98995000,             39.40,     3898423100.00     
02 JAN 2026,GOKULAGRO,EQ,GOKUL AGRO RESOURCES LTD ,Listed    ,02 JAN 2026,               1.00,         295086716,            179.10,    52852981702.75 
02 JAN 2026,GOLDENTOBC,BZ,GOLDEN TOBACCO LIMITED   ,Listed    ,02 JAN 2026,              10.00,          17608802,             32.45,      571405624.90
02 JAN 2026,GOLDIAM,EQ,GOLDIAM INTERNATIONAL LTD,Listed    ,02 JAN 2026,               2.00,         112917844,            364.55,    41164200030.20   
02 JAN 2026,GOLDKART,SM,GOLDKART JEWELS LIMITED  ,Listed    ,05 OCT 2023,              10.00,          16785350,            259.90,     4362512465.00  
02 JAN 2026,GOLDSTAR,SM,GOLDSTAR POWER LIMITED   ,Listed    ,02 JAN 2026,               1.00,         286198500,              6.70,     1917529950.00  
02 JAN 2026,GOLDTECH,EQ,AION-TECH SOLUTIONS LTD  ,Listed    ,02 JAN 2026,              10.00,          52261836,             50.50,     2640267954.70  
02 JAN 2026,GOODLUCK,EQ,GOODLUCK INDIA LIMITED   ,Listed    ,02 JAN 2026,               2.00,          33238509,           1074.50,    35714777920.50  
02 JAN 2026,GOPAL,EQ,GOPAL SNACKS LIMITED     ,Listed    ,02 JAN 2026,               1.00,         124622344,            319.45,    39810607790.80     
02 JAN 2026,GOYALALUM,EQ,GOYAL ALUMINIUMS LIMITED ,Listed    ,02 JAN 2026,               1.00,         142732780,              7.20,     1026248688.20 
02 JAN 2026,GOYALSALT,SM,GOYAL SALT LIMITED       ,Listed    ,02 JAN 2026,              10.00,          17900250,            161.50,     2890890375.00 
02 JAN 2026,GPECO,SM,GP ECO SOLUTIONS INDIA L ,Listed    ,02 JAN 2026,              10.00,          11830800,            433.40,     5127468720.00     
02 JAN 2026,GPIL,EQ,GODAWARI POW & ISP LTD   ,Listed    ,02 JAN 2026,               1.00,         669795408,            273.05,   182887636154.40      
02 JAN 2026,GPPL,EQ,GUJARAT PIPAVAV PORT LTD ,Listed    ,02 JAN 2026,              10.00,         483439910,            182.30,    88135929992.10      
02 JAN 2026,GPTHEALTH,EQ,GPT HEALTHCARE LIMITED   ,Listed    ,02 JAN 2026,              10.00,          82054823,            141.85,    11638656094.30 
02 JAN 2026,GPTINFRA,EQ,GPT INFRAPROJECTS LTD    ,Listed    ,02 JAN 2026,              10.00,         126364600,            108.55,    13715613684.00  
02 JAN 2026,GRANULES,EQ,GRANULES INDIA LIMITED   ,Listed    ,02 JAN 2026,               1.00,         242668716,            615.35,   149326194390.60  
02 JAN 2026,GRAPHISAD,SM,GRAPHISADS LIMITED       ,Listed    ,02 JAN 2026,              10.00,          18276500,             48.05,      878185825.00 
02 JAN 2026,GRAPHITE,EQ,GRAPHITE INDIA LTD       ,Listed    ,02 JAN 2026,               2.00,         195375594,            659.70,   128889279361.80  
02 JAN 2026,GRASIM,EQ,GRASIM INDUSTRIES LTD    ,Listed    ,02 JAN 2026,               2.00,         680521734,           2856.40,  1943842280997.60    
02 JAN 2026,GRAVITA,EQ,GRAVITA INDIA LIMITED    ,Listed    ,02 JAN 2026,               2.00,          73808451,           1860.50,   137320623085.50   
02 JAN 2026,GRCL,SM,GAYATRI RUBB AND CHEM LTD,Listed    ,02 JAN 2026,              10.00,           5738000,            385.00,     2209130000.00      
02 JAN 2026,GREAVESCOT,EQ,GREAVES COTTON LTD.      ,Listed    ,02 JAN 2026,               2.00,         232844585,            193.35,    45020500509.75
02 JAN 2026,GREENCHEF,SM,GREENCHEF APPLIANCES LTD ,Listed    ,01 JAN 2026,              10.00,          23271840,             57.15,     1329985656.00 
02 JAN 2026,GREENLAM,EQ,GREENLAM INDUSTRIES LTD. ,Listed    ,02 JAN 2026,               1.00,         255147702,            247.85,    63240909417.70  
02 JAN 2026,GREENLEAF,SM,GREENLEAF ENVIROTECH LTD ,Listed    ,02 JAN 2026,              10.00,           5929250,            171.00,     1013901750.00 
02 JAN 2026,GREENPANEL,EQ,GREENPANEL INDUSTRIES LTD,Listed    ,02 JAN 2026,               1.00,         122627395,            230.80,    28302402766.00
02 JAN 2026,GREENPLY,EQ,GREENPLY INDUSTRIES LTD  ,Listed    ,02 JAN 2026,               1.00,         124887795,            272.85,    34075634865.75  
02 JAN 2026,GREENPOWER,EQ,ORIENT GREEN POWER CO LTD,Listed    ,02 JAN 2026,              10.00,        1173022796,             11.90,    13958971272.40
02 JAN 2026,GRETEX,SM,GRETEX INDUSTRIES LTD.   ,Listed    ,23 DEC 2025,              10.00,          15506060,            190.00,     2946151400.00    
02 JAN 2026,GRINDWELL,EQ,GRINDWELL NORTON LIMITED ,Listed    ,02 JAN 2026,               5.00,         110720000,           1557.90,   172490688000.00 
02 JAN 2026,GRINFRA,EQ,G R INFRAPROJECTS LIMITED,Listed    ,02 JAN 2026,               5.00,          96760529,           1009.75,    97703944157.75   
02 JAN 2026,GRMOVER,EQ,GRM OVERSEAS LIMITED     ,Listed    ,02 JAN 2026,               2.00,         184056000,            163.90,    30170459520.00   
02 JAN 2026,GROBTEA,EQ,THE GROB TEA COMPANY LTD ,Listed    ,02 JAN 2026,              10.00,           1162330,            999.05,     1161225786.50   
02 JAN 2026,GROWW,EQ,BILLIONBRAINS GARAGE VN L,Listed    ,02 JAN 2026,               2.00,        6173596631,            155.20,   958080461164.90     
02 JAN 2026,GRPLTD,EQ,GRP LIMITED              ,Listed    ,02 JAN 2026,              10.00,           5333332,           1739.80,     9278931013.60    
02 JAN 2026,GRSE,EQ,GARDEN REACH SHIP&ENG LTD,Listed    ,02 JAN 2026,              10.00,         114552000,           2437.00,   279163224000.00      
02 JAN 2026,GRWRHITECH,EQ,GARWARE HI-TECH FILMS LTD,Listed    ,02 JAN 2026,              10.00,          23232394,           3170.40,    73655981937.60
02 JAN 2026,GSFC,EQ,GUJ STATE FERT & CHEM LTD,Listed    ,02 JAN 2026,               2.00,         398477530,            183.90,    73284002542.30      
02 JAN 2026,GSLSU,BE,GLOBAL SURFACES LIMITED  ,Listed    ,02 JAN 2026,              10.00,          42381818,            100.90,     4275901618.00     
02 JAN 2026,GSMFOILS,SM,GSM FOILS LIMITED        ,Listed    ,02 JAN 2026,              10.00,          14092749,            208.00,     2931291792.00  
02 JAN 2026,GSPL,EQ,GUJARAT STATE PETRO LTD  ,Listed    ,02 JAN 2026,              10.00,         564211376,            319.95,   180519429751.20      
02 JAN 2026,GSS,EQ,GSS INFOTECH LIMITED     ,Listed    ,02 JAN 2026,              10.00,          26156843,             17.05,      446235741.60       
02 JAN 2026,GSTL,ST,GLOBESECURE TECHNO LTD   ,Listed    ,02 JAN 2026,              10.00,          15939349,             14.95,      238293267.55      
02 JAN 2026,GTECJAINX,EQ,G-TEC JAINX EDUCATION LTD,Listed    ,02 JAN 2026,              10.00,          10189098,             24.35,      248104536.30 
02 JAN 2026,GTL,EQ,GTL LTD                  ,Listed    ,02 JAN 2026,              10.00,         157296781,              8.10,     1272530958.30       
02 JAN 2026,GTLINFRA,EQ,GTL INFRA.LTD            ,Listed    ,02 JAN 2026,              10.00,       12809111895,              1.25,    15883298749.80  
02 JAN 2026,GTPL,EQ,GTPL HATHWAY LIMITED     ,Listed    ,02 JAN 2026,              10.00,         112463038,             99.30,    11166455043.00      
02 JAN 2026,GUFICBIO,EQ,GUFIC BIOSCIENCES LTD.   ,Listed    ,02 JAN 2026,               1.00,         100282506,            337.00,    33795204522.00  
02 JAN 2026,GUJALKALI,EQ,GUJARAT ALKALIES & CHEM  ,Listed    ,02 JAN 2026,              10.00,          73445242,            504.65,    37064141375.30 
02 JAN 2026,GUJAPOLLO,EQ,GUJ. APOLLO IND. LTD.    ,Listed    ,02 JAN 2026,              10.00,          11800000,            430.95,     5085210000.00 
02 JAN 2026,GUJGASLTD,EQ,GUJARAT GAS LIMITED      ,Listed    ,02 JAN 2026,               2.00,         688390125,            436.30,   300344611537.50 
02 JAN 2026,GUJRAFFIA,BE,GUJARAT RAFFIA INDUST LTD,Listed    ,02 JAN 2026,              10.00,           5404500,             50.45,      272711070.00 
02 JAN 2026,GUJTHEM,EQ,GUJARAT THEMIS BIOSYN LTD,Listed    ,02 JAN 2026,               1.00,         108965265,            435.20,    47421683328.00   
02 JAN 2026,GULFOILLUB,EQ,GULF OIL LUB. IND. LTD.  ,Listed    ,02 JAN 2026,               2.00,          49319623,           1211.70,    59760587189.10
02 JAN 2026,GULFPETRO,EQ,GP PETROLEUMS LIMITED    ,Listed    ,02 JAN 2026,               5.00,          50984383,             35.80,     1824731067.55 
02 JAN 2026,GULPOLY,EQ,GULSHAN POLYOLS LIMITED  ,Listed    ,02 JAN 2026,               1.00,          62370587,            143.40,     8943942175.80   
02 JAN 2026,GURUNANAK,SM,GURUNANAK AGRICULTUR IN L,Listed    ,02 JAN 2026,              10.00,          12000000,             34.25,      411000000.00 
02 JAN 2026,GVKPIL,BE,GVK POW. & INFRA LTD.    ,Listed    ,02 JAN 2026,               1.00,        1578620550,              3.10,     4877937499.50    
02 JAN 2026,GVPIL,EQ,GE POWER INDIA LIMITED   ,Listed    ,02 JAN 2026,              10.00,          67227471,            340.00,    22857340140.00     
02 JAN 2026,GVPTECH,EQ,GVP INFOTECH LIMITED     ,Listed    ,02 JAN 2026,               2.00,         162861590,              8.80,     1434810607.90   
02 JAN 2026,GVT&D,EQ,GE VERNOVA T&D INDIA LTD ,Listed    ,02 JAN 2026,               2.00,         256046535,           3093.70,   792131165329.50     
02 JAN 2026,HAL,EQ,HINDUSTAN AERONAUTICS LTD,Listed    ,02 JAN 2026,               5.00,         668775000,           4417.80,  2954514195000.00       
02 JAN 2026,HAPPSTMNDS,EQ,HAPPIEST MINDS TECHNO LTD,Listed    ,02 JAN 2026,               2.00,         152274811,            466.10,    70975289407.10
02 JAN 2026,HAPPYFORGE,EQ,HAPPY FORGINGS LIMITED   ,Listed    ,02 JAN 2026,               2.00,          94327921,           1185.80,   111854048721.80
02 JAN 2026,HARDWYN,EQ,HARDWYN INDIA LIMITED    ,Listed    ,02 JAN 2026,               1.00,         488434054,             17.75,     8674588799.05   
02 JAN 2026,HARIOMPIPE,EQ,HARIOM PIPE INDUSTRIES L ,Listed    ,02 JAN 2026,              10.00,          30967289,            395.50,    12247562799.50
02 JAN 2026,HARRMALAYA,EQ,HARRISON MALAYALAM LTD   ,Listed    ,02 JAN 2026,              10.00,          18455405,            171.75,     3169900362.80
02 JAN 2026,HARSHA,EQ,HARSHA ENGINEERS INT LTD ,Listed    ,02 JAN 2026,              10.00,          91044105,            387.45,    35275038482.25    
02 JAN 2026,HATHWAY,EQ,HATHWAY CABLE & DATACOM  ,Listed    ,02 JAN 2026,               2.00,        1770104500,             12.70,    22444925060.00   
02 JAN 2026,HATSUN,EQ,HATSUN AGRO PRODUCT LTD. ,Listed    ,02 JAN 2026,               1.00,         222748268,            975.85,   217368897327.80    
02 JAN 2026,HAVELLS,EQ,HAVELLS INDIA LIMITED    ,Listed    ,02 JAN 2026,               1.00,         627256842,           1439.90,   903187126795.80   
02 JAN 2026,HAVISHA,EQ,SRI HAVISHA HOSP & INFR L,Listed    ,02 JAN 2026,               2.00,         153535800,              1.85,      285576588.00   
02 JAN 2026,HBLENGINE,EQ,HBL ENGINEERING LTD      ,Listed    ,02 JAN 2026,               1.00,         277194946,            937.55,   259884121622.30 
02 JAN 2026,HBSL,BE,HB STOCKHOLDINGS LIMITED ,Listed    ,02 JAN 2026,              10.00,           7137665,             73.70,      526117287.15      
02 JAN 2026,HCC,EQ,HINDUSTAN CONSTRUCTION CO,Listed    ,02 JAN 2026,               1.00,        2619468062,             19.40,    50791485722.20       
02 JAN 2026,HCG,EQ,HEALTHCARE GLOB. ENT. LTD,Listed    ,02 JAN 2026,              10.00,         141007637,            655.35,    92409354907.95       
02 JAN 2026,HCL-INSYS,EQ,HCL INFOSYSTEMS LTD      ,Listed    ,02 JAN 2026,               2.00,         329209928,             14.45,     4757083459.60 
02 JAN 2026,HCLTECH,EQ,HCL TECHNOLOGIES LTD     ,Listed    ,02 JAN 2026,               2.00,        2713665096,           1640.20,  4450953490459.20   
02 JAN 2026,HDBFS,EQ,HDB FINANCIAL SERVICES L ,Listed    ,02 JAN 2026,              10.00,         829847223,            770.15,   639106838793.45     
02 JAN 2026,HDFCAMC,EQ,HDFC AMC LIMITED         ,Listed    ,02 JAN 2026,               5.00,         428308492,           2657.20,  1138101324942.40   
02 JAN 2026,HDFCBANK,EQ,HDFC BANK LTD            ,Listed    ,02 JAN 2026,               1.00,       15384577216,           1001.60, 15409192539545.60  
02 JAN 2026,HDFCLIFE,EQ,HDFC LIFE INS CO LTD     ,Listed    ,02 JAN 2026,              10.00,        2157615850,            754.85,  1628676324372.50  
02 JAN 2026,HDIL,BZ,HOUSING DEV & INFRA LTD  ,Listed    ,02 JAN 2026,              10.00,         474003986,              2.40,     1147089646.10      
02 JAN 2026,HEADSUP,EQ,HEADS UP VENTURES LIMITED,Listed    ,02 JAN 2026,              10.00,          22082609,              8.85,      195651915.75   
02 JAN 2026,HECPROJECT,EQ,HEC INFRA PROJECTS LTD   ,Listed    ,02 JAN 2026,              10.00,          10838160,            124.55,     1350109591.20
02 JAN 2026,HEG,EQ,HEG LTD                  ,Listed    ,02 JAN 2026,               2.00,         192977530,            619.70,   119588175341.00       
02 JAN 2026,HEIDELBERG,EQ,HEIDELBERGCEMENT (I) LTD ,Listed    ,02 JAN 2026,              10.00,         226613116,            175.65,    39804593825.40
02 JAN 2026,HEMIPROP,EQ,HEMISPHERE PROP IND LTD  ,Listed    ,02 JAN 2026,              10.00,         285000000,            137.95,    39312900000.00  
02 JAN 2026,HERANBA,EQ,HERANBA INDUSTRIES LTD   ,Listed    ,02 JAN 2026,              10.00,          40013467,            243.20,     9730875039.75   
02 JAN 2026,HERITGFOOD,EQ,HERITAGE FOODS LTD       ,Listed    ,02 JAN 2026,               5.00,          92796000,            465.10,    43159419600.00
02 JAN 2026,HEROMOTOCO,EQ,HERO MOTOCORP LIMITED    ,Listed    ,02 JAN 2026,               2.00,         200081612,           5933.00,  1187084203996.00
02 JAN 2026,HESTERBIO,EQ,HESTER BIOSCIENCES LTD   ,Listed    ,02 JAN 2026,              10.00,           8506865,           1604.20,    13646712833.00 
02 JAN 2026,HEUBACHIND,EQ,HEUBACH COLORANTS IND LTD,Listed    ,02 JAN 2026,              10.00,          23081798,            476.80,    11005401286.40
02 JAN 2026,HEXATRADEX,EQ,HEXA TRADEX LIMITED      ,Listed    ,02 JAN 2026,               2.00,          55244704,            162.25,     8963453224.00
02 JAN 2026,HEXT,EQ,HEXAWARE TECHNOLOGIES LTD,Listed    ,02 JAN 2026,               1.00,         611015992,            754.15,   460797710366.80      
02 JAN 2026,HFCL,EQ,HFCL LIMITED             ,Listed    ,02 JAN 2026,               1.00,        1530602463,             67.75,   103667704819.00      
02 JAN 2026,HGINFRA,EQ,H.G.INFRA ENGINEERING LTD,Listed    ,02 JAN 2026,              10.00,          65171111,            744.10,    48493823695.10   
02 JAN 2026,HGM,EQ,HANDSON GBL MNGMNT LTD   ,Listed    ,02 JAN 2026,              10.00,          12594972,             68.30,      859984688.15       
02 JAN 2026,HGS,EQ,HINDUJA GLOBAL SOLS. LTD.,Listed    ,02 JAN 2026,              10.00,          46520285,            453.25,    21085319176.25       
02 JAN 2026,HIGREEN,SM,HI GREEN CARBON LIMITED  ,Listed    ,02 JAN 2026,              10.00,          24990000,            165.60,     4138344000.00   
02 JAN 2026,HIKAL,EQ,HIKAL LIMITED            ,Listed    ,02 JAN 2026,               2.00,         123300750,            226.95,    27984338220.00     
02 JAN 2026,HILINFRA,EQ,HIGHWAY INFRASTRUCTURE L ,Listed    ,02 JAN 2026,               5.00,          71720632,             59.90,     4295348650.50  
02 JAN 2026,HILTON,EQ,HILTON METAL FORGING LTD ,Listed    ,02 JAN 2026,              10.00,          34696552,             35.80,     1241789596.10    
02 JAN 2026,HIMATSEIDE,EQ,HIMATSINGKA SEIDE LTD    ,Listed    ,02 JAN 2026,               5.00,         125742289,            114.60,    14410066319.40
02 JAN 2026,HINDALCO,EQ,HINDALCO  INDUSTRIES  LTD,Listed    ,02 JAN 2026,               1.00,        2247226523,            925.70,  2080257592341.10  
02 JAN 2026,HINDCOMPOS,EQ,HINDUSTAN COMPOSITES LTD.,Listed    ,02 JAN 2026,               5.00,          14769000,            451.10,     6662295900.00
02 JAN 2026,HINDCON,EQ,HINDCON CHEMICALS LIMITED,Listed    ,02 JAN 2026,               2.00,          51190625,             27.20,     1392896906.25   
02 JAN 2026,HINDCOPPER,EQ,HINDUSTAN COPPER LTD     ,Listed    ,02 JAN 2026,               5.00,         967024020,            541.90,   524030316438.00
02 JAN 2026,HINDOILEXP,EQ,HINDUSTAN OIL EXPLORATION,Listed    ,02 JAN 2026,              10.00,         132294300,            156.40,    20689505577.00
02 JAN 2026,HINDPETRO,EQ,HINDUSTAN PETROLEUM CORP ,Listed    ,02 JAN 2026,              10.00,        2127822518,            495.85,  1055080795550.30 
02 JAN 2026,HINDUNILVR,EQ,HINDUSTAN UNILEVER LTD.  ,Listed    ,02 JAN 2026,               1.00,        2349591262,           2348.00,  5516840283176.00
02 JAN 2026,HINDWAREAP,EQ,HINDWARE HME INOVATON LTD,Listed    ,02 JAN 2026,               2.00,          83646357,            272.00,    22751809104.00
02 JAN 2026,HINDZINC,EQ,HINDUSTAN ZINC LIMITED   ,Listed    ,02 JAN 2026,               2.00,        4225319000,            628.80,  2656880587200.00  
02 JAN 2026,HIRECT,EQ,HIND RECTIFIER LIMITED   ,Listed    ,02 JAN 2026,               2.00,          17183807,           1496.40,    25713848794.80    
02 JAN 2026,HISARMETAL,EQ,HISAR METAL IND. LIMITED ,Listed    ,02 JAN 2026,              10.00,           5400000,            163.25,      881604000.00
02 JAN 2026,HITECH,EQ,HI-TECH PIPES LIMITED    ,Listed    ,02 JAN 2026,               1.00,         203107734,             94.90,    19272892879.25    
02 JAN 2026,HITECHCORP,EQ,HITECH CORPORATION LTD   ,Listed    ,02 JAN 2026,              10.00,          17175700,            169.40,     2909735337.00
02 JAN 2026,HITECHGEAR,BE,THE HI-TECH GEARS LIMITED,Permitted ,02 JAN 2026,              10.00,          18793217,            752.75,    14146594096.75
02 JAN 2026,HLEGLAS,EQ,HLE GLASCOAT LIMITED     ,Listed    ,02 JAN 2026,               2.00,          69454739,            449.15,    31195596021.85   
02 JAN 2026,HLVLTD,EQ,HLV LIMITED              ,Listed    ,02 JAN 2026,               2.00,         659259899,              9.60,     6328895030.40    
02 JAN 2026,HMAAGRO,EQ,HMA AGRO INDUSTRIES LTD  ,Listed    ,02 JAN 2026,               1.00,         500769770,             29.45,    14752677424.20   
02 JAN 2026,HMT,BZ,HMT LTD -                ,Listed    ,02 JAN 2026,              10.00,         470670740,             47.20,    22210952220.60       
02 JAN 2026,HMVL,EQ,HINDUSTAN MEDIA VENT LTD ,Listed    ,02 JAN 2026,              10.00,          73671548,             70.10,     5164375514.80      
02 JAN 2026,HNDFDS,EQ,HINDUSTAN FOODS LIMITED  ,Listed    ,02 JAN 2026,               2.00,         119481762,            516.20,    61676485544.40    
02 JAN 2026,HOACFOODS,ST,HOAC FOODS INDIA LIMITED ,Listed    ,02 JAN 2026,              10.00,           4340460,            338.80,     1470547848.00 
02 JAN 2026,HOLMARC,SM,HOLMARC OPTO MECHATRO L  ,Listed    ,02 JAN 2026,              10.00,          10050000,            103.00,     1035150000.00   
02 JAN 2026,HOMEFIRST,EQ,HOME FIRST FIN CO IND LTD,Listed    ,02 JAN 2026,               2.00,         103923212,           1105.10,   114845541581.20 
02 JAN 2026,HOMESFY,SM,HOMESFY REALTY LIMITED   ,Listed    ,02 JAN 2026,              10.00,           3226200,            162.00,      522644400.00   
02 JAN 2026,HONASA,EQ,HONASA CONSUMER LIMITED  ,Listed    ,02 JAN 2026,              10.00,         325369794,            292.75,    95252007193.50    
02 JAN 2026,HONAUT,EQ,HONEYWELL AUTOMATION IND ,Listed    ,02 JAN 2026,              10.00,           8841523,          33625.00,   297296210875.00    
02 JAN 2026,HONDAPOWER,EQ,HONDA I POWER PRODUCT LTD,Listed    ,02 JAN 2026,              10.00,          10143071,           2347.40,    23809844865.40
02 JAN 2026,HPAL,EQ,HP ADHESIVES LIMITED     ,Listed    ,02 JAN 2026,               2.00,          91874735,             42.70,     3922132437.15      
02 JAN 2026,HPIL,EQ,HINDPRAKASH INDUSTRY LTD ,Listed    ,02 JAN 2026,              10.00,          11424110,            143.10,     1634904382.10      
02 JAN 2026,HPL,EQ,HPL ELECTRIC & POWER LTD ,Listed    ,02 JAN 2026,              10.00,          64300486,            407.60,    26208878093.60       
02 JAN 2026,HPTL,ST,HP TELECOM INDIA LIMITED ,Listed    ,01 JAN 2026,              10.00,          11914710,            283.95,     3383181904.50      
02 JAN 2026,HRHNEXT,SM,HRH NEXT SERVICES LIMITED,Listed    ,02 JAN 2026,              10.00,          13204438,             29.85,      394152474.30   
02 JAN 2026,HSCL,EQ,HIMADRI SPECIALITY CHEM L,Listed    ,02 JAN 2026,               1.00,         504494950,            494.00,   249220505300.00      
02 JAN 2026,HTMEDIA,EQ,HT MEDIA LIMITED         ,Listed    ,02 JAN 2026,               2.00,         182655286,             23.95,     4378247205.40   
02 JAN 2026,HUBTOWN,EQ,HUBTOWN LIMITED          ,Listed    ,02 JAN 2026,              10.00,         142100657,            258.55,    36741545873.90   
02 JAN 2026,HUDCO,EQ,HSG & URBAN DEV CORPN LTD,Listed    ,02 JAN 2026,              10.00,        2001900000,            231.40,   463279698000.00     
02 JAN 2026,HUHTAMAKI,EQ,HUHTAMAKI INDIA LIMITED  ,Listed    ,02 JAN 2026,               2.00,          75521934,            212.60,    16055963168.40 
02 JAN 2026,HVAX,SM,HVAX TECHNOLOGIES LIMITED,Listed    ,31 DEC 2025,              10.00,           2776875,            835.00,     2318690625.00      
02 JAN 2026,HYBRIDFIN,BE,HYBRID FINANCIAL SERVICE ,Listed    ,02 JAN 2026,               5.00,          29436275,             20.05,      590491676.50 
02 JAN 2026,HYUNDAI,EQ,HYUNDAI MOTOR INDIA LTD  ,Listed    ,02 JAN 2026,              10.00,         812541100,           2267.90,  1842761960690.00   
02 JAN 2026,IBLFL,SM,IBL FINANCE LIMITED      ,Listed    ,02 JAN 2026,              10.00,          24730650,             56.95,     1408410517.50     
02 JAN 2026,ICDSLTD,EQ,ICDS LTD                 ,Listed    ,02 JAN 2026,              10.00,          13026700,             45.20,      589067374.00   
02 JAN 2026,ICEMAKE,EQ,ICE MAKE REFRIGERAT LTD  ,Listed    ,02 JAN 2026,              10.00,          15779735,            807.50,    12742136012.50   
02 JAN 2026,ICICIAMC,EQ,ICICI PRUDENTIAL AMC LTD ,Listed    ,02 JAN 2026,               1.00,         494258520,           2662.20,  1315815031944.00  
02 JAN 2026,ICICIBANK,EQ,ICICI BANK LTD.          ,Listed    ,02 JAN 2026,               2.00,        7150191757,           1355.40,  9691369907437.80 
02 JAN 2026,ICICIGI,EQ,ICICI LOMBARD GIC LIMITED,Listed    ,02 JAN 2026,              10.00,         498004805,           1973.90,   983011684589.50   
02 JAN 2026,ICICIPRULI,EQ,ICICI PRU LIFE INS CO LTD,Listed    ,02 JAN 2026,              10.00,        1447581188,            678.30,   981894319820.40
02 JAN 2026,ICIL,EQ,INDO COUNT INDUSTRIES LTD,Listed    ,02 JAN 2026,               2.00,         198054340,            280.10,    55475020634.00      
02 JAN 2026,ICRA,EQ,ICRA LIMITED             ,Listed    ,02 JAN 2026,              10.00,           9651231,           6186.50,    59707340581.50      
02 JAN 2026,IDBI,EQ,IDBI BANK LIMITED        ,Listed    ,02 JAN 2026,              10.00,       10752402175,            114.75,  1233623101537.75      
02 JAN 2026,IDEA,EQ,VODAFONE IDEA LIMITED    ,Listed    ,02 JAN 2026,              10.00,      108343035001,             11.80,  1276280952311.80      
02 JAN 2026,IDEAFORGE,EQ,IDEAFORGE TECHNO LTD     ,Listed    ,02 JAN 2026,              10.00,          43253695,            469.10,    20290308324.50 
02 JAN 2026,IDEALTECHO,SM,IDEAL TECHNOPLAST IND LTD,Listed    ,18 DEC 2025,              10.00,           5000000,            185.00,      925000000.00
02 JAN 2026,IDENTICAL,SM,IDENTICAL BRAINS STUDIO L,Listed    ,02 JAN 2026,              10.00,          14025958,             23.10,      323999629.80 
02 JAN 2026,IDFCFIRSTB,EQ,IDFC FIRST BANK LIMITED  ,Listed    ,02 JAN 2026,              10.00,        8594892611,             85.90,   738473173137.10
02 JAN 2026,IEML,SM,INDIAN EMULSIFIERS LTD   ,Listed    ,02 JAN 2026,              10.00,          18333333,             93.00,     1704999969.00      
02 JAN 2026,IEX,EQ,INDIAN ENERGY EXC LTD    ,Listed    ,02 JAN 2026,               1.00,         891692735,            134.35,   119807835874.60       
02 JAN 2026,IFBAGRO,EQ,IFB AGRO INDUSTRIES LTD  ,Listed    ,02 JAN 2026,              10.00,           9367111,           1593.60,    14927428089.60   
02 JAN 2026,IFBIND,EQ,IFB INDUSTRIES LTD       ,Listed    ,02 JAN 2026,              10.00,          40518796,           1600.20,    64838177359.20    
02 JAN 2026,IFCI,EQ,IFCI LTD                 ,Listed    ,02 JAN 2026,              10.00,        2694314331,             53.60,   144469134428.20      
02 JAN 2026,IFGLEXPOR,EQ,IFGL REFRACTORIES LIMITED,Listed    ,02 JAN 2026,              10.00,          72078624,            213.65,    15398877231.35 
02 JAN 2026,IGARASHI,EQ,IGARASHI MOTORS INDIA LTD,Listed    ,02 JAN 2026,              10.00,          31475048,            464.60,    14623307300.80  
02 JAN 2026,IGCL,EQ,INDOGULF CROPSCIENCES LTD,Listed    ,02 JAN 2026,              10.00,          63223997,             84.00,     5312080227.95      
02 JAN 2026,IGIL,EQ,INTERNATIO GEMM INS (I) L,Listed    ,02 JAN 2026,               2.00,         432159696,            334.60,   144600634281.60      
02 JAN 2026,IGL,EQ,INDRAPRASTHA GAS LTD     ,Listed    ,02 JAN 2026,               2.00,        1400001600,            194.35,   272076310944.00       
02 JAN 2026,IGPL,EQ,I G PETROCHEMICALS LTD   ,Listed    ,02 JAN 2026,              10.00,          30794850,            395.60,    12182442660.00      
02 JAN 2026,IIFL,EQ,IIFL FINANCE LIMITED     ,Listed    ,02 JAN 2026,               2.00,         425227927,            641.40,   272741192377.80      
02 JAN 2026,IIFLCAPS,EQ,IIFL CAPITAL SERVICES LTD,Listed    ,02 JAN 2026,               2.00,         310867784,            377.85,   117461392184.40  
02 JAN 2026,IITL,EQ,INDUSTRIAL INV TRUST LTD ,Listed    ,02 JAN 2026,              10.00,          21827550,            167.10,     3647165329.50      
02 JAN 2026,IKIO,EQ,IKIO TECHNOLOGIES LIMITED,Listed    ,02 JAN 2026,              10.00,          77280701,            185.50,    14334797228.50      
02 JAN 2026,IKS,EQ,INVENTURUS KNOWLEDGE SO L,Listed    ,02 JAN 2026,               1.00,         171573159,           1684.40,   288997829019.60       
02 JAN 2026,IL&FSENGG,BZ,IL&FS ENG AND CONS CO LTD,Listed    ,02 JAN 2026,              10.00,         131121078,             26.10,     3419637714.25 
02 JAN 2026,IL&FSTRANS,BZ,IL&FS TRANS NET LTD      ,Listed    ,02 JAN 2026,              10.00,         328960027,              3.00,      980300880.45
02 JAN 2026,IMAGICAA,EQ,IMAGICAAWORLD ENT LTD    ,Listed    ,02 JAN 2026,              10.00,         565861447,             48.35,    27359400962.45  
02 JAN 2026,IMFA,EQ,INDIAN METALS & FERRO    ,Listed    ,02 JAN 2026,              10.00,          53954106,           1496.10,    80720737986.60      
02 JAN 2026,IMPAL,EQ,IND MOTOR PART & ACC LTD ,Listed    ,02 JAN 2026,              10.00,          12480000,           1042.60,    13011648000.00     
02 JAN 2026,IMPEXFERRO,BZ,IMPEX FERRO TECH LIMITED ,Listed    ,02 JAN 2026,              10.00,          87931604,              1.85,      164432099.50
02 JAN 2026,INCREDIBLE,EQ,INCREDIBLE INDUSTRIES LTD,Listed    ,02 JAN 2026,              10.00,          46763750,             40.80,     1908896275.00
02 JAN 2026,INDBANK,EQ,INDBANK MERCH BANK       ,Listed    ,02 JAN 2026,              10.00,          44378200,             35.25,     1563887768.00   
02 JAN 2026,INDGN,EQ,INDEGENE LIMITED         ,Listed    ,02 JAN 2026,               2.00,         240317117,            522.55,   125577709488.35     
02 JAN 2026,INDHOTEL,EQ,THE INDIAN HOTELS CO. LTD,Listed    ,02 JAN 2026,               1.00,        1423432227,            748.65,  1065652536743.55  
02 JAN 2026,INDIACEM,EQ,THE INDIA CEMENTS LIMITED,Listed    ,02 JAN 2026,              10.00,         309897201,            445.40,   138028213325.40  
02 JAN 2026,INDIAGLYCO,EQ,INDIA GLYCOLS LTD        ,Listed    ,02 JAN 2026,               5.00,          61923000,           1006.10,    62300730300.00
02 JAN 2026,INDIAMART,EQ,INDIAMART INTERMESH LTD  ,Listed    ,02 JAN 2026,              10.00,          60087148,           2177.80,   130857790914.40 
02 JAN 2026,INDIANB,EQ,INDIAN BANK              ,Listed    ,02 JAN 2026,              10.00,        1346963981,            861.40,  1160274773233.40   
02 JAN 2026,INDIANCARD,EQ,INDIAN CARD CLOTHING CO. ,Listed    ,02 JAN 2026,              10.00,           5941120,            241.65,     1435552825.60
02 JAN 2026,INDIANHUME,EQ,INDIAN HUME PIPE CO. LTD.,Listed    ,02 JAN 2026,               2.00,          52681770,            423.80,    22326534126.00
02 JAN 2026,INDIASHLTR,EQ,INDIA SHELTER FIN CORP L ,Listed    ,02 JAN 2026,               5.00,         108597016,            820.25,    89076702374.00
02 JAN 2026,INDIFRA,SM,INDIFRA LIMITED          ,Listed    ,02 JAN 2026,              10.00,           7290000,             14.90,      108621000.00   
02 JAN 2026,INDIGO,EQ,INTERGLOBE AVIATION LTD  ,Listed    ,02 JAN 2026,              10.00,         386590598,           5106.00,  1973931593388.00    
02 JAN 2026,INDIGOPNTS,EQ,INDIGO PAINTS LIMITED    ,Listed    ,02 JAN 2026,              10.00,          47675662,           1171.20,    55837735334.40
02 JAN 2026,INDIGRID,IV,INDIGRID INFRASTRUCT TRST,Listed    ,02 JAN 2026,             100.00,         860540180,            168.80,   145259182384.00  
02 JAN 2026,INDIQUBE,EQ,INDIQUBE SPACES LIMITED  ,Listed    ,02 JAN 2026,               1.00,         210011507,            210.05,    44108716815.20  
02 JAN 2026,INDNIPPON,EQ,INDIA NIPPON ELECT  LTD  ,Listed    ,02 JAN 2026,               5.00,          22621424,            841.70,    19040452580.80 
02 JAN 2026,INDOAMIN,EQ,INDO AMINES LIMITED      ,Listed    ,02 JAN 2026,               5.00,          72587560,            129.60,     9405896024.80  
02 JAN 2026,INDOBORAX,EQ,INDO BORAX & CHEMICAL LTD,Listed    ,02 JAN 2026,               1.00,          32090000,            268.20,     8606538000.00 
02 JAN 2026,INDOCO,EQ,INDOCO REMEDIES LTD.     ,Listed    ,02 JAN 2026,               2.00,          92247905,            226.65,    20907987668.25    
02 JAN 2026,INDOFARM,EQ,INDO FARM EQUIPMENT LTD  ,Listed    ,02 JAN 2026,              10.00,          48051600,            219.20,    10533871752.00  
02 JAN 2026,INDORAMA,EQ,INDO RAMA SYNTHETICS LTD ,Listed    ,02 JAN 2026,              10.00,         261113151,             48.10,    12562153694.60  
02 JAN 2026,INDOSTAR,EQ,INDOSTAR CAPITAL FIN LTD ,Listed    ,02 JAN 2026,              10.00,         136742165,            247.25,    33809500296.25  
02 JAN 2026,INDOTECH,EQ,INDO TECH TRANSFORM LTD. ,Listed    ,02 JAN 2026,              10.00,          10620000,           1601.60,    17008992000.00  
02 JAN 2026,INDOTHAI,EQ,INDO THAI SEC LTD        ,Listed    ,02 JAN 2026,               1.00,         123173190,            267.60,    32961145644.00  
02 JAN 2026,INDOUS,EQ,INDO US BIOTECH LTD      ,Listed    ,02 JAN 2026,              10.00,          20052000,            121.85,     2443336200.00    
02 JAN 2026,INDOWIND,EQ,INDOWIND ENERGY LTD      ,Listed    ,02 JAN 2026,              10.00,         161002170,             15.90,     2563154546.40  
02 JAN 2026,INDRAMEDCO,EQ,INDRAPRASTHA MEDICAL CORP,Listed    ,02 JAN 2026,              10.00,          91673000,            455.45,    41752467850.00
02 JAN 2026,INDSWFTLAB,EQ,IND SWIFT LABORATORIES LT,Listed    ,02 JAN 2026,              10.00,          81611558,             91.55,     7471538134.90
02 JAN 2026,INDTERRAIN,EQ,IND TERRAIN FASHIONS LTD ,Listed    ,02 JAN 2026,               2.00,          50667367,             34.90,     1768291108.30
02 JAN 2026,INDUSINDBK,EQ,INDUSIND BANK LIMITED    ,Listed    ,02 JAN 2026,              10.00,         779075972,            902.45,   703077110931.40
02 JAN 2026,INDUSINVIT,IV,INDUS INFRA TRUST        ,Listed    ,02 JAN 2026,             100.00,         442938605,            116.45,    51580200552.25
02 JAN 2026,INDUSTOWER,EQ,INDUS TOWERS LIMITED     ,Listed    ,02 JAN 2026,              10.00,        2638162757,            442.05,  1166199846731.85
02 JAN 2026,INFIBEAM,EQ,INFIBEAM AVENUES LIMITED ,Listed    ,02 JAN 2026,               1.00,        2796435047,             16.65,    46560643532.55  
02 JAN 2026,INFINIUM,SM,INFINIUM PHARMACHEM LTD  ,Listed    ,02 JAN 2026,              10.00,          15583120,            218.55,     3405690876.00  
02 JAN 2026,INFLUX,SM,INFLUX HEALTHTECH LIMITED,Listed    ,02 JAN 2026,              10.00,          23150400,            230.35,     5332694640.00    
02 JAN 2026,INFOBEAN,EQ,INFOBEANS TECHNO. LTD.   ,Listed    ,02 JAN 2026,              10.00,          24455380,            905.70,    22149237666.00  
02 JAN 2026,INFOLLION,SM,INFOLLION RESEARCH SER L ,Listed    ,02 JAN 2026,              10.00,           9696972,            382.00,     3704243304.00 
02 JAN 2026,INFOMEDIA,EQ,INFOMEDIA PRESS LIMITED  ,Listed    ,02 JAN 2026,              10.00,          50194172,              6.50,      326764059.70 
02 JAN 2026,INFY,EQ,INFOSYS LIMITED          ,Listed    ,02 JAN 2026,               5.00,        4054624409,           1640.40,  6651205880523.60      
02 JAN 2026,INGERRAND,EQ,INGERSOLL-RAND INDIA LTD ,Listed    ,02 JAN 2026,              10.00,          31568000,           3507.20,   110715289600.00 
02 JAN 2026,INM,SM,INTERIORS & MORE LIMITED ,Listed    ,02 JAN 2026,              10.00,          13990800,            249.70,     3493502760.00       
02 JAN 2026,INNOMET,SM,INNOMET ADVANCED MATERI L,Listed    ,02 JAN 2026,              10.00,          12940138,             98.50,     1274603593.00   
02 JAN 2026,INNOVACAP,EQ,INNOVA CAPTAB LIMITED    ,Listed    ,02 JAN 2026,              10.00,          57224929,            725.15,    41496657264.35 
02 JAN 2026,INNOVANA,EQ,INNOVANA THINKLABS LTD   ,Listed    ,02 JAN 2026,              10.00,          20500000,            420.55,     8621275000.00  
02 JAN 2026,INOXGREEN,EQ,INOX GREEN ENERGY SER LTD,Listed    ,02 JAN 2026,              10.00,         373372490,            213.65,    79767298763.60 
02 JAN 2026,INOXINDIA,EQ,INOX INDIA LIMITED       ,Listed    ,02 JAN 2026,               2.00,          90763500,           1130.80,   102635365800.00 
02 JAN 2026,INOXWIND,EQ,INOX WIND LIMITED        ,Listed    ,02 JAN 2026,              10.00,        1728237822,            128.05,   221283570728.90  
02 JAN 2026,INSECTICID,EQ,INSECTICIDES (I) LTD     ,Listed    ,02 JAN 2026,              10.00,          29097837,            710.35,    20669648512.95
02 JAN 2026,INSPIRE,SM,INSPIRE FILMS LIMITED    ,Listed    ,02 JAN 2026,              10.00,          13609299,             10.85,      147660894.15   
02 JAN 2026,INSPIRISYS,EQ,INSPIRISYS SOLUTIONS LTD ,Listed    ,02 JAN 2026,              10.00,          39616873,             90.35,     3579384475.55
02 JAN 2026,INTEGRITY,SM,INTEGRITY INFRABUILD DE L,Listed    ,02 JAN 2026,              10.00,           4300000,            136.75,      588025000.00 
02 JAN 2026,INTELLECT,EQ,INTELLECT DESIGN ARENA   ,Listed    ,02 JAN 2026,               5.00,         139315462,            961.25,   133916987847.50 
02 JAN 2026,INTENTECH,EQ,INTENSE TECHNOLOGIES LTD ,Listed    ,02 JAN 2026,               2.00,          23624449,            118.45,     2798552228.55 
02 JAN 2026,INTERARCH,EQ,INTERARCH BLDNG SOLTN LTD,Listed    ,02 JAN 2026,              10.00,          16771853,           2293.00,    38457858929.00 
02 JAN 2026,INTERISE,IV,INTERISE TRUST           ,Listed    ,16 SEP 2025,             100.00,        1042411177,            109.15,   113758331746.00  
02 JAN 2026,INTLCONV,EQ,INTL CONVEYORS LIMITED   ,Listed    ,02 JAN 2026,               1.00,          63379000,             89.75,     5689532830.00  
02 JAN 2026,INVENTURE,EQ,INVENTURE GRO & SEC LTD  ,Listed    ,02 JAN 2026,               1.00,        1050000000,              1.20,     1260000000.00 
02 JAN 2026,INVICTA,SM,INVICTA DIAGNOSTIC LTD   ,Listed    ,02 JAN 2026,              10.00,          12571973,             79.45,      998843254.85   
02 JAN 2026,IOB,EQ,INDIAN OVERSEAS BANK     ,Listed    ,02 JAN 2026,              10.00,       19256589795,             37.25,   716922838067.85       
02 JAN 2026,IOC,EQ,INDIAN OIL CORP LTD      ,Listed    ,02 JAN 2026,              10.00,       14121238383,            166.80,  2355281349900.55       
02 JAN 2026,IOLCP,EQ,IOL CHEM AND PHARMA LTD  ,Listed    ,02 JAN 2026,               2.00,         293527510,             84.05,    24665116665.30     
02 JAN 2026,IONEXCHANG,EQ,ION EXCHANGE (INDIA) LTD ,Listed    ,02 JAN 2026,               1.00,         146666590,            386.55,    56693970364.50
02 JAN 2026,IPCALAB,EQ,IPCA LABORATORIES LTD    ,Listed    ,02 JAN 2026,               1.00,         253704218,           1404.00,   356200722072.00   
02 JAN 2026,IPHL,SM,INDIAN PHOSPHATE LIMITED ,Listed    ,02 JAN 2026,              10.00,          24989609,             66.90,     1671804842.10      
02 JAN 2026,IPL,EQ,INDIA PESTICIDES LIMITED ,Listed    ,02 JAN 2026,               1.00,         115163508,            176.95,    20379334375.70       
02 JAN 2026,IPSL,SM,INTEGRATED PERSO SER LTD ,Listed    ,02 JAN 2026,              10.00,           8606510,            270.00,     2323757700.00      
02 JAN 2026,IRB,EQ,IRB INFRA DEV LTD.       ,Listed    ,02 JAN 2026,               1.00,        6039000000,             42.80,   258529590000.00       
02 JAN 2026,IRBINVIT,IV,IRB INVIT FUND           ,Listed    ,02 JAN 2026,             102.00,        1281600000,             62.55,    80138448000.00  
02 JAN 2026,IRBIT,IV,IRB INFRASTRUCTURE TRUST ,Listed    ,13 JUN 2024,             100.00,        1172093265,            214.25,   251097540160.95     
02 JAN 2026,IRCON,EQ,IRCON INTERNATIONAL LTD  ,Listed    ,02 JAN 2026,               2.00,         940515740,            179.20,   168559230922.80     
02 JAN 2026,IRCTC,EQ,INDIAN RAIL TOUR CORP LTD,Listed    ,02 JAN 2026,               2.00,         800000000,            694.85,   555880000000.00     
02 JAN 2026,IREDA,EQ,INDIAN RENEWABLE ENERGY  ,Listed    ,02 JAN 2026,              10.00,        2809231268,            146.65,   411945673139.50     
02 JAN 2026,IRFC,EQ,INDIAN RAILWAY FIN CORP L,Listed    ,02 JAN 2026,              10.00,       13068506000,            128.50,  1679041650880.00      
02 JAN 2026,IRIS,EQ,IRIS REGTECH SOLUTION LTD,Listed    ,02 JAN 2026,              10.00,          20568247,            313.90,     6456372733.30      
02 JAN 2026,IRISDOREME,EQ,IRIS CLOTHINGS LIMITED   ,Listed    ,02 JAN 2026,               2.00,         190331470,             37.20,     7076524054.60
02 JAN 2026,IRMENERGY,EQ,IRM ENERGY LIMITED       ,Listed    ,02 JAN 2026,              10.00,          41059677,            288.05,    11827239959.85 
02 JAN 2026,ISFT,EQ,INTRASOFT TECH. LTD      ,Listed    ,02 JAN 2026,              10.00,          16311678,             91.60,     1493986588.00      
02 JAN 2026,ISGEC,EQ,ISGEC HEAVY ENG LTD      ,Listed    ,02 JAN 2026,               1.00,          73529510,            898.50,    66066264735.00     
02 JAN 2026,ISHAN,SM,ISHAN INTERNATIONAL LTD  ,Listed    ,01 JAN 2026,               1.00,         216235290,              0.80,      172988232.00     
02 JAN 2026,ISHANCH,EQ,ISHAN DYES N CHEMICALS L ,Listed    ,02 JAN 2026,              10.00,          26140417,             65.05,     1699911317.50   
02 JAN 2026,ITALIANE,SM,ITALIAN EDIBLES LIMITED  ,Listed    ,02 JAN 2026,              10.00,          14777151,             29.00,      428537379.00  
02 JAN 2026,ITC,EQ,ITC LTD                  ,Listed    ,02 JAN 2026,               1.00,       12528764562,            350.05,  4385694034928.10       
02 JAN 2026,ITCHOTELS,EQ,ITC HOTELS LIMITED       ,Listed    ,02 JAN 2026,               1.00,        2082853588,            198.70,   413842179399.70 
02 JAN 2026,ITDC,EQ,INDIA TOUR. DEV. CO. LTD.,Listed    ,02 JAN 2026,              10.00,          85769400,            607.65,    52117775910.00      
02 JAN 2026,ITI,EQ,ITI LTD                  ,Listed    ,02 JAN 2026,              10.00,         960886938,            312.05,   299844769002.90       
02 JAN 2026,ITTL,ST,INNOVATIVE TYRE & TUBE LT,Listed    ,01 JAN 2026,              10.00,          10000000,             93.20,      932000000.00      
02 JAN 2026,IVALUE,EQ,IVALUE INFOSOLUTIONS LTD ,Listed    ,02 JAN 2026,               2.00,          53539880,            270.65,    14490568522.00    
02 JAN 2026,IVC,EQ,IL&FS INVESTMENT MANAGERS,Listed    ,02 JAN 2026,               2.00,         314032740,              8.10,     2549945848.80       
02 JAN 2026,IVP,EQ,IVP LTD                  ,Listed    ,02 JAN 2026,              10.00,          10326263,            153.95,     1589934714.10       
02 JAN 2026,IWARE,ST,IWARE SUPPLYCHAIN SER LTD,Listed    ,02 JAN 2026,              10.00,          10716000,            209.00,     2239644000.00     
02 JAN 2026,IXIGO,EQ,LE TRAVENUES TECHNOLOGY L,Listed    ,02 JAN 2026,               1.00,         437579188,            241.60,   105719131820.80     
02 JAN 2026,IZMO,EQ,IZMO LIMITED             ,Listed    ,02 JAN 2026,              10.00,          14953576,            819.80,    12258941604.80      
02 JAN 2026,J&KBANK,EQ,J & K BANK LTD.          ,Listed    ,02 JAN 2026,               1.00,        1101182463,            102.35,   112717036912.70   
02 JAN 2026,JAGRAN,EQ,JAGRAN PRAKASHAN LIMITED ,Listed    ,02 JAN 2026,               2.00,         217654272,             72.25,    15729874237.45    
02 JAN 2026,JAGSNPHARM,EQ,JAGSONPAL PHARMACEUTICALS,Listed    ,02 JAN 2026,               2.00,          66781270,            194.15,    12964247945.10
02 JAN 2026,JAIBALAJI,EQ,JAI BALAJI INDUSTRIES LTD,Listed    ,02 JAN 2026,               2.00,         912256930,             72.60,    66238975687.30 
02 JAN 2026,JAICORPLTD,EQ,JAI CORP LIMITED         ,Listed    ,02 JAN 2026,               1.00,         175504995,            132.25,    23214045688.65
02 JAN 2026,JAINAM,SM,JAINAM FER ALLOYS (I) LTD,Listed    ,01 JAN 2026,              10.00,          11711200,            235.00,     2752132000.00    
02 JAN 2026,JAINIK,SM,JAINIK POWER CABLES LTD  ,Listed    ,02 JAN 2026,              10.00,          14347700,            127.50,     1829331750.00    
02 JAN 2026,JAINREC,EQ,JAIN RESOURCE RECYCLING L,Listed    ,02 JAN 2026,               2.00,         345085814,            422.25,   145712484961.50   
02 JAN 2026,JAIPURKURT,EQ,NANDANI CREATION LIMITED ,Listed    ,02 JAN 2026,              10.00,          19090714,             32.10,      612430105.10
02 JAN 2026,JAKHARIA,ST,JAKHARIA FABRIC LIMITED  ,Listed    ,16 OCT 2025,              10.00,          12191490,             60.50,      737585145.00  
02 JAN 2026,JALAN,ST,JALAN TRANSOLU. INDIA LTD,Listed    ,01 JAN 2026,              10.00,          14537220,              3.25,       47245965.00     
02 JAN 2026,JAMNAAUTO,EQ,JAMNA AUTO IND LTD       ,Listed    ,02 JAN 2026,               1.00,         398979885,            132.55,    52892763354.45 
02 JAN 2026,JARO,EQ,JARO INS OF TEC MG N RE L,Listed    ,02 JAN 2026,              10.00,          22156289,            465.90,    10322615045.10      
02 JAN 2026,JASH,EQ,JASH ENGINEERING LIMITED ,Listed    ,02 JAN 2026,               2.00,          62905120,            433.35,    27259933752.00      
02 JAN 2026,JAYAGROGN,EQ,JAYANT AGRO ORGANICS LTD ,Listed    ,02 JAN 2026,               5.00,          30000000,            201.55,     6046200000.00 
02 JAN 2026,JAYBARMARU,EQ,JAY BHARAT MARUTI LTD    ,Listed    ,02 JAN 2026,               2.00,         108250000,            100.40,    10870465000.00
02 JAN 2026,JAYBEE,SM,JAY BEE LAMINATIONS LTD  ,Listed    ,02 JAN 2026,              10.00,          22567600,            118.00,     2662976800.00    
02 JAN 2026,JAYESH,SM,JAYESH LOGISTICS LIMITED ,Listed    ,02 JAN 2026,              10.00,           8691449,            162.75,     1414533324.75    
02 JAN 2026,JAYKAY,EQ,JAYKAY ENTERPRISES LTD   ,Listed    ,02 JAN 2026,               1.00,         130287066,            191.05,    24893949700.60    
02 JAN 2026,JAYNECOIND,EQ,JAYASWAL NECO INDUSTR LTD,Listed    ,02 JAN 2026,              10.00,         970998244,             91.55,    88904599220.65
02 JAN 2026,JAYSREETEA,EQ,JAYSHREE TEA & INDUSTRIES,Listed    ,02 JAN 2026,               5.00,          28877488,             88.10,     2544395467.70
02 JAN 2026,JBCHEPHARM,EQ,J B CHEMICALS AND PHARMA ,Listed    ,02 JAN 2026,               1.00,         156650956,           1850.40,   289866928982.40
02 JAN 2026,JBMA,EQ,JBM AUTO LIMITED         ,Listed    ,02 JAN 2026,               1.00,         236494264,            666.60,   157647076382.40      
02 JAN 2026,JETFREIGHT,BE,JET FREIGHT LOGISTICS LTD,Listed    ,02 JAN 2026,               5.00,          46403784,             16.90,      783295873.90
02 JAN 2026,JETKNIT,ST,JET KNITWEARS LTD.       ,Listed    ,08 DEC 2025,              10.00,           4083200,             89.20,      364221440.00   
02 JAN 2026,JEYYAM,ST,JEYYAM GLOBAL FOODS LTD  ,Listed    ,02 JAN 2026,               5.00,          47496756,             56.60,     2688316389.60    
02 JAN 2026,JFLLIFE,SM,JFL LIFE SCIENCES LIMITED,Listed    ,01 JAN 2026,              10.00,          32995323,             13.00,      428939199.00   
02 JAN 2026,JGCHEM,EQ,J.G.CHEMICALS LIMITED    ,Listed    ,02 JAN 2026,              10.00,          39186063,            357.35,    14003139613.05    
02 JAN 2026,JHS,EQ,JHS SVEND. LAB. LTD      ,Listed    ,02 JAN 2026,              10.00,          85603966,              9.50,      811525597.70       
02 JAN 2026,JINDALPHOT,EQ,JINDAL PHOTO LIMITED     ,Listed    ,02 JAN 2026,              10.00,          10258326,           1501.30,    15400824823.80
02 JAN 2026,JINDALPOLY,EQ,JINDAL POLY FILMS LIMITED,Listed    ,02 JAN 2026,              10.00,          43786413,            479.95,    21015288919.35
02 JAN 2026,JINDALSAW,EQ,JINDAL SAW LIMITED       ,Listed    ,02 JAN 2026,               1.00,         639508234,            170.60,   109087314555.70 
02 JAN 2026,JINDALSTEL,EQ,JINDAL STEEL LIMITED     ,Listed    ,02 JAN 2026,               1.00,        1020088097,           1080.30,  1102001171189.10
02 JAN 2026,JINDRILL,EQ,JINDAL DRILLING IND. LTD ,Listed    ,02 JAN 2026,               5.00,          28981104,            570.90,    16545312273.60  
02 JAN 2026,JINDWORLD,EQ,JINDAL WORLDWIDE LTD     ,Listed    ,02 JAN 2026,               1.00,        1002602000,             29.60,    29666993180.00 
02 JAN 2026,JIOFIN,EQ,JIO FIN SERVICES LTD     ,Listed    ,02 JAN 2026,              10.00,        6353141623,            301.70,  1916742827659.10    
02 JAN 2026,JISLDVREQS,EQ,JAIN DVR EQUITY SHARES   ,Listed    ,02 JAN 2026,               2.00,          19294304,             27.70,      534645163.85
02 JAN 2026,JISLJALEQS,EQ,JAIN IRRIGATION SYSTEMS  ,Listed    ,02 JAN 2026,               2.00,         714609991,             41.80,    29884989823.60
02 JAN 2026,JITFINFRA,EQ,JITF INFRALOGISTICS LTD  ,Listed    ,02 JAN 2026,               2.00,          25703706,            279.50,     7184185827.00 
02 JAN 2026,JIWANRAM,SM,JIWANRAM SHEODUTTRA IND L,Listed    ,01 JAN 2026,              10.00,          24748225,              6.00,      148489350.00  
02 JAN 2026,JKCEMENT,EQ,JK CEMENT LIMITED        ,Listed    ,02 JAN 2026,              10.00,          77268251,           5560.50,   429650109685.50  
02 JAN 2026,JKIL,EQ,JKUMAR INFR.LTD.         ,Listed    ,02 JAN 2026,               5.00,          75665506,            602.20,    45565767713.20      
02 JAN 2026,JKIPL,EQ,JINKUSHAL INDUSTRIES LTD ,Listed    ,02 JAN 2026,              10.00,          38386000,             93.30,     3581797660.00     
02 JAN 2026,JKLAKSHMI,EQ,JK LAKSHMI CEMENT LTD    ,Listed    ,02 JAN 2026,               5.00,         124144426,            798.30,    99104495275.80 
02 JAN 2026,JKPAPER,EQ,JK PAPER LIMITED         ,Listed    ,02 JAN 2026,              10.00,         169402344,            358.95,    60806971378.80   
02 JAN 2026,JKTYRE,EQ,JK TYRE & INDUSTRIES LTD ,Listed    ,02 JAN 2026,               2.00,         274020027,            511.55,   140174944811.85    
02 JAN 2026,JLHL,EQ,JUPITER LIFE LINE HOSP L ,Listed    ,02 JAN 2026,              10.00,          65566022,           1400.40,    91818657208.80      
02 JAN 2026,JMA,EQ,JULLUNDUR MOT AGENCY LTD ,Listed    ,02 JAN 2026,               2.00,          22841054,             79.70,     1819975182.70       
02 JAN 2026,JMFINANCIL,EQ,JM FINANCIAL LIMITED     ,Listed    ,02 JAN 2026,               1.00,         956335873,            149.05,   142551425229.40
02 JAN 2026,JNKINDIA,EQ,JNK INDIA LIMITED        ,Listed    ,02 JAN 2026,               2.00,          55953915,            235.95,    13202326244.25  
02 JAN 2026,JOCIL,EQ,JOCIL LIMITED            ,Listed    ,02 JAN 2026,              10.00,           8881150,            144.50,     1283237363.50     
02 JAN 2026,JPOLYINVST,EQ,JIND POL INV & FIN CO LTD,Listed    ,02 JAN 2026,              10.00,          10511929,           1022.30,    10746345016.70
02 JAN 2026,JPPOWER,EQ,JAIPRAKASH POWER VEN. LTD,Listed    ,02 JAN 2026,              10.00,        6853458827,             17.70,   121237686649.65   
02 JAN 2026,JSFB,EQ,JANA SMALL FIN BANK LTD  ,Listed    ,02 JAN 2026,              10.00,         105257128,            423.45,    44571130851.60      
02 JAN 2026,JSL,EQ,JINDAL STAINLESS LIMITED ,Listed    ,02 JAN 2026,               2.00,         824419588,            855.40,   705208515575.20       
02 JAN 2026,JSLL,EQ,JEENA SIKHO LIFECARE LTD ,Listed    ,02 JAN 2026,               2.00,         124300730,            682.20,    84797958006.00      
02 JAN 2026,JSWCEMENT,EQ,JSW CEMENT LIMITED       ,Listed    ,02 JAN 2026,              10.00,        1363364936,            123.00,   167707520777.35 
02 JAN 2026,JSWENERGY,EQ,JSW ENERGY LIMITED       ,Listed    ,02 JAN 2026,              10.00,        1747768451,            510.65,   892497959503.15 
02 JAN 2026,JSWHL,EQ,JSW HOLDINGS LIMITED     ,Listed    ,02 JAN 2026,              10.00,          11099625,          19930.00,   221215526250.00     
02 JAN 2026,JSWINFRA,EQ,JSW INFRASTRUCTURE LTD   ,Listed    ,02 JAN 2026,               2.00,        2100001567,            285.35,   599235447143.45  
02 JAN 2026,JSWSTEEL,EQ,JSW STEEL LIMITED        ,Listed    ,02 JAN 2026,               1.00,        2445453966,           1180.70,  2887347497656.20  
02 JAN 2026,JTEKTINDIA,EQ,JTEKT INDIA LIMITED      ,Listed    ,02 JAN 2026,               1.00,         277396890,            148.15,    41099123222.40
02 JAN 2026,JTLIND,EQ,JTL INDUSTRIES LIMITED   ,Listed    ,02 JAN 2026,               1.00,         393081630,             59.80,    23514143106.60    
02 JAN 2026,JUBLCPL,EQ,JUBILANT AGRI N CON PRO L,Listed    ,02 JAN 2026,              10.00,          15149294,           2302.60,    34882764364.40   
02 JAN 2026,JUBLFOOD,EQ,JUBILANT FOODWORKS LTD   ,Listed    ,02 JAN 2026,               2.00,         659845200,            552.95,   364861403340.00  
02 JAN 2026,JUBLINGREA,EQ,JUBILANT INGREVIA LIMITED,Listed    ,02 JAN 2026,               1.00,         159281139,            726.25,   115677927198.75
02 JAN 2026,JUBLPHARMA,EQ,JUBILANT PHARMOVA LTD    ,Listed    ,02 JAN 2026,               1.00,         159281139,           1055.40,   168105314100.60
02 JAN 2026,JUNIPER,EQ,JUNIPER HOTELS LIMITED   ,Listed    ,02 JAN 2026,              10.00,         222502384,            252.55,    56192977079.20   
02 JAN 2026,JUSTDIAL,EQ,JUSTDIAL LTD.            ,Listed    ,02 JAN 2026,              10.00,          85044657,            734.70,    62482309497.90  
02 JAN 2026,JWL,EQ,JUPITER WAGONS LIMITED   ,Listed    ,02 JAN 2026,              10.00,         424498049,            338.25,   143586465074.25       
02 JAN 2026,JYOTHYLAB,EQ,JYOTHY LABS LIMITED      ,Listed    ,02 JAN 2026,               1.00,         367214511,            284.30,   104399085477.30 
02 JAN 2026,JYOTICNC,EQ,JYOTI CNC AUTOMATION LTD ,Listed    ,02 JAN 2026,               2.00,         227423096,            993.95,   226047186269.20  
02 JAN 2026,JYOTIGLOBL,SM,JYOTI GLOBAL PLAST LTD   ,Listed    ,02 JAN 2026,              10.00,          19820000,             42.35,      839377000.00
02 JAN 2026,JYOTISTRUC,EQ,JYOTI STRUCTURES LTD     ,Listed    ,02 JAN 2026,               2.00,        1193468937,             10.20,    12149513778.65
02 JAN 2026,VERTIS,IV,VERTIS INFRASTRUCTURE TST,Listed    ,31 DEC 2025,             100.00,        1509983998,            108.10,   163244370023.80    
02 JAN 2026,ADDICTIVE,SM,ADDICTIVE LEARNING TECH L,Listed    ,01 JAN 2026,              10.00,          15909732,            121.00,     1925077572.00 
02 JAN 2026,DHARAN,BZ,DHARAN INFRA-EPC LIMITED ,Listed    ,02 JAN 2026,               1.00,        5228758452,              0.20,     1150326859.45    
02 JAN 2026,K2INFRA,SM,K2 INFRAGEN LIMITED      ,Listed    ,02 JAN 2026,              10.00,          12618394,             75.55,      953319666.70   
02 JAN 2026,KABRAEXTRU,EQ,KABRA EXTRUSION TECHNIK L,Listed    ,02 JAN 2026,               5.00,          34972836,            228.65,     7996538951.40
02 JAN 2026,KAJARIACER,EQ,KAJARIA CERAMICS LTD     ,Listed    ,02 JAN 2026,               1.00,         159272290,            980.85,   156222225646.50
02 JAN 2026,KAKATCEM,EQ,KAKATIYA CEM SUGAR &IND L,Listed    ,02 JAN 2026,              10.00,           7773858,            128.70,     1000417786.00  
02 JAN 2026,KALAMANDIR,EQ,SAI SILKS (KALAMANDIR) L ,Listed    ,02 JAN 2026,               2.00,         153366112,            152.40,    23371461807.70
02 JAN 2026,KALANA,SM,KALANA ISPAT LIMITED     ,Listed    ,02 JAN 2026,              10.00,          13039185,             23.50,      306420847.50    
02 JAN 2026,KALPATARU,EQ,KALPATARU LIMITED        ,Listed    ,02 JAN 2026,              10.00,         205913993,            380.75,    78401752834.75 
02 JAN 2026,KALYANI,BE,KALYANI COMMERCIALS LTD  ,Listed    ,04 JUL 2025,              10.00,           1000000,            138.10,      138090000.00   
02 JAN 2026,KALYANIFRG,EQ,KALYANI FORGE LIMITED    ,Listed    ,02 JAN 2026,              10.00,           3638000,            634.00,     2306492000.00
02 JAN 2026,KALYANKJIL,EQ,KALYAN JEWELLERS IND LTD ,Listed    ,02 JAN 2026,              10.00,        1032662662,            495.70,   511890881553.40
02 JAN 2026,KAMATHOTEL,EQ,KAMAT HOTELS (I) LTD     ,Listed    ,02 JAN 2026,              10.00,          29480072,            238.40,     7028343965.50
02 JAN 2026,KAMDHENU,EQ,KAMDHENU LIMITED         ,Listed    ,02 JAN 2026,               1.00,         281883000,             25.30,     7128821070.00  
02 JAN 2026,KAMOPAINTS,EQ,KAMDHENU VENTURES LIMITED,Listed    ,02 JAN 2026,               1.00,         314355000,              6.10,     1920709050.00
02 JAN 2026,KANANIIND,EQ,KANANI INDUSTRIES LTD    ,Listed    ,02 JAN 2026,               1.00,         197868000,              1.75,      344290320.00 
02 JAN 2026,KANDARP,ST,KANDARP DG SMART BPO LTD ,Listed    ,02 JAN 2026,              10.00,           8973000,            147.20,     1320825600.00   
02 JAN 2026,KANORICHEM,EQ,KANORIA CHEMICALS & INDUS,Listed    ,02 JAN 2026,               5.00,          43693333,             77.35,     3378805440.90
02 JAN 2026,KANPRPLA,EQ,KANPUR PLASTIPACK LIMITED,Listed    ,02 JAN 2026,              10.00,          23226758,            177.00,     4110671630.85  
02 JAN 2026,KANSAINER,EQ,KANSAI NEROLAC PAINTS LTD,Listed    ,02 JAN 2026,               1.00,         808520964,            241.10,   194918234001.10 
02 JAN 2026,KAPSTON,EQ,KAPSTON SERVICES LIMITED ,Listed    ,02 JAN 2026,               5.00,          20288122,            307.10,     6230482266.20   
02 JAN 2026,KARMAENG,EQ,KARMA ENERGY LIMITED     ,Listed    ,02 JAN 2026,              10.00,          11569918,             49.60,      573752233.60  
02 JAN 2026,KARNIKA,ST,KARNIKA INDUSTRIES LTD   ,Listed    ,02 JAN 2026,              10.00,          61997500,            119.90,     7433500250.00   
02 JAN 2026,KARURVYSYA,EQ,KARUR VYSYA BANK LTD     ,Listed    ,02 JAN 2026,               2.00,         966470328,            272.50,   263363164380.00
02 JAN 2026,KATARIA,SM,KATARIA INDUSTRIES LTD   ,Listed    ,02 JAN 2026,              10.00,          21531234,            102.05,     2197262429.70   
02 JAN 2026,KAUSHALYA,EQ,KAUSHALYA INFRA DEV LTD. ,Listed    ,02 JAN 2026,            1000.00,            346306,            876.25,      303450632.50 
02 JAN 2026,KAVDEFENCE,BE,KAVVERI DFS & WIR TEC LTD,Listed    ,02 JAN 2026,              10.00,          34374260,             73.90,     2539914071.40
02 JAN 2026,KAYA,EQ,KAYA LIMITED             ,Listed    ,02 JAN 2026,              10.00,          15187609,            402.90,     6119087666.10      
02 JAN 2026,KAYNES,EQ,KAYNES TECHNOLOGY IND LTD,Listed    ,02 JAN 2026,              10.00,          67034654,           3977.20,   266610225888.80    
02 JAN 2026,KAYTEX,SM,KAYTEX FABRICS LIMITED   ,Listed    ,02 JAN 2026,              10.00,          14699200,             75.45,     1109054640.00    
02 JAN 2026,KCEIL,SM,KAY CEE ENERGY & INFRA L ,Listed    ,02 JAN 2026,              10.00,          12224000,            153.10,     1871494400.00     
02 JAN 2026,KCK,ST,KCK INDUSTRIES LTD       ,Listed    ,02 JAN 2026,               2.00,          63601700,             26.00,     1653644200.00       
02 JAN 2026,KCP,EQ,KCP LTD                  ,Listed    ,02 JAN 2026,               1.00,         128921160,            180.25,    23238039090.00       
02 JAN 2026,KCPSUGIND,EQ,KCP SUGAR IND CORP LTD.  ,Listed    ,02 JAN 2026,               1.00,         113385050,             26.15,     2963885207.00 
02 JAN 2026,KDDL,EQ,KDDL LIMITED             ,Listed    ,02 JAN 2026,              10.00,          12299280,           2410.00,    29641264800.00      
02 JAN 2026,KDL,SM,KORE DIGITAL LIMITED     ,Listed    ,02 JAN 2026,              10.00,          12024000,            180.60,     2171534400.00       
02 JAN 2026,KEC,EQ,KEC INTL. LIMITED        ,Listed    ,02 JAN 2026,               2.00,         266200000,            746.85,   198811470000.00       
02 JAN 2026,KECL,EQ,KIRLOSKAR ELECTRIC CO LTD,Listed    ,02 JAN 2026,              10.00,          66414071,            105.15,     6984103706.35      
02 JAN 2026,KEEPLEARN,EQ,DSJ KEEP LEARNING LTD    ,Listed    ,02 JAN 2026,               1.00,         155712083,              2.45,      383051724.20 
02 JAN 2026,KEI,EQ,KEI INDUSTRIES LTD.      ,Listed    ,02 JAN 2026,               2.00,          95600595,           4529.60,   433032455112.00       
02 JAN 2026,KEL,SM,KUNDAN EDIFICE LIMITED   ,Listed    ,02 JAN 2026,              10.00,          10272000,            100.00,     1027200000.00       
02 JAN 2026,KELLTONTEC,EQ,KELLTON TECH SOL LTD     ,Listed    ,02 JAN 2026,               1.00,         527804670,             18.95,    10001898496.50
02 JAN 2026,KEN,SM,KEN ENTERPRISES LIMITED  ,Listed    ,02 JAN 2026,              10.00,          24565480,             45.40,     1115272792.00       
02 JAN 2026,KERNEX,EQ,KERNEX MICROSYS(I) LTD   ,Listed    ,02 JAN 2026,              10.00,          16759422,           1250.80,    20962685037.60    
02 JAN 2026,KESORAMIND,BE,KESORAM INDUSTRIES LTD   ,Listed    ,02 JAN 2026,              10.00,         310663663,             11.95,     3712430772.85
02 JAN 2026,KEYFINSERV,EQ,KEYNOTE FIN SERV LTD.    ,Listed    ,02 JAN 2026,              10.00,           7018339,            315.80,     2216391456.20
02 JAN 2026,KFINTECH,EQ,KFIN TECHNOLOGIES LIMITED,Listed    ,02 JAN 2026,              10.00,         172401007,           1082.00,   186537889574.00  
02 JAN 2026,KHADIM,EQ,KHADIM INDIA LIMITED     ,Listed    ,02 JAN 2026,              10.00,          18378382,            184.85,     3396876345.05    
02 JAN 2026,KHAICHEM,EQ,KHAITAN CHEM & FERT LTD  ,Listed    ,02 JAN 2026,               1.00,          96989200,             78.30,     7595224252.00  
02 JAN 2026,KHAITANLTD,EQ,KHAITAN (INDIA)LTD.      ,Listed    ,02 JAN 2026,              10.00,           4750000,            104.00,      494047500.00
02 JAN 2026,KHANDSE,EQ,KHANDWALA SECURITIES LTD ,Listed    ,02 JAN 2026,              10.00,          15253805,             21.40,      326736503.10   
02 JAN 2026,KHFM,SM,KHFM HOS FAC MANA SER LTD,Listed    ,02 JAN 2026,              10.00,          21671100,             63.60,     1378281960.00      
02 JAN 2026,KICL,EQ,KALYANI INVEST CO LTD    ,Listed    ,02 JAN 2026,              10.00,           4365306,           5008.60,    21864071631.60      
02 JAN 2026,KILITCH,EQ,KILITCH DRUGS INDIA LTD  ,Listed    ,02 JAN 2026,              10.00,          17480782,            360.40,     6300073832.80   
02 JAN 2026,KIMS,EQ,KRISHNA INST OF MED SCI L,Listed    ,02 JAN 2026,               2.00,         400138935,            632.25,   252987841653.75      
02 JAN 2026,KINGFA,EQ,KINGFA SCI & TEC IND LTD.,Listed    ,02 JAN 2026,              10.00,          13551381,           4436.20,    60116636392.20    
02 JAN 2026,KIOCL,EQ,KIOCL LIMITED            ,Listed    ,02 JAN 2026,              10.00,         607751096,            402.80,   244802141468.80     
02 JAN 2026,KIRIINDUS,EQ,KIRI INDUSTRIES LIMITED  ,Listed    ,02 JAN 2026,              10.00,          60022554,            616.00,    36973893264.00 
02 JAN 2026,KIRLOSBROS,EQ,KIRLOSKAR BROTHERS LTD   ,Listed    ,02 JAN 2026,               2.00,          79408926,           1645.10,   130635624162.60
02 JAN 2026,KIRLOSENG,EQ,KIRLOSKAR OIL ENG LTD    ,Listed    ,02 JAN 2026,               2.00,         145331414,           1261.10,   183277446195.40 
02 JAN 2026,KIRLOSIND,EQ,KIRLOSKAR INDUSTRIES LTD ,Listed    ,02 JAN 2026,              10.00,          10503166,           3243.00,    34061767338.00 
02 JAN 2026,KIRLPNU,EQ,KIRLOSKAR PNEUMATIC COM L,Listed    ,02 JAN 2026,               2.00,          64939590,           1058.60,    68745049974.00   
02 JAN 2026,KITEX,EQ,KITEX GARMENTS LTD       ,Listed    ,02 JAN 2026,               1.00,         199500000,            182.70,    36444660000.00     
02 JAN 2026,KKCL,EQ,KEWAL KIRAN CLOTHING LTD ,Listed    ,02 JAN 2026,              10.00,          61625185,            483.95,    29823508280.75      
02 JAN 2026,KKJEWELS,SM,KABRA JEWELS LIMITED     ,Listed    ,02 JAN 2026,              10.00,          10485000,             89.60,      939456000.00  
02 JAN 2026,KKVAPOW,SM,KKV AGRO POWERS LTD.     ,Listed    ,04 DEC 2025,              10.00,            623562,            634.00,      395338308.00   
02 JAN 2026,KLL,SM,KAUSHALYA LOGISTICS LTD  ,Listed    ,02 JAN 2026,              10.00,          18530000,             51.40,      952442000.00       
02 JAN 2026,KMEW,EQ,KNOWLEDGE MARINE & EN W L,Listed    ,02 JAN 2026,               5.00,          24444108,           1888.10,    46152920314.80      
02 JAN 2026,KMSUGAR,EQ,K M SUGAR MILLS LTD      ,Listed    ,02 JAN 2026,               2.00,          92000170,             27.25,     2505164629.10   
02 JAN 2026,KNAGRI,EQ,KN AGRI RESOURCES LIMITED,Listed    ,02 JAN 2026,              10.00,          24998910,            199.70,     4992782305.20    
02 JAN 2026,KNRCON,EQ,KNR CONSTRU LTD.         ,Listed    ,02 JAN 2026,               2.00,         281234600,            161.05,    45287207638.00    
02 JAN 2026,KODYTECH,SM,KODY TECHNOLAB LIMITED   ,Listed    ,02 JAN 2026,              10.00,          12747560,            930.00,    11855230800.00  
02 JAN 2026,KOHINOOR,EQ,KOHINOOR FOODS LIMITED   ,Listed    ,02 JAN 2026,              10.00,          37071530,             26.80,      994258434.60  
02 JAN 2026,KOKUYOCMLN,EQ,KOKUYO CAMLIN LIMITED    ,Listed    ,02 JAN 2026,               1.00,         100303806,             92.10,     9238983570.65
02 JAN 2026,KOLTEPATIL,EQ,KOLTE PATIL DEV. LTD.    ,Listed    ,02 JAN 2026,              10.00,          88680094,            393.00,    34851276942.00
02 JAN 2026,KONSTELEC,SM,KONSTELEC ENGINEERS LTD  ,Listed    ,02 JAN 2026,              10.00,          15100000,             47.15,      711965000.00 
02 JAN 2026,KONTOR,SM,KONTOR SPACE LIMITED     ,Listed    ,02 JAN 2026,              10.00,           6180000,             67.30,      415914000.00    
02 JAN 2026,KOPRAN,EQ,KOPRAN LTD               ,Listed    ,02 JAN 2026,              10.00,          48287601,            152.10,     7343578360.10    
02 JAN 2026,KORE,ST,JAY JALARAM TECHNO LTD   ,Listed    ,02 JAN 2026,              10.00,          12125000,            164.25,     1991531250.00      
02 JAN 2026,KOTAKBANK,EQ,KOTAK MAHINDRA BANK LTD  ,Listed    ,02 JAN 2026,               5.00,        1989098595,           2195.10,  4366270325884.50 
02 JAN 2026,KOTARISUG,EQ,KOTHARI SUG & CHEM LTD.  ,Listed    ,02 JAN 2026,              10.00,          82888580,             27.50,     2279435950.00 
02 JAN 2026,KOTHARIPET,EQ,KOTHARI PETROCHEM LTD    ,Listed    ,02 JAN 2026,              10.00,          58846400,            132.25,     7781847936.00
02 JAN 2026,KOTHARIPRO,EQ,KOTHARI PRODUCTS LTD     ,Listed    ,02 JAN 2026,              10.00,          59687730,             75.20,     4487323541.40
02 JAN 2026,KOTYARK,SM,KOTYARK INDUSTRIES LTD   ,Listed    ,02 JAN 2026,              10.00,          10279116,            234.70,     2412508525.20   
02 JAN 2026,KPEL,EQ,K.P. ENERGY LIMITED      ,Listed    ,02 JAN 2026,               5.00,          66907041,            357.50,    23919267157.50      
02 JAN 2026,KPIGREEN,EQ,KPI GREEN ENERGY LIMITED ,Listed    ,02 JAN 2026,               5.00,         197341073,            485.15,    95740021565.95  
02 JAN 2026,KPIL,EQ,KALPATARU PROJECT INT LTD,Listed    ,02 JAN 2026,               2.00,         170772546,           1196.80,   204380583052.80      
02 JAN 2026,KPITTECH,EQ,KPIT TECHNOLOGIES LIMITED,Listed    ,02 JAN 2026,              10.00,         274143808,           1167.60,   320090310220.80  
02 JAN 2026,KPRMILL,EQ,KPR MILL LTD.            ,Listed    ,02 JAN 2026,               1.00,         341814000,            909.75,   310965286500.00   
02 JAN 2026,KRBL,EQ,KRBL LIMITED             ,Listed    ,02 JAN 2026,               1.00,         228889892,            396.40,    90731953188.80      
02 JAN 2026,KREBSBIO,EQ,KREBS BIOCHEMICALS & IND ,Listed    ,02 JAN 2026,              10.00,          21560586,             70.95,     1530154788.40  
02 JAN 2026,KRIDHANINF,EQ,KRIDHAN INFRA LIMITED    ,Listed    ,02 JAN 2026,               2.00,          94779205,              4.35,      411341749.70
02 JAN 2026,KRISHANA,EQ,KRISHANA PHOSCHEM LIMITED,Listed    ,02 JAN 2026,              10.00,          60552600,            527.90,    31965717540.00  
02 JAN 2026,KRISHCA,SM,KRISHCA STRAPPING SLTN L ,Listed    ,02 JAN 2026,              10.00,          14440000,            198.50,     2866340000.00   
02 JAN 2026,KRISHIVAL,EQ,KRISHIVAL FOODS LIMITED  ,Listed    ,02 JAN 2026,              10.00,          22295141,            351.25,     7831168276.25 
02 JAN 2026,KRISHNADEF,EQ,KRISHNA DEF AND ALD IND L,Listed    ,02 JAN 2026,              10.00,          14919026,            812.65,    12123946478.90
02 JAN 2026,KRITI,EQ,KRITI INDUSTRIES IND LTD ,Listed    ,02 JAN 2026,               1.00,          52696000,             80.00,     4216206960.00     
02 JAN 2026,KRITIKA,EQ,KRITIKA WIRES LIMITED    ,Listed    ,02 JAN 2026,               2.00,         266280000,              7.35,     1951832400.00   
02 JAN 2026,KRITINUT,EQ,KRITI NUTRIENTS LIMITED  ,Listed    ,02 JAN 2026,               1.00,          50103520,             77.20,     3867991744.00  
02 JAN 2026,KRN,EQ,KRN HEAT EXCHANGE N REF L,Listed    ,02 JAN 2026,              10.00,          62156600,            770.15,    47869905490.00       
02 JAN 2026,KRONOX,EQ,KRONOX LAB SCIENCES LTD  ,Listed    ,02 JAN 2026,              10.00,          37104000,            141.80,     5260605120.00    
02 JAN 2026,KROSS,EQ,KROSS LIMITED            ,Listed    ,02 JAN 2026,               5.00,          64509422,            204.85,    13216045285.15     
02 JAN 2026,KRSNAA,EQ,KRSNAA DIAGNOSTICS LTD   ,Listed    ,02 JAN 2026,               5.00,          32438672,            733.35,    23788900111.20    
02 JAN 2026,KRT,RR,KNOWLEDGE REALTY TRUST   ,Listed    ,02 JAN 2026,             100.00,        4434399541,            124.35,   551506270914.15       
02 JAN 2026,KRYSTAL,EQ,KRYSTAL INTEGRATED SER L ,Listed    ,02 JAN 2026,              10.00,          13971952,            524.80,     7332480409.60   
02 JAN 2026,KSB,EQ,KSB LIMITED              ,Listed    ,02 JAN 2026,               2.00,         174039220,            753.05,   131060234621.00       
02 JAN 2026,KSCL,EQ,KAVERI SEED CO. LTD.     ,Listed    ,02 JAN 2026,               2.00,          51439071,            973.50,    50075935618.50      
02 JAN 2026,KSHINTL,EQ,KSH INTERNATIONAL LIMITED,Listed    ,02 JAN 2026,               5.00,          67755700,            373.55,    25310141735.00   
02 JAN 2026,KSHITIJPOL,EQ,KSHITIJ POLYLINE LIMITED ,Listed    ,02 JAN 2026,               2.00,         154244874,              2.60,      402579121.15
02 JAN 2026,KSL,EQ,KALYANI STEELS LIMITED   ,Listed    ,02 JAN 2026,               5.00,          43653060,            759.90,    33171960294.00       
02 JAN 2026,KSOLVES,EQ,KSOLVES INDIA LIMITED    ,Listed    ,02 JAN 2026,               5.00,          23712000,            290.00,     6876480000.00   
02 JAN 2026,KSR,EQ,KSR FOOTWEAR LIMITED     ,Listed    ,02 JAN 2026,              10.00,          18378382,             23.85,      437956843.05       
02 JAN 2026,KTKBANK,EQ,KARNATAKA BANK LIMITED   ,Listed    ,02 JAN 2026,              10.00,         378140344,            200.00,    75628068800.00   
02 JAN 2026,KUANTUM,EQ,KUANTUM PAPERS LIMITED   ,Listed    ,02 JAN 2026,               1.00,          87263630,             93.35,     8145187224.20   
02 JAN 2026,LAGNAM,EQ,LAGNAM SPINTEX LIMITED   ,Listed    ,02 JAN 2026,              10.00,          17669000,             73.45,     1298141430.00    
02 JAN 2026,LAKPRE,BZ,LAKSHMI PRE SCRE LTD     ,Listed    ,01 JAN 2026,              10.00,          10941667,              5.00,       54708335.00    
02 JAN 2026,LAKSHYA,SM,LAKSHYA POWERTECH LIMITED,Listed    ,02 JAN 2026,              10.00,          10083920,            126.00,     1270573920.00   
02 JAN 2026,LAL,EQ,LORENZINI APPARELS LTD   ,Listed    ,02 JAN 2026,               1.00,         172739888,              9.00,     1551204194.25       
02 JAN 2026,LALPATHLAB,EQ,DR. LAL PATH LABS LTD.   ,Listed    ,02 JAN 2026,              10.00,         167551020,           1474.20,   247003713684.00
02 JAN 2026,LAMBODHARA,EQ,LAMBODHARA TEXTILES LTD. ,Listed    ,02 JAN 2026,               5.00,          10377600,            120.90,     1254755616.00
02 JAN 2026,LAMOSAIC,SM,LAMOSAIC INDIA LIMITED   ,Listed    ,02 JAN 2026,              10.00,          10338008,             34.55,      357178176.40  
02 JAN 2026,LANCORHOL,BE,LANCOR HOLDINGS LIMITED  ,Listed    ,02 JAN 2026,               2.00,          73550560,             26.30,     1933644222.40 
02 JAN 2026,LANDMARK,EQ,LANDMARK CARS LIMITED    ,Listed    ,02 JAN 2026,               5.00,          41464910,            476.20,    19745590142.00  
02 JAN 2026,LAOPALA,EQ,LA OPALA RG LIMITED      ,Listed    ,02 JAN 2026,               2.00,         111000000,            204.70,    22719480000.00   
02 JAN 2026,LASA,EQ,LASA SUPERGENERICS LTD   ,Listed    ,02 JAN 2026,              10.00,          50101239,             11.40,      571655137.00      
02 JAN 2026,LATENTVIEW,EQ,LATENT VIEW ANALYTICS LTD,Listed    ,02 JAN 2026,               1.00,         206924980,            459.10,    94999258318.00
02 JAN 2026,LATTEYS,BE,LATTEYS INDUSTRIES LTD   ,Listed    ,02 JAN 2026,               2.00,          57495825,             21.55,     1240184945.25   
02 JAN 2026,LAURUSLABS,EQ,LAURUS LABS LIMITED      ,Listed    ,02 JAN 2026,               2.00,         539856582,           1106.50,   597351307983.00
02 JAN 2026,LAXMICOT,EQ,LAXMI COTSPIN LIMITED    ,Listed    ,02 JAN 2026,              10.00,          17147670,             19.15,      328034927.10  
02 JAN 2026,LAXMIDENTL,EQ,LAXMI DENTAL LIMITED     ,Listed    ,02 JAN 2026,               2.00,          54962149,            270.85,    14886498056.65
02 JAN 2026,LAXMIINDIA,EQ,LAXMI INDIA FINANCE LTD  ,Listed    ,02 JAN 2026,               5.00,          52267875,            127.35,     6656313881.25
02 JAN 2026,LCCINFOTEC,BE,LCC INFOTECH LTD         ,Listed    ,02 JAN 2026,               2.00,         126593350,              4.65,      586127210.50
02 JAN 2026,LEMERITE,EQ,LE MERITE EXPORTS LIMITED,Listed    ,02 JAN 2026,              10.00,          25033600,            477.95,    11964809120.00  
02 JAN 2026,LEMONTREE,EQ,LEMON TREE HOTELS LTD    ,Listed    ,02 JAN 2026,              10.00,         792246464,            154.00,   121998032991.35 
02 JAN 2026,LENSKART,EQ,LENSKART SOLUTIONS LTD   ,Listed    ,02 JAN 2026,               2.00,        1734870187,            452.15,   784421555052.05  
02 JAN 2026,LEXUS,EQ,LEXUS GRANITO (INDIA) LTD,Listed    ,02 JAN 2026,              10.00,          20490724,             26.15,      535422618.10     
02 JAN 2026,LFIC,EQ,LAKSHMI FIN IND CORP LTD ,Listed    ,02 JAN 2026,              10.00,           3000000,            170.00,      509970000.00      
02 JAN 2026,LGBBROSLTD,EQ,LG BALAKRISHNAN & BROS   ,Listed    ,02 JAN 2026,              10.00,          31892416,           1773.10,    56548442809.60
02 JAN 2026,LGEINDIA,EQ,LG ELECTRONICS INDIA LTD ,Listed    ,02 JAN 2026,              10.00,         678772392,           1483.40,  1006890966292.80  
02 JAN 2026,LGHL,EQ,LAXMI GOLDORNA HOUSE LTD ,Listed    ,02 JAN 2026,              10.00,          50092560,            324.60,    16260044976.00      
02 JAN 2026,LIBAS,EQ,LIBAS CONSU PRODUCTS LTD ,Listed    ,02 JAN 2026,              10.00,          26344580,             11.05,      291634500.60     
02 JAN 2026,LIBERTSHOE,EQ,LIBERTY SHOES LTD        ,Listed    ,02 JAN 2026,              10.00,          17040000,            282.15,     4807836000.00
02 JAN 2026,LICHSGFIN,EQ,LIC HOUSING FINANCE LTD  ,Listed    ,02 JAN 2026,               2.00,         550063000,            545.55,   300086869650.00 
02 JAN 2026,LICI,EQ,LIFE INSURA CORP OF INDIA,Listed    ,02 JAN 2026,              10.00,        6324997701,            860.85,  5444874270905.85      
02 JAN 2026,LIKHITHA,EQ,LIKHITHA INFRASTRUC LTD  ,Listed    ,02 JAN 2026,               5.00,          39450000,            193.40,     7630024500.00  
02 JAN 2026,LINC,EQ,LINC LIMITED             ,Listed    ,02 JAN 2026,               5.00,          59489164,            117.35,     6979863612.10      
02 JAN 2026,LINCOLN,EQ,LINCOLN PHARMA LTD       ,Listed    ,02 JAN 2026,              10.00,          20029728,            497.15,     9957779275.20   
02 JAN 2026,LINDEINDIA,EQ,LINDE INDIA LIMITED      ,Listed    ,02 JAN 2026,              10.00,          85284223,           5955.50,   507910190076.50
02 JAN 2026,LLOYDS,SM,LLOYDS LUXURIES LIMITED  ,Listed    ,02 JAN 2026,              10.00,          23877847,             72.00,     1719204984.00    
02 JAN 2026,LLOYDSENGG,EQ,LLOYDS ENGG WORK LIMITED ,Listed    ,02 JAN 2026,               1.00,        1165309745,             56.15,    65420489084.30
02 JAN 2026,LLOYDSENT,EQ,LLOYDS ENTERPRISES LTD   ,Listed    ,02 JAN 2026,               1.00,        1272126621,             62.60,    79622405208.40 
02 JAN 2026,LLOYDSME,EQ,LLOYDS METALS N ENERGY L ,Listed    ,02 JAN 2026,               1.00,         528502270,           1348.80,   712843861776.00  
02 JAN 2026,LMW,EQ,LMW LIMITED              ,Listed    ,02 JAN 2026,              10.00,          10683000,          14954.00,   159753582000.00       
02 JAN 2026,LODHA,EQ,LODHA DEVELOPERS LIMITED ,Listed    ,02 JAN 2026,              10.00,         998704513,           1085.70,  1084293489764.10     
02 JAN 2026,LOKESHMACH,EQ,LOKESH MACHINES LTD      ,Listed    ,02 JAN 2026,              10.00,          19996770,            169.35,     3386452999.50
02 JAN 2026,LORDSCHLO,EQ,LORDS CHLORO ALKALI LTD  ,Listed    ,02 JAN 2026,              10.00,          25153861,            163.10,     4102846267.70 
02 JAN 2026,LOTUSDEV,EQ,SRI LOTUS DEVLPRS N RTY L,Listed    ,02 JAN 2026,               1.00,         488723710,            166.35,    81304076395.60  
02 JAN 2026,LOTUSEYE,EQ,LOTUS EYE HOSP & INST L  ,Listed    ,02 JAN 2026,              10.00,          20796330,            121.70,     2530913361.00  
02 JAN 2026,LOVABLE,EQ,LOVABLE LINGERIE LTD     ,Listed    ,02 JAN 2026,              10.00,          14800000,             81.05,     1199244000.00   
02 JAN 2026,LOYALTEX,EQ,LOYAL TEXTILE MILLS LTD  ,Listed    ,02 JAN 2026,              10.00,           4816446,            221.20,     1065446019.65  
02 JAN 2026,LPDC,EQ,LANDMARK PR.DEV.CO.LTD   ,Listed    ,02 JAN 2026,               1.00,         134143160,              7.20,      964489320.40      
02 JAN 2026,LRRPL,SM,LEAD REC AND RUB PROD LTD,Listed    ,01 JAN 2026,              10.00,           8640675,             73.50,      635089612.50     
02 JAN 2026,LT,EQ,LARSEN & TOUBRO LTD.     ,Listed    ,02 JAN 2026,               2.00,        1375580872,           4163.40,  5727093402484.80        
02 JAN 2026,LTF,EQ,L&T FINANCE LIMITED      ,Listed    ,02 JAN 2026,              10.00,        2502627626,            319.75,   800215183413.50       
02 JAN 2026,LTFOODS,EQ,LT FOODS LIMITED         ,Listed    ,02 JAN 2026,               1.00,         347252944,            390.45,   135584911984.80   
02 JAN 2026,LTIM,EQ,LTIMINDTREE LIMITED      ,Listed    ,02 JAN 2026,               1.00,         296489245,           6067.00,  1798800249415.00      
02 JAN 2026,LTTS,EQ,L&T TECHNOLOGY SER. LTD. ,Listed    ,02 JAN 2026,               2.00,         105989318,           4406.60,   467052528698.80      
02 JAN 2026,LUMAXIND,EQ,LUMAX INDUSTRIES LTD     ,Listed    ,02 JAN 2026,              10.00,           9347732,           5341.50,    49930910478.00  
02 JAN 2026,LUMAXTECH,EQ,LUMAX AUTO TECH LTD      ,Listed    ,02 JAN 2026,               2.00,          68157705,           1655.40,   112828264857.00 
02 JAN 2026,LUPIN,EQ,LUPIN LIMITED            ,Listed    ,02 JAN 2026,               2.00,         456798806,           2105.30,   961698526271.80     
02 JAN 2026,LUXIND,EQ,LUX INDUSTRIES LIMITED   ,Listed    ,02 JAN 2026,               2.00,          30071681,           1110.90,    33406630422.90    
02 JAN 2026,LXCHEM,EQ,LAXMI ORGANIC INDUS LTD  ,Listed    ,02 JAN 2026,               2.00,         277147873,            168.10,    46594100408.75    
02 JAN 2026,LYKALABS,EQ,LYKA LABS LTD            ,Listed    ,02 JAN 2026,              10.00,          35690000,             82.40,     2940499100.00  
02 JAN 2026,LYPSAGEMS,EQ,LYPSA GEMS & JEWEL LTD   ,Listed    ,02 JAN 2026,              10.00,          29484000,              5.45,      160392960.00 
02 JAN 2026,M&M,EQ,MAHINDRA & MAHINDRA LTD  ,Listed    ,02 JAN 2026,               5.00,        1243528831,           3802.40,  4728394026994.40       
02 JAN 2026,M&MFIN,EQ,M&M FIN. SERVICES LTD    ,Listed    ,02 JAN 2026,               2.00,        1389971160,            402.95,   560088878922.00    
02 JAN 2026,MAANALU,BE,MAAN ALUMINIUM LIMITED   ,Listed    ,02 JAN 2026,               5.00,          54084864,            159.85,     8644383813.10   
02 JAN 2026,MACOBSTECH,SM,MACOBS TECHNOLOGIES LTD  ,Listed    ,02 JAN 2026,              10.00,           9795200,            209.00,     2047196800.00
02 JAN 2026,MACPOWER,EQ,MACPOWER CNC MACHINES LTD,Listed    ,02 JAN 2026,              10.00,          10004160,           1019.40,    10198240704.00  
02 JAN 2026,MADHAV,EQ,MADHAV MARBLE & GRANITE  ,Listed    ,02 JAN 2026,              10.00,           8947000,             42.95,      384184180.00    
02 JAN 2026,MADHAVBAUG,SM,VAIDYA SANE AYUR LAB LTD ,Listed    ,02 JAN 2026,              10.00,          10513450,            284.00,     2985819800.00
02 JAN 2026,MADHUCON,EQ,MADHUCON PROJECTS LTD.   ,Listed    ,02 JAN 2026,               1.00,          73794940,              6.15,      453100931.60  
02 JAN 2026,MADHUSUDAN,SM,MADHUSUDAN MASALA LIMITED,Listed    ,02 JAN 2026,              10.00,          14470000,            129.50,     1873865000.00
02 JAN 2026,MADRASFERT,EQ,MADRAS FERTILISERS LTD   ,Listed    ,02 JAN 2026,              10.00,         161101300,             80.65,    12992819845.00
02 JAN 2026,MAGADSUGAR,EQ,MAGADH SUGAR & ENERGY LTD,Listed    ,02 JAN 2026,              10.00,          14091630,            504.55,     7109931916.50
02 JAN 2026,MAGNUM,EQ,MAGNUM VENTURES LTD.     ,Listed    ,02 JAN 2026,              10.00,          68411317,             23.00,     1573460291.00    
02 JAN 2026,MAGSON,SM,MAGSON RETAIL AND DIST L ,Listed    ,02 JAN 2026,              10.00,          10235208,            130.20,     1332624081.60    
02 JAN 2026,MAHABANK,EQ,BANK OF MAHARASHTRA      ,Listed    ,02 JAN 2026,              10.00,        7691554950,             63.95,   491721107953.50  
02 JAN 2026,MAHAPEXLTD,EQ,MAHA RASHTRA APEX COPR. L,Listed    ,02 JAN 2026,              10.00,          14150100,            104.40,     1477411941.00
02 JAN 2026,MAHASTEEL,BE,MAHAMAYA STEEL INDS LTD  ,Listed    ,02 JAN 2026,              10.00,          16434400,           1011.60,    16625039040.00 
02 JAN 2026,MAHEPC,EQ,MAHINDRA EPC IRRIG LTD   ,Listed    ,02 JAN 2026,              10.00,          27942469,            133.05,     3717466075.75    
02 JAN 2026,MAHESHWARI,EQ,MAHESHWARI LOGISTICS LTD.,Listed    ,02 JAN 2026,              10.00,          29597200,             47.55,     1407346860.00
02 JAN 2026,MAHICKRA,SM,MAHICKRA CHEMICAL LIMITED,Listed    ,02 JAN 2026,              10.00,           8122160,            149.50,     1214262920.00  
02 JAN 2026,MAHLIFE,EQ,MAHINDRA LIFESPACE DEVLTD,Listed    ,02 JAN 2026,              10.00,         213314253,            395.10,    84280461360.30   
02 JAN 2026,MAHLOG,EQ,MAHINDRA LOGISTIC LIMITED,Listed    ,02 JAN 2026,              10.00,          99180771,            317.15,    31455181522.65    
02 JAN 2026,MAHSCOOTER,EQ,MAHARASHTRA SCOOTERS LTD ,Listed    ,02 JAN 2026,              10.00,          11428568,          14237.00,   162708522616.00
02 JAN 2026,MAHSEAMLES,EQ,MAHARASHTRA SEAMLESS LTD ,Listed    ,02 JAN 2026,               5.00,         133999252,            559.10,    74918981793.20
02 JAN 2026,MAITHANALL,EQ,MAITHAN ALLOYS LTD       ,Listed    ,02 JAN 2026,              10.00,          29111550,           1013.30,    29498733615.00
02 JAN 2026,MAITREYA,SM,MAITREYA MEDICARE LIMITED,Listed    ,02 JAN 2026,              10.00,           6776000,            215.00,     1456840000.00  
02 JAN 2026,MAKS,SM,MAKS ENERGY SOL INDIA LTD,Listed    ,31 DEC 2025,              10.00,           6934790,             29.55,      204923044.50      
02 JAN 2026,MAL,SM,MANGALAM ALLOYS LIMITED  ,Listed    ,02 JAN 2026,              10.00,          24685927,             47.50,     1172581532.50       
02 JAN 2026,MALLCOM,EQ,MALLCOM (INDIA) LIMITED  ,Listed    ,02 JAN 2026,              10.00,           6240000,           1169.60,     7298304000.00   
02 JAN 2026,MALUPAPER,EQ,MALU PAPER MILLS LIMITED ,Listed    ,02 JAN 2026,              10.00,          17059250,             35.75,      609527002.50 
02 JAN 2026,MAMATA,EQ,MAMATA MACHINERY LIMITED ,Listed    ,02 JAN 2026,              10.00,          24607800,            431.95,    10629339210.00    
02 JAN 2026,MANAKALUCO,BE,MANAK ALUMINIUM CO. LTD. ,Listed    ,02 JAN 2026,               1.00,          65534050,             30.15,     1974540926.50
02 JAN 2026,MANAKCOAT,EQ,MAN COAT METAL & IND LTD ,Listed    ,02 JAN 2026,               1.00,         105834050,            131.50,    13916119234.50 
02 JAN 2026,MANAKSIA,EQ,MANAKSIA LTD.            ,Listed    ,02 JAN 2026,               2.00,          65534050,             64.80,     4247917121.00  
02 JAN 2026,MANAKSTEEL,EQ,MANAKSIA STEELS LTD      ,Listed    ,02 JAN 2026,               1.00,          65534050,             68.85,     4511364002.00
02 JAN 2026,MANALIPETC,EQ,MANALI PETROCHEMICALS LT ,Listed    ,02 JAN 2026,               5.00,         171999229,             62.90,    10815311519.50
02 JAN 2026,MANAPPURAM,EQ,MANAPPURAM FINANCE LTD   ,Listed    ,02 JAN 2026,               2.00,         846434729,            311.15,   263368165928.35
02 JAN 2026,MANAV,ST,MANAV INFRA PROJECTS LTD ,Listed    ,02 JAN 2026,              10.00,          13160000,             30.00,      394800000.00     
02 JAN 2026,MANBA,EQ,MANBA FINANCE LIMITED    ,Listed    ,02 JAN 2026,              10.00,          50239410,            141.95,     7130981855.40     
02 JAN 2026,MANCREDIT,EQ,MANGAL CREDIT N FINCORP L,Listed    ,02 JAN 2026,              10.00,          21113986,            164.80,     3479584892.80 
02 JAN 2026,MANDEEP,SM,MANDEEP AUTO INDUSTRIES L,Listed    ,02 JAN 2026,              10.00,          10337894,             23.60,      243974298.40   
02 JAN 2026,MANGALAM,EQ,MANGALAM DRUG & CHEM LTD ,Listed    ,02 JAN 2026,              10.00,          15828248,             30.30,      479912479.35  
02 JAN 2026,MANGLMCEM,EQ,MANGALAM CEMENT LTD      ,Listed    ,02 JAN 2026,              10.00,          27497298,            762.95,    20979063509.10 
02 JAN 2026,MANINDS,EQ,MAN INDUSTRIES (I) LTD.  ,Listed    ,02 JAN 2026,               5.00,          75009571,            396.45,    29737544422.95   
02 JAN 2026,MANINFRA,EQ,MAN INFRA LTD            ,Listed    ,02 JAN 2026,               2.00,         403666505,            129.55,    52303069052.85  
02 JAN 2026,MANKIND,EQ,MANKIND PHARMA LIMITED   ,Listed    ,02 JAN 2026,               1.00,         412805072,           2202.70,   909285732094.40   
02 JAN 2026,MANOMAY,BE,MANOMAY TEX INDIA LTD    ,Listed    ,02 JAN 2026,              10.00,          18048735,            205.75,     3713166251.55   
02 JAN 2026,MANORAMA,EQ,MANORAMA INDUSTRIES LTD  ,Listed    ,02 JAN 2026,               2.00,          59708530,           1390.80,    83042623524.00  
02 JAN 2026,MANORG,EQ,MANGALAM ORGANICS LIMITED,Listed    ,02 JAN 2026,              10.00,           8564440,            480.45,     4114785198.00    
02 JAN 2026,MANUGRAPH,EQ,MANUGRAPH INDIA LIMITED  ,Listed    ,02 JAN 2026,               2.00,          30415061,             16.30,      495461343.70 
02 JAN 2026,MANYAVAR,EQ,VEDANT FASHIONS LIMITED  ,Listed    ,02 JAN 2026,               1.00,         242973103,            579.65,   140839359153.95  
02 JAN 2026,MAPMYINDIA,EQ,C.E. INFO SYSTEMS LIMITED,Listed    ,02 JAN 2026,               2.00,          54721665,           1701.80,    93125329497.00
02 JAN 2026,MARALOVER,EQ,MARAL OVERSEAS LTD       ,Listed    ,02 JAN 2026,              10.00,          41508000,             43.95,     1823861520.00 
02 JAN 2026,MARATHON,EQ,MARATHON NXTGEN REALT LTD,Listed    ,02 JAN 2026,               5.00,          67420546,            529.15,    35675581915.90  
02 JAN 2026,MARC,ST,MARC TECHNOCRATS LIMITED ,Listed    ,02 JAN 2026,              10.00,          17313383,             53.30,      922803313.90      
02 JAN 2026,MARCO,SM,MARCO CABLE & CONDUCTOR L,Listed    ,02 JAN 2026,              10.00,          18699000,             38.75,      724586250.00     
02 JAN 2026,MARICO,EQ,MARICO LIMITED           ,Listed    ,02 JAN 2026,               1.00,        1298087659,            757.75,   983625923607.25    
02 JAN 2026,MARINE,EQ,MARINE ELECTRICAL (I) LTD,Listed    ,02 JAN 2026,               2.00,         137944410,            213.65,    29469064308.30    
02 JAN 2026,MARINETRAN,ST,MARINETRANS INDIA LIMITED,Listed    ,02 JAN 2026,              10.00,          12726000,             22.05,      280608300.00
02 JAN 2026,MARKOLINES,EQ,MARKOLINES PAVEMENT TEC L,Listed    ,02 JAN 2026,              10.00,          22040920,            157.75,     3476514311.60
02 JAN 2026,MARKSANS,EQ,MARKSANS PHARMA LIMITED  ,Listed    ,02 JAN 2026,               1.00,         453288438,            182.20,    82584620519.20  
02 JAN 2026,MARUTI,EQ,MARUTI SUZUKI INDIA LTD. ,Listed    ,02 JAN 2026,               5.00,         314402574,          16960.00,  5332267655040.00    
02 JAN 2026,MASFIN,EQ,MAS FINANCIAL SERV LTD   ,Listed    ,02 JAN 2026,              10.00,         181453377,            325.30,    59026783538.10    
02 JAN 2026,MASKINVEST,BE,MASK INVESTMENTS LIMITED ,Listed    ,02 JAN 2026,              10.00,           3051500,            151.00,      460776500.00
02 JAN 2026,MASON,SM,MASON INFRATECH LIMITED  ,Listed    ,02 JAN 2026,              10.00,          23940000,            191.90,     4594086000.00     
02 JAN 2026,MASTEK,EQ,MASTEK LTD               ,Listed    ,02 JAN 2026,               5.00,          30986639,           2116.20,    65573925451.80    
02 JAN 2026,MASTER,SM,MASTER COMPONENTS LIMITED,Listed    ,31 DEC 2025,              10.00,           4000000,            339.20,     1356800000.00    
02 JAN 2026,MASTERTR,EQ,MASTER TRUST LIMITED     ,Listed    ,02 JAN 2026,               1.00,         123016000,            118.25,    14547872160.00  
02 JAN 2026,MATRIMONY,EQ,MATRIMONY.COM LIMITED    ,Listed    ,02 JAN 2026,               5.00,          21563422,            550.35,    11867429297.70 
02 JAN 2026,MAWANASUG,EQ,MAWANA SUGARS LIMITED    ,Listed    ,02 JAN 2026,              10.00,          39116864,             87.45,     3420378588.15 
02 JAN 2026,MAXESTATES,EQ,MAX ESTATES LIMITED      ,Listed    ,02 JAN 2026,              10.00,         162187996,            451.90,    73292755392.40
02 JAN 2026,MAXHEALTH,EQ,MAX HEALTHCARE INS LTD   ,Listed    ,02 JAN 2026,              10.00,         972769354,           1062.60,  1033664715560.40 
02 JAN 2026,MAXIND,EQ,MAX INDIA LIMITED        ,Listed    ,02 JAN 2026,              10.00,          52430362,            187.85,     9848519198.10    
02 JAN 2026,MAXPOSURE,SM,MAXPOSURE LIMITED        ,Listed    ,02 JAN 2026,              10.00,          22740950,             44.75,     1017657512.50 
02 JAN 2026,MAXVOLT,ST,MAXVOLT ENERGY INDUS L   ,Listed    ,02 JAN 2026,              10.00,          10903928,            484.00,     5277501152.00   
02 JAN 2026,MAYASHEEL,ST,MAYASHEEL VENTURES LTD   ,Listed    ,02 JAN 2026,              10.00,          22050000,             64.00,     1411200000.00 
02 JAN 2026,MAYURUNIQ,EQ,MAYUR UNIQUOTERS LTD     ,Listed    ,02 JAN 2026,               5.00,          43452600,            514.20,    22343326920.00 
02 JAN 2026,MAZDA,EQ,MAZDA LIMITED            ,Listed    ,02 JAN 2026,               2.00,          20025000,            223.20,     4469780250.00     
02 JAN 2026,MAZDOCK,EQ,MAZAGON DOCK SHIPBUIL LTD,Listed    ,02 JAN 2026,               5.00,         403380000,           2494.50,  1006231410000.00   
02 JAN 2026,MBAPL,EQ,MADHYA BHARAT AGRO P. LTD,Listed    ,02 JAN 2026,              10.00,          87626940,            429.80,    37662058812.00     
02 JAN 2026,MBEL,EQ,M AND B ENGINEERING LTD  ,Listed    ,02 JAN 2026,              10.00,          57148215,            384.20,    21956344203.00      
02 JAN 2026,MBLINFRA,EQ,MBL INFRASTRUCTURE LTD   ,Listed    ,02 JAN 2026,              10.00,         152529256,             32.25,     4919068506.00  
02 JAN 2026,MCL,EQ,MADHAV COPPER LIMITED    ,Listed    ,02 JAN 2026,               5.00,          27142800,             78.90,     2141838348.00       
02 JAN 2026,MCLEODRUSS,BE,MCLEOD RUSSEL INDIA LTD. ,Listed    ,02 JAN 2026,               5.00,         104455735,             47.95,     5009697050.60
02 JAN 2026,MCLOUD,EQ,MAGELLANIC CLOUD LIMITED ,Listed    ,02 JAN 2026,               2.00,         584395120,             25.90,    15141677559.20    
02 JAN 2026,MCON,ST,MCON RASAYAN INDIA LTD   ,Listed    ,02 JAN 2026,              10.00,           7329090,             63.40,      464664306.00      
02 JAN 2026,MCX,EQ,MULTI COMMODITY EXCHANGE ,Permitted ,02 JAN 2026,               2.00,         254991845,           2216.00,   565061928520.00       
02 JAN 2026,MDL,SM,MARVEL DECOR LIMITED     ,Listed    ,29 DEC 2025,              10.00,          17740140,             71.00,     1259549940.00       
02 JAN 2026,MEDANTA,EQ,GLOBAL HEALTH LIMITED    ,Listed    ,02 JAN 2026,               2.00,         268790382,           1217.10,   327144773932.20   
02 JAN 2026,MEDIASSIST,EQ,MEDI ASSIST HEALTH SER L ,Listed    ,02 JAN 2026,               5.00,          74457742,            467.70,    34823885933.40
02 JAN 2026,MEDICAMEQ,EQ,MEDICAMEN BIOTECH LIMITED,Listed    ,02 JAN 2026,              10.00,          13562815,            379.30,     5144375729.50 
02 JAN 2026,MEDICO,EQ,MEDICO REMEDIES LIMITED  ,Listed    ,02 JAN 2026,               2.00,          82984000,             50.35,     4179904080.00    
02 JAN 2026,MEDIORG,SM,MEDICAMEN ORGANICS LTD   ,Listed    ,02 JAN 2026,              10.00,          11700000,             26.45,      309465000.00   
02 JAN 2026,MEDISTEP,SM,MEDISTEP HEALTHCARE LTD  ,Listed    ,02 JAN 2026,              10.00,          14209546,             24.95,      354528172.70  
02 JAN 2026,MEDPLUS,EQ,MEDPLUS HEALTH SERV LTD  ,Listed    ,02 JAN 2026,               2.00,         119822581,            808.25,    96846601093.25   
02 JAN 2026,MEESHO,EQ,MEESHO LIMITED           ,Listed    ,02 JAN 2026,               1.00,        4513131000,            179.25,   808978731750.00    
02 JAN 2026,MEGAFLEX,ST,MEGA FLEX PLASTICS LTD   ,Listed    ,02 JAN 2026,              10.00,          12131025,            127.20,     1543066380.00  
02 JAN 2026,MEGASOFT,BE,MEGASOFT LTD             ,Listed    ,02 JAN 2026,              10.00,          73770041,            207.25,    15287365596.45  
02 JAN 2026,MEGASTAR,BE,MEGASTAR FOODS LIMITED   ,Listed    ,02 JAN 2026,              10.00,          11293700,            233.30,     2634933147.00  
02 JAN 2026,MEGATHERM,SM,MEGATHERM INDUCTION LTD  ,Listed    ,02 JAN 2026,              10.00,          18840729,            229.50,     4323947305.50 
02 JAN 2026,MEIL,EQ,MANGAL ELECTRICAL IND L  ,Listed    ,02 JAN 2026,              10.00,          27630124,            375.75,    10382019093.00      
02 JAN 2026,MENONBE,EQ,MENON BEARINGS LIMITED   ,Listed    ,02 JAN 2026,               1.00,          56040000,            111.95,     6274798800.00   
02 JAN 2026,MEP,BZ,MEP INFRA. DEVELOPERS LTD,Listed    ,02 JAN 2026,              10.00,         183446051,              1.85,      337540733.85       
02 JAN 2026,METROBRAND,EQ,METRO BRANDS LIMITED     ,Listed    ,02 JAN 2026,               5.00,         272433991,           1180.10,   321499352779.10
02 JAN 2026,METROPOLIS,EQ,METROPOLIS HEALTHCARE LTD,Listed    ,02 JAN 2026,               2.00,          51821982,           1933.30,   100187437800.60
02 JAN 2026,MFML,EQ,MAHALAXMI FABRIC MILLS LT,Listed    ,02 JAN 2026,              10.00,          10620275,             24.70,      262320792.50      
02 JAN 2026,MFSL,EQ,MAX FINANCIAL SERV LTD   ,Listed    ,02 JAN 2026,               2.00,         345114771,           1671.00,   576686782341.00      
02 JAN 2026,MGEL,EQ,MANGALAM GLOBAL ENT LTD  ,Listed    ,02 JAN 2026,               1.00,         329555600,             14.15,     4659916184.00      
02 JAN 2026,MGL,EQ,MAHANAGAR GAS LTD.       ,Listed    ,02 JAN 2026,              10.00,          98777778,           1142.00,   112804222476.00       
02 JAN 2026,MGSL,SM,MATRIX GEO SOLUTIONS LTD ,Listed    ,02 JAN 2026,              10.00,          14581832,            106.75,     1556610566.00      
02 JAN 2026,MHHL,SM,MOHINI HEALTH&HYGIENE LTD,Listed    ,02 JAN 2026,              10.00,          18235900,             38.00,      692964200.00      
02 JAN 2026,MHLXMIRU,EQ,MAHALAXMI RUBTECH LIMITED,Listed    ,02 JAN 2026,              10.00,          10620275,            206.30,     2191175138.00  
02 JAN 2026,MHRIL,EQ,MAHINDRA HOLIDAYS LTD    ,Listed    ,02 JAN 2026,              10.00,         202039321,            308.05,    62238212834.05     
02 JAN 2026,MICEL,EQ,MIC ELECTRONICS LTD      ,Listed    ,02 JAN 2026,               2.00,         241011560,             44.80,    10802138119.20     
02 JAN 2026,MICROPRO,SM,MICROPRO SOFTWARE SOL L  ,Listed    ,02 JAN 2026,              10.00,          14299400,             19.50,      278838300.00  
02 JAN 2026,MIDHANI,EQ,MISHRA DHATU NIGAM LTD   ,Listed    ,02 JAN 2026,              10.00,         187340000,            355.15,    66533801000.00   
02 JAN 2026,MIDWESTLTD,EQ,MIDWEST LIMITED          ,Listed    ,02 JAN 2026,               5.00,          36160816,           1711.60,    61892852665.60
02 JAN 2026,MIEL,SM,MANGLAM INFRA & ENG LTD  ,Listed    ,02 JAN 2026,              10.00,          17596700,             20.75,      365131525.00      
02 JAN 2026,MILTON,SM,MILTON INDUSTRIES LIMITED,Listed    ,29 DEC 2025,              10.00,          16995000,             30.50,      518347500.00    
02 JAN 2026,MINDACORP,EQ,MINDA CORPORATION LTD    ,Listed    ,02 JAN 2026,               2.00,         239079428,            602.50,   144045355370.00 
02 JAN 2026,MINDPOOL,SM,MINDPOOL TECHNOLOGIES LTD,Listed    ,11 SEP 2025,              10.00,           4237500,             71.10,      301286250.00  
02 JAN 2026,MINDSPACE,RR,MINDSPACE BUSINESS P REIT,Listed    ,02 JAN 2026,             275.00,         609183634,            474.40,   289002807805.95 
02 JAN 2026,MINDTECK,EQ,MINDTECK (INDIA) LIMITED ,Listed    ,02 JAN 2026,              10.00,          31954221,            220.30,     7039834428.50  
02 JAN 2026,MIRCELECTR,EQ,MIRC ELECTRONICS LTD     ,Listed    ,02 JAN 2026,               1.00,         280442464,             28.85,     8085156237.10
02 JAN 2026,MIRZAINT,EQ,MIRZA INTERNATIONAL LIMIT,Listed    ,02 JAN 2026,               2.00,         138201900,             37.10,     5124526452.00  
02 JAN 2026,MITCON,EQ,MITCON CON & ENG SER LTD ,Listed    ,02 JAN 2026,              10.00,          17418418,             66.90,     1164943795.85    
02 JAN 2026,MITTAL,EQ,MITTAL LIFE STYLE LIMITED,Listed    ,02 JAN 2026,               1.00,         224016720,              1.15,      253138893.60    
02 JAN 2026,MKPL,EQ,M K PROTEINS LIMITED     ,Listed    ,02 JAN 2026,               1.00,         375372000,              5.95,     2237217120.00      
02 JAN 2026,MMEL,SM,MOVING MEDIA ENTER LTD   ,Listed    ,31 DEC 2025,              10.00,          18806336,             51.00,      959123136.00      
02 JAN 2026,MMFL,EQ,MM FORGINGS LTD          ,Listed    ,02 JAN 2026,              10.00,          48281600,            394.45,    19044677120.00      
02 JAN 2026,MMP,EQ,MMP INDUSTRIES LIMITED   ,Listed    ,02 JAN 2026,              10.00,          25402613,            271.95,     6908240605.35       
02 JAN 2026,MMTC,EQ,MMTC LIMITED             ,Listed    ,02 JAN 2026,               1.00,        1500000000,             67.30,   100950000000.00      
02 JAN 2026,MOBIKWIK,EQ,ONE MOBIKWIK SYSTEMS LTD ,Listed    ,02 JAN 2026,               2.00,          78658458,            228.60,    17981323498.80  
02 JAN 2026,MODINATUR,EQ,MODI NATURALS LIMITED    ,Listed    ,02 JAN 2026,              10.00,          13306397,            356.65,     4745726490.05 
02 JAN 2026,MODIRUBBER,EQ,MODI RUBBER LTD          ,Listed    ,02 JAN 2026,              10.00,          25040532,            141.15,     3534220686.50
02 JAN 2026,MODIS,EQ,MODIS NAVNIRMAN LTD      ,Listed    ,02 JAN 2026,              10.00,          19591200,            339.05,     6642396360.00     
02 JAN 2026,MODISONLTD,EQ,MODISON LIMITED          ,Listed    ,02 JAN 2026,               1.00,          32450000,            160.40,     5205304500.00
02 JAN 2026,MODTHREAD,EQ,MODERN THREADS INDIA LTD ,Listed    ,02 JAN 2026,              10.00,          34775160,             44.00,     1530454791.60 
02 JAN 2026,MOHITIND,EQ,MOHIT INDUSTRIES LTD     ,Listed    ,02 JAN 2026,              10.00,          14157575,             29.05,      411135978.00  
02 JAN 2026,MOIL,EQ,MOIL LIMITED             ,Listed    ,02 JAN 2026,              10.00,         203485211,            375.20,    76347651167.20      
02 JAN 2026,MOKSH,EQ,MOKSH ORNAMENTS LIMITED  ,Listed    ,02 JAN 2026,               2.00,          88248967,             14.50,     1280492511.15     
02 JAN 2026,MOL,EQ,MEGHMANI ORGANICS LIMITED,Listed    ,02 JAN 2026,               1.00,         254314211,             64.75,    16461758878.05       
02 JAN 2026,MOLDTECH,EQ,MOLD-TEK TECHNOLOGIES LTD,Listed    ,02 JAN 2026,               2.00,          28805118,            151.20,     4354757739.25  
02 JAN 2026,MOLDTKPAC,EQ,MOLD-TEK PACKAGING LTD   ,Listed    ,02 JAN 2026,               5.00,          33120639,            615.25,    20377473144.75 
02 JAN 2026,MONARCH,EQ,MONARCH NETWORTH CAP LTD ,Listed    ,02 JAN 2026,              10.00,          73907387,            313.05,    23136707500.35   
02 JAN 2026,MONEYBOXX,EQ,MONEYBOXX FINANCE LIMITED,Listed    ,02 JAN 2026,              10.00,          65409200,             61.80,     4042942652.00 
02 JAN 2026,MONOLITH,SM,MONOLITHISCH INDIA LTD   ,Listed    ,02 JAN 2026,              10.00,          21736000,            503.50,    10944076000.00  
02 JAN 2026,MONOPHARMA,SM,MONO PHARMACARE LIMITED  ,Listed    ,01 JAN 2026,              10.00,          17668564,             14.50,      256194178.00
02 JAN 2026,MONTECARLO,EQ,MONTE CARLO FASHIONS LTD.,Listed    ,02 JAN 2026,              10.00,          20732064,            643.15,    13333826961.60
02 JAN 2026,MOREPENLAB,EQ,MOREPEN LAB. LTD         ,Listed    ,02 JAN 2026,               2.00,         547953699,             42.05,    23030493968.95
02 JAN 2026,MOS,SM,MOS UTILITY LIMITED      ,Listed    ,02 JAN 2026,               2.00,         257440410,             23.45,     6036977614.50       
02 JAN 2026,MOSCHIP,EQ,MOSCHIP TECHNOLOGIES LTD ,Listed    ,02 JAN 2026,               2.00,         192692847,            211.05,    40667825359.35   
02 JAN 2026,MOTHERSON,EQ,SAMVRDHNA MTHRSN INTL LTD,Listed    ,02 JAN 2026,               1.00,       10554442601,            122.05,  1288064175026.05 
02 JAN 2026,MOTILALOFS,EQ,MOTILAL OSWAL FIN LTD    ,Listed    ,02 JAN 2026,               1.00,         600781611,            866.70,   520697422253.70
02 JAN 2026,MOTISONS,EQ,MOTISONS JEWELLERS LTD   ,Listed    ,02 JAN 2026,               1.00,         984460000,             14.60,    14363271400.00  
02 JAN 2026,MOTOGENFIN,EQ,MOTOR & GENERAL FINANCE L,Listed    ,02 JAN 2026,               5.00,          38727190,             23.20,      897696264.20
02 JAN 2026,MOXSH,ST,MOXSH OVERSEAS EDUCON LTD,Listed    ,02 JAN 2026,              10.00,           8963200,             81.00,      726019200.00     
02 JAN 2026,MPEL,SM,MANAS POLYMER N ENERGIE L,Listed    ,02 JAN 2026,              10.00,           7776000,             90.00,      699840000.00      
02 JAN 2026,MPHASIS,EQ,MPHASIS LIMITED          ,Listed    ,02 JAN 2026,              10.00,         190557873,           2807.20,   534934061085.60   
02 JAN 2026,MPSLTD,EQ,MPS LIMITED              ,Listed    ,02 JAN 2026,              10.00,          17105816,           1985.90,    33970439994.40    
02 JAN 2026,MPTODAY,SM,M P TODAY MEDIA LIMITED  ,Listed    ,26 NOV 2025,              10.00,           4568000,             47.55,      217208400.00   
02 JAN 2026,MRF,EQ,MRF LTD                  ,Listed    ,02 JAN 2026,              10.00,           4241143,         150685.00,   639076632955.00       
02 JAN 2026,MRIL,SM,MAHENDRA REALTO & INFRA L,Listed    ,02 JAN 2026,              10.00,          22103900,             51.95,     1148297605.00      
02 JAN 2026,MRPL,EQ,MRPL                     ,Listed    ,02 JAN 2026,              10.00,        1752598777,            151.30,   265185720947.85      
02 JAN 2026,MSPL,EQ,MSP STEEL & POWER LTD.   ,Listed    ,02 JAN 2026,              10.00,         566796645,             37.05,    20988479764.35      
02 JAN 2026,MSTCLTD,EQ,MSTC LIMITED             ,Listed    ,02 JAN 2026,              10.00,          70400000,            528.30,    37192320000.00   
02 JAN 2026,MSUMI,EQ,MOTHERSON SUMI WRNG IND L,Listed    ,02 JAN 2026,               1.00,        6631661898,             49.85,   330588345615.30     
02 JAN 2026,MTARTECH,EQ,MTAR TECHNOLOGIES LIMITED,Listed    ,02 JAN 2026,              10.00,          30759591,           2372.20,    72967901770.20  
02 JAN 2026,MTEDUCARE,BE,MT EDUCARE LTD           ,Listed    ,02 JAN 2026,              10.00,          72228054,              1.70,      124232252.90 
02 JAN 2026,MTNL,EQ,MAHANAGAR TELEPHONE NIGAM,Listed    ,02 JAN 2026,              10.00,         630000000,             36.75,    23165100000.00      
02 JAN 2026,MUFIN,EQ,MUFIN GREEN FINANCE LTD  ,Listed    ,02 JAN 2026,               1.00,         173231423,            118.80,    20578160738.15     
02 JAN 2026,MUFTI,EQ,CREDO BRANDS MARKETING L ,Listed    ,02 JAN 2026,               2.00,          65370103,            100.20,     6549430619.55     
02 JAN 2026,MUKANDLTD,EQ,MUKAND LTD.              ,Listed    ,02 JAN 2026,              10.00,         144495563,            138.80,    20057429100.05 
02 JAN 2026,MUKKA,EQ,MUKKA PROTEINS LIMITED   ,Listed    ,02 JAN 2026,               1.00,         300000000,             24.05,     7215000000.00     
02 JAN 2026,MUKTAARTS,EQ,MUKTA ARTS LIMITED       ,Listed    ,02 JAN 2026,               5.00,          22585200,             63.10,     1424674416.00 
02 JAN 2026,MUNISH,SM,MUNISH FORGE LIMITED     ,Listed    ,02 JAN 2026,              10.00,          24070263,            103.65,     2494882759.95    
02 JAN 2026,MUNJALAU,EQ,MUNJAL AUTO IND. LTD.    ,Listed    ,02 JAN 2026,               2.00,         100000000,             83.40,     8342000000.00  
02 JAN 2026,MUNJALSHOW,EQ,MUNJAL SHOWA LTD         ,Listed    ,02 JAN 2026,               2.00,          39995000,            125.40,     5015373000.00
02 JAN 2026,MURUDCERA,EQ,MURUDESHWAR CERAMICS LTD ,Listed    ,02 JAN 2026,              10.00,          60545260,             35.15,     2126954983.80 
02 JAN 2026,MUTHOOTCAP,EQ,MUTHOOT CAP SERV LTD     ,Listed    ,02 JAN 2026,              10.00,          16447533,            278.80,     4585572200.40
02 JAN 2026,MUTHOOTFIN,EQ,MUTHOOT FINANCE LIMITED  ,Listed    ,02 JAN 2026,              10.00,         401468476,           3820.80,  1533930753100.80
02 JAN 2026,MUTHOOTMF,EQ,MUTHOOT MICROFIN LIMITED ,Listed    ,02 JAN 2026,              10.00,         170492176,            176.35,    30069705081.10 
02 JAN 2026,MVGJL,EQ,MANOJ VAIBHAV GEM N JEW L,Listed    ,02 JAN 2026,              10.00,          48847441,            183.45,     8961063051.45     
02 JAN 2026,MVKAGRO,ST,M.V.K. AGRO FOOD PROD LTD,Listed    ,02 JAN 2026,              10.00,          50503900,            727.05,    36718860495.00   
02 JAN 2026,MWL,EQ,MANGALAM WORLDWIDE LTD   ,Listed    ,02 JAN 2026,              10.00,          29700674,            272.55,     8094918698.70       
02 JAN 2026,MYMUDRA,SM,MY MUDRA FINCORP LIMITED ,Listed    ,02 JAN 2026,              10.00,          11391800,             91.05,     1037223390.00   
02 JAN 2026,NACLIND,BE,NACL INDUSTRIES LIMITED  ,Listed    ,02 JAN 2026,               1.00,         234013331,            167.95,    39300198808.15   
02 JAN 2026,NAGAFERT,EQ,NAGARJUN FERT AND CHE LTD,Listed    ,02 JAN 2026,               1.00,         598065003,              5.35,     3211609066.10  
02 JAN 2026,NAGREEKCAP,BE,NAGREEKA CAP & INFR.LTD  ,Listed    ,02 JAN 2026,               5.00,          12615300,             27.50,      346668444.00
02 JAN 2026,NAGREEKEXP,EQ,NAGREEKA EXPORTS LTD.    ,Listed    ,02 JAN 2026,               5.00,          31249250,             25.65,      801543262.50
02 JAN 2026,NAHARCAP,EQ,NAHAR CAP & FIN.         ,Listed    ,02 JAN 2026,               5.00,          16746167,            259.10,     4338931869.70  
02 JAN 2026,NAHARINDUS,EQ,NAHAR INDS ENT LTD       ,Listed    ,02 JAN 2026,              10.00,          43205581,            110.65,     4781129593.45
02 JAN 2026,NAHARPOLY,EQ,NAHAR POLY FILMS LIMITED ,Listed    ,02 JAN 2026,               5.00,          24587991,            238.30,     5859564135.20 
02 JAN 2026,NAHARSPING,EQ,NAHAR SPINNING MILLS LTD.,Listed    ,02 JAN 2026,               5.00,          36065303,            194.55,     7017226004.70
02 JAN 2026,NAM-INDIA,EQ,NIPPON L I A M LTD       ,Listed    ,02 JAN 2026,              10.00,         637034489,            892.30,   568425874534.70 
02 JAN 2026,NAMAN,SM,NAMAN INDUSTRE PRXIMA LTD,Listed    ,01 JAN 2026,              10.00,          13065980,             63.00,      823156740.00     
02 JAN 2026,NAMOEWASTE,SM,NAMO EWASTE MANAGEMENT L ,Listed    ,02 JAN 2026,              10.00,          22867515,            184.05,     4208766135.75
02 JAN 2026,NARMADA,BE,NARMADA AGROBASE LIMITED ,Listed    ,02 JAN 2026,              10.00,          37936399,             22.50,      853568977.50   
02 JAN 2026,NATCAPSUQ,EQ,NATURAL CAPSULES LIMITED ,Listed    ,02 JAN 2026,              10.00,          10341154,            197.65,     2044135911.20 
02 JAN 2026,NATCOPHARM,EQ,NATCO PHARMA LTD.        ,Listed    ,02 JAN 2026,               2.00,         179109870,            893.05,   159954069403.50
02 JAN 2026,NATHBIOGEN,EQ,NATH BIO-GENES (I) LTD   ,Listed    ,02 JAN 2026,              10.00,          19004000,            161.15,     3062304560.00
02 JAN 2026,NATIONALUM,EQ,NATIONAL ALUMINIUM CO LTD,Listed    ,02 JAN 2026,               5.00,        1836631787,            330.30,   606639479246.10
02 JAN 2026,NAUKRI,EQ,INFO EDGE (I) LTD        ,Listed    ,02 JAN 2026,               2.00,         648420600,           1367.70,   886844854620.00    
02 JAN 2026,NAVA,EQ,NAVA LIMITED             ,Listed    ,02 JAN 2026,               1.00,         283001276,            573.45,   162287081722.20      
02 JAN 2026,NAVINFLUOR,EQ,NAVIN FLUORINE INT. LTD  ,Listed    ,02 JAN 2026,               2.00,          51222524,           5903.00,   302366559172.00
02 JAN 2026,NAVKARCORP,EQ,NAVKAR CORPORATION LTD.  ,Listed    ,02 JAN 2026,              10.00,         150519181,            101.30,    15250603418.90
02 JAN 2026,NAVKARURB,EQ,NAVKAR URBANSTRUCTURE LTD,Listed    ,02 JAN 2026,               1.00,        1122090422,              1.75,     1941216430.05 
02 JAN 2026,NAVNETEDUL,EQ,NAVNEET EDUCATION LTD    ,Listed    ,02 JAN 2026,               2.00,         221213181,            147.65,    32659914042.85
02 JAN 2026,NAZARA,EQ,NAZARA TECHNOLOGIES LTD  ,Listed    ,02 JAN 2026,               2.00,         370465024,            285.15,   105638101593.60    
02 JAN 2026,NBCC,EQ,NBCC (INDIA) LIMITED     ,Listed    ,02 JAN 2026,               1.00,        2700000000,            122.65,   331209000000.00      
02 JAN 2026,NBIFIN,EQ,N.B.I. IND. FIN. CO. LTD ,Listed    ,02 JAN 2026,               5.00,           2954850,           2232.90,     6597884565.00    
02 JAN 2026,NCC,EQ,NCC LIMITED              ,Listed    ,02 JAN 2026,               2.00,         627846588,            161.50,   101390945496.10       
02 JAN 2026,NCLIND,EQ,NCL INDUSTRIES LIMITED   ,Listed    ,02 JAN 2026,              10.00,          45232790,            207.50,     9385803925.00    
02 JAN 2026,NDGL,EQ,NAGA DHUNSERI GROUP LTD  ,Listed    ,02 JAN 2026,              10.00,           1000000,           2804.00,     2804000000.00      
02 JAN 2026,NDL,EQ,NANDAN DENIM LIMITED     ,Listed    ,02 JAN 2026,               1.00,        1441471680,              2.95,     4266756172.80       
02 JAN 2026,NDLVENTURE,EQ,NDL VENTURES LIMITED     ,Listed    ,02 JAN 2026,              10.00,          33671621,             89.90,     3026742011.70
02 JAN 2026,NDRAUTO,EQ,NDR AUTO COMPONENTS LTD  ,Listed    ,02 JAN 2026,              10.00,          23785304,            821.85,    19547952092.40   
02 JAN 2026,NDRINVIT,IV,NDR INVIT TRUST          ,Listed    ,26 DEC 2025,             100.00,         396012214,            128.00,    50689563392.00  
02 JAN 2026,NDTV,EQ,NDTV LTD                 ,Listed    ,02 JAN 2026,               4.00,         112824717,            100.30,    11314062620.75      
02 JAN 2026,NECCLTD,EQ,NORTH EAST CARRY CORP LTD,Listed    ,02 JAN 2026,              10.00,         100000000,             18.65,     1863000000.00   
02 JAN 2026,NECLIFE,BE,NECTAR LIFESCIENCES LTD. ,Listed    ,02 JAN 2026,               1.00,         224260970,             20.10,     4512130716.40   
02 JAN 2026,NEELAM,SM,NEELAM LINENS & GAR (I) L,Listed    ,02 JAN 2026,              10.00,          20218000,             14.00,      283052000.00    
02 JAN 2026,NELCAST,EQ,NELCAST LIMITED          ,Listed    ,02 JAN 2026,               2.00,          87001200,            105.65,     9192546792.00   
02 JAN 2026,NELCO,EQ,NELCO LTD                ,Listed    ,02 JAN 2026,              10.00,          22818400,            729.60,    16648304640.00     
02 JAN 2026,NEOCHEM,SM,NEOCHEM BIO SOLUTIONS LTD,Listed    ,02 JAN 2026,              10.00,          17120753,             84.45,     1445847590.85   
02 JAN 2026,NEOGEN,EQ,NEOGEN CHEMICALS LIMITED ,Listed    ,02 JAN 2026,              10.00,          26381674,           1154.30,    30452366298.20    
02 JAN 2026,NEPHROCARE,ST,NEPHRO CARE INDIA LIMITED,Listed    ,02 JAN 2026,              10.00,          16486400,            112.30,     1851422720.00
02 JAN 2026,NEPHROPLUS,EQ,NEPHROCARE HEALTH SERV L ,Listed    ,02 JAN 2026,               2.00,         100340717,            474.40,    47601636144.80
02 JAN 2026,NEPTUNE,SM,NEPTUNE PETROCHEMICALS L ,Listed    ,02 JAN 2026,              10.00,          22653500,            199.50,     4519373250.00   
02 JAN 2026,NESCO,EQ,NESCO LTD.               ,Listed    ,02 JAN 2026,               2.00,          70459960,           1245.90,    87786064164.00     
02 JAN 2026,NESTLEIND,EQ,NESTLE INDIA LIMITED     ,Listed    ,02 JAN 2026,               1.00,        1928314320,           1279.70,  2467663835304.00 
02 JAN 2026,NETWEB,EQ,NETWEB TECH INDIA LTD    ,Listed    ,02 JAN 2026,               2.00,          56653868,           3024.10,   171326962218.80    
02 JAN 2026,NETWORK18,EQ,NETWORK18 MEDIA & INV LTD,Listed    ,02 JAN 2026,               5.00,        1542000018,             43.80,    67508760788.05 
02 JAN 2026,NEULANDLAB,EQ,NEULAND LAB LTD.         ,Listed    ,02 JAN 2026,              10.00,          12829889,          15276.00,   195989384364.00
02 JAN 2026,NEWGEN,EQ,NEWGEN SOFTWARE TECH LTD ,Listed    ,02 JAN 2026,              10.00,         142317787,            840.15,   119568288748.05    
02 JAN 2026,NEWJAISA,SM,NEWJAISA TECHNOLOGIES LTD,Listed    ,02 JAN 2026,               5.00,          35670694,             27.40,      977377015.60  
02 JAN 2026,NEXTMEDIA,EQ,NEXT MEDIAWORKS LIMITED  ,Listed    ,02 JAN 2026,              10.00,          66892908,              6.10,      408046738.80 
02 JAN 2026,NFL,EQ,NATIONAL FERT. LTD       ,Listed    ,02 JAN 2026,              10.00,         490578400,             91.65,    44966416144.00       
02 JAN 2026,NGIL,EQ,NAKODA GROUP OF IND. LTD ,Listed    ,02 JAN 2026,              10.00,          17538052,             29.95,      525440037.90      
02 JAN 2026,NGLFINE,EQ,NGL FINE CHEM LIMITED    ,Listed    ,02 JAN 2026,               5.00,           6178024,           1408.10,     8699275594.40   
02 JAN 2026,NH,EQ,NARAYANA HRUDAYALAYA LTD.,Listed    ,02 JAN 2026,              10.00,         204360804,           1921.10,   392597540564.40        
02 JAN 2026,NHIT,IV,NATIONAL HIGHW INFRA TRUS,Listed    ,02 JAN 2026,             100.00,        1936850600,            148.00,   286653888800.00      
02 JAN 2026,NHPC,EQ,NHPC LTD                 ,Listed    ,02 JAN 2026,              10.00,       10045034805,             83.60,   839965810394.10      
02 JAN 2026,NIACL,EQ,THE NEW INDIA ASSU CO LTD,Listed    ,02 JAN 2026,               5.00,        1648000000,            157.05,   258801920000.00     
02 JAN 2026,NIBE,EQ,NIBE LIMITED             ,Listed    ,02 JAN 2026,              10.00,          14501273,           1236.80,    17935174446.40      
02 JAN 2026,NIBL,EQ,NRB INDUS. BEARINGS LTD. ,Listed    ,02 JAN 2026,               2.00,          24230650,             36.40,      881511047.00      
02 JAN 2026,NIDAN,SM,NIDAN LABS AND HEALTH LTD,Listed    ,02 JAN 2026,              10.00,          13900000,             18.85,      262015000.00     
02 JAN 2026,NIITLTD,EQ,NIIT LIMITED             ,Listed    ,02 JAN 2026,               2.00,         136383759,             92.65,    12635955271.35   
02 JAN 2026,NIITMTS,EQ,NIIT LEARNING SYSTEMS LTD,Listed    ,02 JAN 2026,               2.00,         137135439,            414.15,    56794642061.85   
02 JAN 2026,NIKITA,ST,NIKITA GRENTEC RECYCL LTD,Listed    ,01 JAN 2026,              10.00,          24667900,            139.00,     3428838100.00    
02 JAN 2026,NILAINFRA,EQ,NILA INFRASTRUCTURES LTD ,Listed    ,02 JAN 2026,               1.00,         393889200,              9.65,     3797091888.00 
02 JAN 2026,NILASPACES,BE,NILA SPACES LIMITED      ,Listed    ,02 JAN 2026,               1.00,         393889200,             16.10,     6341616120.00
02 JAN 2026,NILKAMAL,EQ,NILKAMAL LIMITED         ,Listed    ,02 JAN 2026,              10.00,          14922525,           1406.40,    20987039160.00  
02 JAN 2026,NINSYS,EQ,NINTEC SYSTEMS LIMITED   ,Listed    ,02 JAN 2026,              10.00,          18576000,            398.50,     7402536000.00    
02 JAN 2026,NIPPOBATRY,EQ,INDO-NATIONAL LIMITED    ,Listed    ,02 JAN 2026,               5.00,           7500000,            413.65,     3102375000.00
02 JAN 2026,NIRAJ,EQ,NIRAJ CEMENT STRUC LTD   ,Listed    ,02 JAN 2026,              10.00,          59694340,             39.25,     2342405901.60     
02 JAN 2026,NIRAJISPAT,EQ,NIRAJ ISPAT IND LTD      ,Listed    ,02 JAN 2026,              10.00,            600000,            201.45,      120876000.00
02 JAN 2026,NIRMAN,SM,NIRMAN AGRI GENTICS LTD  ,Listed    ,02 JAN 2026,              10.00,           8009676,             61.30,      490993138.80    
02 JAN 2026,NITCO,EQ,NITCO LIMITED            ,Listed    ,02 JAN 2026,              10.00,         229116105,             99.15,    22714570649.70     
02 JAN 2026,NITINSPIN,EQ,NITIN SPINNERS LIMITED   ,Listed    ,02 JAN 2026,              10.00,          56220000,            320.15,    17998833000.00 
02 JAN 2026,NITIRAJ,EQ,NITIRAJ ENGINEERS LTD    ,Listed    ,02 JAN 2026,              10.00,          10251000,            186.60,     1912836600.00   
02 JAN 2026,NIVABUPA,EQ,NIVA BUPA HEALTH INS CO L,Listed    ,02 JAN 2026,              10.00,        1847110571,             75.15,   138828830516.35  
02 JAN 2026,NKIND,EQ,NK INDUSTRIES LTD        ,Listed    ,02 JAN 2026,              10.00,           6009900,             69.20,      416005278.00     
02 JAN 2026,NLCINDIA,EQ,NLC INDIA LIMITED        ,Listed    ,02 JAN 2026,              10.00,        1386636609,            272.00,   377165157648.00  
02 JAN 2026,NMDC,EQ,NMDC LTD.                ,Listed    ,02 JAN 2026,               1.00,        8791817550,             84.55,   743172337501.50      
02 JAN 2026,NMSTEEL,SM,NEWMALAYALAM STEEL LTD   ,Listed    ,02 JAN 2026,              10.00,          17287600,             30.05,      519492380.00   
02 JAN 2026,NOCIL,EQ,NOCIL LIMITED            ,Listed    ,02 JAN 2026,              10.00,         167024930,            152.00,    25386119110.70     
02 JAN 2026,NOIDATOLL,EQ,NOIDA TOLL BRIDGE CO LTD ,Listed    ,02 JAN 2026,              10.00,         186195002,              4.10,      765261458.20 
02 JAN 2026,NORBTEAEXP,BE,NORBEN TEA &EXPORTS LTD  ,Listed    ,02 JAN 2026,              10.00,          15544100,             99.35,     1544306335.00
02 JAN 2026,NORTHARC,EQ,NORTHERN ARC CAPITAL LTD ,Listed    ,02 JAN 2026,              10.00,         161571875,            259.45,    41919822968.75  
02 JAN 2026,NOVAAGRI,EQ,NOVA AGRITECH LIMITED    ,Listed    ,02 JAN 2026,               2.00,          92519813,             39.80,     3682288557.40  
02 JAN 2026,NPST,EQ,NETWORK PEOPLE SRV TECH L,Listed    ,02 JAN 2026,              10.00,          20841750,           1410.00,    29386867500.00      
02 JAN 2026,NRAIL,EQ,N R AGARWAL INDS LTD     ,Listed    ,02 JAN 2026,              10.00,          17019100,            475.40,     8090880140.00     
02 JAN 2026,NRBBEARING,EQ,NRB BEARING LIMITED      ,Listed    ,02 JAN 2026,               2.00,          96922600,            269.05,    26077025530.00
02 JAN 2026,NRL,EQ,NUPUR RECYCLERS LIMITED  ,Listed    ,02 JAN 2026,              10.00,          69068995,             56.80,     3923118916.00       
02 JAN 2026,NRVANDANA,ST,N R VANDANA TEX IND LTD  ,Listed    ,02 JAN 2026,              10.00,          23294809,             57.00,     1327804113.00 
02 JAN 2026,NSIL,EQ,NALWA SONS INVESTMENT LTD,Listed    ,02 JAN 2026,              10.00,           5136163,           6543.50,    33608482590.50      
02 JAN 2026,NSLNISP,EQ,NMDC STEEL LIMITED       ,Listed    ,02 JAN 2026,              10.00,        2930605850,             45.70,   133899381286.50   
02 JAN 2026,NTPC,EQ,NTPC LTD                 ,Listed    ,02 JAN 2026,              10.00,        9696666134,            352.10,  3414196145781.40      
02 JAN 2026,NTPCGREEN,EQ,NTPC GREEN ENERGY LIMITED,Listed    ,02 JAN 2026,              10.00,        8426329669,             97.10,   818280874156.60 
02 JAN 2026,NUCLEUS,EQ,NUCLEUS SOFTWARE EXPORTS ,Listed    ,02 JAN 2026,              10.00,          26325306,            920.45,    24231127907.70   
02 JAN 2026,NURECA,EQ,NURECA LIMITED           ,Listed    ,02 JAN 2026,              10.00,          10000175,            302.70,     3027052972.50    
02 JAN 2026,NUVAMA,EQ,NUVAMA WEALTH MANAGE LTD ,Listed    ,02 JAN 2026,               2.00,         181806170,           1468.20,   266927818794.00    
02 JAN 2026,NUVOCO,EQ,NUVOCO VISTAS CORP LTD   ,Listed    ,02 JAN 2026,              10.00,         357156153,            356.55,   127344026352.15    
02 JAN 2026,NXST,RR,NEXUS SELECT TRUST       ,Listed    ,02 JAN 2026,             100.00,        1515000000,            159.70,   241945500000.00      
02 JAN 2026,NXT-INFRA,IV,NXT-INFRA TRUST          ,Listed    ,25 NOV 2025,             100.00,         285000000,            100.05,    28514250000.00 
02 JAN 2026,NYKAA,EQ,FSN E COMMERCE VENTURES  ,Listed    ,02 JAN 2026,               1.00,        2861722531,            264.90,   758070298461.90     
02 JAN 2026,OAL,EQ,ORIENTAL AROMATICS LTD   ,Listed    ,02 JAN 2026,               5.00,          33653576,            289.95,     9757854361.20       
02 JAN 2026,OBCL,EQ,ORISSA BENGAL CARRIER LTD,Listed    ,02 JAN 2026,              10.00,          21082790,             55.10,     1161661729.00      
02 JAN 2026,OBEROIRLTY,EQ,OBEROI REALTY LIMITED    ,Listed    ,02 JAN 2026,              10.00,         363602237,           1730.00,   629031870010.00
02 JAN 2026,OBSCP,SM,OBSC PERFECTION LIMITED  ,Listed    ,02 JAN 2026,              10.00,          24452400,            304.85,     7454314140.00     
02 JAN 2026,OCCLLTD,EQ,OCCL LIMITED             ,Listed    ,02 JAN 2026,               2.00,          49950460,            102.00,     5094946920.00   
02 JAN 2026,ODIGMA,EQ,ODIGMA CONSULTANCY SOL L ,Listed    ,02 JAN 2026,               1.00,          31258450,             32.05,     1001833322.50    
02 JAN 2026,OFSS,EQ,ORACLE FIN SERV SOFT LTD.,Listed    ,02 JAN 2026,               5.00,          87016901,           7731.50,   672771170081.50      
02 JAN 2026,OIL,EQ,OIL INDIA LTD            ,Listed    ,02 JAN 2026,              10.00,        1626607791,            428.85,   697570751170.35       
02 JAN 2026,OILCOUNTUB,EQ,OIL COUNTRY TUBULAR LTD  ,Listed    ,02 JAN 2026,              10.00,          51989530,             61.95,     3221271278.80
02 JAN 2026,OLAELEC,EQ,OLA ELECTRIC MOBILITY LTD,Listed    ,02 JAN 2026,              10.00,        4410829885,             40.90,   180358833997.65   
02 JAN 2026,OLECTRA,EQ,OLECTRA GREENTECH LIMITED,Listed    ,02 JAN 2026,               4.00,          82080737,           1248.00,   102436759776.00   
02 JAN 2026,OLIL,SM,ONECLICK LOGISTICS IND L ,Listed    ,02 JAN 2026,              10.00,           5593163,            305.70,     1709829929.10      
02 JAN 2026,OMAXAUTO,EQ,OMAX AUTOS LTD           ,Listed    ,02 JAN 2026,              10.00,          21371213,            107.80,     2303603049.25  
02 JAN 2026,OMAXE,EQ,OMAXE LIMITED            ,Listed    ,02 JAN 2026,              10.00,         182900540,             80.00,    14630214194.60     
02 JAN 2026,OMFREIGHT,EQ,OM FREIGHT FORWARDERS LTD,Listed    ,02 JAN 2026,              10.00,          33675442,             94.65,     3186707076.45 
02 JAN 2026,OMFURN,SM,OMFURN INDIA LIMITED     ,Listed    ,01 JAN 2026,              10.00,          11774400,             86.45,     1017896880.00    
02 JAN 2026,OMINFRAL,EQ,OM INFRA LIMITED         ,Listed    ,02 JAN 2026,               1.00,          96303809,             98.15,     9451255815.25  
02 JAN 2026,OMKARCHEM,BZ,OMKAR SPL CHEM LTD       ,Listed    ,02 JAN 2026,              10.00,          20578004,              6.05,      124908484.30 
02 JAN 2026,ONDOOR,SM,ON DOOR CONCEPTS LIMITED ,Listed    ,02 JAN 2026,              10.00,           5648612,            117.15,      661734895.80    
02 JAN 2026,ONELIFECAP,BE,ONELIFE CAP ADVISORS LTD ,Listed    ,02 JAN 2026,              10.00,          13360000,             16.00,      213626400.00
02 JAN 2026,ONEPOINT,EQ,ONE POINT ONE SOL LTD    ,Listed    ,02 JAN 2026,               2.00,         262920863,             54.10,    14221389479.65  
02 JAN 2026,ONESOURCE,EQ,ONESOURCE SPECL PHARMA L ,Listed    ,02 JAN 2026,               1.00,         114585136,           1799.50,   206195952232.00 
02 JAN 2026,ONGC,EQ,OIL AND NATURAL GAS CORP.,Listed    ,02 JAN 2026,               5.00,       12580279206,            241.45,  3037634217080.75      
02 JAN 2026,ONMOBILE,EQ,ONMOBILE GLOBAL LTD.     ,Listed    ,02 JAN 2026,              10.00,         106321351,             59.35,     6311235395.35  
02 JAN 2026,ONWARDTEC,EQ,ONWARD TECHNOLOGIES LTD  ,Listed    ,02 JAN 2026,              10.00,          22742970,            303.70,     6907039989.00 
02 JAN 2026,ONYX,SM,ONYX BIOTEC LIMITED      ,Listed    ,02 JAN 2026,              10.00,          18132200,             38.20,      692650040.00      
02 JAN 2026,OPTIEMUS,EQ,OPTIEMUS INFRACOM LTD    ,Listed    ,02 JAN 2026,              10.00,          88209626,            507.05,    44726690863.30  
02 JAN 2026,OPTIVALUE,SM,OPTIVALUE TEK CONSULT LTD,Listed    ,02 JAN 2026,              10.00,          23411400,             81.95,     1918564230.00 
02 JAN 2026,ORBTEXP,EQ,ORBIT EXPORTS LIMITED    ,Listed    ,02 JAN 2026,              10.00,          26511152,            195.20,     5174711758.90   
02 JAN 2026,ORCHASP,EQ,ORCHASP LIMITED          ,Listed    ,02 JAN 2026,               2.00,         319550366,              3.10,      987410630.95   
02 JAN 2026,ORCHPHARMA,EQ,ORCHID PHARMA LIMITED    ,Listed    ,02 JAN 2026,              10.00,          50719105,            794.65,    40303936788.25
02 JAN 2026,ORIANA,SM,ORIANA POWER LIMITED     ,Listed    ,02 JAN 2026,              10.00,          20319150,           2251.75,    45753646012.50    
02 JAN 2026,ORICONENT,BE,ORICON ENTERPRISES LTD   ,Listed    ,02 JAN 2026,               2.00,         157047715,             60.00,     9422862900.00 
02 JAN 2026,ORIENTALTL,EQ,ORIENTAL TRIMEX LTD      ,Listed    ,02 JAN 2026,              10.00,          73507265,              8.30,      608640154.20
02 JAN 2026,ORIENTBELL,EQ,ORIENT BELL LIMITED      ,Listed    ,02 JAN 2026,              10.00,          14697476,            303.35,     4458479344.60
02 JAN 2026,ORIENTCEM,EQ,ORIENT CEMENT LTD.       ,Listed    ,02 JAN 2026,               1.00,         205459873,            173.75,    35698652933.75 
02 JAN 2026,ORIENTCER,EQ,ORIENT CERATECH LIMITED  ,Listed    ,02 JAN 2026,               1.00,         119639200,             55.05,     6588530744.00 
02 JAN 2026,ORIENTELEC,EQ,ORIENT ELECTRIC LIMITED  ,Listed    ,02 JAN 2026,               1.00,         213365899,            176.90,    37742293874.10
02 JAN 2026,ORIENTHOT,EQ,ORIENT HOTELS LTD        ,Listed    ,02 JAN 2026,               1.00,         178599180,            107.95,    19276209497.40 
02 JAN 2026,ORIENTLTD,EQ,ORIENT PRESS LIMITED     ,Listed    ,02 JAN 2026,              10.00,          10000000,             77.00,      770000000.00 
02 JAN 2026,ORIENTPPR,EQ,ORIENT PAPER AND INDS LTD,Listed    ,02 JAN 2026,               1.00,         212185822,             23.15,     4909979921.10 
02 JAN 2026,ORIENTTECH,EQ,ORIENT TECHNOLOGIES LTD  ,Listed    ,02 JAN 2026,              10.00,          41641742,            447.60,    18638843719.20
02 JAN 2026,ORISSAMINE,EQ,ORISSA MIN DEV CO LTD    ,Listed    ,02 JAN 2026,               1.00,           6000000,           5162.00,    30972000000.00
02 JAN 2026,ORKLAINDIA,EQ,ORKLA INDIA LIMITED      ,Listed    ,02 JAN 2026,               1.00,         136989230,            635.40,    87042956742.00
02 JAN 2026,ORTINGLOBE,BE,ORTIN GLOBAL LIMITED     ,Listed    ,02 JAN 2026,              10.00,           8131392,             14.15,      115059196.80
02 JAN 2026,OSEINTRUST,IV,ORIENTAL INFRATRUST      ,Listed    ,Not Traded ,             100.00,         583483081,             83.50,    48720837263.50
02 JAN 2026,OSELDEVICE,ST,OSEL DEVICES LIMITED     ,Listed    ,02 JAN 2026,              10.00,          17694600,            550.40,     9739107840.00
02 JAN 2026,OSIAHYPER,EQ,OSIA HYPER RETAIL LIMITED,Listed    ,02 JAN 2026,               1.00,         164573900,             15.60,     2564061362.00 
02 JAN 2026,OSWALAGRO,EQ,OSWAL AGRO MILLS LTD     ,Listed    ,02 JAN 2026,              10.00,         134234776,             58.85,     7902401263.10 
02 JAN 2026,OSWALGREEN,EQ,OSWAL GREENTECH LIMITED  ,Listed    ,02 JAN 2026,              10.00,         256809159,             33.70,     8651900566.70
02 JAN 2026,OSWALPUMPS,EQ,OSWAL PUMPS LIMITED      ,Listed    ,02 JAN 2026,               1.00,         113977414,            528.45,    60231364428.30
02 JAN 2026,OSWALSEEDS,EQ,SHREEOSWAL S AND CHE LTD ,Listed    ,02 JAN 2026,               2.00,          91470000,             17.70,     1620848400.00
02 JAN 2026,OWAIS,SM,OWAIS METAL & MINERAL    ,Listed    ,02 JAN 2026,              10.00,          18182398,            256.05,     4655603007.90     
02 JAN 2026,PACEDIGITK,EQ,PACE DIGITEK LIMITED     ,Listed    ,02 JAN 2026,               2.00,         215851327,            188.95,    40785108236.65
02 JAN 2026,PAGEIND,EQ,PAGE INDUSTRIES LTD      ,Listed    ,02 JAN 2026,              10.00,          11153874,          35775.00,   399029842350.00   
02 JAN 2026,PAISALO,EQ,PAISALO DIGITAL LIMITED  ,Listed    ,02 JAN 2026,               1.00,         909521874,             36.30,    33015644026.20   
02 JAN 2026,PAKKA,EQ,PAKKA LIMITED            ,Listed    ,02 JAN 2026,              10.00,          44948100,            108.95,     4897095495.00     
02 JAN 2026,PALASHSECU,EQ,PALASH SECURITIES LTD    ,Listed    ,02 JAN 2026,              10.00,          10003102,            107.25,     1072632627.45
02 JAN 2026,PALREDTEC,EQ,PALRED TECHNOLOGIES LTD  ,Listed    ,02 JAN 2026,              10.00,          12232566,             47.15,      576765486.90 
02 JAN 2026,PANACEABIO,EQ,PANACEA BIOTEC LTD       ,Listed    ,02 JAN 2026,               1.00,          61250746,            379.85,    23266095868.10
02 JAN 2026,PANACHE,BE,PANACHE DIGILIFE LIMITED ,Listed    ,02 JAN 2026,              10.00,          15228000,            325.45,     4955952600.00   
02 JAN 2026,PANAMAPET,EQ,PANAMA PETROCHEM LTD     ,Listed    ,02 JAN 2026,               2.00,          60493598,            311.55,    18846780456.90 
02 JAN 2026,PANSARI,BE,PANSARI DEVELOPERS LTD   ,Listed    ,02 JAN 2026,              10.00,          17446800,            300.10,     5235784680.00   
02 JAN 2026,PAR,EQ,PAR DRUGS AND CHEM LTD   ,Listed    ,02 JAN 2026,              10.00,          12304636,            101.30,     1246459626.80       
02 JAN 2026,PARACABLES,EQ,PARAMOUNT COMM LTD       ,Listed    ,02 JAN 2026,               2.00,         305209814,             39.40,    12025266671.60
02 JAN 2026,PARADEEP,EQ,PARADEEP PHOSPHATES LTD  ,Listed    ,02 JAN 2026,              10.00,         816345658,            164.55,   134337841480.50  
02 JAN 2026,PARAGMILK,EQ,PARAG MILK FOODS LTD.    ,Listed    ,02 JAN 2026,              10.00,         125109554,            304.55,    38102114670.70 
02 JAN 2026,PARAGON,SM,PARAGON FINE S.C. LTD.   ,Listed    ,02 JAN 2026,              10.00,          19566000,             41.85,      818837100.00   
02 JAN 2026,PARAMATRIX,SM,PARAMATRIX TECHNOLOGIES L,Listed    ,30 DEC 2025,              10.00,          11048000,             77.90,      860639200.00
02 JAN 2026,PARAMOUNT,SM,PARAMOUNT DYE TEC LIMITED,Listed    ,02 JAN 2026,              10.00,           6942651,             49.45,      343314091.95 
02 JAN 2026,PARAS,EQ,PARAS DEF AND SPCE TECH L,Listed    ,02 JAN 2026,               5.00,          80587330,            683.75,    55101586887.50     
02 JAN 2026,PARASPETRO,EQ,PARAS PETROFILS LTD.     ,Listed    ,02 JAN 2026,               1.00,         334221000,              1.95,      651730950.00
02 JAN 2026,PARIN,ST,PARIN ENTERPRISES LIMITED,Listed    ,02 JAN 2026,              10.00,          11118000,            587.20,     6528489600.00     
02 JAN 2026,PARKHOSPS,EQ,PARK MEDI WORLD LIMITED  ,Listed    ,02 JAN 2026,               2.00,         431930864,            149.75,    64673008266.70 
02 JAN 2026,PARKHOTELS,EQ,PARKHOTELS               ,Listed    ,02 JAN 2026,               1.00,         213374246,            135.10,    28822593149.70
02 JAN 2026,PARSVNATH,EQ,PARSVNATH DEVELOPER LTD  ,Listed    ,02 JAN 2026,               5.00,         435181170,             10.60,     4604216778.60 
02 JAN 2026,PARTH,SM,PARTH ELEC & ENG LTD     ,Listed    ,02 JAN 2026,              10.00,          13667955,            206.50,     2822432707.50     
02 JAN 2026,PARTYCRUS,SM,PARTY CRUISERS LIMITED   ,Listed    ,02 JAN 2026,              10.00,          11940601,             91.10,     1087788751.10 
02 JAN 2026,PASHUPATI,EQ,PASHUPATI COTSPIN LIMITED,Listed    ,02 JAN 2026,              10.00,          15784000,            808.60,    12762942400.00 
02 JAN 2026,PASUPTAC,EQ,PASUPATI ACRYLON LIMITED ,Listed    ,02 JAN 2026,              10.00,          89133121,             51.35,     4576094432.15  
02 JAN 2026,PATANJALI,EQ,PATANJALI FOODS LIMITED  ,Listed    ,02 JAN 2026,               2.00,        1087828245,            557.00,   605920332465.00 
02 JAN 2026,PATELENG,EQ,PATEL ENGINEERING LTD.   ,Listed    ,02 JAN 2026,               1.00,         992141937,             28.80,    28593530624.35  
02 JAN 2026,PATELRMART,EQ,PATEL RETAIL LIMITED     ,Listed    ,02 JAN 2026,              10.00,          33400528,            202.95,     6778637157.60
02 JAN 2026,PATILAUTOM,SM,PATIL AUTOMATION LIMITED ,Listed    ,02 JAN 2026,              10.00,          21820800,            179.00,     3905923200.00
02 JAN 2026,PATINTLOG,EQ,PATEL INT. LOG. LTD      ,Listed    ,02 JAN 2026,              10.00,          69585746,             13.95,      970025299.25 
02 JAN 2026,PATTECH,SM,PATTECH FITWELL TUB COM L,Listed    ,01 JAN 2026,              10.00,           9397187,            113.00,     1061882131.00   
02 JAN 2026,PAUSHAKLTD,EQ,PAUSHAK LIMITED          ,Listed    ,02 JAN 2026,               5.00,          24656912,            590.05,    14548810925.60
02 JAN 2026,PAVNAIND,EQ,PAVNA INDUSTRIES LIMITED ,Listed    ,02 JAN 2026,               1.00,         139530000,             22.75,     3174307500.00  
02 JAN 2026,PAYTM,EQ,ONE 97 COMMUNICATIONS LTD,Listed    ,02 JAN 2026,               1.00,         639539256,           1340.60,   857366326593.60     
02 JAN 2026,PCBL,EQ,PCBL CHEMICAL LIMITED    ,Listed    ,02 JAN 2026,               1.00,         393462604,            300.35,   118176493111.40      
02 JAN 2026,PCCL,SM,PETRO CARBON AND CHEMI L ,Listed    ,02 JAN 2026,              10.00,          24700000,            214.35,     5294445000.00      
02 JAN 2026,PCJEWELLER,EQ,PC JEWELLER LTD          ,Listed    ,02 JAN 2026,               1.00,        7248623705,              9.55,    69224356382.75
02 JAN 2026,PDMJEPAPER,EQ,PUDUMJEE PAPER PRO. LTD  ,Listed    ,02 JAN 2026,               1.00,          94950000,             97.65,     9273766500.00
02 JAN 2026,PDSL,EQ,PDS LIMITED              ,Listed    ,02 JAN 2026,               2.00,         141378383,            368.80,    52140347650.40      
02 JAN 2026,PEARLPOLY,EQ,PEARL POLYMERS LTD       ,Listed    ,02 JAN 2026,              10.00,          16834932,             23.00,      387540134.65 
02 JAN 2026,PELATRO,SM,PELATRO LIMITED          ,Listed    ,02 JAN 2026,              10.00,          10597399,            355.00,     3762076645.00   
02 JAN 2026,PENIND,EQ,PENNAR INDUSTRIES LTD    ,Listed    ,02 JAN 2026,               5.00,         134946231,            202.75,    27363047259.85    
02 JAN 2026,PENINLAND,EQ,PENINSULA LAND LIMITED   ,Listed    ,02 JAN 2026,               2.00,         331728220,             25.25,     8369502990.60 
02 JAN 2026,PENTAGON,ST,PENTAGON RUBBER LIMITED  ,Listed    ,02 JAN 2026,              10.00,           7710000,             69.80,      538158000.00  
02 JAN 2026,PERFECT,SZ,PERFECT INFRAENGINEER LTD,Listed    ,30 DEC 2025,              10.00,          17495778,              4.05,       70857900.90   
02 JAN 2026,PERSISTENT,EQ,PERSISTENT SYSTEMS LTD   ,Listed    ,02 JAN 2026,               5.00,         157750000,           6289.50,   992168625000.00
02 JAN 2026,PETRONET,EQ,PETRONET LNG LIMITED     ,Listed    ,02 JAN 2026,              10.00,        1500000088,            291.05,   436575025612.40  
02 JAN 2026,PFC,EQ,POWER FIN CORP LTD.      ,Listed    ,02 JAN 2026,              10.00,        3300101760,            375.95,  1240673256672.00       
02 JAN 2026,PFIZER,EQ,PFIZER LTD               ,Listed    ,02 JAN 2026,              10.00,          45747732,           4887.20,   223578315830.40    
02 JAN 2026,PFOCUS,EQ,PRIME FOCUS LIMITED      ,Listed    ,02 JAN 2026,               1.00,         775990547,            233.00,   180790277640.05    
02 JAN 2026,PFS,EQ,PTC INDIA FIN SERV LTD   ,Listed    ,02 JAN 2026,              10.00,         642283335,             34.30,    22017472723.80       
02 JAN 2026,PGEL,EQ,PG ELECTROPLAST LTD      ,Listed    ,02 JAN 2026,               1.00,         284964158,            602.70,   171747898026.60      
02 JAN 2026,PGHH,EQ,P&G HYGIENE & HEALTH CARE,Listed    ,02 JAN 2026,              10.00,          32460736,          12854.00,   417250300544.00      
02 JAN 2026,PGHL,EQ,PROCTER & GAMBLE HEALTH L,Listed    ,02 JAN 2026,              10.00,          16599382,           5701.50,    94641376473.00      
02 JAN 2026,PGIL,EQ,PEARL GLOBAL IND LIMITED ,Listed    ,02 JAN 2026,               5.00,          46036317,           1653.70,    76130257422.90      
02 JAN 2026,PGINVIT,IV,POWERGRID INFRA. INVITS  ,Listed    ,02 JAN 2026,             100.00,         909999200,             89.65,    81563228296.00   
02 JAN 2026,PHANTOMFX,SM,PHANTOM DIGITAL EFF LTD  ,Listed    ,02 JAN 2026,              10.00,          15922800,            238.95,     3804753060.00 
02 JAN 2026,PHOENIXLTD,EQ,THE PHOENIX MILLS LTD    ,Listed    ,02 JAN 2026,               2.00,         357591260,           1903.40,   680639204284.00
02 JAN 2026,PHOGLOBAL,SM,PHOENIX OVERSEAS LIMITED ,Listed    ,02 JAN 2026,              10.00,          19346018,             23.95,      463337131.10 
02 JAN 2026,PICCADIL,EQ,PICCADILY AGRO INDUSTRI L,Listed    ,02 JAN 2026,              10.00,          97860769,            613.75,    60062046973.75  
02 JAN 2026,PIDILITIND,EQ,PIDILITE INDUSTRIES LTD  ,Listed    ,02 JAN 2026,               1.00,        1017714032,           1478.20,  1504384882102.40
02 JAN 2026,PIGL,EQ,POWER INSTRUMENT (G) LTD ,Listed    ,02 JAN 2026,              10.00,          17832900,            125.30,     2234462370.00      
02 JAN 2026,PIIND,EQ,PI INDUSTRIES LTD        ,Listed    ,02 JAN 2026,               1.00,         151718118,           3256.60,   494085223078.80     
02 JAN 2026,PILANIINVS,EQ,PILANI INV & IND COR LTD ,Listed    ,02 JAN 2026,              10.00,          11072250,           5170.00,    57243532500.00
02 JAN 2026,PILITA,EQ,PIL ITALICA LIFESTYLE LTD,Listed    ,02 JAN 2026,               1.00,         235000000,              9.60,     2256000000.00    
02 JAN 2026,PINELABS,EQ,PINE LABS LIMITED        ,Listed    ,02 JAN 2026,               1.00,        1148276377,            235.40,   270292776382.05  
02 JAN 2026,PIONEEREMB,EQ,PIONEER EMBROIDERIES LTD ,Listed    ,02 JAN 2026,              10.00,          30807192,             28.35,      874000037.05
02 JAN 2026,PIRAMALFIN,EQ,PIRAMAL FINANCE LIMITED  ,Listed    ,02 JAN 2026,               2.00,         226677700,           1712.50,   388185561250.00
02 JAN 2026,PITTIENG,EQ,PITTI ENGINEERING LIMITED,Listed    ,02 JAN 2026,               5.00,          37653588,            827.20,    31147047993.60  
02 JAN 2026,PIXTRANS,EQ,PIX TRANSMISSIONS LIMITED,Listed    ,02 JAN 2026,              10.00,          13625200,           1404.30,    19133868360.00  
02 JAN 2026,PKTEA,EQ,THE P K TEA PROD CO LTD  ,Listed    ,02 JAN 2026,              10.00,           3095879,            850.35,     2632580707.65     
02 JAN 2026,PLADAINFO,SM,PLADA INFOTECH SERVICES L,Listed    ,31 DEC 2025,              10.00,           8574000,             15.00,      128610000.00 
02 JAN 2026,PLASTIBLEN,EQ,PLASTIBLENDS INDIA LTD   ,Listed    ,02 JAN 2026,               5.00,          25989200,            166.05,     4314986876.00
02 JAN 2026,PLATIND,EQ,PLATINUM INDUSTRIES LTD  ,Listed    ,02 JAN 2026,              10.00,          54924873,            245.65,    13492295052.45   
02 JAN 2026,PLAZACABLE,EQ,PLAZA WIRES LIMITED      ,Listed    ,02 JAN 2026,              10.00,          43752078,             42.05,     1840649921.45
02 JAN 2026,PNB,EQ,PUNJAB NATIONAL BANK     ,Listed    ,02 JAN 2026,               2.00,       11492943268,            125.35,  1440640438643.80       
02 JAN 2026,PNBGILTS,EQ,PNB GILTS LIMITED        ,Listed    ,02 JAN 2026,              10.00,         180010134,             83.40,    15009244972.90  
02 JAN 2026,PNBHOUSING,EQ,PNB HOUSING FIN LTD.     ,Listed    ,02 JAN 2026,              10.00,         260508563,            998.00,   259987545874.00
02 JAN 2026,PNC,EQ,PRITISH NANDY COMMUNICATI,Listed    ,02 JAN 2026,              10.00,          14467000,             26.85,      388438950.00       
02 JAN 2026,PNCINFRA,EQ,PNC INFRATECH LTD.       ,Listed    ,02 JAN 2026,               2.00,         256539165,            255.15,    65455967949.75  
02 JAN 2026,PNGJL,EQ,P N GADGIL JEWELLERS LTD ,Listed    ,02 JAN 2026,              10.00,         135708333,            612.75,    83155281045.75     
02 JAN 2026,POCL,EQ,PONDY OXIDES & CHEM LTD  ,Listed    ,02 JAN 2026,               5.00,          30511279,           1539.10,    46959909508.90      
02 JAN 2026,PODDARMENT,EQ,PODDAR PIGMENTS LIMITED  ,Listed    ,02 JAN 2026,              10.00,          10610000,            264.60,     2807406000.00
02 JAN 2026,POKARNA,EQ,POKARNA LIMITED          ,Listed    ,02 JAN 2026,               2.00,          31004000,            845.90,    26226283600.00   
02 JAN 2026,POLICYBZR,EQ,PB FINTECH LIMITED       ,Listed    ,02 JAN 2026,               2.00,         462674740,           1781.80,   824393851732.00 
02 JAN 2026,POLYCAB,EQ,POLYCAB INDIA LIMITED    ,Listed    ,02 JAN 2026,              10.00,         150538473,           7798.00,  1173899012454.00   
02 JAN 2026,POLYMED,EQ,POLY MEDICURE LIMITED    ,Listed    ,02 JAN 2026,               5.00,         101359490,           1769.70,   179375889453.00   
02 JAN 2026,POLYPLEX,EQ,POLYPLEX CORPORATION LTD ,Listed    ,02 JAN 2026,              10.00,          31392462,            844.60,    26514073405.20  
02 JAN 2026,POLYSIL,ST,POLYSIL IRRIGATION SYST L,Listed    ,02 JAN 2026,              10.00,          22505090,            284.45,     6401572850.50   
02 JAN 2026,PONNIERODE,EQ,PONNIE SUGARS (ERODE) LTD,Listed    ,02 JAN 2026,              10.00,           8598418,            263.95,     2269552431.10
02 JAN 2026,POONAWALLA,EQ,POONAWALLA FINCORP LTD   ,Listed    ,02 JAN 2026,               2.00,         812586815,            480.55,   390488593948.25
02 JAN 2026,POSITRON,SM,POSITRON ENERGY LIMITED  ,Listed    ,02 JAN 2026,              10.00,           7600400,            211.80,     1609764720.00  
02 JAN 2026,POWERGRID,EQ,POWER GRID CORP. LTD.    ,Listed    ,02 JAN 2026,              10.00,        9300603819,            270.95,  2519998604758.05 
02 JAN 2026,POWERINDIA,EQ,HITACHI ENERGY INDIA LTD ,Listed    ,02 JAN 2026,               2.00,          44572363,          18803.00,   838094141489.00
02 JAN 2026,POWERMECH,EQ,POWER MECH PROJECTS LTD. ,Listed    ,02 JAN 2026,              10.00,          31616292,           2329.00,    73634344068.00 
02 JAN 2026,PPAP,EQ,PPAP AUTOMOTIVE LIMITED  ,Listed    ,02 JAN 2026,              10.00,          14115070,            217.05,     3063958244.90      
02 JAN 2026,PPL,EQ,PRAKASH PIPES LIMITED    ,Listed    ,02 JAN 2026,              10.00,          23918354,            240.55,     5753799238.25       
02 JAN 2026,PPLPHARMA,EQ,PIRAMAL PHARMA LIMITED   ,Listed    ,02 JAN 2026,              10.00,        1329248130,            178.50,   237244206242.40 
02 JAN 2026,PPSL,SM,PICTUREPOST STUDIOS LTD  ,Listed    ,02 JAN 2026,               1.00,          29300000,             10.45,      306185000.00      
02 JAN 2026,PRABHA,EQ,PRABHA ENERGY LIMITED    ,Listed    ,02 JAN 2026,               1.00,         136905531,            183.60,    25134486436.30    
02 JAN 2026,PRAENG,BE,PRAJAY ENG. SYN. LTD.    ,Listed    ,02 JAN 2026,              10.00,          69935791,             26.60,     1860292040.60    
02 JAN 2026,PRAJIND,EQ,PRAJ INDUSTRIES LTD      ,Listed    ,02 JAN 2026,               2.00,         183813088,            325.45,    59821969489.60   
02 JAN 2026,PRAKASH,EQ,PRAKASH INDUSTRIES LTD   ,Listed    ,02 JAN 2026,              10.00,         179081839,            147.50,    26416362070.90   
02 JAN 2026,PRAKASHSTL,EQ,PRAKASH STEELAGE LTD     ,Listed    ,02 JAN 2026,               1.00,         175000390,              5.65,      992252211.30
02 JAN 2026,PRAMARA,SM,PRAMARA PROMOTIONS LTD   ,Listed    ,02 JAN 2026,              10.00,          13944168,            346.90,     4837231879.20   
02 JAN 2026,PRANIK,SM,PRANIK LOGISTICS LIMITED ,Listed    ,02 JAN 2026,              10.00,          11010150,             61.35,      675472702.50    
02 JAN 2026,PRATHAM,SM,PRATHAM EPC PROJECTS LTD ,Listed    ,02 JAN 2026,              10.00,          18212489,            148.00,     2695448372.00   
02 JAN 2026,PRAXIS,EQ,PRAXIS HOME RETAIL LTD   ,Listed    ,02 JAN 2026,               5.00,         184910684,              9.30,     1715971147.50    
02 JAN 2026,PRECAM,EQ,PRECISION CAMSHAFTS LTD. ,Listed    ,02 JAN 2026,              10.00,          94985835,            169.95,    16144742374.95    
02 JAN 2026,PRECISION,SM,PRECISION METALIKS LTD   ,Listed    ,02 JAN 2026,              10.00,          22959066,             11.60,      266325165.60 
02 JAN 2026,PRECOT,EQ,PRECOT LIMITED           ,Listed    ,02 JAN 2026,              10.00,          12000000,            385.35,     4624200000.00    
02 JAN 2026,PRECWIRE,EQ,PRECISION WIRES INDIA LTD,Listed    ,02 JAN 2026,               1.00,         182807975,            247.50,    45241317653.00  
02 JAN 2026,PREMEXPLN,EQ,PREMIER EXPLOSIVES LTD   ,Listed    ,02 JAN 2026,               2.00,          53761195,            542.20,    29149319929.00 
02 JAN 2026,PREMIER,BE,PREMIER LIMITED          ,Listed    ,02 JAN 2026,              10.00,          30372570,              3.00,       91117710.00   
02 JAN 2026,PREMIERENE,EQ,PREMIER ENERGIES LIMITED ,Listed    ,02 JAN 2026,               1.00,         452994368,            845.90,   383187935891.20
02 JAN 2026,PREMIERPOL,EQ,PREMIER POLYFILM LTD     ,Listed    ,02 JAN 2026,               1.00,         104742475,             41.90,     4389757127.25
02 JAN 2026,PREMIUM,SM,PREMIUM PLAST LIMITED    ,Listed    ,02 JAN 2026,              10.00,          19097100,             39.50,      754335450.00   
02 JAN 2026,PRESSTONIC,SM,PRESSTONIC ENGINEERING L ,Listed    ,02 JAN 2026,              10.00,           7707480,             60.65,      467458662.00
02 JAN 2026,PRESTIGE,EQ,PRESTIGE ESTATE LTD      ,Listed    ,02 JAN 2026,              10.00,         430730232,           1618.80,   697266099561.60  
02 JAN 2026,PRICOLLTD,EQ,PRICOL LIMITED           ,Listed    ,02 JAN 2026,               1.00,         121881498,            683.05,    83251157208.90 
02 JAN 2026,PRIMECAB,SM,PRIME CABLE INDUSTRIES L ,Listed    ,02 JAN 2026,               5.00,          18324060,             80.90,     1482416454.00  
02 JAN 2026,PRIMESECU,EQ,PRIME SECURITIES LIMITED ,Listed    ,02 JAN 2026,               5.00,          33900325,            275.35,     9334454488.75 
02 JAN 2026,PRIMO,EQ,PRIMO CHEMICALS LIMITED  ,Listed    ,02 JAN 2026,               2.00,         242343220,             23.95,     5799273254.60     
02 JAN 2026,PRINCEPIPE,EQ,PRINCE PIPES FITTINGS LTD,Listed    ,02 JAN 2026,              10.00,         110561079,            262.70,    29044395453.30
02 JAN 2026,PRITI,EQ,PRITI INTERNATIONAL LTD  ,Listed    ,02 JAN 2026,              10.00,          13353328,             60.25,      804671545.30     
02 JAN 2026,PRITIKA,SM,PRITIKA ENG COMPO LTD    ,Listed    ,02 JAN 2026,               5.00,          26365030,             78.00,     2056472340.00   
02 JAN 2026,PRITIKAUTO,EQ,PRITIKA AUTO INDUS LTD   ,Listed    ,02 JAN 2026,               2.00,         166512667,             14.15,     2356154238.05
02 JAN 2026,PRIVISCL,EQ,PRIVI SPECIALITY CHE LTD ,Listed    ,02 JAN 2026,              10.00,          39062706,           2780.90,   108629479115.40  
02 JAN 2026,PRIZOR,SM,PRIZOR VIZTECH LIMITED   ,Listed    ,02 JAN 2026,              10.00,          10691203,            294.65,     3150162963.95    
02 JAN 2026,PRLIND,SM,PREMIER ROADLINES LIMITED,Listed    ,01 JAN 2026,              10.00,          22862547,             80.00,     1829003760.00    
02 JAN 2026,PROFX,SM,PRO FX TECH LIMITED      ,Listed    ,02 JAN 2026,              10.00,          17503686,             75.00,     1312776450.00     
02 JAN 2026,PROLIFE,SM,PROLIFE INDUSTRIES LTD   ,Listed    ,02 JAN 2026,              10.00,           4094080,             70.25,      287609120.00   
02 JAN 2026,PROPEQUITY,SM,P. E. ANALYTICS LIMITED  ,Listed    ,02 JAN 2026,              10.00,          10482104,            180.00,     1886778720.00
02 JAN 2026,PROSTARM,EQ,PROSTARM INFO SYSTEMS LTD,Listed    ,02 JAN 2026,              10.00,          58874592,            179.85,    10589184117.10  
02 JAN 2026,PROTEAN,EQ,PROTEAN EGOV TECHNO LTD  ,Listed    ,02 JAN 2026,              10.00,          40608693,            768.90,    31224024047.70   
02 JAN 2026,PROV,SM,PROVENTUS AGROCOM LIMITED,Listed    ,31 DEC 2025,              10.00,           3446691,           1335.00,     4601332485.00      
02 JAN 2026,PROZONER,BE,PROZONE REALTY LIMITED   ,Listed    ,02 JAN 2026,               2.00,         152602883,             58.10,     8869279559.95  
02 JAN 2026,PRSMJOHNSN,EQ,PRISM JOHNSON LIMITED    ,Listed    ,02 JAN 2026,              10.00,         503356580,            139.15,    70047101672.80
02 JAN 2026,PRUDENT,EQ,PRUDENT CORP ADV SER LTD ,Listed    ,02 JAN 2026,               5.00,          41406680,           2594.00,   107408927920.00   
02 JAN 2026,PRUDMOULI,EQ,PRUDENTIAL SUGAR CORPORAT,Listed    ,02 JAN 2026,              10.00,          32252000,             20.05,      646007560.00 
02 JAN 2026,PSB,EQ,PUNJAB & SIND BANK       ,Listed    ,02 JAN 2026,              10.00,        7095585220,             29.40,   208539249615.80       
02 JAN 2026,PSFL,SM,PARAMOUNT SPECIALI FORG L,Listed    ,02 JAN 2026,              10.00,          19682000,             28.80,      566841600.00      
02 JAN 2026,PSPPROJECT,EQ,PSP PROJECTS LIMITED     ,Listed    ,02 JAN 2026,              10.00,          39641791,            893.40,    35415976079.40
02 JAN 2026,PSRAJ,ST,P S RAJ STEELS LIMITED   ,Listed    ,30 DEC 2025,              10.00,           7538314,            305.00,     2299185770.00     
02 JAN 2026,PTC,EQ,PTC INDIA LIMITED        ,Listed    ,02 JAN 2026,              10.00,         296008321,            167.40,    49548832852.20       
02 JAN 2026,PTCIL,EQ,PTC INDUSTRIES LIMITED   ,Listed    ,02 JAN 2026,              10.00,          14992549,          18103.00,   271410114547.00     
02 JAN 2026,PTL,EQ,PTL ENTERPRISES LTD      ,Listed    ,02 JAN 2026,               1.00,         132377000,             39.30,     5203739870.00       
02 JAN 2026,PULZ,SM,PULZ ELECTRONICS LIMITED ,Listed    ,02 JAN 2026,              10.00,          21808000,             31.95,      696765600.00      
02 JAN 2026,PUNJABCHEM,EQ,PUNJAB CHEM & CROP PROT L,Listed    ,02 JAN 2026,              10.00,          12262185,           1177.70,    14441175274.50
02 JAN 2026,PURPLEUTED,SM,PURPLE UNITED SALES LTD  ,Listed    ,02 JAN 2026,              10.00,           9609800,            396.45,     3809805210.00
02 JAN 2026,PURVA,EQ,PURAVANKARA LIMITED      ,Listed    ,02 JAN 2026,               5.00,         237149686,            240.20,    56968097570.90     
02 JAN 2026,PURVFLEXI,SM,PURV FLEXIPACK LIMITED   ,Listed    ,02 JAN 2026,              10.00,          20982750,             76.90,     1613573475.00 
02 JAN 2026,PUSHPA,SM,PUSHPA JEWELLERS LIMITED ,Listed    ,02 JAN 2026,              10.00,          24222912,            102.50,     2482848480.00    
02 JAN 2026,PVP,BE,PVP VENTURES LIMITED     ,Listed    ,02 JAN 2026,              10.00,         260403681,             36.90,     9614103902.50       
02 JAN 2026,PVRINOX,EQ,PVR INOX LIMITED         ,Listed    ,02 JAN 2026,              10.00,          98199962,           1030.20,   101165600852.40   
02 JAN 2026,PVSL,EQ,POPULAR VEHICLES N SER L ,Listed    ,02 JAN 2026,               2.00,          71198198,            118.25,     8419898895.50      
02 JAN 2026,PWL,EQ,PHYSICSWALLAH LIMITED    ,Listed    ,02 JAN 2026,               1.00,        2859692500,            131.10,   374962880600.00       
02 JAN 2026,PYRAMID,EQ,PYRAMID TECHNOPLAST LTD  ,Listed    ,02 JAN 2026,              10.00,          36784800,            165.00,     6069859848.00   
02 JAN 2026,AEROENTER,EQ,AEROFLEX ENTERPRISES LTD ,Listed    ,02 JAN 2026,               2.00,         113085000,             87.90,     9941302350.00 
02 JAN 2026,AERONEU,EQ,AEROFLEX NEU LIMITED     ,Listed    ,02 JAN 2026,              10.00,          25796000,             74.95,     1933410200.00   
02 JAN 2026,ANTELOPUS,EQ,ANTELOPUS SELAN ENRGY LTD,Listed    ,02 JAN 2026,              10.00,          35162358,            406.40,    14289982291.20 
02 JAN 2026,COHANCE,EQ,COHANCE LIFESCIENCES LTD ,Listed    ,02 JAN 2026,               1.00,         382567140,            518.30,   198284548662.00   
02 JAN 2026,HALEOSLABS,BE,HALEOS LABS LIMITED      ,Listed    ,02 JAN 2026,              10.00,           3023287,           1354.00,     4093530598.00
02 JAN 2026,IBULLSLTD,EQ,INDIABULLS LIMITED       ,Listed    ,02 JAN 2026,               2.00,        2324382138,             16.45,    38282573812.85 
02 JAN 2026,QFIL,SM,QUALITY FOILS (INDIA) LTD,Listed    ,02 JAN 2026,              10.00,           2854000,             60.85,      173665900.00      
02 JAN 2026,QMSMEDI,SM,QMS MEDICAL ALLIED S LTD ,Listed    ,01 JAN 2026,              10.00,          19337500,             91.90,     1777116250.00   
02 JAN 2026,QPOWER,EQ,QUALITY POWER ELEC EQUP L,Listed    ,02 JAN 2026,              10.00,          77444100,            831.05,    64359919305.00    
02 JAN 2026,QUADFUTURE,EQ,QUADRANT FUTURE TEK LTD  ,Listed    ,02 JAN 2026,              10.00,          40000000,            336.95,    13478000000.00
02 JAN 2026,QUADPRO,SM,QUADPRO ITES LIMITED     ,Listed    ,01 JAN 2026,               2.00,          50550000,              2.45,      123847500.00   
02 JAN 2026,QUESS,EQ,QUESS CORP LIMITED       ,Listed    ,02 JAN 2026,              10.00,         149202689,            215.05,    32084546242.55     
02 JAN 2026,QUESTLAB,SM,QUEST LABORATORIES LTD   ,Listed    ,02 JAN 2026,              10.00,          16387200,            109.00,     1786204800.00  
02 JAN 2026,QUICKHEAL,EQ,QUICK HEAL TECH LTD      ,Listed    ,02 JAN 2026,              10.00,          54199570,            269.40,    14601364158.00 
02 JAN 2026,QUICKTOUCH,SM,QUICKTOUCH TECHNOLOGIES L,Listed    ,02 JAN 2026,              10.00,          12815996,             41.75,      535067833.00
02 JAN 2026,QVCEL,SM,QVC EXPORTS LIMITED      ,Listed    ,31 DEC 2025,              10.00,          10451292,             29.95,      313016195.40     
02 JAN 2026,RACE,EQ,RACE ECO CHAIN LIMITED   ,Listed    ,02 JAN 2026,              10.00,          17257200,            140.35,     2421702876.00      
02 JAN 2026,RACLGEAR,EQ,RACL GEARTECH LIMITED    ,Listed    ,02 JAN 2026,              10.00,          11788080,           1152.10,    13581046968.00  
02 JAN 2026,RADAAN,EQ,RADAAN MEDIAWORKS (I) LTD,Listed    ,02 JAN 2026,               2.00,          54161540,              3.45,      186315697.60    
02 JAN 2026,RADHIKAJWE,EQ,RADHIKA JEWELTECH LIMITED,Listed    ,02 JAN 2026,               2.00,         118000000,             74.90,     8837020000.00
02 JAN 2026,RADIANTCMS,EQ,RADIANT CASH MGMT SER LTD,Listed    ,02 JAN 2026,               1.00,         106707906,             51.40,     5486920526.50
02 JAN 2026,RADICO,EQ,RADICO KHAITAN LTD       ,Listed    ,02 JAN 2026,               2.00,         133893489,           3094.20,   414293233663.80    
02 JAN 2026,RADIOCITY,EQ,MUSIC BROADCAST LIMITED  ,Listed    ,02 JAN 2026,               2.00,         345685625,              6.80,     2347205393.75 
02 JAN 2026,RADIOWALLA,SM,RADIOWALLA NETWORK LTD   ,Listed    ,02 JAN 2026,              10.00,           7048236,             63.00,      444038868.00
02 JAN 2026,RAILTEL,EQ,RAILTEL CORP OF IND LTD  ,Listed    ,02 JAN 2026,              10.00,         320938407,            376.15,   120720981793.05   
02 JAN 2026,RAIN,EQ,RAIN INDUSTRIES LIMITED  ,Listed    ,02 JAN 2026,               2.00,         336345679,            146.40,    49247734319.20      
02 JAN 2026,RAINBOW,EQ,RAINBOW CHILDRENS MED LTD,Listed    ,02 JAN 2026,              10.00,         101559156,           1318.90,   133946370848.40   
02 JAN 2026,RAJESHEXPO,BZ,RAJESH EXPORTS LTD       ,Listed    ,02 JAN 2026,               1.00,         295259959,            181.00,    53439099979.40
02 JAN 2026,RAJINDLTD,SM,RAJPUTANA INDUSTRIES LTD ,Listed    ,02 JAN 2026,              10.00,          22215000,             85.25,     1893828750.00 
02 JAN 2026,RAJMET,EQ,RAJNANDINI METAL LIMITED ,Listed    ,02 JAN 2026,               1.00,         276480000,              4.80,     1321574400.00    
02 JAN 2026,RAJOOENG,EQ,RAJOO ENGINEERS LIMITED  ,Listed    ,02 JAN 2026,               1.00,         178675293,             64.40,    11510262375.05  
02 JAN 2026,RAJPUTANA,SM,RAJPUTANA BIODIESEL LTD  ,Listed    ,02 JAN 2026,              10.00,           7033500,            240.10,     1688743350.00 
02 JAN 2026,RAJRATAN,EQ,RAJRATAN GLOBAL WIRE LTD ,Listed    ,02 JAN 2026,               2.00,          50771000,            463.90,    23552666900.00  
02 JAN 2026,RAJRILTD,BE,RAJ RAYON INDUSTRIES LTD ,Listed    ,02 JAN 2026,               1.00,         556082495,             22.00,    12239375714.95  
02 JAN 2026,RAJSREESUG,EQ,RAJSHREE SUGAR & CHEMICAL,Listed    ,02 JAN 2026,              10.00,          33135606,             34.65,     1147486035.80
02 JAN 2026,RAJTV,EQ,RAJ TV NETWORK LTD       ,Listed    ,02 JAN 2026,               5.00,          51913344,             42.25,     2193338784.00     
02 JAN 2026,RALLIS,EQ,RALLIS INDIA LTD         ,Listed    ,02 JAN 2026,               1.00,         194468890,            273.90,    53265028971.00    
02 JAN 2026,RAMANEWS,EQ,SHREE RAMA NEWSPRINT LTD ,Listed    ,02 JAN 2026,              10.00,         147522032,             31.80,     4692675837.90  
02 JAN 2026,RAMAPHO,EQ,RAMA PHOSPHATES LIMITED  ,Listed    ,02 JAN 2026,               5.00,          35386426,            170.80,     6043647696.55   
02 JAN 2026,RAMASTEEL,EQ,RAMA STEEL TUBES LIMITED ,Listed    ,02 JAN 2026,               1.00,        1636040979,              9.45,    15493308071.15 
02 JAN 2026,RAMCOCEM,EQ,THE RAMCO CEMENTS LIMITED,Listed    ,02 JAN 2026,               1.00,         236292380,           1056.70,   249690157946.00  
02 JAN 2026,RAMCOIND,EQ,RAMCO INDUSTRIES LIMITED ,Listed    ,02 JAN 2026,               1.00,          86841560,            314.45,    27307328542.00  
02 JAN 2026,RAMCOSYS,EQ,RAMCO SYSTEMS LTD.       ,Listed    ,02 JAN 2026,              10.00,          37411925,            573.55,    21457609583.75  
02 JAN 2026,RAMKY,EQ,RAMKY INFRA LTD          ,Listed    ,02 JAN 2026,              10.00,          69197791,            554.75,    38387474557.25     
02 JAN 2026,RAMRAT,EQ,RAM RATNA WIRES LIMITED  ,Listed    ,02 JAN 2026,               5.00,          93349072,            311.35,    29064233567.20    
02 JAN 2026,RANASUG,EQ,RANA SUGARS LTD.         ,Listed    ,02 JAN 2026,              10.00,         153567820,             12.50,     1918062071.80   
02 JAN 2026,RANEHOLDIN,EQ,RANE HOLDINGS LIMITED    ,Listed    ,02 JAN 2026,              10.00,          14277809,           1399.40,    19980365914.60
02 JAN 2026,RAPIDFLEET,SM,RAPID FLEET MGT SERVICE L,Listed    ,02 JAN 2026,              10.00,           7434800,            190.00,     1412612000.00
02 JAN 2026,RAPPID,SM,RAPPID VALVES (INDIA) LTD,Listed    ,02 JAN 2026,              10.00,           5191984,            300.00,     1557595200.00    
02 JAN 2026,RATEGAIN,EQ,RATEGAIN TRAVEL TECHN LTD,Listed    ,02 JAN 2026,               1.00,         118102036,            693.85,    81945097678.60  
02 JAN 2026,RATNAMANI,EQ,RATNAMANI MET & TUB LTD. ,Listed    ,02 JAN 2026,               2.00,          70092000,           2354.00,   164996568000.00 
02 JAN 2026,RATNAVEER,EQ,RATNAVEER PRECISION ENG L,Listed    ,02 JAN 2026,              10.00,          65842491,            155.90,    10266161196.70 
02 JAN 2026,RAYMOND,EQ,RAYMOND LTD              ,Listed    ,02 JAN 2026,              10.00,          66573731,            436.50,    29059433581.50   
02 JAN 2026,RAYMONDLSL,EQ,RAYMOND LIFESTYLE LIMITED,Listed    ,02 JAN 2026,               2.00,          60923629,           1036.40,    63141249095.60
02 JAN 2026,RAYMONDREL,EQ,RAYMOND REALTY LIMITED   ,Listed    ,02 JAN 2026,              10.00,          66573731,            529.95,    35280748743.45
02 JAN 2026,RBA,EQ,RESTAURANT BRAND ASIA LTD,Listed    ,02 JAN 2026,              10.00,         582450070,             65.05,    37882552552.80       
02 JAN 2026,RBLBANK,EQ,RBL BANK LIMITED         ,Listed    ,02 JAN 2026,              10.00,         616977364,            320.75,   197895489503.00   
02 JAN 2026,RBMINFRA,SM,RBM INFRACON LIMITED     ,Listed    ,02 JAN 2026,              10.00,          10103000,            434.25,     4387227750.00  
02 JAN 2026,RBS,SM,RAMDEVBABA SOLVENT LTD   ,Listed    ,02 JAN 2026,              10.00,          22861350,             95.00,     2171828250.00       
02 JAN 2026,RBZJEWEL,EQ,RBZ JEWELLERS LIMITED    ,Listed    ,02 JAN 2026,              10.00,          40000000,            142.50,     5699600000.00  
02 JAN 2026,RCDL,SM,RAJGOR CASTOR DERIVATI L ,Listed    ,02 JAN 2026,              10.00,          23915852,             20.00,      478317040.00      
02 JAN 2026,RCF,EQ,RASHTRIYA CHEMICALS & FER,Listed    ,02 JAN 2026,              10.00,         551688100,            149.20,    82306347639.00       
02 JAN 2026,RCOM,BE,RELIANCE COMMUNICATIONS L,Listed    ,02 JAN 2026,               5.00,        2765533050,              1.10,     3069741685.50      
02 JAN 2026,READYMIX,SM,READYMIX CONSTRU MACHI L ,Listed    ,02 JAN 2026,              10.00,          10958500,            116.00,     1271186000.00  
02 JAN 2026,RECLTD,EQ,REC LIMITED              ,Listed    ,02 JAN 2026,              10.00,        2633224000,            380.65,  1002336715600.00    
02 JAN 2026,REDINGTON,EQ,REDINGTON LIMITED        ,Listed    ,02 JAN 2026,               2.00,         781774431,            276.30,   216004275285.30 
02 JAN 2026,REDTAPE,EQ,REDTAPE LIMITED          ,Listed    ,02 JAN 2026,               2.00,         552807600,            124.20,    68669760072.00   
02 JAN 2026,REFEX,EQ,REFEX INDUSTRIES LIMITED ,Listed    ,02 JAN 2026,               2.00,         137129532,            262.30,    35969076243.60     
02 JAN 2026,REFRACTORY,SM,REFRACTORY SHAPES LIMITED,Listed    ,02 JAN 2026,              10.00,          21800000,             56.00,     1220800000.00
02 JAN 2026,REGAAL,EQ,REGAAL RESOURCES LIMITED ,Listed    ,02 JAN 2026,               5.00,         102723460,             70.40,     7232758818.60    
02 JAN 2026,REGENCERAM,EQ,REGENCY CERAMICS LTD.    ,Listed    ,02 JAN 2026,              10.00,          26441586,             47.10,     1244869868.90
02 JAN 2026,RELAXO,EQ,RELAXO FOOT LTD.         ,Listed    ,02 JAN 2026,               1.00,         248938586,            403.30,   100396931733.80    
02 JAN 2026,RELCHEMQ,EQ,RELIANCE CHEMOTEX IND LTD,Listed    ,02 JAN 2026,              10.00,           7543563,            137.75,     1039125803.25  
02 JAN 2026,RELIABLE,BE,RELIABLE DATA SERVICE LTD,Listed    ,02 JAN 2026,              10.00,          10320000,            157.90,     1629734400.00  
02 JAN 2026,RELIANCE,EQ,RELIANCE INDUSTRIES LTD  ,Listed    ,02 JAN 2026,              10.00,       13532472634,           1592.30, 21547756175118.20  
02 JAN 2026,RELIGARE,EQ,RELIGARE ENTER. LTD.     ,Listed    ,02 JAN 2026,              10.00,         330754663,            249.05,    82377756366.80  
02 JAN 2026,RELTD,EQ,RAVINDRA ENERGY LIMITED  ,Listed    ,02 JAN 2026,              10.00,         178554463,            156.50,    27945559004.15     
02 JAN 2026,REMSONSIND,EQ,REMSONS INDUSTRIES LTD   ,Listed    ,02 JAN 2026,               2.00,          34878785,            126.30,     4405888121.20
02 JAN 2026,REMUS,SM,REMUS PHARMACEUTICALS L  ,Listed    ,02 JAN 2026,              10.00,          11784000,            768.90,     9060717600.00     
02 JAN 2026,RENUKA,EQ,SHREE RENUKA SUGARS LTD  ,Listed    ,02 JAN 2026,               1.00,        2128489773,             26.35,    56064420620.80    
02 JAN 2026,REPCOHOME,EQ,REPCO HOME FINANCE LTD   ,Listed    ,02 JAN 2026,              10.00,          62561362,            433.50,    27120350427.00 
02 JAN 2026,REPL,EQ,RUDRABHISHEK ENTERP LTD  ,Listed    ,02 JAN 2026,              10.00,          18122500,            118.90,     2154402800.00      
02 JAN 2026,REPRO,EQ,REPRO INDIA LIMITED      ,Listed    ,02 JAN 2026,              10.00,          14345338,            463.65,     6651215963.70     
02 JAN 2026,RESPONIND,EQ,RESPONSIVE INDUSTRIES LTD,Listed    ,02 JAN 2026,               1.00,         266608544,            197.70,    52705843063.35 
02 JAN 2026,RETAIL,EQ,JHS SVENDGAARD RETAIL V L,Listed    ,02 JAN 2026,              10.00,           7404600,             24.25,      179413458.00    
02 JAN 2026,REXPIPES,SM,REX PIPES AND CABLES LTD ,Listed    ,02 JAN 2026,              10.00,           9450000,            151.00,     1426950000.00  
02 JAN 2026,REXPRO,SM,REXPRO ENTERPRISES LTD   ,Listed    ,02 JAN 2026,              10.00,          11206460,             56.90,      637647574.00    
02 JAN 2026,RGL,EQ,RENAISSANCE GLOBAL LTD   ,Listed    ,02 JAN 2026,               2.00,         107325471,            124.45,    13357728120.65       
02 JAN 2026,RHETAN,EQ,RHETAN TMT LIMITED       ,Listed    ,02 JAN 2026,               1.00,         796875000,             25.55,    20368125000.00    
02 JAN 2026,RHFL,BZ,RELIANCE HOME FINANCE LTD,Listed    ,02 JAN 2026,              10.00,         484555683,              2.90,     1400365923.85      
02 JAN 2026,RHIM,EQ,RHI MAGNESITA INDIA LTD  ,Listed    ,02 JAN 2026,               1.00,         206501426,            455.30,    94020099257.80      
02 JAN 2026,RHL,EQ,ROBUST HOTELS LIMITED    ,Listed    ,02 JAN 2026,              10.00,          17291696,            222.10,     3840139847.70       
02 JAN 2026,RICHA,ST,RICHA INFO SYSTEMS LTD   ,Listed    ,01 JAN 2026,              10.00,          13502220,             64.75,      874268745.00     
02 JAN 2026,RICOAUTO,EQ,RICO AUTO INDUSTRIES LTD ,Listed    ,02 JAN 2026,               1.00,         135285000,            135.40,    18314883300.00  
02 JAN 2026,RIIL,EQ,RELIANCE INDUSTRIAL INFRA,Listed    ,02 JAN 2026,              10.00,          15100000,            817.30,    12341230000.00      
02 JAN 2026,RILINFRA,SM,RACHANA INFRA LTD        ,Listed    ,02 JAN 2026,              10.00,          18605000,             37.20,      692106000.00  
02 JAN 2026,RISHABH,EQ,RISHABH INSTRUMENTS LTD  ,Listed    ,02 JAN 2026,              10.00,          38469424,            434.20,    16703423900.80   
02 JAN 2026,RITCO,EQ,RITCO LOGISTICS LIMITED  ,Listed    ,02 JAN 2026,              10.00,          28622757,            270.55,     7743886906.35     
02 JAN 2026,RITES,EQ,RITES LIMITED            ,Listed    ,02 JAN 2026,              10.00,         480603774,            245.90,   118170855951.10     
02 JAN 2026,RITEZONE,SM,RITE ZONE CHEMCON IND LTD,Listed    ,02 JAN 2026,              10.00,           4230270,             22.40,       94758048.00  
02 JAN 2026,RKDL,EQ,RAVI KUMAR DIST. LTD.    ,Listed    ,02 JAN 2026,              10.00,          24000000,             24.25,      581760000.00      
02 JAN 2026,RKEC,EQ,RKEC PROJECTS LIMITED    ,Listed    ,02 JAN 2026,              10.00,          25820600,             54.70,     1412903232.00      
02 JAN 2026,RKFORGE,EQ,RAMKRISHNA FORGINGS LTD  ,Listed    ,02 JAN 2026,               2.00,         181030604,            531.40,    96199662965.60   
02 JAN 2026,RKSWAMY,EQ,R K SWAMY LIMITED        ,Listed    ,02 JAN 2026,               5.00,          50477241,            111.05,     5606002385.45   
02 JAN 2026,RMDRIP,EQ,R M DRIP & SPRINK SYS LTD,Listed    ,02 JAN 2026,               1.00,         249800000,             85.40,    21335418000.00    
02 JAN 2026,RML,EQ,RANE (MADRAS) LIMITED    ,Listed    ,02 JAN 2026,              10.00,          27637137,            844.20,    23331271055.40       
02 JAN 2026,RNBDENIMS,EQ,R&B DENIMS LIMITED       ,Listed    ,02 JAN 2026,               2.00,          89973440,            131.65,    11843203907.20 
02 JAN 2026,RNFI,SM,RNFI SERVICES LIMITED    ,Listed    ,02 JAN 2026,              10.00,          25060651,            312.30,     7826441307.30      
02 JAN 2026,RNPL,ST,RENOL POLYCHEM LIMITED   ,Listed    ,02 JAN 2026,              10.00,           7944000,            144.80,     1150291200.00      
02 JAN 2026,ROADSTAR,IV,ROADSTAR INFRA INVT TRUST,Listed    ,Not Traded ,             100.00,         455477143,            100.00,    45547714300.00  
02 JAN 2026,ROCKINGDCE,ST,ROCKINGDEALS CIRCU ECO L ,Listed    ,02 JAN 2026,              10.00,           5659000,            222.35,     1258278650.00
02 JAN 2026,ROCKPP,X1,ROCKINGDCE RS.5 PPD UP   ,Listed    ,02 JAN 2026,              10.00,           2640000,             85.90,      226776000.00    
02 JAN 2026,ROHLTD,EQ,ROYAL ORCHID HOTELS LTD  ,Listed    ,02 JAN 2026,              10.00,          27425215,            414.15,    11358152792.25    
02 JAN 2026,ROLEXRINGS,EQ,ROLEX RINGS LIMITED      ,Listed    ,02 JAN 2026,               1.00,         272333120,            134.25,    36555274697.60
02 JAN 2026,ROLLT,EQ,ROLLATAINERS LIMITED     ,Listed    ,02 JAN 2026,               1.00,         250130000,              1.25,      317665100.00     
02 JAN 2026,ROML,EQ,RAJ OIL MILLS LIMITED    ,Listed    ,02 JAN 2026,              10.00,          14988684,             50.90,      763073902.45      
02 JAN 2026,ROSSARI,EQ,ROSSARI BIOTECH LIMITED  ,Listed    ,02 JAN 2026,               2.00,          55381366,            583.50,    32315027061.00   
02 JAN 2026,ROSSELLIND,EQ,ROSSELL INDIA LIMITED    ,Listed    ,02 JAN 2026,               2.00,          62428270,             50.35,     3142639111.80
02 JAN 2026,ROSSTECH,EQ,ROSSELL TECHSYS LIMITED  ,Listed    ,02 JAN 2026,               2.00,          37696475,            629.85,    23743124778.75  
02 JAN 2026,ROTO,EQ,ROTO PUMPS LIMITED       ,Listed    ,02 JAN 2026,               1.00,         188445660,             69.45,    13085666630.40      
02 JAN 2026,ROUTE,EQ,ROUTE MOBILE LIMITED     ,Listed    ,02 JAN 2026,              10.00,          62997582,            710.35,    44750332373.70     
02 JAN 2026,ROXHITECH,SM,ROX HI TECH LIMITED      ,Listed    ,02 JAN 2026,              10.00,          22836350,             43.40,      991097590.00 
02 JAN 2026,ROYALARC,SM,ROYAL ARC ELECTRODES LTD ,Listed    ,01 JAN 2026,              10.00,          11100200,            168.00,     1864833600.00  
02 JAN 2026,RPEL,EQ,RAGHAV PRODUCTIVITY ENH L,Listed    ,02 JAN 2026,              10.00,          45911960,            953.05,    43756393478.00      
02 JAN 2026,RPGLIFE,EQ,RPG LIFE SCIENCES LTD    ,Listed    ,02 JAN 2026,               8.00,          16539015,           2312.50,    38246472187.50   
02 JAN 2026,RPOWER,EQ,RELIANCE POWER LTD.      ,Listed    ,02 JAN 2026,              10.00,        4135770966,             35.95,   148598250808.40    
02 JAN 2026,RPPINFRA,EQ,R.P.P INFRA PROJECTS LTD ,Listed    ,02 JAN 2026,              10.00,          49585918,            101.90,     5052805044.20  
02 JAN 2026,RPPL,EQ,RAJSHREE POLYPACK LTD    ,Listed    ,02 JAN 2026,               5.00,          74244000,             19.10,     1418060400.00      
02 JAN 2026,RPSGVENT,EQ,RPSG VENTURES LIMITED    ,Listed    ,02 JAN 2026,              10.00,          33086409,            754.45,    24962041270.05  
02 JAN 2026,RPTECH,EQ,RASHI PERIPHERALS LIMITED,Listed    ,02 JAN 2026,               5.00,          65899665,            360.80,    23776599132.00    
02 JAN 2026,RRKABEL,EQ,R R KABEL LIMITED        ,Listed    ,02 JAN 2026,               5.00,         113089201,           1510.50,   170821238110.50   
02 JAN 2026,RSSOFTWARE,EQ,R. S. SOFTWARE (INDIA) LI,Listed    ,02 JAN 2026,               5.00,          25831211,             50.95,     1316358512.55
02 JAN 2026,RSWM,EQ,RSWM LIMITED             ,Listed    ,02 JAN 2026,              10.00,          47101684,            149.85,     7058658364.25      
02 JAN 2026,RSYSTEMS,EQ,R SYS INTERNATIONAL LTD  ,Listed    ,02 JAN 2026,               1.00,         118398927,            406.70,    48152843610.90  
02 JAN 2026,RTL,SM,RAMA TELECOM LIMITED     ,Listed    ,01 JAN 2026,              10.00,          13199349,             65.50,      864557359.50       
02 JAN 2026,RTNINDIA,EQ,RATTANINDIA ENT LIMITED  ,Listed    ,02 JAN 2026,               2.00,        1382269592,             42.30,    58470003741.60  
02 JAN 2026,RTNPOWER,EQ,RATTANINDIA POWER LIMITED,Listed    ,02 JAN 2026,              10.00,        5370105860,              9.75,    52412233193.60  
02 JAN 2026,RUBFILA,EQ,RUBFILA INTERNATIONAL LTD,Listed    ,02 JAN 2026,               5.00,          54267529,             73.65,     3997888861.45   
02 JAN 2026,RUBICON,EQ,RUBICON RESEARCH LIMITED ,Listed    ,02 JAN 2026,               1.00,         164750309,            661.40,   108965854372.60   
02 JAN 2026,RUBYMILLS,EQ,THE RUBY MILLS LTD       ,Listed    ,02 JAN 2026,               5.00,          33440000,            223.05,     7458457600.00 
02 JAN 2026,RUCHINFRA,EQ,RUCHI INFRASTRUCTURE LTD ,Listed    ,02 JAN 2026,               1.00,         236024942,              6.35,     1501118631.10 
02 JAN 2026,RUCHIRA,EQ,RUCHIRA PAPERS LIMITED   ,Listed    ,02 JAN 2026,              10.00,          29844984,            122.70,     3662277986.65   
02 JAN 2026,RUDRA,EQ,RUDRA GLOBAL INFRA PROD L,Listed    ,02 JAN 2026,               5.00,         100343828,             25.95,     2603922336.60     
02 JAN 2026,RULKA,SM,RULKA ELECTRICALS LIMITED,Listed    ,02 JAN 2026,              10.00,           4258400,            106.50,      453519600.00     
02 JAN 2026,RUPA,EQ,RUPA & COMPANY LTD       ,Listed    ,02 JAN 2026,               1.00,          79524560,            161.70,    12857530860.80      
02 JAN 2026,RUSHIL,EQ,RUSHIL DECOR LIMITED     ,Listed    ,02 JAN 2026,               1.00,         293416820,             23.25,     6816072728.60    
02 JAN 2026,RUSTOMJEE,EQ,KEYSTONE REALTORS LIMITED,Listed    ,02 JAN 2026,              10.00,         126222385,            541.75,    68380977073.75 
02 JAN 2026,RVHL,EQ,RAVINDER HEIGHTS LIMITED ,Listed    ,02 JAN 2026,               1.00,          61325746,             50.95,     3125160016.15      
02 JAN 2026,RVNL,EQ,RAIL VIKAS NIGAM LIMITED ,Listed    ,02 JAN 2026,              10.00,        2085020100,            365.85,   762804603585.00      
02 JAN 2026,RVTH,EQ,REVATHI EQUIPMENT INDIA L,Listed    ,02 JAN 2026,              10.00,           3066943,            734.20,     2251749550.60      
02 JAN 2026,S&SPOWER,EQ,S&S POWER SWITCHGEARS LTD,Listed    ,02 JAN 2026,              10.00,          12341550,            301.85,     3725296867.50  
02 JAN 2026,SAAKSHI,SM,SAAKSHI MEDTEC N PANELS L,Listed    ,02 JAN 2026,              10.00,          17656000,            179.10,     3162189600.00   
02 JAN 2026,SAATVIKGL,EQ,SAATVIK GREEN ENERGY LTD ,Listed    ,02 JAN 2026,               2.00,         127105004,            388.30,    49354873053.20 
02 JAN 2026,SABAR,ST,SABAR FLEX INDIA LIMITED ,Listed    ,02 JAN 2026,              10.00,          17250207,              4.60,       79350952.20     
02 JAN 2026,SABEVENTS,BE,SAB EVENTS & GOVERNANCE  ,Listed    ,02 JAN 2026,              10.00,          10483711,              9.30,       97498512.30 
02 JAN 2026,SABTNL,BE,SRI ADHIKARI BRO TELE N L,Listed    ,02 JAN 2026,              10.00,          25373056,           1728.30,    43852252684.80    
02 JAN 2026,SACHEEROME,ST,SACHEEROME LIMITED       ,Listed    ,02 JAN 2026,              10.00,          22372800,            376.45,     8422240560.00
02 JAN 2026,SADBHAV,BE,SADBHAV ENGINEERING LTD  ,Listed    ,02 JAN 2026,               1.00,         171570800,             10.95,     1875268844.00   
02 JAN 2026,SADBHIN,EQ,SADBHAV INFRA PROJ LTD.  ,Listed    ,02 JAN 2026,              10.00,         352225216,              3.90,     1377200594.55   
02 JAN 2026,SADHAV,SM,SADHAV SHIPPING LIMITED  ,Listed    ,02 JAN 2026,              10.00,          14352618,            110.80,     1590270074.40    
02 JAN 2026,SADHNANIQ,EQ,SADHANA NITROCHEM LIMITED,Listed    ,02 JAN 2026,               1.00,         329411057,              7.30,     2401406605.55 
02 JAN 2026,SAFARI,EQ,SAFARI IND (INDIA) LTD   ,Listed    ,02 JAN 2026,               2.00,          48992279,           2168.50,   106239757011.50    
02 JAN 2026,SAFEENTP,SM,SAFE ENTER RETAIL FIX LTD,Listed    ,02 JAN 2026,               5.00,          46604478,            263.90,    12298921744.20  
02 JAN 2026,SAGARDEEP,EQ,SAGARDEEP ALLOYS LIMITED ,Listed    ,02 JAN 2026,              10.00,          17057400,             27.50,      469078500.00 
02 JAN 2026,SAGCEM,EQ,SAGAR CEMENTS LIMITED    ,Listed    ,02 JAN 2026,               2.00,         130707548,            218.15,    28513851596.20    
02 JAN 2026,SAGILITY,EQ,SAGILITY LIMITED         ,Listed    ,02 JAN 2026,              10.00,        4681328413,             52.95,   247969966036.60  
02 JAN 2026,SAHAJSOLAR,SM,SAHAJ SOLAR LIMITED      ,Listed    ,02 JAN 2026,              10.00,          21972020,            176.85,     3885751737.00
02 JAN 2026,SAHANA,SM,SAHANA SYSTEM LIMITED    ,Listed    ,02 JAN 2026,              10.00,           8837104,            838.90,     7413446545.60    
02 JAN 2026,SAHASRA,SM,SAHASRA ELECTRONIC SOLU L,Listed    ,02 JAN 2026,              10.00,          24992763,            299.25,     7479084327.75   
02 JAN 2026,SAHYADRI,EQ,SAHYADRI INDUSTRIES LTD  ,Listed    ,02 JAN 2026,              10.00,          10946300,            257.00,     2813199100.00  
02 JAN 2026,SAIFL,SM,SAMEERA AGRO AND INFRA L ,Listed    ,02 JAN 2026,              10.00,          26949800,             12.90,      347652420.00     
02 JAN 2026,SAIL,EQ,STEEL AUTHORITY OF INDIA ,Listed    ,02 JAN 2026,              10.00,        4130525289,            147.45,   609128564368.85      
02 JAN 2026,SAILIFE,EQ,SAI LIFE SCIENCES LIMITED,Listed    ,02 JAN 2026,               1.00,         210342083,            921.70,   193872297901.10   
02 JAN 2026,SAJHOTELS,SM,SAJ HOTELS LIMITED       ,Listed    ,02 JAN 2026,              10.00,          16125000,             57.00,      919125000.00 
02 JAN 2026,SAKAR,EQ,SAKAR HEALTHCARE LIMITED ,Listed    ,02 JAN 2026,              10.00,          22249910,            406.55,     9045700910.50     
02 JAN 2026,SAKHTISUG,EQ,SAKTHI SUGARS LTD        ,Listed    ,02 JAN 2026,              10.00,         118849036,             19.40,     2304482808.05 
02 JAN 2026,SAKSOFT,EQ,SAKSOFT LIMITED          ,Listed    ,02 JAN 2026,               1.00,         132551250,            198.35,    26290214925.00   
02 JAN 2026,SAKUMA,EQ,SAKUMA EXPORTS LIMITED   ,Listed    ,02 JAN 2026,               1.00,        1567718640,              2.15,     3386272262.40    
02 JAN 2026,SALASAR,EQ,SALASAR TECHNO ENGG. LTD.,Listed    ,02 JAN 2026,               1.00,        1747950290,              8.90,    15574237083.90   
02 JAN 2026,SALONA,EQ,SALONA COTSPIN LTD.      ,Listed    ,02 JAN 2026,              10.00,           5262400,            258.35,     1359541040.00    
02 JAN 2026,SALSTEEL,BE,S.A.L. STEEL LTD.        ,Listed    ,02 JAN 2026,              10.00,          84966700,             44.00,     3738534800.00  
02 JAN 2026,SALZERELEC,EQ,SALZER ELECTRONICS LTD   ,Listed    ,02 JAN 2026,              10.00,          17682737,            692.90,    12252368467.30
02 JAN 2026,SAMAY,ST,SAMAY PROJECT SERVICES L ,Listed    ,02 JAN 2026,              10.00,          15349320,             43.70,      670765284.00     
02 JAN 2026,SAMBHAAV,BE,SAMBHAAV MEDIA LTD       ,Listed    ,02 JAN 2026,               1.00,         191110840,              8.90,     1700886476.00  
02 JAN 2026,SAMBHV,EQ,SAMBHV STEEL TUBES LTD   ,Listed    ,02 JAN 2026,              10.00,         294671429,             97.55,    28739304470.35    
02 JAN 2026,SAMHI,EQ,SAMHI HOTELS LIMITED     ,Listed    ,02 JAN 2026,               1.00,         221206154,            185.40,    41016045074.70     
02 JAN 2026,SAMMAANCAP,EQ,SAMMAAN CAPITAL LIMITED  ,Listed    ,02 JAN 2026,               2.00,         828362949,            148.60,   123103017850.90
02 JAN 2026,SAMPANN,EQ,SAMPANN UTPADAN INDIA LTD,Listed    ,02 JAN 2026,              10.00,          40610000,             33.05,     1342566600.00   
02 JAN 2026,SANATHAN,EQ,SANATHAN TEXTILES LIMITED,Listed    ,02 JAN 2026,              10.00,          84404059,            442.00,    37306594078.00  
02 JAN 2026,SANCO,BZ,SANCO INDUSTRIES LIMITED ,Listed    ,02 JAN 2026,              10.00,          13082000,              2.55,       33228280.00     
02 JAN 2026,SANDESH,EQ,SANDESH LTD              ,Listed    ,02 JAN 2026,              10.00,           7569421,           1090.20,     8252182774.20   
02 JAN 2026,SANDHAR,EQ,SANDHAR TECHNOLOGIES LTD ,Listed    ,02 JAN 2026,              10.00,          60190708,            582.70,    35073125551.60   
02 JAN 2026,SANDUMA,EQ,SANDUR MANG & IRON ORES L,Listed    ,02 JAN 2026,              10.00,         486104814,            264.70,   128676805313.95   
02 JAN 2026,SANGAMIND,EQ,SANGAM (INDIA) LTD       ,Listed    ,02 JAN 2026,              10.00,          50246559,            480.20,    24128397631.80 
02 JAN 2026,SANGANI,SM,SANGANI HOSPITALS LIMITED,Listed    ,02 JAN 2026,              10.00,          13776990,             53.85,      741890911.50   
02 JAN 2026,SANGHIIND,EQ,SANGHI INDUSTRIES LTD    ,Listed    ,02 JAN 2026,              10.00,         258326000,             66.60,    17199345080.00 
02 JAN 2026,SANGHVIMOV,EQ,SANGHVI MOVERS LTD       ,Listed    ,02 JAN 2026,               1.00,          86576000,            349.95,    30297271200.00
02 JAN 2026,SANGINITA,EQ,SANGINITA CHEMICALS LTD  ,Listed    ,02 JAN 2026,              10.00,          25901550,             10.20,      264454825.50 
02 JAN 2026,SANOFI,EQ,SANOFI INDIA LIMITED     ,Listed    ,02 JAN 2026,              10.00,          23030622,           4141.80,    95388230199.60    
02 JAN 2026,SANOFICONR,EQ,SANOFI CONS HEALTHC IND L,Listed    ,02 JAN 2026,              10.00,          23030622,           4595.80,   105844132587.60
02 JAN 2026,SANSERA,EQ,SANSERA ENGINEERING LTD  ,Listed    ,02 JAN 2026,               2.00,          62224268,           1871.00,   116421605428.00   
02 JAN 2026,SANSTAR,EQ,SANSTAR LIMITED          ,Listed    ,02 JAN 2026,               2.00,         182244250,             96.45,    17579280355.00   
02 JAN 2026,SANWARIA,BZ,SANWARIA CONSUMER LIMITED,Listed    ,02 JAN 2026,               1.00,         736100000,              0.25,      191386000.00  
02 JAN 2026,SAPPHIRE,EQ,SAPPHIRE FOODS INDIA LTD ,Listed    ,02 JAN 2026,               2.00,         321382905,            252.00,    80988492060.00  
02 JAN 2026,SARDAEN,EQ,SARDA ENERGY & MIN LTD   ,Listed    ,02 JAN 2026,               1.00,         352381270,            523.00,   184295404210.00   
02 JAN 2026,SAREGAMA,EQ,SAREGAMA INDIA LIMITED   ,Listed    ,02 JAN 2026,               1.00,         192809490,            357.95,    69016156945.50  
02 JAN 2026,SARLAPOLY,EQ,SARLA PERF. FIBERS LTD   ,Listed    ,02 JAN 2026,               1.00,          83503000,             90.35,     7543661020.00 
02 JAN 2026,SAROJA,SM,SAROJA PHARMA INDUS IND L,Listed    ,23 DEC 2025,              10.00,           4020486,             40.00,      160819440.00    
02 JAN 2026,SARTELE,SM,SAR TELEVENTURE LIMITED  ,Listed    ,02 JAN 2026,               2.00,          47107500,            250.95,    11821627125.00   
02 JAN 2026,SARVESHWAR,EQ,SARVESHWAR FOODS LIMITED ,Listed    ,02 JAN 2026,               1.00,        1228726469,              4.75,     5811876198.35
02 JAN 2026,SASKEN,EQ,SASKEN TECHNOLOGIES LTD  ,Listed    ,02 JAN 2026,              10.00,          15142801,           1545.40,    23401684665.40    
02 JAN 2026,SASTASUNDR,EQ,SASTASUNDAR VENTURES LTD ,Listed    ,02 JAN 2026,              10.00,          31810500,            315.75,    10044165375.00
02 JAN 2026,SATECH,ST,S A TECH SOFTWARE INDIA L,Listed    ,02 JAN 2026,              10.00,          13057281,             56.00,      731207736.00    
02 JAN 2026,SATIA,EQ,SATIA INDUSTRIES LIMITED ,Listed    ,02 JAN 2026,               1.00,         100000000,             67.10,     6709000000.00     
02 JAN 2026,SATIN,EQ,SATIN CREDIT NET LTD     ,Listed    ,02 JAN 2026,              10.00,         110470965,            144.65,    15978520377.60     
02 JAN 2026,SATIPOLY,SM,SATI POLY PLAST LIMITED  ,Listed    ,02 JAN 2026,              10.00,           4947000,             62.85,      310918950.00  
02 JAN 2026,SATKARTAR,SM,SAT KARTAR SHOPPING LTD  ,Listed    ,02 JAN 2026,              10.00,          15744876,            148.65,     2340475817.40 
02 JAN 2026,SATTVAENGG,SM,SATTVA ENGINEERING CSTN L,Listed    ,02 JAN 2026,              10.00,          17468616,             62.10,     1084801053.60
02 JAN 2026,SAURASHCEM,EQ,SAURASHTRA CEMENT LIMITED,Listed    ,02 JAN 2026,              10.00,         111253157,             83.55,     9295201267.35
02 JAN 2026,SAVY,SM,SAVY INFRA AND LOGI LTD  ,Listed    ,02 JAN 2026,              10.00,          20808480,            161.25,     3355367400.00      
02 JAN 2026,SAWALIYA,SM,SAWALIYA FOOD PRODUCTS L ,Listed    ,02 JAN 2026,              10.00,           9918220,            318.85,     3162424447.00  
02 JAN 2026,SBC,EQ,SBC EXPORTS LIMITED      ,Listed    ,02 JAN 2026,               1.00,         476190000,             28.45,    13557129300.00       
02 JAN 2026,SBCL,EQ,SHIVALIK BIMETAL CON. LTD,Listed    ,02 JAN 2026,               2.00,          57604200,            433.50,    24971420700.00      
02 JAN 2026,SBFC,EQ,SBFC FINANCE LIMITED     ,Listed    ,02 JAN 2026,              10.00,        1096472425,            103.00,   112925695050.75      
02 JAN 2026,SBGLP,EQ,SURATWWALA BUS GROUP LTD ,Listed    ,02 JAN 2026,               1.00,         173416440,             34.30,     5951652220.80     
02 JAN 2026,SBICARD,EQ,SBI CARDS & PAY SER LTD  ,Listed    ,02 JAN 2026,              10.00,         951547504,            875.95,   833508036128.80   
02 JAN 2026,SBILIFE,EQ,SBI LIFE INSURANCE CO LTD,Listed    ,02 JAN 2026,              10.00,        1002829838,           2067.40,  2073250407081.20   
02 JAN 2026,SBIN,EQ,STATE BANK OF INDIA      ,Listed    ,02 JAN 2026,               1.00,        9230617586,            998.95,  9220925437534.70      
02 JAN 2026,SCHAEFFLER,EQ,SCHAEFFLER INDIA LIMITED ,Listed    ,02 JAN 2026,               2.00,         156303670,           3874.30,   605567308681.00
02 JAN 2026,SCHAND,EQ,S CHAND AND COMPANY LTD  ,Listed    ,02 JAN 2026,               5.00,          35272192,            159.05,     5609689415.70    
02 JAN 2026,SCHNEIDER,EQ,SCHNEIDER ELECTRIC INFRA ,Listed    ,02 JAN 2026,               2.00,         239104035,            717.30,   171509324305.50 
02 JAN 2026,SCI,EQ,SHIPPING CORP OF INDIA LT,Listed    ,02 JAN 2026,              10.00,         465799010,            235.10,   109500031270.80       
02 JAN 2026,SCILAL,EQ,SHIPPING CORP OF ILA LTD ,Listed    ,02 JAN 2026,              10.00,         465799010,             48.20,    22460828262.20    
02 JAN 2026,SCML,ST,SHARP CHUCKS N MACHINES L,Listed    ,02 JAN 2026,              10.00,          11509792,            144.00,     1657410048.00      
02 JAN 2026,SCODATUBES,EQ,SCODA TUBES LIMITED      ,Listed    ,02 JAN 2026,              10.00,          59908900,            163.75,     9808884197.00
02 JAN 2026,SCPL,EQ,SHEETAL COOL PRODUCTS LTD,Listed    ,02 JAN 2026,              10.00,          10500000,            319.75,     3357375000.00      
02 JAN 2026,SDBL,EQ,SOM DIST & BREW LTD      ,Listed    ,02 JAN 2026,               2.00,         194988432,            109.35,    21321985039.20      
02 JAN 2026,SDREAMS,SM,S D RETAIL LIMITED       ,Listed    ,02 JAN 2026,              10.00,          18722386,             82.00,     1535235652.00   
02 JAN 2026,SEAMECLTD,EQ,SEAMEC LIMITED           ,Listed    ,02 JAN 2026,              10.00,          25425000,           1088.10,    27664942500.00 
02 JAN 2026,SECMARK,EQ,SECMARK CONSULTANCY LTD  ,Listed    ,02 JAN 2026,              10.00,          10447000,            123.45,     1289473210.00   
02 JAN 2026,SECURKLOUD,BE,SECUREKLOUD TECH LIMITED ,Listed    ,02 JAN 2026,               5.00,          33410605,             26.05,      870012154.20
02 JAN 2026,SEITINVIT,IV,SUSTAINABLE ENERGY INFRA ,Listed    ,16 DEC 2025,             100.00,         324000000,            118.00,    38232000000.00 
02 JAN 2026,SEJALLTD,BE,SEJAL GLASS LIMITED      ,Listed    ,02 JAN 2026,              10.00,          10100000,            854.50,     8630450000.00  
02 JAN 2026,SEL,SM,SUNGARNER ENERGIES LTD   ,Listed    ,02 JAN 2026,              10.00,           2318750,            206.60,      479053750.00       
02 JAN 2026,SELLOWRAP,SM,SELLOWRAP INDUSTRIES LTD ,Listed    ,02 JAN 2026,              10.00,          13744220,             79.80,     1096788756.00 
02 JAN 2026,SELMC,BE,SEL MANUFACTURING CO LTD ,Listed    ,02 JAN 2026,              10.00,          33134700,             29.50,      977804997.00     
02 JAN 2026,SEMAC,EQ,SEMAC CONSTRUCTION LTD   ,Listed    ,02 JAN 2026,              10.00,           3117308,            298.00,      928957784.00     
02 JAN 2026,SENCO,EQ,SENCO GOLD LIMITED       ,Listed    ,02 JAN 2026,               5.00,         163718332,            324.25,    53085669151.00     
02 JAN 2026,SENORES,EQ,SENORES PHARMACEUTICALS L,Listed    ,02 JAN 2026,              10.00,          46053588,            865.30,    39850169696.40   
02 JAN 2026,SEPC,EQ,SEPC LIMITED             ,Listed    ,02 JAN 2026,              10.00,        1887049362,             10.05,    18983716581.70      
02 JAN 2026,SEQUENT,EQ,SEQUENT SCIENTIFIC LTD.  ,Listed    ,02 JAN 2026,               2.00,         254112649,            210.50,    53488171488.00   
02 JAN 2026,SERVICE,SM,SERVICE CARE LIMITED     ,Listed    ,02 JAN 2026,              10.00,          13328500,             46.75,      623107375.00   
02 JAN 2026,SERVOTECH,EQ,SERVOTECH REN POW SYS LTD,Listed    ,02 JAN 2026,               1.00,         225845348,             80.00,    18063110933.05 
02 JAN 2026,SESHAPAPER,EQ,SESHASAYEE PAPER & BOARDS,Listed    ,02 JAN 2026,               2.00,          63068140,            240.05,    15138876325.60
02 JAN 2026,SETCO,EQ,SETCO AUTOMOTIVE LTD     ,Listed    ,02 JAN 2026,               2.00,         133767275,             15.75,     2104159235.75     
02 JAN 2026,SETUINFRA,BZ,SETUBANDHAN INFRA LTD    ,Listed    ,02 JAN 2026,               1.00,         125678260,              0.45,       56555217.00 
02 JAN 2026,SEYAIND,BE,SEYA INDUSTRIES LIMITED  ,Listed    ,02 JAN 2026,              10.00,          26570540,             18.35,      487569409.00   
02 JAN 2026,SFL,EQ,SHEELA FOAM LIMITED      ,Listed    ,02 JAN 2026,               5.00,         108710778,            593.35,    64503540126.30       
02 JAN 2026,SFML,SM,SUPREME FACILITY MGMT LTD,Listed    ,02 JAN 2026,              10.00,          24829200,             31.70,      787085640.00      
02 JAN 2026,SGFIN,EQ,SG FINSERVE LIMITED      ,Listed    ,02 JAN 2026,              10.00,          55895000,            416.45,    23277472750.00     
02 JAN 2026,SGIL,EQ,SYNERGY GREEN IND. LTD   ,Listed    ,02 JAN 2026,              10.00,          15543000,            517.80,     8048165400.00      
02 JAN 2026,SGL,EQ,STL GLOBAL LIMITED       ,Listed    ,02 JAN 2026,              10.00,          26990914,             12.90,      348182790.60       
02 JAN 2026,SGLTL,EQ,STANDARD GLASS LIN TECH L,Listed    ,02 JAN 2026,              10.00,         199491662,            149.85,    29889835717.45     
02 JAN 2026,SGMART,EQ,SG MART LIMITED          ,Listed    ,02 JAN 2026,               1.00,         126000000,            386.20,    48661200000.00    
02 JAN 2026,SHAH,EQ,SHAH METACORP LIMITED    ,Listed    ,02 JAN 2026,               1.00,         629378676,              5.00,     3153187166.75      
02 JAN 2026,SHAHALLOYS,EQ,SHAH ALLOYS LIMITED      ,Listed    ,02 JAN 2026,              10.00,          19797540,             71.70,     1419087667.20
02 JAN 2026,SHAILY,EQ,SHAILY ENG PLASTICS LTD  ,Listed    ,02 JAN 2026,               2.00,          45955093,           2239.90,   102934812810.70    
02 JAN 2026,SHAIVAL,ST,SHAIVAL REALITY LIMITED  ,Listed    ,23 APR 2024,              10.00,          11574000,             30.50,      353007000.00   
02 JAN 2026,SHAKTIPUMP,EQ,SHAKTI PUMPS (I) LTD     ,Listed    ,02 JAN 2026,              10.00,         123397965,            742.50,    91622989012.50
02 JAN 2026,SHALBY,EQ,SHALBY LIMITED           ,Listed    ,02 JAN 2026,              10.00,         108009770,            202.90,    21914102235.30    
02 JAN 2026,SHALPAINTS,EQ,SHALIM PAINTS LTD        ,Listed    ,02 JAN 2026,               2.00,          83711178,             75.35,     6309311485.85
02 JAN 2026,SHANKARA,EQ,SHANKARA BLDG PRODUCT LTD,Listed    ,02 JAN 2026,              10.00,          24249326,            106.35,     2578915820.10  
02 JAN 2026,SHANTHALA,ST,SHANTHALA FMCG PRODUCTS L,Listed    ,01 JAN 2026,              10.00,           6698064,             33.35,      223380434.40 
02 JAN 2026,SHANTI,EQ,SHANTI OVERSEAS INDIA LTD,Listed    ,02 JAN 2026,              10.00,          11106000,              8.85,       98399160.00    
02 JAN 2026,SHANTIGEAR,EQ,SHANTHI GEARS LTD        ,Listed    ,02 JAN 2026,               1.00,          76715853,            468.95,    35975899264.35
02 JAN 2026,SHANTIGOLD,EQ,SHANTI GOLD INTERNATION L,Listed    ,02 JAN 2026,              10.00,          72096000,            190.50,    13732846080.00
02 JAN 2026,SHARDACROP,EQ,SHARDA CROPCHEM LTD.     ,Listed    ,02 JAN 2026,              10.00,          90220495,            855.20,    77156567324.00
02 JAN 2026,SHARDAMOTR,EQ,SHARDA MOTOR INDS LTD    ,Listed    ,02 JAN 2026,               2.00,          57407706,            965.05,    55401306675.30
02 JAN 2026,SHAREINDIA,EQ,SHARE IND. SECURITIES LTD,Listed    ,02 JAN 2026,               2.00,         217492050,            164.65,    35807891112.00
02 JAN 2026,SHEEL,SM,SHEEL BIOTECH LIMITED    ,Listed    ,02 JAN 2026,              10.00,          20352550,             72.00,     1465383600.00     
02 JAN 2026,SHEETAL,SM,SHEETAL UNIVERSAL LIMITED,Listed    ,02 JAN 2026,              10.00,          11455999,            164.15,     1880502235.85   
02 JAN 2026,SHEKHAWATI,EQ,SHEKHAWATI INDUSTRIES LTD,Listed    ,02 JAN 2026,              10.00,          34470000,             18.70,      644589000.00
02 JAN 2026,SHEMAROO,EQ,SHEMAROO ENTER. LTD.     ,Listed    ,02 JAN 2026,              10.00,          27320299,            109.20,     2983376650.80  
02 JAN 2026,SHERA,SM,SHERA ENERGY LIMITED     ,Listed    ,02 JAN 2026,              10.00,          24439347,            134.85,     3295645942.95     
02 JAN 2026,SHETHJI,SM,SHREEJI GLOBAL FMCG LTD  ,Listed    ,02 JAN 2026,              10.00,          22760000,            119.35,     2716406000.00   
02 JAN 2026,SHIGAN,SM,SHIGAN QUANTUM TECH LTD  ,Listed    ,02 JAN 2026,              10.00,          20327400,             47.50,      965551500.00    
02 JAN 2026,SHILCTECH,EQ,SHILCHAR TECHNOLOGIES LTD,Listed    ,02 JAN 2026,              10.00,          11440200,           3837.50,    43901767500.00 
02 JAN 2026,SHILPAMED,EQ,SHILPA MEDICARE LTD      ,Listed    ,02 JAN 2026,               1.00,         195581816,            319.80,    62547064756.80 
02 JAN 2026,SHIVALIK,EQ,SHIVALIK RASAYAN LIMITED ,Listed    ,02 JAN 2026,               5.00,          15750365,            361.70,     5696907020.50  
02 JAN 2026,SHIVAMAUTO,EQ,SHIVAM AUTO.LTD          ,Listed    ,02 JAN 2026,               2.00,         131495219,             24.65,     3242672100.55
02 JAN 2026,SHIVAMILLS,EQ,SHIVA MILLS LIMITED      ,Listed    ,02 JAN 2026,              10.00,           8641808,             61.30,      529915666.55
02 JAN 2026,SHIVASHRIT,SM,SHIVASHRIT FOODS LIMITED ,Listed    ,02 JAN 2026,              10.00,          18269000,            127.00,     2320163000.00
02 JAN 2026,SHIVATEX,EQ,SHIVA TEXYARN LIMITED    ,Listed    ,02 JAN 2026,              10.00,          12962713,            185.40,     2403546244.45  
02 JAN 2026,SHIVAUM,EQ,SHIV AUM STEELS LIMITED  ,Listed    ,01 JAN 2026,              10.00,          13600400,            298.00,     4052919200.00   
02 JAN 2026,SHK,EQ,S H KELKAR AND CO. LTD.  ,Listed    ,02 JAN 2026,              10.00,         138420801,            181.40,    25106764885.40       
02 JAN 2026,SHKSIL,SM,SHRI HARE-KRI SPO IRON L ,Listed    ,01 JAN 2026,              10.00,          19191050,             55.15,     1058386407.50    
02 JAN 2026,SHOPERSTOP,EQ,SHOPPERS STOP LIMITED    ,Listed    ,02 JAN 2026,               5.00,         110112105,            389.30,    42866642476.50
02 JAN 2026,SHRADHA,EQ,SHRADHA INFRAPROJECTS LTD,Listed    ,02 JAN 2026,               2.00,          80997568,             37.35,     3024449189.10   
02 JAN 2026,SHREDIGCEM,EQ,SHREE DIGVIJAY CEM CO LTD,Listed    ,02 JAN 2026,              10.00,         147869278,             91.00,    13459061683.55
02 JAN 2026,SHREECEM,EQ,SHREE CEMENT LIMITED     ,Listed    ,02 JAN 2026,              10.00,          36080748,          27045.00,   975803829660.00  
02 JAN 2026,SHREEJISPG,EQ,SHREEJI SHIPPING GLOBAL L,Listed    ,02 JAN 2026,              10.00,         162918254,            370.00,    60279753980.00
02 JAN 2026,SHREEKARNI,SM,SHREE KARNI FABCOM LTD   ,Listed    ,02 JAN 2026,              10.00,           7228750,            484.00,     3498715000.00
02 JAN 2026,SHREEOSFM,SM,SHREE OSFM E-MOBILITY LTD,Listed    ,02 JAN 2026,              10.00,          15403400,             85.00,     1309289000.00 
02 JAN 2026,SHREEPUSHK,EQ,SHRE PUSH CHEM & FERT LTD,Listed    ,02 JAN 2026,              10.00,          32337691,            378.55,    12241432928.05
02 JAN 2026,SHREERAMA,EQ,SHREE RAMA MULTI TECH LTD,Listed    ,02 JAN 2026,               5.00,         133468005,             68.00,     9075824340.00 
02 JAN 2026,SHREMINVIT,IV,SHREM INVIT              ,Listed    ,02 JAN 2026,             100.00,         610844160,            102.00,    62306104320.00
02 JAN 2026,SHRENIK,BZ,SHRENIK LIMITED          ,Listed    ,02 JAN 2026,               1.00,         612000000,              0.45,      269280000.00   
02 JAN 2026,SHREYANIND,EQ,SHREYANS INDUSTRIES LTD  ,Listed    ,02 JAN 2026,              10.00,          13825000,            173.80,     2402785000.00
02 JAN 2026,SHRIAHIMSA,SM,SHRI AHIMSA NATURALS LTD ,Listed    ,02 JAN 2026,              10.00,          23330100,            240.45,     5609722545.00
02 JAN 2026,SHRIKANHA,SM,SHRI KANHA STAINLESS LTD ,Listed    ,02 JAN 2026,              10.00,          15582400,             26.75,      416829200.00 
02 JAN 2026,SHRINGARMS,EQ,SHRINGAR HOU OF MANGALS L,Listed    ,02 JAN 2026,              10.00,          96432080,            240.45,    23185164994.40
02 JAN 2026,SHRIPISTON,EQ,SHRIRAM PIST. & RING LTD ,Listed    ,02 JAN 2026,              10.00,          44049824,           3297.20,   145241079692.80
02 JAN 2026,SHRIRAMFIN,EQ,SHRIRAM FINANCE LIMITED  ,Listed    ,02 JAN 2026,               2.00,        1881362101,           1010.35,  1900834198745.35
02 JAN 2026,SHRIRAMPPS,EQ,SHRIRAM PROPERTIES LTD   ,Listed    ,02 JAN 2026,              10.00,         170654392,             84.20,    14367393262.50
02 JAN 2026,SHRITECH,SM,SHRI TECHTEX LIMITED     ,Listed    ,01 JAN 2026,              10.00,          24950000,             60.00,     1497000000.00  
02 JAN 2026,SHUBHLAXMI,ST,SHUBHLAXMI JEWEL ART LTD ,Listed    ,02 JAN 2026,              10.00,          10604000,             37.50,      397650000.00
02 JAN 2026,SHUBHSHREE,SM,SHUBHSHREE BIOFUELS ENE L,Listed    ,02 JAN 2026,              10.00,           5242000,            379.00,     1986718000.00
02 JAN 2026,SHYAMCENT,BE,SHYAM CENTURY FERROUS LTD,Listed    ,02 JAN 2026,               1.00,         212172990,              6.25,     1326081187.50 
02 JAN 2026,SHYAMDHANI,ST,SHYAM DHANI INDUSTRIES L ,Listed    ,02 JAN 2026,              10.00,          20656000,            126.75,     2618148000.00
02 JAN 2026,SHYAMMETL,EQ,SHYAM METALICS AND ENGY L,Listed    ,02 JAN 2026,              10.00,         279131853,            850.30,   237345814605.90 
02 JAN 2026,SHYAMTEL,EQ,SHYAM TELECOM LIMITED    ,Listed    ,02 JAN 2026,              10.00,          11270000,             12.35,      139297200.00  
02 JAN 2026,SICALLOG,BE,SICAL LOGISTICS LIMITED  ,Listed    ,02 JAN 2026,              10.00,          65249080,             89.40,     5833267752.00  
02 JAN 2026,SIDDHICOTS,SM,SIDDHI COTSPIN LIMITED   ,Listed    ,02 JAN 2026,              10.00,          24406491,             30.20,      737076028.20
02 JAN 2026,SIDDHIKA,SM,SIDDHIKA COATINGS LIMITED,Listed    ,02 JAN 2026,              10.00,           6179000,            208.00,     1285232000.00  
02 JAN 2026,SIEMENS,EQ,SIEMENS LTD              ,Listed    ,02 JAN 2026,               2.00,         356120505,           3097.70,  1103154488338.50   
02 JAN 2026,SIGACHI,EQ,SIGACHI INDUSTRIES LTD   ,Listed    ,02 JAN 2026,               1.00,         382117010,             31.35,    11975547093.40   
02 JAN 2026,SIGIND,EQ,SIGNET INDUSTRIES LIMITED,Listed    ,02 JAN 2026,              10.00,          29437000,             56.00,     1648177630.00    
02 JAN 2026,SIGMA,BE,SIGMA SOLVE LIMITED      ,Listed    ,02 JAN 2026,               1.00,         102774980,             58.85,     6050363072.60     
02 JAN 2026,SIGNATURE,EQ,SIGNATUREGLOBAL INDIA LTD,Listed    ,02 JAN 2026,               1.00,         140510691,           1127.00,   158355548757.00 
02 JAN 2026,SIGNORIA,SM,SIGNORIA CREATION LIMITED,Listed    ,02 JAN 2026,              10.00,           4758000,             95.00,      452010000.00  
02 JAN 2026,SIGNPOST,EQ,SIGNPOST INDIA LIMITED   ,Listed    ,02 JAN 2026,               2.00,          53450000,            223.70,    11956765000.00  
02 JAN 2026,SIKKO,BE,SIKKO INDUSTRIES LIMITED ,Listed    ,02 JAN 2026,               1.00,         436800000,              5.10,     2232048000.00     
02 JAN 2026,SIL,EQ,STANDARD INDUSTRIES LTD. ,Listed    ,02 JAN 2026,               5.00,          64328941,             16.15,     1038912397.15       
02 JAN 2026,SILGO,EQ,SILGO RETAIL LIMITED     ,Listed    ,02 JAN 2026,              10.00,          24604529,             80.95,     1991490577.25     
02 JAN 2026,SILINV,EQ,SIL INVESTMENTS LIMITED  ,Listed    ,02 JAN 2026,              10.00,          10595860,            518.05,     5489185273.00    
02 JAN 2026,SILKFLEX,SM,SILKFLEX POLYMERS INDIA L,Listed    ,01 JAN 2026,              10.00,          11607000,             93.00,     1079451000.00  
02 JAN 2026,SILKY,SM,SILKY OVERSEAS LIMITED   ,Listed    ,02 JAN 2026,              10.00,           6367623,            144.40,      919484761.20     
02 JAN 2026,SILLYMONKS,BE,SILLY MONKS ENTERTAIN LTD,Listed    ,02 JAN 2026,              10.00,          10253664,             19.70,      201997180.80
02 JAN 2026,SILVERTUC,EQ,SILVER TOUCH TECHNO LTD  ,Listed    ,02 JAN 2026,              10.00,          12681000,           1248.50,    15832228500.00 
02 JAN 2026,SIMBHALS,BZ,SIMBHAOLI SUGARS LTD.    ,Listed    ,02 JAN 2026,              10.00,          41279020,             11.60,      478423841.80  
02 JAN 2026,SIMPLEXINF,EQ,SIMPLEX INFRASTRUCTURES L,Listed    ,02 JAN 2026,               2.00,          79095346,            251.50,    19890897612.10
02 JAN 2026,SINCLAIR,EQ,SINCLAIRS HOTELS LIMITED ,Listed    ,02 JAN 2026,               2.00,          51260000,             82.95,     4251504400.00  
02 JAN 2026,SINDHUTRAD,EQ,SINDHU TRADE LINKS LTD   ,Listed    ,02 JAN 2026,               1.00,        1541928780,             20.10,    31008187765.80
02 JAN 2026,SINTERCOM,EQ,SINTERCOM INDIA LIMITED  ,Listed    ,02 JAN 2026,              10.00,          27527822,             99.85,     2749203583.15 
02 JAN 2026,SIRCA,EQ,SIRCA PAINT INDIA LIMITED,Listed    ,02 JAN 2026,              10.00,          56792800,            503.65,    28603693720.00     
02 JAN 2026,SIS,EQ,SIS LIMITED              ,Listed    ,02 JAN 2026,               5.00,         141000692,            339.30,    47841534795.60       
02 JAN 2026,SITINET,BZ,SITI NETWORKS LIMITED    ,Listed    ,02 JAN 2026,               1.00,         872053848,              0.35,      313939385.30   
02 JAN 2026,SIYSIL,EQ,SIYARAM SILK MILLS LTD   ,Listed    ,02 JAN 2026,               2.00,          45370088,            637.95,    28943847639.60    
02 JAN 2026,SJLOGISTIC,SM,S J LOGISTICS (INDIA) LTD,Listed    ,02 JAN 2026,              10.00,          15293130,            370.20,     5661516726.00
02 JAN 2026,SJS,EQ,SJS ENTERPRISES LIMITED  ,Listed    ,02 JAN 2026,              10.00,          31949404,           1840.20,    58793293240.80       
02 JAN 2026,SJVN,EQ,SJVN LTD                 ,Listed    ,02 JAN 2026,              10.00,        3929795175,             83.05,   326330191332.00      
02 JAN 2026,SKFINDIA,EQ,SKF INDIA LTD            ,Listed    ,02 JAN 2026,              10.00,          49437963,           1857.40,    91826072476.20  
02 JAN 2026,SKFINDUS,EQ,SKF IND (INDUSTRIAL) LTD ,Listed    ,02 JAN 2026,              10.00,          49437963,           2588.20,   127955335836.60  
02 JAN 2026,SKIPPER,EQ,SKIPPER LIMITED          ,Listed    ,02 JAN 2026,               1.00,         112903970,            452.85,    51128562814.50   
02 JAN 2026,SKMEGGPROD,EQ,SKM EGG PROD EXPORT(I) LT,Listed    ,02 JAN 2026,              10.00,          26330000,            408.55,    10757121500.00
02 JAN 2026,SKP,SM,SKP BEARING INDUSTRI. LTD,Listed    ,01 JAN 2026,              10.00,          16600000,            185.25,     3075150000.00       
02 JAN 2026,SKYGOLD,EQ,SKY GOLD AND DIAMONDS LTD,Listed    ,02 JAN 2026,              10.00,         154863884,            332.65,    51515471012.60   
02 JAN 2026,SLONE,SM,SLONE INFOSYSTEMS LIMITED,Listed    ,01 JAN 2026,              10.00,           5269013,            270.00,     1422633510.00     
02 JAN 2026,SMARTEN,SM,SMARTEN POWER SYSTEMS LTD,Listed    ,02 JAN 2026,              10.00,          19000800,             77.85,     1479212280.00   
02 JAN 2026,SMARTLINK,EQ,SMARTLINK HOLDINGS LTD   ,Listed    ,02 JAN 2026,               2.00,           9975000,            131.45,     1311213750.00 
02 JAN 2026,SMARTWORKS,EQ,SMARTWORKS COWORKING SP L,Listed    ,02 JAN 2026,              10.00,         114254426,            507.80,    58018397522.80
02 JAN 2026,SMCGLOBAL,EQ,SMC GLOBAL SECURITIES LTD,Listed    ,02 JAN 2026,               2.00,         209400000,             92.05,    19277364000.00 
02 JAN 2026,SMLMAH,EQ,SML MAHINDRA LIMITED     ,Listed    ,02 JAN 2026,              10.00,          14471646,           4086.00,    59131145556.00    
02 JAN 2026,SMLT,EQ,SARTHAK METALS LIMITED   ,Listed    ,02 JAN 2026,              10.00,          13689750,             86.50,     1183889580.00      
02 JAN 2026,SMSPHARMA,EQ,SMS PHARMACEUTICALS LTD. ,Listed    ,02 JAN 2026,               1.00,          93652030,            326.25,    30553974787.50 
02 JAN 2026,SMVD,SM,SMVD POLY PACK LIMITED   ,Listed    ,29 DEC 2025,              10.00,          10030108,              8.10,       81243874.80      
02 JAN 2026,SNEHAA,SM,SNEHAA ORGANICS LIMITED  ,Listed    ,02 JAN 2026,              10.00,          10179000,             60.35,      614302650.00    
02 JAN 2026,SNOWMAN,EQ,SNOWMAN LOGISTICS LTD.   ,Listed    ,02 JAN 2026,              10.00,         167087995,             41.00,     6847266035.10   
02 JAN 2026,SOBHA,EQ,SOBHA LIMITED            ,Listed    ,02 JAN 2026,              10.00,         106932806,           1490.60,   159394040623.60     
02 JAN 2026,SOCL,ST,SUNDREX OIL COMPANY LTD  ,Listed    ,02 JAN 2026,              10.00,          13393552,             56.10,      751378267.20      
02 JAN 2026,SOFTTECH,EQ,SOFTTECH ENGINEERS LTD   ,Listed    ,02 JAN 2026,              10.00,          13842138,            312.45,     4324976018.10  
02 JAN 2026,SOLARA,EQ,SOLARA ACTIVE PHA SCI LTD,Listed    ,02 JAN 2026,              10.00,          36171307,            582.05,    21053509239.35    
02 JAN 2026,SOLARINDS,EQ,SOLAR INDUSTRIES (I) LTD ,Listed    ,02 JAN 2026,               2.00,          90490055,          12336.00,  1116285318480.00 
02 JAN 2026,SOLARWORLD,EQ,SOLARWORLD ENERGY SOL LTD,Listed    ,02 JAN 2026,               5.00,          86672654,            280.00,    24268343120.00
02 JAN 2026,SOLEX,EQ,SOLEX ENERGY LIMITED     ,Listed    ,02 JAN 2026,              10.00,          10802489,           1323.60,    14298174440.40     
02 JAN 2026,SOMANYCERA,EQ,SOMANY CERAMICS LIMITED  ,Listed    ,02 JAN 2026,               2.00,          41012806,            403.85,    16563021703.10
02 JAN 2026,SOMATEX,BE,SOMA TEXTILEI NDUSTRIES L,Listed    ,02 JAN 2026,              10.00,          33033000,            138.20,     4565490930.00   
02 JAN 2026,SOMICONVEY,EQ,SOMI CONVEYOR BELT. LTD. ,Listed    ,02 JAN 2026,              10.00,          11779656,            126.60,     1491186653.05
02 JAN 2026,SONACOMS,EQ,SONA BLW PRECISION FRGS L,Listed    ,02 JAN 2026,              10.00,         621720975,            486.35,   302373996191.25  
02 JAN 2026,SONAMAC,SM,SONA MACHINERY LIMITED   ,Listed    ,02 JAN 2026,              10.00,          13724000,             46.50,      638166000.00   
02 JAN 2026,SONAMLTD,EQ,SONAM LIMITED            ,Listed    ,02 JAN 2026,               5.00,          40032000,             42.00,     1680943680.00  
02 JAN 2026,SONATSOFTW,EQ,SONATA SOFTWARE LTD      ,Listed    ,02 JAN 2026,               1.00,         280424816,            365.15,   102397121562.40
02 JAN 2026,SONUINFRA,SM,SONU INFRATECH LIMITED   ,Listed    ,02 JAN 2026,              10.00,          10349000,             79.20,      819640800.00 
02 JAN 2026,SOTAC,SM,SOTAC PHARMACEUTICALS LTD,Listed    ,31 DEC 2025,              10.00,          11050000,            123.10,     1360255000.00     
02 JAN 2026,SOTL,EQ,SAVITA OIL TECHNOLO. LTD ,Listed    ,02 JAN 2026,               2.00,          68560415,            382.05,    26193506550.75      
02 JAN 2026,SOUTHBANK,EQ,THE SOUTH INDIAN BANK LTD,Listed    ,02 JAN 2026,               1.00,        2617047961,             38.60,   101018051294.60 
02 JAN 2026,SOUTHWEST,BE,SOUTH WEST PINNACLE LTD  ,Listed    ,02 JAN 2026,              10.00,          29830011,            194.90,     5814167444.00 
02 JAN 2026,SPAL,EQ,S. P. APPARELS LIMITED   ,Listed    ,02 JAN 2026,              10.00,          25092600,            709.75,    17809472850.00      
02 JAN 2026,SPANDANA,EQ,SPANDANA SPHOORTY FIN LTD,Listed    ,02 JAN 2026,              10.00,          71305144,            266.20,    18981429332.80  
02 JAN 2026,SPARC,EQ,SUN PHARMA ADV.RES.CO.LTD,Listed    ,02 JAN 2026,               1.00,         324499558,            135.70,    44041080011.75     
02 JAN 2026,SPCENET,BE,SPACENET ENTERS IND LTD  ,Listed    ,02 JAN 2026,               1.00,         566103736,              6.80,     3843844367.45   
02 JAN 2026,SPCL,SM,SHIVALIC POWER CONTROL L ,Listed    ,02 JAN 2026,              10.00,          24115754,            112.25,     2706993386.50      
02 JAN 2026,SPEB,SM,SPEB ADHESIVES LIMITED   ,Listed    ,02 JAN 2026,              10.00,          22464570,             50.55,     1135584013.50      
02 JAN 2026,SPECIALITY,EQ,SPECIALITY REST LTD      ,Listed    ,02 JAN 2026,              10.00,          48235657,            109.20,     5268298457.55
02 JAN 2026,SPECTRUM,EQ,SPECTRUM ELECTRIC IND LTD,Listed    ,02 JAN 2026,              10.00,          15713840,           1218.80,    19152028192.00  
02 JAN 2026,SPECTSTM,SM,SPECTRUM TALENT MGMT LTD ,Listed    ,02 JAN 2026,              10.00,          23093096,             95.70,     2210009287.20  
02 JAN 2026,SPENCERS,EQ,SPENCER S RETAIL LIMITED ,Listed    ,02 JAN 2026,               5.00,          90138789,             41.65,     3755181949.75  
02 JAN 2026,SPIC,EQ,SPIC LTD                 ,Listed    ,02 JAN 2026,              10.00,         203640336,             84.00,    17109861030.70      
02 JAN 2026,SPLIL,EQ,SPL INDUSTRIES LIMITED   ,Listed    ,02 JAN 2026,              10.00,          29000004,             34.20,      991510136.75     
02 JAN 2026,SPLPETRO,EQ,SUPREME PETROCHEM LIMITED,Listed    ,02 JAN 2026,               2.00,         188041342,            646.90,   121643944139.80  
02 JAN 2026,SPMLINFRA,EQ,SPML INFRA LIMITED       ,Listed    ,02 JAN 2026,               2.00,          72251771,            187.40,    13539981885.40 
02 JAN 2026,SPORTKING,EQ,SPORTKING INDIA LIMITED  ,Listed    ,02 JAN 2026,               1.00,         132872000,             87.05,    11567836320.00 
02 JAN 2026,SPPPOLY,SM,SPP POLYMER LIMITED      ,Listed    ,02 JAN 2026,              10.00,          15391160,             15.70,      241641212.00   
02 JAN 2026,SPRL,ST,SP REFRACTORIES LIMITED  ,Listed    ,01 JAN 2026,              10.00,           1789500,            159.60,      285604200.00      
02 JAN 2026,SPUNWEB,SM,SPUNWEB NONWOVEN LIMITED ,Listed    ,02 JAN 2026,              10.00,          24103409,            136.40,     3287704987.60   
02 JAN 2026,SRD,EQ,SHANKAR LAL RAMPAL LTD   ,Listed    ,02 JAN 2026,              10.00,          63966780,             67.30,     4304324626.20       
02 JAN 2026,SREEL,EQ,SREELEATHERS LIMITED     ,Listed    ,02 JAN 2026,              10.00,          23155012,            220.40,     5103364644.80     
02 JAN 2026,SRF,EQ,SRF LTD                  ,Listed    ,02 JAN 2026,              10.00,         296424825,           3059.50,   906911752087.50       
02 JAN 2026,SRGHFL,EQ,SRG HOUSING FINANCE L    ,Listed    ,02 JAN 2026,              10.00,          15694588,            286.90,     4502777297.20    
02 JAN 2026,SRHHYPOLTD,EQ,SREE RAYALSEEMA HHP LTD. ,Listed    ,02 JAN 2026,              10.00,          17164821,            517.60,     8884511349.60
02 JAN 2026,SRIVASAVI,SM,SRIVASAVI ADHESIVE TAPE L,Listed    ,02 JAN 2026,              10.00,          14174166,             50.25,      712251841.50 
02 JAN 2026,SRM,EQ,SRM CONTRACTORS LIMITED  ,Listed    ,02 JAN 2026,              10.00,          22944200,            533.40,    12238436280.00       
02 JAN 2026,SRPL,BZ,SHREE RAM PROTEINS LTD.  ,Listed    ,02 JAN 2026,               1.00,         428400000,              0.65,      282744000.00      
02 JAN 2026,SSDL,EQ,SARASWATI SAREE DEPOT LTD,Listed    ,02 JAN 2026,              10.00,          39599800,             78.15,     3095120368.00      
02 JAN 2026,SSEGL,SM,SATHLOKHAR SYN E&C GLOB L,Listed    ,02 JAN 2026,              10.00,          24137992,            459.30,    11086579725.60     
02 JAN 2026,SSFL,SM,SRIVARI SPICES N FOODS L ,Listed    ,02 JAN 2026,              10.00,           8570400,            129.85,     1112866440.00      
02 JAN 2026,SSWL,EQ,STEEL STRIPS WHEELS LTD. ,Listed    ,02 JAN 2026,               1.00,         157180425,            210.90,    33146208024.00      
02 JAN 2026,STALLION,BE,STALLION IND FLUOROCHEM L,Listed    ,02 JAN 2026,              10.00,          79325254,            257.70,    20441324703.25  
02 JAN 2026,STANLEY,EQ,STANLEY LIFESTYLES LTD   ,Listed    ,02 JAN 2026,               2.00,          57125663,            191.95,    10965271012.85   
02 JAN 2026,STAR,EQ,STRIDES PHARMA SCI LTD   ,Listed    ,02 JAN 2026,              10.00,          92172714,            900.75,    83024572135.50      
02 JAN 2026,STARCEMENT,EQ,STAR CEMENT LIMITED      ,Listed    ,02 JAN 2026,               1.00,         412428997,            222.50,    91769576122.45
02 JAN 2026,STARHEALTH,EQ,STAR HEALTH & AL INS CO L,Listed    ,02 JAN 2026,              10.00,         588398801,            459.75,   270516348759.75
02 JAN 2026,STARPAPER,EQ,STAR PAPER MILLS LTD     ,Listed    ,02 JAN 2026,              10.00,          15608350,            165.30,     2579904171.50 
02 JAN 2026,STARTECK,EQ,STARTECK FINANCE LIMITED ,Listed    ,02 JAN 2026,              10.00,           9910330,            291.05,     2884401546.50  
02 JAN 2026,STCINDIA,EQ,THE STATE TRADING CORPN  ,Listed    ,02 JAN 2026,              10.00,          60000000,            128.15,     7689000000.00  
02 JAN 2026,STEELCAS,EQ,STEELCAST LIMITED        ,Listed    ,02 JAN 2026,               1.00,         101200000,            210.30,    21283372000.00  
02 JAN 2026,STEELCITY,EQ,STEEL CITY SECURITIES LTD,Listed    ,02 JAN 2026,              10.00,          15107095,             92.15,     1392118804.25 
02 JAN 2026,STEELXIND,EQ,STEEL EXCHANGE INDIA LTD ,Listed    ,02 JAN 2026,               1.00,        1247220542,              9.35,    11686456478.55 
02 JAN 2026,STEL,EQ,STEL HOLDINGS LIMITED    ,Listed    ,02 JAN 2026,              10.00,          18455405,            493.30,     9104051286.50      
02 JAN 2026,STERTOOLS,EQ,STERLING TOOLS LIMITED   ,Listed    ,02 JAN 2026,               2.00,          36184318,            280.15,    10137036687.70 
02 JAN 2026,STLNETWORK,EQ,STL NETWORKS LIMITED     ,Listed    ,02 JAN 2026,               2.00,         487921086,             22.75,    11095325495.65
02 JAN 2026,STLTECH,EQ,STERLITE TECHNOLOGIES LTD,Listed    ,02 JAN 2026,               2.00,         488079485,            103.65,    50584557825.40   
02 JAN 2026,STOVEKRAFT,EQ,STOVE KRAFT LIMITED      ,Listed    ,02 JAN 2026,              10.00,          33101500,            592.90,    19625879350.00
02 JAN 2026,STUDDS,EQ,STUDDS ACCESSORIES LTD   ,Listed    ,02 JAN 2026,               5.00,          39353400,            542.20,    21337413480.00    
02 JAN 2026,STUDIOLSD,SM,STUDIO LSD LIMITED       ,Listed    ,02 JAN 2026,               2.00,          51891755,             13.20,      684971166.00 
02 JAN 2026,STYL,EQ,SESHAASAI TECHNOLOGIES L ,Listed    ,02 JAN 2026,              10.00,         161805826,            282.25,    45669694388.50      
02 JAN 2026,STYLAMIND,EQ,STYLAM INDUSTRIES LIMITED,Listed    ,02 JAN 2026,               5.00,          16948060,           2207.80,    37417926868.00 
02 JAN 2026,STYLEBAAZA,EQ,BAAZAR STYLE RETAIL LTD  ,Listed    ,02 JAN 2026,               5.00,          74617353,            285.70,    21318177752.10
02 JAN 2026,STYRENIX,EQ,STYRENIX PERFORMANCE LTD ,Listed    ,02 JAN 2026,              10.00,          17585625,           2035.50,    35795539687.50  
02 JAN 2026,SUBAHOTELS,SM,SUBA HOTELS LIMITED      ,Listed    ,02 JAN 2026,              10.00,          24242516,            140.75,     3412134127.00
02 JAN 2026,SUBEXLTD,EQ,SUBEX LTD                ,Listed    ,02 JAN 2026,               5.00,         562002935,             11.70,     6586674398.20  
02 JAN 2026,SUBROS,EQ,SUBROS LIMITED           ,Listed    ,02 JAN 2026,               2.00,          65235750,            902.65,    58885049737.50    
02 JAN 2026,SUDARSCHEM,EQ,SUDARSHAN CHEMICAL INDS L,Listed    ,02 JAN 2026,               2.00,          78606473,            960.00,    75462214080.00
02 JAN 2026,SUDEEPPHRM,EQ,SUDEEP PHARMA LIMITED    ,Listed    ,02 JAN 2026,               1.00,         112948625,            596.80,    67407739400.00
02 JAN 2026,SUKHJITS,EQ,SUKHJIT STARCH & CHEM LTD,Listed    ,02 JAN 2026,               5.00,          31244000,            185.15,     5785139040.00  
02 JAN 2026,SULA,EQ,SULA VINEYARDS LIMITED   ,Listed    ,02 JAN 2026,               2.00,          84447229,            218.20,    18425540895.50      
02 JAN 2026,SUMEETINDS,BE,SUMEET IND LIMITED       ,Listed    ,02 JAN 2026,               2.00,         526325680,             29.40,    15473974992.00
02 JAN 2026,SUMICHEM,EQ,SUMITOMO CHEM INDIA LTD  ,Listed    ,02 JAN 2026,              10.00,         499145736,            468.70,   233949606463.20  
02 JAN 2026,SUMIT,EQ,SUMIT WOODS LIMITED      ,Listed    ,02 JAN 2026,              10.00,          45268753,             65.30,     2956954945.95     
02 JAN 2026,SUMMITSEC,EQ,SUMMIT SECURITIES LTD    ,Listed    ,02 JAN 2026,              10.00,          10901781,           1928.80,    21027355192.80 
02 JAN 2026,SUNCLAY,EQ,SUNDARAM CLAYTON LIMITED ,Listed    ,02 JAN 2026,               5.00,          22046162,           1255.80,    27685570239.60   
02 JAN 2026,SUNDARAM,EQ,SUNDARAM MULTI PAP LTD   ,Listed    ,02 JAN 2026,               1.00,         473877773,              1.80,      852979991.40  
02 JAN 2026,SUNDARMFIN,EQ,SUNDARAM FINANCE LTD     ,Listed    ,02 JAN 2026,              10.00,         111103860,           5293.00,   588072730980.00
02 JAN 2026,SUNDRMBRAK,EQ,SUNDARAM BRAK LININGS LTD,Listed    ,02 JAN 2026,              10.00,           3934575,            693.65,     2729217948.75
02 JAN 2026,SUNDRMFAST,EQ,SUNDRAM FASTENERS LTD    ,Listed    ,02 JAN 2026,               1.00,         210128370,            941.80,   197898898866.00
02 JAN 2026,SUNDROP,EQ,SUNDROP BRANDS LIMITED   ,Listed    ,02 JAN 2026,              10.00,          37696853,            725.20,    27337757795.60   
02 JAN 2026,SUNFLAG,EQ,SUNFLAG IRON AND STEEL CO,Listed    ,02 JAN 2026,              10.00,         180219448,            273.45,    49281008055.60   
02 JAN 2026,SUNLITE,ST,SUNLITE RECYCLING IND LTD,Listed    ,02 JAN 2026,              10.00,          10880000,            340.25,     3701920000.00   
02 JAN 2026,SUNPHARMA,EQ,SUN PHARMACEUTICAL IND L ,Listed    ,02 JAN 2026,               1.00,        2399334970,           1728.00,  4146050828160.00 
02 JAN 2026,SUNREST,SM,SUNREST LIFESCIENCE LTD  ,Listed    ,01 JAN 2026,              10.00,           4291200,             45.00,      193104000.00   
02 JAN 2026,SUNTECH,SM,SUNTECH INFRA SOLUTIONS L,Listed    ,02 JAN 2026,              10.00,          19362600,             42.65,      825814890.00   
02 JAN 2026,SUNTECK,EQ,SUNTECK REALTY LIMITED   ,Listed    ,02 JAN 2026,               1.00,         146489084,            431.45,    63202715291.80   
02 JAN 2026,SUNTV,EQ,SUN TV NETWORK LIMITED   ,Listed    ,02 JAN 2026,               5.00,         394084620,            582.85,   229692220767.00     
02 JAN 2026,SUPERHOUSE,EQ,SUPERHOUSE LIMITED       ,Listed    ,02 JAN 2026,              10.00,          11025000,            146.60,     1616485500.00
02 JAN 2026,SUPERSPIN,EQ,SUPER SPINNING MILLS LTD ,Listed    ,02 JAN 2026,               1.00,          55000000,              8.10,      444400000.00 
02 JAN 2026,SUPRAJIT,EQ,SUPRAJIT ENGINEERING LTD ,Listed    ,02 JAN 2026,               1.00,         137171147,            473.60,    64964255219.20  
02 JAN 2026,SUPREME,EQ,SUPREME HOLDIN N HOSP I L,Listed    ,02 JAN 2026,              10.00,          38646853,             71.80,     2774844045.40   
02 JAN 2026,SUPREMEENG,BZ,SUPREME ENGINEERING LTD  ,Listed    ,02 JAN 2026,               1.00,         249950000,              1.35,      334933000.00
02 JAN 2026,SUPREMEIND,EQ,SUPREME INDUSTRIES LTD   ,Listed    ,02 JAN 2026,               2.00,         127026870,           3534.10,   448925661267.00
02 JAN 2026,SUPREMEINF,BZ,SUPREME INFRA. LTD       ,Listed    ,02 JAN 2026,              10.00,          25698372,             86.35,     2219054422.20
02 JAN 2026,SUPREMEPWR,SM,SUPREME POWER EQUIPMENT L,Listed    ,02 JAN 2026,              10.00,          24991135,            191.70,     4790800579.50
02 JAN 2026,SUPRIYA,EQ,SUPRIYA LIFESCIENCE LTD  ,Listed    ,02 JAN 2026,               2.00,          80482800,            750.55,    60406365540.00   
02 JAN 2026,SURAJEST,EQ,SURAJ ESTATE DEVELOPERS L,Listed    ,02 JAN 2026,               5.00,          47773388,            261.45,    12490352292.60  
02 JAN 2026,SURAJLTD,EQ,SURAJ LIMITED            ,Listed    ,02 JAN 2026,              10.00,          18364100,            244.30,     4485982348.00  
02 JAN 2026,SURAKSHA,EQ,SURAKSHA DIAGNOSTIC LTD  ,Listed    ,02 JAN 2026,               2.00,          52080758,            276.65,    14408141700.70  
02 JAN 2026,SURANASOL,EQ,SURANA SOLAR LIMITED     ,Listed    ,02 JAN 2026,               5.00,          49206600,             27.85,     1371387942.00 
02 JAN 2026,SURANAT&P,EQ,SURANA TELECOM AND POW LT,Listed    ,02 JAN 2026,               1.00,         135759963,             19.75,     2682616868.90 
02 JAN 2026,SURANI,SM,SURANI STEEL TUBES LTD.  ,Listed    ,02 JAN 2026,              10.00,          15548036,             57.80,      898676480.80    
02 JAN 2026,SURYALAXMI,EQ,SURYALAKSHMI COT MIL LTD ,Listed    ,02 JAN 2026,              10.00,          18805290,             58.45,     1099169200.50
02 JAN 2026,SURYAROSNI,EQ,SURYA ROSHNI LTD         ,Listed    ,02 JAN 2026,               5.00,         217635896,            278.30,    60568069856.80
02 JAN 2026,SURYODAY,EQ,SURYODAY SMALL FIN BK LTD,Listed    ,02 JAN 2026,              10.00,         106289824,            143.95,    15301483063.05  
02 JAN 2026,SUTLEJTEX,EQ,SUTLEJ TEXT & INDUS LTD  ,Listed    ,02 JAN 2026,               1.00,         163828620,             31.70,     5193367254.00 
02 JAN 2026,SUVEN,EQ,SUVEN LIFE SCIENCES LTD  ,Listed    ,02 JAN 2026,               1.00,         227474207,            164.80,    37490024055.65     
02 JAN 2026,SUVIDHAA,EQ,SUVIDHAA INFOSERVE LTD   ,Listed    ,02 JAN 2026,               1.00,         209806690,              3.70,      772088619.20  
02 JAN 2026,SUYOG,EQ,SUYOG TELEMATICS LIMITED ,Listed    ,02 JAN 2026,              10.00,          11189620,            617.05,     6904555021.00     
02 JAN 2026,SUZLON,EQ,SUZLON ENERGY LIMITED    ,Listed    ,02 JAN 2026,               2.00,       13712280885,             54.30,   744302606437.80    
02 JAN 2026,SVLL,EQ,SHREE VASU LOGISTICS LTD ,Listed    ,02 JAN 2026,              10.00,          11493700,            699.70,     8042141890.00      
02 JAN 2026,SVPGLOB,BE,SVP GLOBAL TEXTILES LTD  ,Listed    ,02 JAN 2026,               1.00,         126500000,              3.90,      494615000.00   
02 JAN 2026,SWANCORP,EQ,SWAN CORP LIMITED        ,Listed    ,02 JAN 2026,               1.00,         313456886,            462.85,   145083519685.10  
02 JAN 2026,SWANDEF,BE,SWAN DEFENCE N HEVY IND L,Listed    ,02 JAN 2026,              10.00,          52682150,           1530.40,    80624762360.00   
02 JAN 2026,SWARAJ,ST,SWARAJ SUITING LIMITED   ,Listed    ,02 JAN 2026,              10.00,          22018260,            243.70,     5365849962.00    
02 JAN 2026,SWARAJENG,EQ,SWARAJ ENGINES LTD       ,Listed    ,02 JAN 2026,              10.00,          12147466,           3690.50,    44830223273.00 
02 JAN 2026,SWASTIK,SM,SWASTIK PIPE LIMITED     ,Listed    ,02 JAN 2026,              10.00,          23231460,             24.65,      572655489.00   
02 JAN 2026,SWELECTES,EQ,SWELECT ENERGY SYS LTD   ,Listed    ,02 JAN 2026,              10.00,          15158760,            617.55,     9361292238.00 
02 JAN 2026,SWIGGY,EQ,SWIGGY LIMITED           ,Listed    ,02 JAN 2026,               1.00,        2760313555,            387.20,  1068793408496.00    
02 JAN 2026,SWSOLAR,EQ,STRLNG & WIL REN ENE LTD ,Listed    ,02 JAN 2026,               1.00,         233531720,            217.95,    50900573691.20   
02 JAN 2026,SYLVANPLY,SM,SYLVAN PLYBOARD (INDIA) L,Listed    ,02 JAN 2026,              10.00,          19374830,             62.00,     1201239460.00 
02 JAN 2026,SYMPHONY,EQ,SYMPHONY LIMITED         ,Listed    ,02 JAN 2026,               2.00,          68671400,            916.00,    62903002400.00  
02 JAN 2026,SYNCOMF,EQ,SYNCOM FORMU (I) LTD     ,Listed    ,02 JAN 2026,               1.00,         940000000,             14.45,    13592400000.00   
02 JAN 2026,SYNGENE,EQ,SYNGENE INTERNATIONAL LTD,Listed    ,02 JAN 2026,              10.00,         402939420,            658.40,   265295314128.00   
02 JAN 2026,SYNOPTICS,SM,SYNOPTICS TECHNOLOGIES L ,Listed    ,02 JAN 2026,              10.00,           8480000,             56.65,      480392000.00 
02 JAN 2026,SYRMA,EQ,SYRMA SGS TECHNOLOGY LTD ,Listed    ,02 JAN 2026,              10.00,         192830485,            741.90,   143060936821.50     
02 JAN 2026,SYSTANGO,ST,SYSTANGO TECHNOLOGIES LTD,Listed    ,02 JAN 2026,              10.00,          14668800,            319.00,     4679347200.00  
02 JAN 2026,SYSTMTXC,EQ,SYSTEMATIX CORP SERVICE L,Listed    ,02 JAN 2026,               1.00,         136538010,            141.80,    19363820578.20  
02 JAN 2026,TAC,SM,TAC INFOSEC LIMITED      ,Listed    ,02 JAN 2026,              10.00,          21026240,            758.30,    15944197792.00       
02 JAN 2026,TAINWALCHM,EQ,TAINWALA CHEMICAL AND PLA,Listed    ,02 JAN 2026,              10.00,           9363863,            193.35,     1810315633.80
02 JAN 2026,TAJGVK,EQ,TAJ GVK HOTELS & RESORTS ,Listed    ,02 JAN 2026,               2.00,          62701495,            420.65,    26375383871.75    
02 JAN 2026,TAKE,BE,TAKE SOLUTIONS LTD       ,Listed    ,02 JAN 2026,               1.00,         147934000,             40.50,     5992806340.00      
02 JAN 2026,TALBROAUTO,EQ,TALBROS AUTO. COMP. LTD  ,Listed    ,02 JAN 2026,               2.00,          61728150,            276.30,    17055487845.00
02 JAN 2026,TANKUP,ST,TANKUP ENGINEERS LIMITED ,Listed    ,02 JAN 2026,              10.00,           5295000,            710.00,     3759450000.00    
02 JAN 2026,TANLA,EQ,TANLA PLATFORMS LIMITED  ,Listed    ,02 JAN 2026,               1.00,         132617359,            530.50,    70353508949.50     
02 JAN 2026,TAPIFRUIT,SM,TAPI FRUIT PROCESSING LTD,Listed    ,02 JAN 2026,              10.00,           4300500,             68.30,      293724150.00 
02 JAN 2026,TARACHAND,EQ,TARA CHAND INFRA SOLN LTD,Listed    ,02 JAN 2026,               2.00,          78824900,             79.60,     6275250289.00 
02 JAN 2026,TARAPUR,BE,TARAPUR TRANSFORMERS LTD ,Listed    ,02 JAN 2026,              10.00,          19500011,             29.75,      579930327.15   
02 JAN 2026,TARC,EQ,TARC LIMITED             ,Listed    ,02 JAN 2026,               2.00,         295096335,            176.30,    52022532897.15      
02 JAN 2026,TARIL,EQ,TRANS & RECTI. LTD       ,Listed    ,02 JAN 2026,               1.00,         300165834,            336.40,   100975786557.60     
02 JAN 2026,TARMAT,EQ,TARMAT LIMITED           ,Listed    ,02 JAN 2026,              10.00,          24064255,             51.05,     1228961502.85    
02 JAN 2026,TARSONS,EQ,TARSONS PRODUCTS LIMITED ,Listed    ,02 JAN 2026,               2.00,          53206281,            235.25,    12516777605.25   
02 JAN 2026,TASTYBITE,EQ,TASTY BITE EATABLES LTD  ,Listed    ,02 JAN 2026,              10.00,           2566000,           7894.00,    20256004000.00 
02 JAN 2026,TATACAP,EQ,TATA CAPITAL LIMITED     ,Listed    ,02 JAN 2026,              10.00,        4244869037,            359.10,  1524332471186.70   
02 JAN 2026,TATACHEM,EQ,TATA CHEMICALS LTD       ,Listed    ,02 JAN 2026,              10.00,         254756278,            755.25,   192404678959.50  
02 JAN 2026,TATACOMM,EQ,TATA COMMUNICATIONS LTD  ,Listed    ,02 JAN 2026,              10.00,         285000000,           1790.10,   510178500000.00  
02 JAN 2026,TATACONSUM,EQ,TATA CONSUMER PRODUCT LTD,Listed    ,02 JAN 2026,               1.00,         989544308,           1170.70,  1158459521375.60
02 JAN 2026,TATAELXSI,EQ,TATA ELXSI LIMITED       ,Listed    ,02 JAN 2026,              10.00,          62295229,           5337.50,   332500784787.50 
02 JAN 2026,TATAINVEST,EQ,TATA INVESTMENT CORP LTD ,Listed    ,02 JAN 2026,               1.00,         505952960,            703.75,   356064395600.00
02 JAN 2026,TATAPOWER,EQ,TATA POWER CO LTD        ,Listed    ,02 JAN 2026,               1.00,        3195339547,            393.10,  1256087975925.70 
02 JAN 2026,TATASTEEL,EQ,TATA STEEL LIMITED       ,Listed    ,02 JAN 2026,               1.00,       12483527171,            182.90,  2282987449032.50 
02 JAN 2026,TATATECH,EQ,TATA TECHNOLOGIES LIMITED,Listed    ,02 JAN 2026,               2.00,         405743604,            655.95,   266147517043.80  
02 JAN 2026,TATVA,EQ,TATVA CHIN PHARM CHEM LTD,Listed    ,02 JAN 2026,              10.00,          23392055,           1388.80,    32486885984.00     
02 JAN 2026,TAURIAN,ST,TAURIAN MPS LIMITED      ,Listed    ,02 JAN 2026,              10.00,           8883200,            251.00,     2229683200.00   
02 JAN 2026,TBI,SM,TBI CORN LIMITED         ,Listed    ,02 JAN 2026,              10.00,          18158405,             90.85,     1649691094.25       
02 JAN 2026,TBOTEK,EQ,TBO TEK LIMITED          ,Listed    ,02 JAN 2026,               1.00,         108587787,           1638.20,   177888512663.40    
02 JAN 2026,TBZ,EQ,TRIB BHIMJI ZAVERI LTD   ,Listed    ,02 JAN 2026,              10.00,          66730620,            167.30,    11162698113.60       
02 JAN 2026,TCI,EQ,TRANSPORT CORPN OF INDIA ,Listed    ,02 JAN 2026,               2.00,          76726987,           1082.00,    83018599934.00       
02 JAN 2026,TCIEXP,EQ,TCI EXPRESS LIMITED      ,Listed    ,02 JAN 2026,               2.00,          38418990,            590.85,    22699860241.50    
02 JAN 2026,TCIFINANCE,BE,TCIFINANCELTD-ROLL SETT  ,Listed    ,02 JAN 2026,              10.00,          12872493,             30.15,      388105663.95
02 JAN 2026,TCL,SM,THAAI CASTING LIMITED    ,Listed    ,02 JAN 2026,              10.00,          24341437,             99.95,     2432926628.15       
02 JAN 2026,TCPLPACK,EQ,TCPL PACKAGING LIMITED   ,Listed    ,02 JAN 2026,              10.00,           9100000,           3006.00,    27354600000.00  
02 JAN 2026,TCS,EQ,TATA CONSULTANCY SERV LT ,Listed    ,02 JAN 2026,               1.00,        3618087518,           3250.70, 11761317094762.60       
02 JAN 2026,TDPOWERSYS,EQ,TD POWER SYSTEMS LTD.    ,Listed    ,02 JAN 2026,               2.00,         156214830,            684.75,   106968104842.50
02 JAN 2026,TEAMGTY,EQ,TEAM INDIA GUARANTY LTD  ,Listed    ,02 JAN 2026,              10.00,           8993149,            293.65,     2640838203.85   
02 JAN 2026,TEAMLEASE,EQ,TEAMLEASE SERVICES LTD.  ,Listed    ,02 JAN 2026,              10.00,          16768900,           1575.00,    26411017500.00 
02 JAN 2026,TECHD,ST,TECHD CYBERSECURITY LTD  ,Listed    ,02 JAN 2026,              10.00,           7479733,            609.00,     4555157397.00     
02 JAN 2026,TECHERA,ST,TECHERA ENGINEER (IND) L ,Listed    ,02 JAN 2026,              10.00,          16520925,            209.75,     3465264018.75   
02 JAN 2026,TECHLABS,SM,TRIDENT TECHLABS LIMITED ,Listed    ,02 JAN 2026,              10.00,          17281064,            322.35,     5570550980.40  
02 JAN 2026,TECHM,EQ,TECH MAHINDRA LIMITED    ,Listed    ,02 JAN 2026,               5.00,         979721333,           1612.00,  1579310788796.00     
02 JAN 2026,TECHNOE,EQ,TECHNO ELEC & ENG CO. LTD,Listed    ,02 JAN 2026,               2.00,         116299574,           1111.30,   129243716586.20   
02 JAN 2026,TECILCHEM,EQ,TECIL CHEMICALS          ,Listed    ,02 JAN 2026,              10.00,          18963700,             18.75,      355190101.00 
02 JAN 2026,TEGA,EQ,TEGA INDUSTRIES LIMITED  ,Listed    ,02 JAN 2026,              10.00,          66535492,           1950.20,   129757516498.40      
02 JAN 2026,TEJASCARGO,SM,TEJAS CARGO INDIA LIMITED,Listed    ,02 JAN 2026,              10.00,          23892840,            300.05,     7169046642.00
02 JAN 2026,TEJASNET,EQ,TEJAS NETWORKS LIMITED   ,Listed    ,02 JAN 2026,              10.00,         177448958,            453.25,    80428740213.50  
02 JAN 2026,TEMBO,EQ,TEMBO GLOBAL IND LTD     ,Listed    ,02 JAN 2026,              10.00,          15467146,            607.75,     9400157981.50     
02 JAN 2026,TENNIND,EQ,TENNECO CLEAN AIR INDIA L,Listed    ,02 JAN 2026,              10.00,         403604309,            543.95,   219540563880.55   
02 JAN 2026,TERASOFT,BE,TERA SOFTWARE LIMITED    ,Listed    ,02 JAN 2026,              10.00,          12511875,            418.85,     5240598843.75  
02 JAN 2026,TEXINFRA,EQ,TEXMACO INFRA & HOLDG LTD,Listed    ,02 JAN 2026,               1.00,         127426590,             99.75,    12713350884.30  
02 JAN 2026,TEXMOPIPES,EQ,TEXMO PIPE & PRODUCTS LTD,Listed    ,02 JAN 2026,              10.00,          29195000,             49.15,     1434934250.00
02 JAN 2026,TEXRAIL,EQ,TEXMACO RAIL & ENG. LTD. ,Listed    ,02 JAN 2026,               1.00,         406864572,            138.20,    56220546558.95   
02 JAN 2026,TFCILTD,EQ,TOURISM FINANCE CORP. OF ,Listed    ,02 JAN 2026,               2.00,         462977240,             55.25,    25574862737.60   
02 JAN 2026,TFL,EQ,TRANSWARRANTY FIN. LTD.  ,Listed    ,02 JAN 2026,              10.00,          53974537,             16.10,      868990045.70       
02 JAN 2026,TGBHOTELS,EQ,TGB BANQUETS&HOTELS LTD  ,Listed    ,02 JAN 2026,              10.00,          29286400,              9.60,      280856576.00 
02 JAN 2026,TGL,ST,TEERTH GOPICON LIMITED   ,Listed    ,02 JAN 2026,              10.00,          11999600,             78.15,      937768740.00       
02 JAN 2026,THANGAMAYL,EQ,THANGAMAYIL JEWELLERY LTD,Listed    ,02 JAN 2026,              10.00,          31082021,           3229.50,   100379386819.50
02 JAN 2026,THEINVEST,EQ,THE INVEST TRUST OF IND L,Listed    ,02 JAN 2026,              10.00,          52242217,            116.95,     6110249700.30 
02 JAN 2026,THEJO,EQ,THEJO ENGINEERING LIMITED,Listed    ,02 JAN 2026,              10.00,          10847159,           1703.00,    18472711777.00     
02 JAN 2026,THELEELA,EQ,LEELA PALACES HOTEL LTD  ,Listed    ,02 JAN 2026,              10.00,         333957878,            445.15,   148661349391.70  
02 JAN 2026,THEMISMED,EQ,THEMIS MEDICARE LTD.     ,Listed    ,02 JAN 2026,               1.00,          92040120,            102.55,     9436873503.60 
02 JAN 2026,THERMAX,EQ,THERMAX LTD              ,Listed    ,02 JAN 2026,               2.00,         119156300,           3025.90,   360555048170.00   
02 JAN 2026,THESL,SM,THINKING HATS ENTER SOL L,Listed    ,02 JAN 2026,              10.00,          12487150,             27.30,      340899195.00     
02 JAN 2026,THOMASCOOK,EQ,THOMAS COOK (INDIA) LTD  ,Listed    ,02 JAN 2026,               1.00,         470380562,            145.00,    68195773878.75
02 JAN 2026,THOMASCOTT,EQ,THOMAS SCOTT (INDIA) LTD ,Listed    ,02 JAN 2026,              10.00,          14670380,            358.70,     5262265306.00
02 JAN 2026,THYROCARE,EQ,THYROCARE TECH LTD       ,Listed    ,02 JAN 2026,              10.00,         159161691,            459.20,    73087048507.20 
02 JAN 2026,TI,EQ,TILAKNAGAR INDUSTRIES LTD,Listed    ,02 JAN 2026,              10.00,         208193750,            459.00,    95560931250.00        
02 JAN 2026,TICL,BE,TWAMEV CONS AND INFRA LTD,Listed    ,02 JAN 2026,               1.00,         155000000,             24.30,     3764950000.00      
02 JAN 2026,TIGERLOGS,EQ,TIGER LOGISTICS (INDIA) L,Listed    ,02 JAN 2026,               1.00,         105725000,             36.55,     3862134250.00 
02 JAN 2026,TIIL,EQ,TECHNOCRAFT IND LTD      ,Listed    ,02 JAN 2026,              10.00,          22672798,           2282.40,    51748394155.20      
02 JAN 2026,TIINDIA,EQ,TUBE INVEST OF INDIA LTD ,Listed    ,02 JAN 2026,               1.00,         193508850,           2597.70,   502677939645.00   
02 JAN 2026,TIJARIA,EQ,TIJARIA POLYPIPES LTD    ,Listed    ,02 JAN 2026,              10.00,          28626579,              4.35,      123953087.05   
02 JAN 2026,TIL,EQ,TIL LTD                  ,Listed    ,02 JAN 2026,              10.00,          66602056,            272.40,    18142400054.40       
02 JAN 2026,TIMESCAN,SM,TIMESCAN LOGISTICS IND L ,Listed    ,02 JAN 2026,              10.00,           6988000,             49.90,      348701200.00  
02 JAN 2026,TIMETECHNO,EQ,TIME TECHNOPLAST LTD.    ,Listed    ,02 JAN 2026,               1.00,         493635379,            196.50,    96989479265.90
02 JAN 2026,TIMKEN,EQ,TIMKEN INDIA LTD.        ,Listed    ,02 JAN 2026,              10.00,          75218734,           3052.60,   229612707408.40    
02 JAN 2026,TINNARUBR,EQ,TINNA RUBBER AND INFR LTD,Listed    ,02 JAN 2026,              10.00,          18015757,            784.00,    14124353488.00 
02 JAN 2026,TIPSFILMS,EQ,TIPS FILMS LIMITED       ,Listed    ,02 JAN 2026,              10.00,           4322886,            431.35,     1864676876.10 
02 JAN 2026,TIPSMUSIC,EQ,TIPS MUSIC LIMITED       ,Listed    ,02 JAN 2026,               1.00,         128426590,            551.65,    70846528373.50 
02 JAN 2026,TIRUMALCHM,EQ,THIRUMALAI CHEMICALS LTD ,Listed    ,02 JAN 2026,               1.00,         118656160,            235.35,    27928100379.20
02 JAN 2026,TIRUPATI,ST,SHREE TIRUPATI BALAJEE   ,Listed    ,02 JAN 2026,              10.00,          10130040,            698.00,     7070767920.00  
02 JAN 2026,TIRUPATIFL,EQ,TIRUPATI FORGE LIMITED   ,Listed    ,02 JAN 2026,               2.00,         122280000,             36.25,     4435095600.00
02 JAN 2026,TITAGARH,EQ,TITAGARH RAIL SYSTEMS LTD,Listed    ,02 JAN 2026,               2.00,         134673768,            890.35,   119906789338.80  
02 JAN 2026,TITAN,EQ,TITAN COMPANY LIMITED    ,Listed    ,02 JAN 2026,               1.00,         887786160,           4051.70,  3597043184472.00     
02 JAN 2026,TMB,EQ,TAMILNAD MERCA BANK LTD  ,Listed    ,02 JAN 2026,              10.00,         158351454,            527.80,    83577897421.20       
02 JAN 2026,TMCV,EQ,TATA MOTORS LIMITED      ,Listed    ,02 JAN 2026,               2.00,        3682331373,            442.25,  1628511049709.25      
02 JAN 2026,TMPV,EQ,TATA MOTORS PASS VEH LTD ,Listed    ,02 JAN 2026,               2.00,        3682579382,            370.35,  1363843274123.70      
02 JAN 2026,TNPETRO,EQ,TAMILNADU PETROPRODUCTS L,Listed    ,02 JAN 2026,              10.00,          89971474,            105.70,     9511784231.30   
02 JAN 2026,TNPL,EQ,TAMILNADU NEWSPRT & PAPER,Listed    ,02 JAN 2026,              10.00,          69210600,            146.15,    10113744978.00      
02 JAN 2026,TNTELE,EQ,TAMILNADU TELECOMMUNICATI,Listed    ,02 JAN 2026,              10.00,          45671400,             10.10,      460367712.00    
02 JAN 2026,TOKYOPLAST,EQ,TOKYO PLAST INTL LTD     ,Listed    ,02 JAN 2026,              10.00,           9501400,            111.95,     1063871758.00
02 JAN 2026,TOLINS,EQ,TOLINS TYRES LIMITED     ,Listed    ,02 JAN 2026,               5.00,          39508831,            139.10,     5496073480.40    
02 JAN 2026,TORNTPHARM,EQ,TORRENT PHARMACEUTICALS L,Listed    ,02 JAN 2026,               5.00,         338445440,           3885.30,  1314962068032.00
02 JAN 2026,TORNTPOWER,EQ,TORRENT POWER LTD        ,Listed    ,02 JAN 2026,              10.00,         503903543,           1399.40,   705162618074.20
02 JAN 2026,TOTAL,EQ,TOTAL TRANSPORT SYS LTD  ,Listed    ,02 JAN 2026,              10.00,          16126973,             76.75,     1237583908.00     
02 JAN 2026,TOUCHWOOD,EQ,TOUCHWOOD ENTERTAIN LTD. ,Listed    ,02 JAN 2026,              10.00,          11081245,            105.75,     1171730846.30 
02 JAN 2026,TPHQ,EQ,TEAMO PRODUCTIONS HQ LTD ,Listed    ,02 JAN 2026,               1.00,        1096219600,              0.65,      701580544.00      
02 JAN 2026,TPLPLASTEH,EQ,TPL PLASTECH LIMITED     ,Listed    ,02 JAN 2026,               2.00,          78003000,             66.00,     5148198000.00
02 JAN 2026,TRACXN,EQ,TRACXN TECHNOLOGIES LTD  ,Listed    ,02 JAN 2026,               1.00,         106597690,             40.55,     4320404375.70    
02 JAN 2026,TRANSRAILL,EQ,TRANSRAIL LIGHTING LTD   ,Listed    ,02 JAN 2026,               2.00,         134256025,            572.20,    76821297505.00
02 JAN 2026,TRANSTEEL,SM,TRANSTEEL SEATING TECH L ,Listed    ,02 JAN 2026,              10.00,          21797510,            142.35,     3102875548.50 
02 JAN 2026,TRANSWIND,ST,TRANSWIND INFRA LIMITED  ,Listed    ,01 JAN 2026,              10.00,           6689000,             25.50,      170569500.00 
02 JAN 2026,TRANSWORLD,EQ,TRANSWORLD SHIP LINES LTD,Listed    ,02 JAN 2026,              10.00,          21957533,            199.15,     4372842696.95
02 JAN 2026,TRAVELFOOD,EQ,TRAVEL FOOD SERVICES LTD ,Listed    ,02 JAN 2026,               1.00,         131679484,           1179.60,   155329119326.40
02 JAN 2026,TREEHOUSE,EQ,TREE HOUSE EDU LTD       ,Listed    ,02 JAN 2026,              10.00,          42310724,              8.15,      344832400.60 
02 JAN 2026,TREJHARA,BE,TREJHARA SOLUTIONS LTD   ,Listed    ,02 JAN 2026,              10.00,          14516298,            232.85,     3380265152.30  
02 JAN 2026,TREL,EQ,TRANSINDIA REAL ESTATE L ,Listed    ,02 JAN 2026,               2.00,         245695524,             28.40,     6975295926.35      
02 JAN 2026,TRENT,EQ,TRENT LTD                ,Listed    ,02 JAN 2026,               1.00,         355487461,           4409.60,  1567557508025.60     
02 JAN 2026,TRF,EQ,TRF LIMITED              ,Listed    ,02 JAN 2026,              10.00,          11004412,            305.55,     3362398086.60       
02 JAN 2026,TRIDENT,EQ,TRIDENT LIMITED          ,Listed    ,02 JAN 2026,               1.00,        5095955670,             27.05,   137743681760.10   
02 JAN 2026,TRIDHYA,SM,TRIDHYA TECH LIMITED     ,Listed    ,02 JAN 2026,              10.00,          23288000,             14.55,      338840400.00   
02 JAN 2026,TRIGYN,EQ,TRIGYN TECHNOLOGIES LTD  ,Listed    ,02 JAN 2026,              10.00,          30785736,             67.25,     2069725031.30    
02 JAN 2026,TRITURBINE,EQ,TRIVENI TURBINE LIMITED  ,Listed    ,02 JAN 2026,               1.00,         317886270,            540.80,   171912894816.00
02 JAN 2026,TRIVENI,EQ,TRIVENI ENGG. & INDS. LTD,Listed    ,02 JAN 2026,               1.00,         218897968,            381.20,    83443905401.60   
02 JAN 2026,TROM,SM,TROM INDUSTRIES LIMITED  ,Listed    ,02 JAN 2026,              10.00,           9194866,             72.15,      663409581.90      
02 JAN 2026,TRU,EQ,TRUCAP FINANCE LIMITED   ,Listed    ,02 JAN 2026,               2.00,         118861871,              8.40,      996062479.00       
02 JAN 2026,TRUALT,EQ,TRUALT BIOENERGY LIMITED ,Listed    ,02 JAN 2026,              10.00,          85752591,            411.15,    35257177789.65    
02 JAN 2026,TRUST,ST,TRUST FINTECH LIMITED    ,Listed    ,02 JAN 2026,              10.00,          23825200,             49.00,     1167434800.00     
02 JAN 2026,TSC,SM,TSC INDIA LIMITED        ,Listed    ,02 JAN 2026,              10.00,          14048000,             49.00,      688352000.00       
02 JAN 2026,TSFINV,EQ,TSF INVESTMENTS LIMITED  ,Listed    ,02 JAN 2026,               5.00,         222103860,            458.90,   101923461354.00    
02 JAN 2026,TTKHLTCARE,EQ,TTK HEALTHCARE LIMITED   ,Listed    ,02 JAN 2026,              10.00,          14130333,           1028.50,    14533047490.50
02 JAN 2026,TTKPRESTIG,EQ,TTK PRESTIGE LTD         ,Listed    ,02 JAN 2026,               1.00,         136950984,            614.20,    84115294372.80
02 JAN 2026,TTL,EQ,T T LIMITED              ,Listed    ,02 JAN 2026,               1.00,         258310944,              8.40,     2174978148.50       
02 JAN 2026,TTML,EQ,TATA TELESERV(MAHARASTRA),Listed    ,02 JAN 2026,              10.00,        1954927727,             49.80,    97335851527.35      
02 JAN 2026,TUNWAL,SM,TUNWAL E-MOTORS LIMITED  ,Listed    ,02 JAN 2026,               2.00,          57692384,             36.05,     2079810443.20    
02 JAN 2026,TVSELECT,BE,TVS ELECTRONICS LTD      ,Listed    ,02 JAN 2026,              10.00,          18650318,            445.75,     8313379248.50  
02 JAN 2026,TVSHLTD,EQ,TVS HOLDINGS LIMITED     ,Listed    ,02 JAN 2026,               5.00,          20232104,          14626.00,   295914753104.00   
02 JAN 2026,TVSINVIT,IV,TVS INFRASTRUCTURE TRUST ,Listed    ,19 DEC 2025,             100.00,         197200000,            110.50,    21790600000.00  
02 JAN 2026,TVSMOTOR,EQ,TVS MOTOR COMPANY  LTD   ,Listed    ,02 JAN 2026,               1.00,         475087114,           3847.80,  1828040197249.20  
02 JAN 2026,TVSSCS,EQ,TVS SUPPLY CHAIN SOL L   ,Listed    ,02 JAN 2026,               1.00,         441180027,            114.25,    50413641685.30    
02 JAN 2026,TVSSRICHAK,EQ,TVS SRICHAKRA LIMITED    ,Listed    ,02 JAN 2026,              10.00,           7657050,           4343.90,    33261459495.00
02 JAN 2026,TVTODAY,EQ,TV TODAY NETWORK LTD     ,Listed    ,02 JAN 2026,               5.00,          59668615,            140.60,     8388213896.70   
02 JAN 2026,TVVISION,BE,TV VISION LIMITED        ,Listed    ,02 JAN 2026,              10.00,          38744500,              7.85,      304531770.00  
02 JAN 2026,UBL,EQ,UNITED BREWERIES LTD     ,Listed    ,02 JAN 2026,               1.00,         264405149,           1596.40,   422096379863.60       
02 JAN 2026,UCAL,EQ,UCAL LIMITED             ,Listed    ,02 JAN 2026,              10.00,          22113625,            110.85,     2451074195.00      
02 JAN 2026,UCL,SM,USHANTI COLOUR CHEM LTD  ,Listed    ,26 DEC 2025,              10.00,          11236700,             53.50,      601163450.00       
02 JAN 2026,UCOBANK,EQ,UCO BANK                 ,Listed    ,02 JAN 2026,              10.00,       12539558979,             30.50,   382581944449.30   
02 JAN 2026,UDS,EQ,UPDATER SERVICES LIMITED ,Listed    ,02 JAN 2026,              10.00,          66953241,            191.25,    12806146406.05       
02 JAN 2026,UFLEX,EQ,UFLEX LIMITED            ,Listed    ,02 JAN 2026,              10.00,          72211486,            498.60,    36004646919.60     
02 JAN 2026,UFO,EQ,UFO MOVIEZ INDIA LTD.    ,Listed    ,02 JAN 2026,              10.00,          38814757,             81.75,     3173882679.90       
02 JAN 2026,UGARSUGAR,EQ,THE UGAR SUGAR WORKS LTD ,Listed    ,02 JAN 2026,               1.00,         112500000,             41.70,     4693500000.00 
02 JAN 2026,UGROCAP,EQ,UGRO CAPITAL LIMITED     ,Listed    ,02 JAN 2026,              10.00,         116812275,            176.60,    20626711519.50   
02 JAN 2026,UHTL,SM,UNITED HEAT TRANSFER LTD ,Listed    ,02 JAN 2026,              10.00,          19004000,             55.10,     1047120400.00      
02 JAN 2026,UJJIVANSFB,EQ,UJJIVAN SMALL FINANC BANK,Listed    ,02 JAN 2026,              10.00,        1938463117,             55.70,   107991780248.05
02 JAN 2026,ULTRACEMCO,EQ,ULTRATECH CEMENT LIMITED ,Listed    ,02 JAN 2026,              10.00,         294679171,          11899.00,  3506387455729.00
02 JAN 2026,UMA,SM,UMA CONVERTER LIMITED    ,Listed    ,02 JAN 2026,              10.00,          20274286,             19.65,      398389719.90       
02 JAN 2026,UMAEXPORTS,EQ,UMA EXPORTS LIMITED      ,Listed    ,02 JAN 2026,              10.00,          33809830,             39.60,     1339545464.60
02 JAN 2026,UMESLTD,EQ,USHA MARTIN EDU & SOL LTD,Listed    ,02 JAN 2026,               1.00,          26415811,              5.00,      131550738.80   
02 JAN 2026,UMIYA-MRO,EQ,UMIYA BUILDCON LIMITED   ,Listed    ,02 JAN 2026,               5.00,          18684602,             87.60,     1637144827.25 
02 JAN 2026,UNICHEMLAB,EQ,UNICHEM LABORATORIES LTD ,Listed    ,02 JAN 2026,               2.00,          70405750,            441.80,    31105260350.00
02 JAN 2026,UNIDT,EQ,UNITED DRILLING TOOLS LTD,Listed    ,02 JAN 2026,              10.00,          20303126,            201.40,     4089252607.65     
02 JAN 2026,UNIECOM,EQ,UNICOMMERCE ESOLUTIONS L ,Listed    ,02 JAN 2026,               1.00,         111362085,            121.05,    13480380389.25   
02 JAN 2026,UNIENTER,EQ,UNIPHOS ENTERPRISES LTD  ,Listed    ,02 JAN 2026,               2.00,          69545849,            145.55,    10123789238.95  
02 JAN 2026,UNIHEALTH,ST,UNIHEALTH HOSPITALS LTD  ,Listed    ,02 JAN 2026,              10.00,          15499952,            311.60,     4829785043.20 
02 JAN 2026,UNIINFO,EQ,UNIINFO TELECOM SERVI LTD,Listed    ,02 JAN 2026,              10.00,          10693120,             16.25,      173656268.80   
02 JAN 2026,UNILEX,SM,UNILEX COLOURS AND CHEM L,Listed    ,02 JAN 2026,              10.00,          13617000,             39.00,      531063000.00    
02 JAN 2026,UNIMECH,EQ,UNIMECH AEROSPACE N MFG L,Listed    ,02 JAN 2026,               5.00,          50856883,            911.05,    46333163257.15   
02 JAN 2026,UNIONBANK,EQ,UNION BANK OF INDIA      ,Listed    ,02 JAN 2026,              10.00,        7633605607,            156.70,  1196185998616.90 
02 JAN 2026,UNIPARTS,EQ,UNIPARTS INDIA LIMITED   ,Listed    ,02 JAN 2026,              10.00,          45134803,            497.05,    22434253831.15  
02 JAN 2026,UNITDSPR,EQ,UNITED SPIRITS LIMITED   ,Listed    ,02 JAN 2026,               2.00,         727350853,           1381.60,  1004907938504.80  
02 JAN 2026,UNITECH,EQ,UNITECH LTD              ,Listed    ,02 JAN 2026,               2.00,        2616301047,              5.95,    15566991229.65   
02 JAN 2026,UNITEDPOLY,BE,UNITED POLYFAB GUJ. LTD. ,Listed    ,02 JAN 2026,               1.00,         229515500,             27.90,     6398892140.00
02 JAN 2026,UNITEDTEA,EQ,UNITED NILGIRI TEA LTD   ,Listed    ,02 JAN 2026,              10.00,           4996566,            458.10,     2288926884.60 
02 JAN 2026,UNIVASTU,EQ,UNIVASTU INDIA LIMITED   ,Listed    ,02 JAN 2026,              10.00,          35986770,             69.10,     2486685807.00  
02 JAN 2026,UNIVCABLES,EQ,UNIVERSAL CABLES LTD     ,Listed    ,02 JAN 2026,              10.00,          31989828,            956.90,    30611066413.20
02 JAN 2026,UNIVPHOTO,EQ,UNIVERSUS IMAGINGS LTD   ,Listed    ,02 JAN 2026,              10.00,          10946604,            223.95,     2451710897.90 
02 JAN 2026,UNOMINDA,EQ,UNO MINDA LIMITED        ,Listed    ,02 JAN 2026,               2.00,         577143260,           1321.20,   762521675112.00  
02 JAN 2026,UPL,EQ,UPL LIMITED              ,Listed    ,02 JAN 2026,               2.00,         843318751,            804.65,   678576432992.15       
02 JAN 2026,URAVIDEF,EQ,URAVI DEFENCE &TECH LTD  ,Listed    ,02 JAN 2026,              10.00,          11400000,            189.00,     2154486000.00  
02 JAN 2026,URBAN,SM,URBAN ENVIRO WASTE MGMT L,Listed    ,02 JAN 2026,              10.00,           8660000,            152.45,     1320217000.00     
02 JAN 2026,URBANCO,EQ,URBAN COMPANY LIMITED    ,Listed    ,02 JAN 2026,               1.00,        1446109569,            132.70,   191898739806.30   
02 JAN 2026,URJA,EQ,URJA GLOBAL LIMITED      ,Listed    ,02 JAN 2026,               1.00,         525453377,             11.35,     5974404896.50      
02 JAN 2026,USASEEDS,SM,UPSURGE SEEDS OF AGRI LTD,Listed    ,02 JAN 2026,              10.00,          10085429,            151.00,     1522899779.00  
02 JAN 2026,USHAFIN,SM,USHA FINANCIAL SERVICES L,Listed    ,02 JAN 2026,              10.00,          43475262,             42.05,     1828134767.10   
02 JAN 2026,USHAMART,EQ,USHA MARTIN LTD.         ,Listed    ,02 JAN 2026,               1.00,         304741780,            451.30,   137529965314.00  
02 JAN 2026,USK,EQ,UDAYSHIVAKUMAR INFRA LTD ,Listed    ,02 JAN 2026,              10.00,          55357142,             23.80,     1318607122.45       
02 JAN 2026,UTIAMC,EQ,UTI ASSET MNGMT CO LTD   ,Listed    ,02 JAN 2026,              10.00,         128456530,           1127.70,   144860428881.00    
02 JAN 2026,UTKARSHBNK,EQ,UTKARSH SMALL FIN BANK L ,Listed    ,02 JAN 2026,              10.00,        1779523684,             15.35,    27280098075.70
02 JAN 2026,UTLSOLAR,EQ,FUJIYAMA POWER SYSTEMS L ,Listed    ,02 JAN 2026,               1.00,         306410934,            224.70,    68853600979.15  
02 JAN 2026,UTSSAV,SM,UTSSAV CZ GOLD JEWELS LTD,Listed    ,02 JAN 2026,              10.00,          23818000,            225.00,     5359050000.00    
02 JAN 2026,UTTAMSUGAR,EQ,UTTAM SUGAR MILLS LTD.   ,Listed    ,02 JAN 2026,              10.00,          38138120,            253.20,     9656571984.00
02 JAN 2026,UWCSL,SM,ULTRA WIRING CONN SYS LTD,Listed    ,24 DEC 2025,              10.00,           5203571,            108.30,      563546739.30     
02 JAN 2026,UYFINCORP,BE,U. Y. FINCORP LIMITED    ,Listed    ,02 JAN 2026,               5.00,         190238329,             14.05,     2674750905.75 
02 JAN 2026,V2RETAIL,EQ,V2 RETAIL LIMITED        ,Listed    ,02 JAN 2026,              10.00,          36463755,           2438.50,    88916866567.50  
02 JAN 2026,VADILALIND,EQ,VADILAL INDUSTRIES LTD   ,Listed    ,02 JAN 2026,              10.00,           7187830,           4861.70,    34945073111.00
02 JAN 2026,VAIBHAVGBL,EQ,VAIBHAV GLOBAL LIMITED   ,Listed    ,02 JAN 2026,               2.00,         167032890,            237.85,    39730443215.40
02 JAN 2026,VAISHALI,EQ,VAISHALI PHARMA LIMITED  ,Listed    ,02 JAN 2026,               2.00,         130462130,              8.75,     1140239016.20  
02 JAN 2026,VAKRANGEE,EQ,VAKRANGEE LIMITED        ,Listed    ,02 JAN 2026,               1.00,        1083191807,              8.00,     8654702537.95 
02 JAN 2026,VALIANTLAB,EQ,VALIANT LABORATORIES LTD ,Listed    ,02 JAN 2026,              10.00,          54312500,             69.40,     3768744375.00
02 JAN 2026,VALIANTORG,EQ,VALIANT ORGANICS LIMITED ,Listed    ,02 JAN 2026,              10.00,          27614049,            278.05,     7678086324.45
02 JAN 2026,VARDHACRLC,EQ,VARDHAMAN ACRYLICS LTD   ,Listed    ,02 JAN 2026,              10.00,          80363746,             39.00,     3132578819.10
02 JAN 2026,VARDMNPOLY,EQ,VARDHMAN POLYTEX LTD.    ,Listed    ,02 JAN 2026,               1.00,         458894004,              6.25,     2858909644.90
02 JAN 2026,VARROC,EQ,VARROC ENGINEERING LTD.  ,Listed    ,02 JAN 2026,               1.00,         152786400,            610.80,    93321933120.00    
02 JAN 2026,VASA,SM,VASA RETAIL & OVERSEA LTD,Listed    ,02 JAN 2026,              10.00,           5992550,              5.00,       29962750.00      
02 JAN 2026,VASCONEQ,EQ,VASCON ENGINEERS LTD     ,Listed    ,02 JAN 2026,              10.00,         228667111,             46.65,    10667320728.15  
02 JAN 2026,VASWANI,EQ,VASWANI IND LTD          ,Listed    ,02 JAN 2026,              10.00,          31346153,             60.05,     1882649949.20   
02 JAN 2026,VBL,EQ,VARUN BEVERAGES LIMITED  ,Listed    ,02 JAN 2026,               2.00,        3381988769,            493.80,  1670026054132.20       
02 JAN 2026,VCL,BE,VAXTEX COTFAB LIMITED    ,Listed    ,02 JAN 2026,               1.00,         183752220,              2.25,      411604972.80       
02 JAN 2026,VDEAL,SM,VDEAL SYSTEM LIMITED     ,Listed    ,01 JAN 2026,              10.00,           4890460,            205.50,     1004989530.00     
02 JAN 2026,VEDL,EQ,VEDANTA LIMITED          ,Listed    ,02 JAN 2026,               1.00,        3910388057,            616.95,  2412513911766.15      
02 JAN 2026,VEEDOL,EQ,VEEDOL CORPORATION LTD   ,Listed    ,02 JAN 2026,               2.00,          17424000,           1642.30,    28615435200.00    
02 JAN 2026,VEEKAYEM,SM,VEEKAYEM FASH & APP LTD  ,Listed    ,01 JAN 2026,              10.00,           5875730,            146.70,      861969591.00  
02 JAN 2026,VELS,SM,VELS FILM INTERNATIONAL L,Listed    ,02 JAN 2026,              10.00,          12908000,             58.00,      748664000.00      
02 JAN 2026,VENKEYS,EQ,VENKY S (INDIA) LIMITED  ,Listed    ,02 JAN 2026,              10.00,          14087335,           1606.20,    22627077477.00   
02 JAN 2026,VENTIVE,EQ,VENTIVE HOSPITALITY LTD  ,Listed    ,02 JAN 2026,               1.00,         233541608,            748.15,   174724154025.20   
02 JAN 2026,VENUSPIPES,EQ,VENUS PIPES & TUBES LTD  ,Listed    ,02 JAN 2026,              10.00,          20716110,           1206.80,    25000201548.00
02 JAN 2026,VENUSREM,BE,VENUS REMEDIES LIMITED   ,Listed    ,02 JAN 2026,              10.00,          13366988,            779.60,    10420903844.80  
02 JAN 2026,VERA,SM,VERA SYNTHETIC LIMITED   ,Listed    ,27 OCT 2025,              10.00,           4935000,             69.90,      344956500.00      
02 JAN 2026,VERANDA,EQ,VERANDA LEARNING SOL LTD ,Listed    ,02 JAN 2026,              10.00,          95731679,            217.45,    20817810915.35   
02 JAN 2026,VERITAAS,SM,VERITAAS ADVERTISING LTD ,Listed    ,29 DEC 2025,              10.00,           2823000,             64.90,      183212700.00  
02 JAN 2026,VERTEXPLUS,SM,VERTEXPLUS TECHNOLOGIES L,Listed    ,29 DEC 2025,              10.00,           5479600,            111.20,      609331520.00
02 JAN 2026,VERTOZ,EQ,VERTOZ LIMITED           ,Listed    ,02 JAN 2026,              10.00,          85230000,             69.80,     5949054000.00    
02 JAN 2026,VESUVIUS,EQ,VESUVIUS INDIA LTD       ,Listed    ,02 JAN 2026,               1.00,         202960800,            481.45,    97715477160.00  
02 JAN 2026,VETO,EQ,VETO SWITCHGEAR CABLE LTD,Listed    ,02 JAN 2026,              10.00,          19114955,            114.40,     2186368552.90      
02 JAN 2026,VGINFOTECH,SM,VIRTUAL GALAXY INFOTECH L,Listed    ,02 JAN 2026,              10.00,          24868635,            155.05,     3855881856.75
02 JAN 2026,VGUARD,EQ,V-GUARD IND LTD.         ,Listed    ,02 JAN 2026,               1.00,         436344639,            330.75,   144320989349.25    
02 JAN 2026,VHL,EQ,VARDHMAN HOLDINGS LIMITED,Listed    ,02 JAN 2026,              10.00,           3183808,           3601.70,    11467121273.60       
02 JAN 2026,VHLTD,BE,VICEROY HOTELS LIMITED   ,Listed    ,02 JAN 2026,              10.00,          67578948,            140.80,     9515115878.40     
02 JAN 2026,VIAZ,SM,VIAZ TYRES LIMITED       ,Listed    ,01 JAN 2026,              10.00,          13437000,             67.70,      909684900.00      
02 JAN 2026,VIDHIING,EQ,VIDHI SPCLTY F INGRDNTS L,Listed    ,02 JAN 2026,               1.00,          49945000,            337.80,    16871421000.00  
02 JAN 2026,VIDYAWIRES,EQ,VIDYA WIRES LIMITED      ,Listed    ,02 JAN 2026,               1.00,         212692307,             50.15,    10662265349.90
02 JAN 2026,VIESL,ST,VISION INFRA EQUIP SOL L ,Listed    ,02 JAN 2026,              10.00,          24642400,            251.50,     6197563600.00     
02 JAN 2026,VIGOR,SM,VIGOR PLAST INDIA LIMITED,Listed    ,02 JAN 2026,              10.00,          10351700,             71.55,      740664135.00     
02 JAN 2026,VIJAYA,EQ,VIJAYA DIAGNOSTIC CEN LTD,Listed    ,02 JAN 2026,               1.00,         102724936,           1059.20,   108806252211.20    
02 JAN 2026,VIJAYPD,SM,VIJAYPD CEUTICAL LIMITED ,Listed    ,02 JAN 2026,              10.00,          19528686,             42.30,      826063417.80   
02 JAN 2026,VIJIFIN,EQ,VIJI FINANCE LIMITED     ,Listed    ,02 JAN 2026,               1.00,         142500000,              2.75,      390450000.00   
02 JAN 2026,VIKASECO,EQ,VIKAS ECOTECH LIMITED    ,Listed    ,02 JAN 2026,               1.00,        1768706024,              1.75,     3130609662.50  
02 JAN 2026,VIKASLIFE,EQ,VIKAS LIFECARE LIMITED   ,Listed    ,02 JAN 2026,               1.00,        1857668560,              1.95,     3585300320.80 
02 JAN 2026,VIKRAMSOLR,EQ,VIKRAM SOLAR LIMITED     ,Listed    ,02 JAN 2026,              10.00,         362330181,            239.80,    86883154102.00
02 JAN 2026,VIKRAN,EQ,VIKRAN ENGINEERING LTD   ,Listed    ,02 JAN 2026,               1.00,         257911026,             99.15,    25577036448.40    
02 JAN 2026,VILAS,SM,VILAS TRANSCORE LIMITED  ,Listed    ,02 JAN 2026,              10.00,          24480000,            403.60,     9880128000.00     
02 JAN 2026,VILINBIO,SM,VILIN BIO MED LIMITED    ,Listed    ,02 JAN 2026,              10.00,          13950000,             20.90,      291555000.00  
02 JAN 2026,VIMTALABS,EQ,VIMTA LABS LIMITED       ,Listed    ,02 JAN 2026,               2.00,          44635189,            610.20,    27236392327.80 
02 JAN 2026,VINATIORGA,EQ,VINATI ORGANICS LTD      ,Listed    ,02 JAN 2026,               1.00,         103665632,           1601.20,   165989409958.40
02 JAN 2026,VINCOFE,EQ,VINTAGE COFFEE N BVRGS L ,Listed    ,02 JAN 2026,              10.00,         144438409,            160.70,    23208363558.10   
02 JAN 2026,VINDHYATEL,EQ,VINDHYA TELELINKS LTD    ,Listed    ,02 JAN 2026,              10.00,          11850863,           1417.60,    16799783388.80
02 JAN 2026,VINEET-RE,BE,VINEET LABORATORIES LTD  ,Permitted ,02 JAN 2026,              10.00,           9983235,              2.45,       24458925.75 
02 JAN 2026,VINEETLAB,EQ,VINEET LABORATORIES LTD  ,Listed    ,02 JAN 2026,              10.00,          19206267,             34.40,      660887647.45 
02 JAN 2026,VINNY,EQ,VINNY OVERSEAS LIMITED   ,Listed    ,02 JAN 2026,               1.00,         465246622,              1.25,      586210743.70     
02 JAN 2026,VINSYS,SM,VINSYS IT SERVICES IND LT,Listed    ,02 JAN 2026,              10.00,          14677927,            361.75,     5309740092.25    
02 JAN 2026,VINYAS,SM,VINYAS INNOVATIVE TECH L ,Listed    ,02 JAN 2026,              10.00,          12584726,           1150.10,    14473693372.60    
02 JAN 2026,VINYLINDIA,EQ,VINYL CHEMICALS (I) LTD. ,Listed    ,02 JAN 2026,               1.00,          18337111,            240.80,     4415576328.80
02 JAN 2026,VIPCLOTHNG,EQ,VIP CLOTHING LIMITED     ,Listed    ,02 JAN 2026,               2.00,          90129519,             31.35,     2826461715.85
02 JAN 2026,VIPIND,EQ,VIP INDUSTRIES LTD       ,Listed    ,02 JAN 2026,               2.00,         142051434,            388.45,    55179879537.30    
02 JAN 2026,VIPULLTD,EQ,VIPUL LIMITED            ,Listed    ,02 JAN 2026,               1.00,         140959480,             11.75,     1659093079.60  
02 JAN 2026,VIRINCHI,EQ,VIRINCHI LIMITED         ,Listed    ,02 JAN 2026,              10.00,         102646896,             23.90,     2453260814.40  
02 JAN 2026,VISAKAIND,EQ,VISAKA INDUSTRIES LIMITED,Listed    ,02 JAN 2026,               2.00,          86404760,             72.00,     6222870815.20 
02 JAN 2026,VISAMAN,ST,VISAMAN GLOBAL SALES LTD ,Listed    ,02 JAN 2026,              10.00,          19371099,            130.30,     2524054199.70   
02 JAN 2026,VISASTEEL,BE,VISA STEEL LIMITED       ,Listed    ,02 JAN 2026,              10.00,         115789500,             52.65,     6094001385.00 
02 JAN 2026,VISHNU,EQ,VISHNU CHEMICALS LIMITED ,Listed    ,02 JAN 2026,               2.00,          67315284,            559.90,    37689827511.60    
02 JAN 2026,VISHNUINFR,SM,VISHNUSURYA PROJ N INFR L,Listed    ,02 JAN 2026,              10.00,          24609671,            176.70,     4348528865.70
02 JAN 2026,VISHWARAJ,EQ,VISHWARAJ SUGAR IND LTD  ,Listed    ,02 JAN 2026,               2.00,         217827700,              6.90,     1507367684.00 
02 JAN 2026,VISHWAS,SM,VISHWAS AGRI SEEDS LTD   ,Listed    ,24 DEC 2025,              10.00,          10000000,             44.35,      443500000.00   
02 JAN 2026,VITAL,SM,VITAL CHEMTECH LIMITED   ,Listed    ,02 JAN 2026,              10.00,          23951100,             56.65,     1356829815.00     
02 JAN 2026,VIVIANA,SM,VIVIANA POWER TECH LTD   ,Listed    ,02 JAN 2026,              10.00,          10124800,            764.05,     7735853440.00   
02 JAN 2026,VIVIDHA,EQ,VISAGAR POLYTEX LTD      ,Listed    ,02 JAN 2026,               1.00,         292700534,              0.65,      184401336.40   
02 JAN 2026,VIVIMEDLAB,EQ,VIVIMED LABS LIMITED     ,Listed    ,02 JAN 2026,               2.00,          82913915,             15.10,     1253658394.80
02 JAN 2026,VIVO,SM,VIVO COLLAB SOLUTIONS LTD,Listed    ,12 DEC 2025,              10.00,           2015000,             78.00,      157170000.00      
02 JAN 2026,VLEGOV,EQ,VL E GOV AND IT SOL LTD  ,Listed    ,02 JAN 2026,              10.00,         108451329,             19.85,     2150589854.05    
02 JAN 2026,VLINFRA,SM,V.L.INFRAPROJECTS LIMITED,Listed    ,02 JAN 2026,              10.00,          15712500,             31.50,      494943750.00   
02 JAN 2026,VLSFINANCE,EQ,VLS FINANCE LTD          ,Listed    ,02 JAN 2026,              10.00,          34010241,            303.30,    10315306095.30
02 JAN 2026,VMARCIND,SM,V MARC INDIA LIMITED     ,Listed    ,02 JAN 2026,              10.00,          24420696,            672.10,    16413149781.60  
02 JAN 2026,VMART,EQ,VMART RETAIL LTD         ,Listed    ,02 JAN 2026,              10.00,          79439025,            703.20,    55861522380.00     
02 JAN 2026,VMM,EQ,VISHAL MEGA MART LIMITED ,Listed    ,02 JAN 2026,              10.00,        4673002806,            135.95,   635294731475.70       
02 JAN 2026,VMSTMT,EQ,VMS TMT LIMITED          ,Listed    ,02 JAN 2026,              10.00,          49631210,             54.90,     2725249741.10    
02 JAN 2026,VOLERCAR,ST,VOLER CAR LIMITED        ,Listed    ,02 JAN 2026,              10.00,          11143527,            208.00,     2317853616.00  
02 JAN 2026,VOLTAMP,EQ,VOLTAMP TRANSFORMERS LTD ,Listed    ,02 JAN 2026,              10.00,          10117120,           7877.00,    79692554240.00   
02 JAN 2026,VOLTAS,EQ,VOLTAS LTD               ,Listed    ,02 JAN 2026,               1.00,         330884740,           1430.20,   473231355148.00    
02 JAN 2026,VPRPL,EQ,VISHNU PRAKASH R PUNGLI L,Listed    ,02 JAN 2026,              10.00,         124644000,             50.85,     6336900960.00     
02 JAN 2026,VR,SM,V R INFRASPACE LIMITED   ,Listed    ,30 DEC 2025,              10.00,           8880000,            156.05,     1385724000.00        
02 JAN 2026,VRAJ,EQ,VRAJ IRON AND STEEL LTD  ,Listed    ,02 JAN 2026,              10.00,          32982619,            131.70,     4344470574.70      
02 JAN 2026,VRLLOG,EQ,VRL LOGISTICS LIMITED    ,Listed    ,02 JAN 2026,              10.00,         176686990,            268.55,    47449291164.50    
02 JAN 2026,VSCL,SM,VADIVARHE SPCLTY CHEM LTD,Listed    ,31 DEC 2025,              10.00,          12782750,             17.65,      225615537.50      
02 JAN 2026,VSSL,EQ,VARDHMAN SPC STEEL LTD   ,Listed    ,02 JAN 2026,              10.00,          96561928,            286.80,    27693960950.40      
02 JAN 2026,VSTIND,EQ,VST INDUSTRIES LTD       ,Listed    ,02 JAN 2026,              10.00,         169861120,            251.05,    42643634176.00    
02 JAN 2026,VSTL,EQ,VIBHOR STEEL TUBES LTD   ,Listed    ,02 JAN 2026,              10.00,          18962443,            136.65,     2590838587.10      
02 JAN 2026,VSTTILLERS,EQ,VST TILLERS TRACTORS LTD ,Listed    ,02 JAN 2026,              10.00,           8643358,           6129.50,    52979462861.00
02 JAN 2026,VTL,EQ,VARDHMAN TEXTILES LIMITED,Listed    ,02 JAN 2026,               2.00,         289237300,            436.10,   126136386530.00       
02 JAN 2026,WAAREEENER,EQ,WAAREE ENERGIES LIMITED  ,Listed    ,02 JAN 2026,              10.00,         287640905,           2866.30,   824465126001.50
02 JAN 2026,WAAREEINDO,EQ,INDOSOLAR LIMITED        ,Listed    ,02 JAN 2026,              10.00,          41603691,            512.60,    21326052006.60
02 JAN 2026,WAAREERTL,EQ,WAAREE RENEWABLE TECH LTD,Listed    ,02 JAN 2026,               2.00,         104246569,            976.65,   101812411613.85 
02 JAN 2026,WABAG,EQ,VA TECH WABAG LTD        ,Listed    ,02 JAN 2026,               2.00,          62297252,           1291.60,    80463130683.20     
02 JAN 2026,WAKEFIT,EQ,WAKEFIT INNOVATIONS LTD  ,Listed    ,02 JAN 2026,               1.00,         326828675,            179.30,    58603649714.25   
02 JAN 2026,WALCHANNAG,EQ,WALCHANDNAGAR INDUSTRIES ,Listed    ,02 JAN 2026,               2.00,          67826451,            187.95,    12748659729.95
02 JAN 2026,WALPAR,SM,WALPAR NUTRITIONS LIMITED,Listed    ,23 DEC 2025,              10.00,           9390440,             47.85,      449332554.00    
02 JAN 2026,WANBURY,EQ,WANBURY LIMITED          ,Listed    ,02 JAN 2026,              10.00,          32876998,            236.00,     7759300298.00   
02 JAN 2026,WCIL,EQ,WESTERN CARRIERS (IND) L ,Listed    ,02 JAN 2026,               5.00,         101955213,            120.15,    12251957946.20      
02 JAN 2026,WEALTH,EQ,WEALTH FRST PORT. MG. LTD,Listed    ,02 JAN 2026,              10.00,          10655000,            925.15,     9857473250.00    
02 JAN 2026,WEBELSOLAR,EQ,WEBSOL ENERGY SYSTEM LTD ,Listed    ,02 JAN 2026,               1.00,         422063470,             88.50,    37344175825.60
02 JAN 2026,WEIZMANIND,EQ,WEIZMANN LTD             ,Listed    ,02 JAN 2026,              10.00,          15493852,             96.50,     1495001779.50
02 JAN 2026,WEL,EQ,WONDER ELECTRICALS LTD   ,Listed    ,02 JAN 2026,               1.00,         134008000,            153.75,    20603730000.00       
02 JAN 2026,WELCORP,EQ,WELSPUN CORP LIMITED     ,Listed    ,02 JAN 2026,               5.00,         263790645,            806.35,   212707586595.75   
02 JAN 2026,WELENT,EQ,WELSPUN ENTERPRISES LTD. ,Listed    ,02 JAN 2026,              10.00,         138413810,            509.95,    70584122409.50    
02 JAN 2026,WELINV,EQ,WELSPUN INV & COMM LTD   ,Listed    ,02 JAN 2026,              10.00,           3654476,           1309.70,     4786267217.20    
02 JAN 2026,WELSPUNLIV,EQ,WELSPUN LIVING LIMITED   ,Listed    ,02 JAN 2026,               1.00,         959152514,            132.40,   127010975903.90
02 JAN 2026,WENDT,EQ,WENDT (INDIA) LIMITED    ,Listed    ,02 JAN 2026,              10.00,           2000000,           7860.50,    15721000000.00     
02 JAN 2026,WESTLIFE,EQ,WESTLIFE FOODWORLD LTD   ,Listed    ,02 JAN 2026,               2.00,         155936165,            538.65,    83995015277.25  
02 JAN 2026,WEWIN,BE,WE WIN LIMITED           ,Listed    ,02 JAN 2026,              10.00,          10161000,             45.95,      466999560.00     
02 JAN 2026,WEWORK,EQ,WEWORK INDIA MANAGEMENT L,Listed    ,02 JAN 2026,              10.00,         134023259,            618.55,    82900086854.45    
02 JAN 2026,WHEELS,EQ,WHEELS INDIA LTD         ,Listed    ,02 JAN 2026,              10.00,          24433012,            884.70,    21615885716.40    
02 JAN 2026,WHIRLPOOL,EQ,WHIRLPOOL OF INDIA LTD   ,Listed    ,02 JAN 2026,              10.00,         126871830,            904.55,   114761913826.50 
02 JAN 2026,WHITEFORCE,SM,HAPPY SQUARE OUTSOURC S L,Listed    ,30 DEC 2025,              10.00,          11600400,             71.00,      823628400.00
02 JAN 2026,WILLAMAGOR,EQ,WILLIAMSON MAGOR         ,Listed    ,02 JAN 2026,              10.00,          10956360,             31.00,      339647160.00
02 JAN 2026,WINDLAS,EQ,WINDLAS BIOTECH LIMITED  ,Listed    ,02 JAN 2026,               5.00,          21077239,            788.90,    16627833847.10   
02 JAN 2026,WINDMACHIN,EQ,WINDSOR MACHINES LIMITED ,Listed    ,02 JAN 2026,               2.00,          87084521,            273.15,    23787136911.15
02 JAN 2026,WINNY,SM,WINNY IMMIGRA & EDU SER L,Listed    ,02 JAN 2026,              10.00,           2170000,             71.00,      154070000.00     
02 JAN 2026,WINSOL,SM,WINSOL ENGINEERS LIMITED ,Listed    ,02 JAN 2026,              10.00,          11535200,            161.30,     1860627760.00    
02 JAN 2026,WINSOME,BZ,WINSOME YARNS LIMITED    ,Listed    ,01 JAN 2026,              10.00,          70707229,              1.80,      127980084.50   
02 JAN 2026,WIPL,EQ,THE WESTERN INDIA PLY LTD,Listed    ,02 JAN 2026,              10.00,           8487340,            146.50,     1243480183.40      
02 JAN 2026,WIPRO,EQ,WIPRO LTD                ,Listed    ,02 JAN 2026,               2.00,       10486718754,            269.00,  2820927344826.00     
02 JAN 2026,WOCKPHARMA,EQ,WOCKHARDT LIMITED        ,Listed    ,02 JAN 2026,               5.00,         162492169,           1406.20,   228496488047.80
02 JAN 2026,WOL3D,ST,WOL 3D INDIA LIMITED     ,Listed    ,02 JAN 2026,              10.00,           6452000,            172.05,     1110066600.00     
02 JAN 2026,WOMANCART,SM,WOMANCART LIMITED        ,Listed    ,02 JAN 2026,              10.00,           6691600,            270.10,     1807401160.00 
02 JAN 2026,WONDERLA,EQ,WONDERLA HOLIDAYS LTD.   ,Listed    ,02 JAN 2026,              10.00,          63422766,            527.40,    33449166788.40  
02 JAN 2026,WORTHPERI,EQ,WORTH PERIPHERALS LIMITED,Listed    ,02 JAN 2026,              10.00,          15751000,            138.35,     2178835830.00 
02 JAN 2026,WSI,EQ,W.S.INDUSTRIES (I) LTD.  ,Listed    ,02 JAN 2026,              10.00,          65918749,             92.55,     6099461844.95       
02 JAN 2026,WSTCSTPAPR,EQ,WEST COAST PAPER MILLS LT,Listed    ,02 JAN 2026,               2.00,          66048908,            419.90,    27733936469.20
02 JAN 2026,WTICAB,SM,WISE TRAVEL INDIA LIMITED,Listed    ,02 JAN 2026,              10.00,          23811837,            136.80,     3257459301.60    
02 JAN 2026,XCHANGING,EQ,XCHANGING SOLUTIONS LTD  ,Listed    ,02 JAN 2026,              10.00,         111403716,             82.10,     9147359120.75 
02 JAN 2026,XELPMOC,BE,XELPMOC DESIGN & TECH LTD,Listed    ,02 JAN 2026,              10.00,          14759493,            128.30,     1893347762.05   
02 JAN 2026,XPROINDIA,EQ,XPRO INDIA LIMITED       ,Listed    ,02 JAN 2026,              10.00,          23470378,            980.05,    23002143958.90 
02 JAN 2026,XTGLOBAL,EQ,XTGLOBAL INFOTECH LIMITED,Listed    ,02 JAN 2026,               1.00,         133562205,             35.70,     4765499474.40  
02 JAN 2026,YASHO,EQ,YASHO INDUSTRIES LIMITED ,Listed    ,02 JAN 2026,              10.00,          12057095,           1439.10,    17351365414.50     
02 JAN 2026,YASHOPTICS,SM,YASH OPTICS & LENS LTD   ,Listed    ,02 JAN 2026,              10.00,          24765600,            118.70,     2939676720.00
02 JAN 2026,YATHARTH,EQ,YATHARTH HOSP & TRA C S L,Listed    ,02 JAN 2026,              10.00,          96354357,            699.45,    67395055003.65  
02 JAN 2026,YATRA,EQ,YATRA ONLINE LIMITED     ,Listed    ,02 JAN 2026,               1.00,         156916193,            174.90,    27446211317.65     
02 JAN 2026,YCCL,SM,YASONS CHEMEX CARE LTD   ,Listed    ,02 JAN 2026,              10.00,          19303920,             13.25,      255776940.00      
02 JAN 2026,YESBANK,EQ,YES BANK LIMITED         ,Listed    ,02 JAN 2026,               2.00,       31377549600,             22.30,   699405580584.00   
02 JAN 2026,YUDIZ,SM,YUDIZ SOLUTIONS LIMITED  ,Listed    ,02 JAN 2026,              10.00,          10319375,             26.90,      277591187.50     
02 JAN 2026,YUKEN,EQ,YUKEN INDIA LIMITED      ,Listed    ,02 JAN 2026,              10.00,          13584000,            885.10,    12023198400.00     
02 JAN 2026,ZAGGLE,EQ,ZAGGLE PREPA OCEAN SER L ,Listed    ,02 JAN 2026,               1.00,         134451967,            349.95,    47051465851.65    
02 JAN 2026,ZEAL,SM,ZEAL GLOBAL SERVICES LTD ,Listed    ,02 JAN 2026,              10.00,          13309750,             93.45,     1243796137.50      
02 JAN 2026,ZEEL,EQ,ZEE ENTERTAINMENT ENT LTD,Listed    ,02 JAN 2026,               1.00,         960519420,             91.10,    87522529550.40      
02 JAN 2026,ZEELEARN,EQ,ZEE LEARN LIMITED        ,Listed    ,02 JAN 2026,               1.00,         327062005,              7.40,     2413717596.90  
02 JAN 2026,ZEEMEDIA,EQ,ZEE MEDIA CORPORATION LTD,Listed    ,02 JAN 2026,               1.00,         625428680,              9.00,     5641366693.60  
02 JAN 2026,ZENITHDRUG,SM,ZENITH DRUGS LIMITED     ,Listed    ,02 JAN 2026,              10.00,          17148800,             51.10,      876303680.00
02 JAN 2026,ZENITHEXPO,EQ,ZENITH EXPORTS LTD       ,Listed    ,02 JAN 2026,              10.00,           5396250,            210.20,     1134399675.00
02 JAN 2026,ZENITHSTL,EQ,ZENITH STEEL PIP IND LTD ,Listed    ,02 JAN 2026,              10.00,         142280448,              7.25,     1028687639.05 
02 JAN 2026,ZENSARTECH,EQ,ZENSAR TECHNOLOGIES  LTD ,Listed    ,02 JAN 2026,               2.00,         227372542,            699.35,   159012987247.70
02 JAN 2026,ZENTEC,EQ,ZEN TECHNOLOGIES LIMITED ,Listed    ,02 JAN 2026,               1.00,          90290356,           1362.40,   123011581014.40    
02 JAN 2026,ZFCVINDIA,EQ,ZF COM VE CTR SYS IND LTD,Listed    ,02 JAN 2026,               5.00,          18967584,          15040.00,   285272463360.00 
02 JAN 2026,ZIMLAB,EQ,ZIM LABORATORIES LIMITED ,Listed    ,02 JAN 2026,              10.00,          48735814,             70.45,     3432463380.00    
02 JAN 2026,ZODIAC,EQ,ZODIAC ENERGY LIMITED    ,Listed    ,02 JAN 2026,              10.00,          15123690,            304.90,     4611213081.00    
02 JAN 2026,ZODIACLOTH,EQ,ZODIAC CLOTHING CO. LTD. ,Listed    ,02 JAN 2026,              10.00,          25993717,             85.20,     2214664688.40
02 JAN 2026,ZOTA,EQ,ZOTA HEALTH CARE LIMITED ,Listed    ,02 JAN 2026,              10.00,          33171401,           1543.40,    51196740303.40      
02 JAN 2026,ZTECH,SM,Z-TECH (INDIA) LIMITED   ,Listed    ,02 JAN 2026,              10.00,          14330248,            659.65,     9452948093.20     
02 JAN 2026,ZUARI,EQ,ZUARI AGRO CHEMICALS LTD ,Listed    ,02 JAN 2026,              10.00,          42058006,            337.35,    14188268324.10     
02 JAN 2026,ZUARIIND,EQ,ZUARI INDUSTRIES LIMITED ,Listed    ,02 JAN 2026,              10.00,          29781184,            324.45,     9662505148.80  
02 JAN 2026,ZYDUSLIFE,EQ,ZYDUS LIFESCIENCES LTD   ,Listed    ,02 JAN 2026,               1.00,        1006233990,            916.90,   922615945431.00 
02 JAN 2026,ZYDUSWELL,EQ,ZYDUS WELLNESS LIMITED   ,Listed    ,02 JAN 2026,               2.00,         318160720,            471.50,   150012779480.00 
02 JAN 2026,E2ERAIL,ST,E TO E TRANS INFRA LTD   ,Listed    ,02 JAN 2026,              10.00,          17257570,            327.80,     5657031446.00   
02 JAN 2026,Listed    ,  ,                         ,          ,           ,               0.00,                 0,              0.00,477646457357444.63
02 JAN 2026,Permitted ,  ,                         ,          ,           ,               0.00,                 0,              0.00,  1381207809988.90
02 JAN 2026,Total     ,  ,                         ,          ,           ,               0.00,                 0,              0.00,479027665167433.49
