MKT,SECURITY,PREV_CL_PR,OPEN_PRICE,HIGH_PRICE,LOW_PRICE,CLOSE_PRICE,NET_TRDVAL,NET_TRDQTY,IND_SEC,CORP_IND,TRADES,HI_52_WK,LO_52_WK
Y,Nifty 50,     26146.55,     26155.10,     26340.00,     26118.40,     26328.55,1024385131314.33,5703297919,Y, ,31153061,     26340.00,     21743.65
Y,NIFTY50 EQL Wgt,     33420.85,     33434.50,     33691.10,     33402.90,     33676.25,0.00,0,Y, ,0,         0.00,         0.00
Y,NIFTY100 EQL Wgt,     34083.70,     34123.75,     34411.25,     34102.80,     34398.05,0.00,0,Y, ,0,         0.00,         0.00
Y,NIFTY100 LowVol30,     21095.95,     21088.25,     21224.70,     21058.60,     21217.90,0.00,0,Y, ,0,         0.00,         0.00
Y,NIFTY Alpha 50,     50394.50,     50523.20,     50747.70,     50444.75,     50660.80,0.00,0,Y, ,0,         0.00,         0.00
Y,NIFTY MIDCAP 150,     22369.15,     22424.60,     22592.40,     22390.30,     22579.05,0.00,0,Y, ,0,     22592.40,     17269.50
Y,NIFTY SMLCAP 50,      8602.45,      8621.50,      8663.35,      8592.00,      8656.75,0.00,0,Y, ,0,      9282.70,      6776.05
Y,NIFTY SMLCAP 250,     16667.90,     16699.05,     16805.20,     16655.25,     16795.75,0.00,0,Y, ,0,     18077.35,     13314.70
Y,NIFTY MIDSML 400,     20265.50,     20311.55,     20452.25,     20274.75,     20443.85,0.00,0,Y, ,0,     20668.15,     15832.85
Y,NIFTY200 QUALTY30,     21360.75,     21390.20,     21497.65,     21322.15,     21482.20,0.00,0,Y, ,0,         0.00,         0.00
Y,Nifty FinSrv25 50,     30249.45,     30265.65,     30598.90,     30232.20,     30575.90,0.00,0,Y, ,0,         0.00,         0.00
Y,NIFTY AlphaLowVol,     27100.15,     27119.95,     27257.30,     27105.40,     27231.20,0.00,0,Y, ,0,         0.00,         0.00
Y,Nifty200Momentm30,     31318.45,     31414.25,     31650.90,     31386.75,     31619.90,0.00,0,Y, ,0,         0.00,         0.00
Y,Nifty100ESGSecLdr,      4372.35,      4377.05,      4414.70,      4373.10,      4413.10,0.00,0,Y, ,0,         0.00,         0.00
Y,NIFTY100 ESG,      5209.00,      5214.15,      5255.60,      5209.15,      5253.60,0.00,0,Y, ,0,         0.00,         0.00
Y,NIFTY M150 QLTY50,     24078.95,     24132.75,     24233.00,     24071.70,     24222.10,0.00,0,Y, ,0,         0.00,         0.00
Y,NIFTY INDIA MFG,     15464.90,     15495.60,     15629.70,     15483.20,     15623.35,0.00,0,Y, ,0,         0.00,         0.00
Y,Nifty200 Alpha 30,     25109.75,     25195.60,     25387.85,     25159.25,     25359.50,0.00,0,Y, ,0,         0.00,         0.00
Y,NiftyM150Momntm50,     62286.60,     62481.15,     62771.75,     62344.75,     62735.75,0.00,0,Y, ,0,         0.00,         0.00
Y,Nifty50 USD,     10079.90,     10079.90,     10122.60,     10062.45,     10117.10,0.00,0,Y, ,0,         0.00,         0.00
Y,Nifty IT,     38171.50,     38251.35,     38359.00,     38085.40,     38320.30,0.00,0,Y, ,0,     44798.65,     30918.95
Y,Nifty Next 50,     69675.40,     69823.65,     70461.30,     69792.15,     70416.90,0.00,0,Y, ,0,     70551.15,     56192.45
Y,Nifty Bank,     59711.55,     59757.40,     60203.75,     59738.25,     60150.95,0.00,0,Y, ,0,     60203.75,     47702.90
Y,NIFTY MIDCAP 100,     60750.45,     60913.10,     61398.40,     60809.20,     61365.90,0.00,0,Y, ,0,     61398.40,     46865.70
Y,Nifty 500,     23909.55,     23935.95,     24107.70,     23921.45,     24099.00,0.00,0,Y, ,0,     24107.70,     19519.85
Y,Nifty 100,     26723.25,     26739.85,     26936.00,     26723.25,     26925.30,0.00,0,Y, ,0,     26936.00,     22177.35
Y,Nifty Midcap 50,     17342.70,     17390.15,     17514.00,     17350.80,     17505.70,0.00,0,Y, ,0,     17514.00,     13269.65
Y,Nifty Realty,       885.30,       886.55,       899.80,       884.90,       898.80,0.00,0,Y, ,0,      1049.70,       765.80
Y,Nifty Infra,      9679.20,      9688.65,      9771.80,      9686.20,      9765.75,0.00,0,Y, ,0,      9771.80,      7589.95
Y,Nifty Energy,     35507.65,     35559.50,     36306.80,     35540.90,     36275.65,0.00,0,Y, ,0,     36938.90,     29313.20
Y,Nifty FMCG,     53718.50,     53562.50,     53579.40,     52741.85,     53078.80,0.00,0,Y, ,0,     59302.55,     50199.35
Y,Nifty MNC,     30634.70,     30660.05,     30887.70,     30623.95,     30875.15,0.00,0,Y, ,0,     30887.70,     23981.05
Y,Nifty Pharma,     22632.75,     22649.65,     22803.65,     22578.70,     22790.90,0.00,0,Y, ,0,     23162.45,     19121.10
Y,Nifty PSE,      9903.65,      9930.60,     10138.40,      9923.05,     10130.05,0.00,0,Y, ,0,     10225.55,      7956.45
Y,Nifty PSU Bank,      8571.45,      8588.80,      8744.15,      8585.35,      8699.90,0.00,0,Y, ,0,      8744.15,      5530.35
Y,Nifty Serv Sector,     33773.35,     33792.15,     34063.25,     33769.75,     34044.95,0.00,0,Y, ,0,     34216.65,     29070.85
Y,Nifty Auto,     28480.55,     28548.25,     28867.05,     28486.55,     28803.65,0.00,0,Y, ,0,     28867.05,     19316.65
Y,Nifty Metal,     11256.00,     11280.10,     11433.80,     11276.05,     11421.85,0.00,0,Y, ,0,     11433.80,      7690.20
Y,Nifty Media,      1448.45,      1454.75,      1464.15,      1446.90,      1462.90,0.00,0,Y, ,0,      1809.75,      1344.40
Y,NIFTY SMLCAP 100,     17704.90,     17744.50,     17845.25,     17699.10,     17832.05,0.00,0,Y, ,0,     19224.95,     14084.30
Y,Nifty 200,     14560.25,     14574.75,     14682.45,     14565.70,     14677.15,0.00,0,Y, ,0,     14682.45,     11941.45
Y,Nifty Div Opps 50,      6361.45,      6367.65,      6425.35,      6343.40,      6416.00,0.00,0,Y, ,0,      6425.35,      5288.60
Y,Nifty Commodities,      9584.40,      9600.25,      9741.45,      9595.10,      9734.65,0.00,0,Y, ,0,      9741.45,      7502.95
Y,Nifty Consumption,     12236.90,     12236.10,     12274.10,     12200.15,     12256.50,0.00,0,Y, ,0,     12716.20,     10090.65
Y,Nifty Fin Service,     27666.80,     27676.60,     27927.60,     27650.25,     27899.15,0.00,0,Y, ,0,     28065.50,     22320.85
Y,Nifty50 Div Point,       249.14,       249.14,       249.14,       249.14,       249.14,0.00,0,Y, ,0,         0.00,         0.00
Y,Nifty100 Liq 15,      7594.70,      7603.00,      7654.20,      7593.55,      7644.85,0.00,0,Y, ,0,      7654.20,      5985.30
Y,Nifty CPSE,      6394.35,      6408.35,      6598.55,      6403.30,      6590.60,0.00,0,Y, ,0,      6681.80,      5284.25
Y,Nifty GrowSect 15,     12562.45,     12586.00,     12668.70,     12579.90,     12661.00,0.00,0,Y, ,0,     12668.70,      9722.65
Y,Nifty50 PR 2x Lev,     14717.30,     14724.80,     14931.95,     14691.05,     14920.05,0.00,0,Y, ,0,     31895.45,      1056.45
Y,Nifty50 PR 1x Inv,       199.90,       199.90,       200.10,       198.50,       198.55,0.00,0,Y, ,0,     31895.45,       197.80
Y,Nifty50 TR 2x Lev,     22022.35,     22033.60,     22343.55,     21983.10,     22325.75,0.00,0,Y, ,0,     31895.45,      1056.45
Y,Nifty50 TR 1x Inv,       163.55,       163.55,       163.75,       162.40,       162.45,0.00,0,Y, ,0,     31895.45,       161.80
Y,Nifty50 Value 20,     13220.20,     13221.80,     13318.40,     13183.65,     13304.20,0.00,0,Y, ,0,     13477.90,     11375.50
Y,Nifty Mid Liq 15,     16065.55,     16122.10,     16239.35,     16066.75,     16224.15,0.00,0,Y, ,0,     16755.80,     11541.70
Y,Nifty Pvt Bank,     28787.95,     28803.30,     28982.85,     28784.75,     28902.90,0.00,0,Y, ,0,     28982.85,     23508.05
Y,NIFTY100 Qualty30,      5842.20,      5846.30,      5883.45,      5831.00,      5880.85,0.00,0,Y, ,0,         0.00,         0.00
Y,Nifty GS 8 13Yr,      2972.11,      2972.64,      2972.64,      2965.92,      2968.81,0.00,0,Y, ,0,         0.00,         0.00
Y,Nifty GS 10Yr,      2616.63,      2617.10,      2617.10,      2610.19,      2613.95,0.00,0,Y, ,0,         0.00,         0.00
Y,Nifty GS 10Yr Cln,       892.93,       892.93,       892.93,       890.53,       891.84,0.00,0,Y, ,0,         0.00,         0.00
Y,Nifty GS 4 8Yr,      3224.15,      3224.73,      3225.44,      3221.04,      3223.08,0.00,0,Y, ,0,         0.00,         0.00
Y,Nifty GS 11 15Yr,      3244.63,      3245.23,      3245.23,      3240.15,      3242.48,0.00,0,Y, ,0,         0.00,         0.00
Y,Nifty GS 15YrPlus,      3489.29,      3489.98,      3492.69,      3488.86,      3491.90,0.00,0,Y, ,0,         0.00,         0.00
Y,Nifty GS Compsite,      3055.32,      3055.89,      3055.89,      3051.58,      3054.02,0.00,0,Y, ,0,         0.00,         0.00
Y,NIFTY HEALTHCARE,     14611.70,     14628.00,     14734.90,     14583.80,     14725.65,0.00,0,Y, ,0,     15112.50,      7249.70
Y,NIFTY CONSR DURBL,     36809.60,     36875.00,     37320.10,     36703.25,     37239.40,0.00,0,Y, ,0,     44426.55,     21967.45
Y,NIFTY OIL AND GAS,     12232.70,     12249.70,     12350.20,     12243.60,     12340.05,0.00,0,Y, ,0,     13607.20,      6645.90
Y,NIFTY500 MULTICAP,     16508.50,     16531.60,     16647.55,     16520.15,     16641.30,0.00,0,Y, ,0,     17112.15,      8254.50
Y,NIFTY LARGEMID250,     16900.55,     16926.75,     17049.20,     16913.80,     17043.75,0.00,0,Y, ,0,     17095.20,      8318.55
Y,NIFTY MID SELECT,     13843.60,     13884.30,     13995.40,     13847.05,     13984.00,0.00,0,Y, ,0,     14118.40,      6054.20
Y,NIFTY TOTAL MKT,     13415.40,     13430.30,     13527.35,     13422.45,     13522.30,0.00,0,Y, ,0,     13842.60,      7145.35
Y,NIFTY MICROCAP250,     22593.30,     22622.20,     22819.55,     22571.20,     22799.85,0.00,0,Y, ,0,     26476.90,      8567.20
Y,NIFTY IND DIGITAL,      9484.90,      9498.25,      9528.55,      9474.50,      9521.00,0.00,0,Y, ,0,     10152.15,      4924.40
Y,Nifty Tata 25 Cap,     15342.95,     15350.30,     15497.50,     15328.65,     15492.10,0.00,0,Y, ,0,     18764.95,     13221.90
Y,Nifty MidSml Hlth,     43843.55,     43934.30,     44278.65,     43766.30,     44239.15,0.00,0,Y, ,0,     46103.35,     31279.60
Y,Nifty Multi Mfg,     16034.45,     16063.95,     16198.40,     16049.10,     16192.40,0.00,0,Y, ,0,     16253.65,     12294.45
Y,Nifty Multi Infra,     14568.60,     14592.05,     14738.65,     14585.75,     14730.40,0.00,0,Y, ,0,     15154.10,     11537.35
Y,BHARATBOND-APR30,      1566.21,      1566.52,      1566.52,      1566.47,      1566.47,0.00,0,Y, ,0,         0.00,         0.00
Y,BHARATBOND-APR31,      1424.77,      1425.03,      1425.16,      1425.03,      1425.16,0.00,0,Y, ,0,         0.00,         0.00
Y,BHARATBOND-APR32,      1296.88,      1297.12,      1297.12,      1297.12,      1297.12,0.00,0,Y, ,0,         0.00,         0.00
Y,BHARATBOND-APR33,      1258.85,      1259.10,      1259.10,      1259.09,      1259.09,0.00,0,Y, ,0,         0.00,         0.00
Y,Nifty Ind Defence,      7727.10,      7747.75,      7810.60,      7742.40,      7786.75,0.00,0,Y, ,0,      9195.15,      5025.35
Y,Nifty Ind Tourism,      8622.85,      8635.15,      8669.95,      8614.80,      8660.20,0.00,0,Y, ,0,      9497.20,      7696.15
Y,Nifty Capital Mkt,      4629.90,      4647.55,      4687.70,      4621.00,      4682.65,0.00,0,Y, ,0,      4852.85,      2885.10
Y,Nifty500Momentm50,     52947.15,     53103.40,     53416.55,     53051.20,     53337.05,0.00,0,Y, ,0,         0.00,         0.00
Y,NiftyMS400 MQ 100,     47600.80,     47758.50,     47979.65,     47671.05,     47956.90,0.00,0,Y, ,0,         0.00,         0.00
Y,NiftySml250MQ 100,     43929.85,     43987.75,     44243.15,     43942.75,     44213.70,0.00,0,Y, ,0,         0.00,         0.00
Y,Nifty Top 10 EW,      9990.40,      9987.30,     10001.75,      9958.40,      9991.05,0.00,0,Y, ,0,         0.00,         0.00
Y,Nifty AQL 30,     22735.80,     22754.95,     22947.50,     22687.00,     22934.10,0.00,0,Y, ,0,         0.00,         0.00
Y,Nifty AQLV 30,     21402.05,     21419.40,     21557.30,     21369.45,     21550.35,0.00,0,Y, ,0,         0.00,         0.00
Y,Nifty EV,      3162.35,      3167.95,      3205.55,      3163.50,      3204.15,0.00,0,Y, ,0,         0.00,         0.00
Y,Nifty HighBeta 50,      3979.00,      3992.35,      4044.00,      3987.70,      4040.25,0.00,0,Y, ,0,         0.00,         0.00
Y,Nifty New Consump,     11909.45,     11930.30,     12012.55,     11918.45,     12004.95,0.00,0,Y, ,0,         0.00,         0.00
Y,Nifty Corp MAATR,     39341.25,     39390.80,     39717.15,     39354.00,     39696.60,0.00,0,Y, ,0,         0.00,         0.00
Y,Nifty Low Vol 50,     25669.20,     25678.80,     25780.45,     25631.45,     25764.60,0.00,0,Y, ,0,         0.00,         0.00
Y,Nifty Mobility,     23327.35,     23368.10,     23534.05,     23333.95,     23490.90,0.00,0,Y, ,0,         0.00,         0.00
Y,Nifty Qlty LV 30,     17579.95,     17587.50,     17720.70,     17540.70,     17715.40,0.00,0,Y, ,0,         0.00,         0.00
Y,Nifty Sml250 Q50,     25559.70,     25573.45,     25760.20,     25487.75,     25740.75,0.00,0,Y, ,0,         0.00,         0.00
Y,Nifty Top 15 EW,     11016.80,     11016.75,     11076.50,     10992.85,     11068.20,0.00,0,Y, ,0,         0.00,         0.00
Y,Nifty100 Alpha 30,     18178.50,     18206.80,     18319.65,     18187.60,     18305.85,0.00,0,Y, ,0,         0.00,         0.00
Y,Nifty100 Enh ESG,      5255.60,      5260.80,      5302.25,      5255.70,      5300.25,0.00,0,Y, ,0,         0.00,         0.00
Y,Nifty200 Value 30,     14802.65,     14841.30,     15073.70,     14834.00,     15055.55,0.00,0,Y, ,0,         0.00,         0.00
Y,Nifty500 EW,     14277.05,     14301.65,     14421.90,     14281.85,     14415.90,0.00,0,Y, ,0,         0.00,         0.00
Y,Nifty Multi MQ 50,     41119.50,     41223.75,     41461.60,     41172.10,     41371.75,0.00,0,Y, ,0,         0.00,         0.00
Y,Nifty500 Value 50,     15608.85,     15644.45,     15898.95,     15637.60,     15881.10,0.00,0,Y, ,0,         0.00,         0.00
Y,Nifty Top 20 EW,      9675.95,      9676.20,      9723.20,      9659.95,      9718.00,0.00,0,Y, ,0,         0.00,         0.00
Y,Nifty CoreHousing,     15591.40,     15613.60,     15745.30,     15606.85,     15730.80,0.00,0,Y, ,0,     16859.35,     13680.90
Y,Nifty FinSerExBnk,     32004.15,     32059.65,     32435.80,     31984.35,     32381.50,0.00,0,Y, ,0,     32526.40,     23850.75
Y,Nifty Housing,     11868.80,     11880.80,     12014.00,     11874.20,     12007.00,0.00,0,Y, ,0,     12072.15,      9839.70
Y,Nifty IPO,      2037.15,      2038.10,      2065.05,      2034.15,      2062.65,0.00,0,Y, ,0,      2289.75,      1617.15
Y,Nifty MS Fin Serv,     20744.10,     20811.30,     20986.50,     20756.45,     20956.00,0.00,0,Y, ,0,     21028.05,     13363.10
Y,Nifty MS Ind Cons,     18976.55,     19041.00,     19182.00,     18993.80,     19168.65,0.00,0,Y, ,0,     20923.30,     16870.20
Y,Nifty MS IT Telcm,     10215.05,     10241.05,     10267.05,     10179.05,     10250.00,0.00,0,Y, ,0,     11536.70,      7836.00
Y,Nifty NonCyc Cons,     15877.10,     15869.25,     15899.40,     15787.60,     15874.50,0.00,0,Y, ,0,     16983.45,     13980.90
Y,Nifty Rural,     16157.80,     16164.85,     16269.60,     16131.15,     16252.20,0.00,0,Y, ,0,     16269.60,     12891.50
Y,Nifty Shariah 25,      8412.10,      8421.30,      8457.70,      8409.60,      8449.65,0.00,0,Y, ,0,      8663.60,      7121.55
Y,Nifty Trans Logis,     26069.80,     26108.50,     26319.10,     26073.95,     26274.55,0.00,0,Y, ,0,     26459.70,     18482.85
Y,Nifty50 Shariah,      4829.20,      4835.75,      4869.10,      4831.05,      4865.80,0.00,0,Y, ,0,      5145.60,      4235.90
Y,Nifty500 LMS Eql,     18113.65,     18143.65,     18269.25,     18123.35,     18262.30,0.00,0,Y, ,0,     18330.05,     14479.00
Y,Nifty500 Shariah,      7187.70,      7200.40,      7244.90,      7192.15,      7241.60,0.00,0,Y, ,0,      7624.10,      6004.55
Y,Nifty500 Qlty50,     18848.85,     18878.30,     19047.80,     18848.55,     19032.85,0.00,0,Y, ,0,         0.00,         0.00
Y,Nifty500 LowVol50,     23090.55,     23125.00,     23353.60,     23089.15,     23338.65,0.00,0,Y, ,0,         0.00,         0.00
Y,Nifty500 MQVLv50,     31716.90,     31779.70,     32074.40,     31758.50,     32046.25,0.00,0,Y, ,0,         0.00,         0.00
Y,Nifty500 Flexicap,     10585.10,     10595.05,     10625.05,     10563.65,     10618.20,0.00,0,Y, ,0,         0.00,         0.00
Y,Nifty TMMQ 50,     41554.20,     41675.50,     41965.60,     41635.95,     41940.10,0.00,0,Y, ,0,         0.00,         0.00
Y,Nifty FPI 150,      1625.45,      1627.45,      1639.55,      1626.65,      1638.95,0.00,0,Y, ,0,      1639.55,      1346.50
Y,Nifty SME Emerge,     14403.50,     14409.75,     14456.90,     14396.35,     14433.10,0.00,0,Y, ,0,     17223.65,     11930.10
Y,Nifty Internet,      1407.35,      1409.25,      1418.30,      1405.50,      1417.00,0.00,0,Y, ,0,      1501.90,      1056.45
Y,Nifty Chemicals,     28935.70,     28990.70,     29077.55,     28930.75,     29054.50,0.00,0,Y, ,0,     31895.45,     25227.25
Y,Nifty Waves,      2081.55,      2086.35,      2108.50,      2084.85,      2105.65,0.00,0,Y, ,0,      2789.80,      1885.85
Y,Nifty InfraLog,     11414.30,     11432.90,     11562.80,     11428.30,     11553.65,0.00,0,Y, ,0,     11820.05,      9210.40
Y,Nifty500 Health,     18708.85,     18729.65,     18860.35,     18669.30,     18850.45,0.00,0,Y, ,0,     19594.10,     16294.60
Y,India VIX,9.1850,9.1850,9.5550,8.9675,9.4500,0,0,Y, ,0,23.1875,8.7200
 , , , , , , , , , , , , , 
 , , , , , , , , , , , , , 
 ,NIFTY 50 Sec, , , , , , , , , , , , 
N,ADANI ENTERPRISES LIMITED,      2260.00,      2260.00,      2283.70,      2259.00,      2279.80,               1625913975.60,715242,Y, ,31529,      2695.00,      2026.55
N,ADANI PORT & SEZ LTD,      1481.10,      1480.10,      1495.00,      1478.30,      1489.50,               1863527650.10,1251176,Y, ,53129,      1549.00,      1010.75
N,APOLLO HOSPITALS ENTER. L,      7111.50,      7130.00,      7151.00,      7075.50,      7129.50,               2511774984.50,353245,Y, ,28652,      8099.50,      6001.00
N,ASIAN PAINTS LIMITED,      2752.00,      2755.80,      2799.00,      2755.80,      2772.60,               1411222402.40,508884,Y, ,34439,      2985.70,      2124.75
N,AXIS BANK LIMITED,      1274.40,      1273.90,      1281.80,      1264.30,      1266.90,               7452538393.90,5860547,Y, ,211555,      1304.00,       933.50
N,BAJAJ AUTO LIMITED,      9558.00,      9550.00,      9633.00,      9310.50,      9502.50,               6974932975.00,733651,Y, ,57314,      9633.00,      7089.35
N,BAJAJ FINSERV LTD.,      2037.00,      2030.10,      2050.00,      2026.60,      2038.40,               1823332595.30,893818,Y, ,44371,      2195.00,      1560.00
N,BAJAJ FINANCE LIMITED,       973.10,       972.90,       994.20,       960.60,       990.45,               6122410193.40,6206869,Y, ,113828,      9788.00,       849.00
N,BHARAT ELECTRONICS LTD,       397.70,       399.65,       405.60,       398.95,       403.15,               4411801778.75,10950368,Y, ,121282,       436.00,       240.25
N,BHARTI AIRTEL LIMITED,      2110.40,      2108.00,      2125.00,      2098.00,      2106.30,               6169784842.00,2927138,Y, ,137361,      2174.50,      1559.50
N,CIPLA LTD,      1500.90,      1500.90,      1517.80,      1498.60,      1511.60,               1456106338.90,964611,Y, ,28980,      1673.00,      1335.00
N,COAL INDIA LTD,       400.45,       401.35,       429.50,       401.00,       427.90,              14760225043.85,35090129,Y, ,279509,       429.50,       349.25
N,DR. REDDY S LABORATORIES,      1253.40,      1249.00,      1257.60,      1236.00,      1256.10,               1983033733.40,1591218,Y, ,30169,      1405.90,      1020.00
N,EICHER MOTORS LTD,      7348.00,      7348.00,      7382.50,      7298.00,      7334.50,               1670026398.50,227469,Y, ,46358,      7382.50,      4646.00
N,ETERNAL LIMITED,       283.80,       283.80,       287.75,       283.25,       284.15,               3888617089.20,13624798,Y, ,103983,       368.45,       194.80
N,GRASIM INDUSTRIES LTD,      2851.70,      2856.90,      2882.00,      2845.10,      2856.40,               1998358210.30,698682,Y, ,27466,      2977.80,      2276.95
N,HCL TECHNOLOGIES LTD,      1634.50,      1632.00,      1643.00,      1625.10,      1640.20,               1555576603.50,950573,Y, ,51428,      2012.20,      1302.75
N,HDFC BANK LTD,       991.15,       991.15,      1003.20,       988.80,      1001.60,              11733333129.85,11751459,Y, ,178613,      2037.70,       939.10
N,HDFC LIFE INS CO LTD,       750.10,       749.95,       758.35,       749.05,       754.85,               1100414877.20,1457089,Y, ,35885,       820.75,       584.30
N,HINDALCO  INDUSTRIES  LTD,       894.95,       898.00,       927.30,       896.55,       925.70,               4913843621.25,5357771,Y, ,88481,       927.30,       546.45
N,HINDUSTAN UNILEVER LTD.,      2323.00,      2326.00,      2357.70,      2322.00,      2348.00,               2280899712.70,973413,Y, ,39595,      2422.00,      2244.70
N,ICICI BANK LTD.,      1338.00,      1338.00,      1356.90,      1336.30,      1355.40,              11096863710.80,8226205,Y, ,123080,      1500.00,      1186.00
N,INTERGLOBE AVIATION LTD,      5110.50,      5119.00,      5136.00,      5095.00,      5106.00,               2372489185.00,464130,Y, ,38375,      6232.50,      3945.00
N,INFOSYS LIMITED,      1629.80,      1635.90,      1643.50,      1627.50,      1640.40,               4136808012.60,2524526,Y, ,86514,      1982.80,      1307.00
N,ITC LTD,       363.85,       360.00,       360.00,       345.25,       350.05,              41530103424.05,118790358,Y, ,911774,       471.50,       345.25
N,JIO FIN SERVICES LTD,       295.70,       295.60,       303.00,       295.50,       301.70,               3190951745.95,10604978,Y, ,75384,       338.60,       198.65
N,JSW STEEL LIMITED,      1171.50,      1172.00,      1184.00,      1169.10,      1180.70,               1064264369.00,903240,Y, ,29113,      1223.90,       880.00
N,KOTAK MAHINDRA BANK LTD,      2217.80,      2217.80,      2227.90,      2180.50,      2195.10,               5413241994.00,2447694,Y, ,106834,      2301.90,      1723.75
N,LARSEN & TOUBRO LTD.,      4140.40,      4138.10,      4172.70,      4127.10,      4163.40,               4088971711.10,984027,Y, ,82278,      4172.70,      2965.30
N,MAHINDRA & MAHINDRA LTD,      3761.00,      3759.90,      3812.00,      3743.20,      3802.40,               5613565429.20,1478292,Y, ,119277,      3812.00,      2425.00
N,MARUTI SUZUKI INDIA LTD.,     16708.00,     16750.00,     16999.00,     16723.00,     16960.00,               6585606939.00,388562,Y, ,61874,     16999.00,     10750.10
N,MAX HEALTHCARE INS LTD,      1049.40,      1049.40,      1064.40,      1047.00,      1062.60,                982061017.40,928577,Y, ,36412,      1314.30,       940.05
N,NESTLE INDIA LIMITED,      1295.00,      1292.00,      1299.00,      1277.60,      1279.70,                946190225.10,736473,Y, ,40947,      2515.00,      1084.70
N,NTPC LTD,       336.30,       336.80,       353.00,       335.95,       352.10,               8029915296.50,23128940,Y, ,217079,       371.45,       292.80
N,OIL AND NATURAL GAS CORP.,       237.94,       237.94,       242.55,       237.94,       241.46,               1427854215.45,5925943,Y, ,75940,       273.50,       205.00
N,POWER GRID CORP. LTD.,       266.80,       267.50,       272.10,       266.25,       270.95,               3606619100.35,13348375,Y, ,75336,       322.00,       247.30
N,RELIANCE INDUSTRIES LTD,      1575.60,      1580.00,      1594.60,      1578.20,      1592.30,              10491999169.40,6602230,Y, ,156023,      1594.60,      1114.85
N,SBI LIFE INSURANCE CO LTD,      2040.40,      2040.40,      2077.30,      2040.00,      2067.40,                975155804.60,472182,Y, ,25202,      2086.60,      1372.55
N,STATE BANK OF INDIA,       984.75,       984.50,      1009.50,       983.95,       998.95,               7308398803.40,7357435,Y, ,117850,      1009.50,       680.00
N,SHRIRAM FINANCE LIMITED,      1019.70,      1024.75,      1025.00,      1007.20,      1010.35,               5341128148.50,5264026,Y, ,119262,      3098.00,       493.35
N,SUN PHARMACEUTICAL IND L,      1721.10,      1721.10,      1732.00,      1719.40,      1728.00,               1681533428.70,974123,Y, ,29743,      1910.00,      1548.00
N,TATA CONSUMER PRODUCT LTD,      1176.90,      1176.90,      1185.70,      1168.40,      1170.70,               1121879072.70,955406,Y, ,54782,      1202.80,       893.10
N,TATA STEEL LIMITED,       181.89,       182.00,       183.85,       181.60,       182.88,               4208596517.14,23006840,Y, ,175683,       186.94,       122.62
N,TATA CONSULTANCY SERV LT,      3227.40,      3234.00,      3254.30,      3219.50,      3250.70,               3838516572.70,1184324,Y, ,63356,      4322.95,      2866.60
N,TECH MAHINDRA LIMITED,      1607.70,      1611.00,      1619.10,      1601.90,      1612.00,               1026861194.00,637080,Y, ,32770,      1773.60,      1209.40
N,TITAN COMPANY LIMITED,      4049.30,      4039.00,      4060.00,      3986.20,      4051.70,               2665190286.80,659997,Y, ,49671,      4068.00,      2925.00
N,TATA MOTORS PASS VEH LTD,       367.55,       369.20,       372.90,       368.55,       370.35,               2623680560.15,7077536,Y, ,109207,       421.55,       337.70
N,TRENT LTD,      4297.40,      4300.00,      4437.90,      4289.60,      4409.60,               3937783163.90,895709,Y, ,66129,      7493.05,      3930.10
N,ULTRATECH CEMENT LIMITED,     11901.00,     11903.00,     11970.00,     11821.00,     11899.00,               2451483500.00,206244,Y, ,26997,     13097.00,     10047.85
N,WIPRO LTD,       267.35,       267.35,       272.40,       266.15,       269.00,               2235866518.30,8286204,Y, ,59920,       324.60,       228.00
 , , , , , , , , , , , , , 
 ,NIFTY Next 50 Sec, , , , , , , , , , , , 
N,ABB INDIA LIMITED,      5176.50,      5156.50,      5220.00,      5156.50,      5205.50,                329353883.00,63490,N, ,8840,      6948.40,      4684.45
N,ADANI ENERGY SOLUTION LTD,      1046.40,      1056.90,      1067.70,      1050.20,      1057.90,               1451206131.10,1370725,N, ,29400,      1067.70,       639.45
N,ADANI GREEN ENERGY LTD,      1025.90,      1029.00,      1043.50,      1026.40,      1038.80,               1598830903.00,1544713,N, ,28884,      1177.55,       758.00
N,ADANI POWER LTD,       148.76,       149.00,       149.90,       147.30,       148.17,               2139815958.58,14413809,N, ,72799,       723.00,       135.00
N,AMBUJA CEMENTS LTD,       559.65,       560.00,       566.50,       558.15,       565.40,                772674340.35,1371653,N, ,23360,       624.95,       455.00
N,BAJAJ HOUSING FINANCE LTD,        96.11,        96.50,        96.80,        95.60,        96.62,                572720428.07,5951146,N, ,42122,       136.96,        92.10
N,BAJAJ HOLDINGS & INVS LTD,     11342.00,     11342.00,     11342.00,     11072.00,     11181.00,                657311485.00,58889,N, ,12748,     14763.00,     10245.10
N,BANK OF BARODA,       300.75,       301.00,       305.95,       301.00,       305.05,               3132144125.90,10317519,N, ,56723,       305.95,       190.70
N,BOSCH LIMITED,     36140.00,     36170.00,     39600.00,     36150.00,     39420.00,               7211401195.00,185984,N, ,61527,     41945.00,     25921.60
N,BHARAT PETROLEUM CORP  LT,       381.50,       382.00,       385.60,       377.90,       381.45,               1378390628.55,3614573,N, ,51474,       388.15,       234.01
N,BRITANNIA INDUSTRIES LTD,      6009.50,      6009.50,      6033.00,      5941.50,      5984.50,               1591589964.50,265702,N, ,23706,      6336.00,      4506.00
N,CANARA BANK,       154.24,       154.90,       155.67,       152.80,       154.87,               4508796399.02,29236511,N, ,296803,       158.00,        78.60
N,CG POWER AND IND SOL LTD,       637.90,       639.45,       651.75,       638.10,       649.10,               1472800093.00,2285838,N, ,60919,       797.55,       517.70
N,CHOLAMANDALAM IN & FIN CO,      1724.00,      1728.50,      1789.10,      1718.70,      1781.10,               3169911590.30,1793036,N, ,64961,      1789.10,      1169.80
N,DIVI S LABORATORIES LTD,      6344.00,      6351.00,      6398.00,      6332.50,      6392.50,                691250750.50,108528,N, ,14089,      7071.50,      4955.00
N,DLF LIMITED,       691.40,       692.65,       707.45,       692.65,       698.20,               2845044501.05,4064871,N, ,81920,       886.80,       601.20
N,AVENUE SUPERMARTS LIMITED,      3716.10,      3735.00,      3753.50,      3700.00,      3719.80,               1100526259.60,295500,N, ,25458,      4949.50,      3340.00
N,SIEMENS ENERGY INDIA LTD,      2539.00,      2541.00,      2557.50,      2521.90,      2546.70,                460602918.50,181253,N, ,14658,      3625.00,      2508.80
N,GAIL (INDIA) LTD,       171.77,       171.55,       176.07,       171.55,       175.38,               2391485684.25,13698712,N, ,56336,       202.79,       150.52
N,GODREJ CONSUMER PRODUCTS,      1243.40,      1243.40,      1243.40,      1223.60,      1235.20,               1061299525.20,860507,N, ,26521,      1309.00,       979.50
N,HINDUSTAN AERONAUTICS LTD,      4397.90,      4413.10,      4429.00,      4380.00,      4417.80,               2633495329.20,597270,N, ,49222,      5165.00,      3046.05
N,HAVELLS INDIA LIMITED,      1417.50,      1424.50,      1445.60,      1417.70,      1439.90,                368574402.00,256390,N, ,15266,      1721.20,      1380.00
N,HINDUSTAN ZINC LIMITED,       611.95,       615.00,       629.95,       614.30,       628.80,               3942068538.15,6324442,N, ,78915,       656.35,       378.15
N,HYUNDAI MOTOR INDIA LTD,      2310.80,      2284.00,      2284.00,      2246.20,      2267.90,               2656793857.30,1170152,N, ,69514,      2890.00,      1541.70
N,ICICI LOMBARD GIC LIMITED,      1956.90,      1951.50,      1993.40,      1951.50,      1973.90,                389641849.30,197253,N, ,17650,      2068.70,      1613.70
N,THE INDIAN HOTELS CO. LTD,       738.60,       736.40,       751.30,       735.55,       748.65,               1237307963.00,1660155,N, ,42928,       894.90,       672.60
N,INDIAN OIL CORP LTD,       165.88,       166.70,       167.35,       164.91,       166.79,               1599046033.22,9638213,N, ,61260,       174.50,       110.72
N,INDIAN RAILWAY FIN CORP L,       125.79,       126.45,       128.95,       125.59,       128.48,               3244096397.23,25385604,N, ,87937,       158.00,       108.04
N,JINDAL STEEL LIMITED,      1068.40,      1068.80,      1082.70,      1065.00,      1080.30,               2081440408.50,1931379,N, ,27582,      1098.00,       723.35
N,JSW ENERGY LIMITED,       502.00,       505.00,       514.55,       502.20,       510.65,               2807041093.05,5505156,N, ,81611,       674.00,       418.75
N,LIFE INSURA CORP OF INDIA,       852.80,       853.20,       862.00,       851.20,       860.85,                494911947.55,577777,N, ,21834,       980.00,       715.30
N,LODHA DEVELOPERS LIMITED,      1072.80,      1074.00,      1089.10,      1070.20,      1085.70,               1529569258.20,1416306,N, ,25830,      1531.00,      1035.15
N,LTIMINDTREE LIMITED,      6112.00,      6130.00,      6145.00,      6052.00,      6067.00,                817526201.50,134408,N, ,15897,      6380.00,      3802.00
N,MAZAGON DOCK SHIPBUIL LTD,      2476.70,      2480.00,      2511.40,      2473.60,      2494.50,               2320941053.10,930773,N, ,48083,      3775.00,      1918.05
N,SAMVRDHNA MTHRSN INTL LTD,       122.52,       122.90,       124.71,       121.67,       122.04,               2508249579.32,20423410,N, ,91598,       162.25,        89.70
N,INFO EDGE (I) LTD,      1340.90,      1345.00,      1373.50,      1335.40,      1367.70,                439357745.60,323120,N, ,17729,      9128.90,      1287.10
N,POWER FIN CORP LTD.,       363.15,       365.20,       378.80,       363.55,       375.95,               7488316160.30,19990998,N, ,115030,       474.85,       329.90
N,PIDILITE INDUSTRIES LTD,      1469.30,      1469.30,      1482.80,      1467.20,      1478.20,                407138174.30,275319,N, ,12419,      3149.90,      1437.60
N,PUNJAB NATIONAL BANK,       123.94,       123.94,       125.80,       123.80,       125.35,               1650496952.95,13205239,N, ,53632,       127.80,        85.46
N,REC LIMITED,       367.70,       370.00,       384.00,       369.50,       380.65,               9207549444.65,24228761,N, ,162190,       544.70,       330.95
N,SHREE CEMENT LIMITED,     26835.00,     26775.00,     27095.00,     26705.00,     27045.00,                976319770.00,36285,N, ,10791,     32490.00,     24817.80
N,SIEMENS LTD,      3091.30,      3094.80,      3117.20,      3058.40,      3097.70,                876856674.00,283939,N, ,29744,      3409.00,      2450.00
N,SOLAR INDUSTRIES (I) LTD,     12166.00,     12198.00,     12356.00,     12130.00,     12336.00,                868457576.00,70737,N, ,19958,     17820.00,      8482.50
N,TATA POWER CO LTD,       381.85,       381.85,       393.65,       381.25,       393.10,               5082949086.40,13045325,N, ,67446,       416.80,       326.35
N,TORRENT PHARMACEUTICALS L,      3848.40,      3856.70,      3891.20,      3821.00,      3885.30,                222526813.80,57479,N, ,11583,      3891.20,      2886.45
N,TVS MOTOR COMPANY  LTD,      3794.40,      3843.00,      3897.50,      3825.70,      3847.80,               3869716579.50,1002294,N, ,71669,      3897.50,      2171.40
N,UNITED SPIRITS LIMITED,      1404.20,      1404.10,      1409.60,      1371.10,      1381.60,               2760679355.10,1986738,N, ,48351,      1700.00,      1271.10
N,VARUN BEVERAGES LIMITED,       491.75,       492.45,       496.95,       487.00,       493.80,               2103066863.35,4268299,N, ,44580,       663.60,       419.55
N,VEDANTA LIMITED,       602.65,       604.20,       618.45,       603.60,       616.95,               5671174239.35,9255218,N, ,112391,       618.45,       363.00
N,ZYDUS LIFESCIENCES LTD,       915.05,       918.85,       918.85,       912.00,       916.90,                240003430.50,262095,N, ,14651,      1059.05,       795.00
 , , , , , , , , , , , , , 
 ,COMPULSORY ROLLING STOCKS, , , , , , , , , , , , 
N,20 MICRONS LTD,       212.08,       214.20,       217.79,       209.01,       214.30,                 44336385.78,206190,N, ,7481,       283.93,       158.20
N,21ST CENTURY MGMT SERVICE,        49.03,        48.09,        50.00,        48.05,        49.39,                   353893.24,7321,N, ,82,        94.75,        36.03
N,360 ONE WAM LIMITED,      1179.70,      1179.70,      1213.70,      1171.20,      1200.10,                412133802.30,343492,N, ,20763,      1318.00,       790.50
N,3I INFOTECH LIMITED,        16.66,        16.94,        17.10,        16.67,        16.90,                  5316051.15,314404,N, ,1309,        34.88,        15.60
N,3M INDIA LIMITED,     36000.00,     36070.00,     37305.00,     35530.00,     36170.00,                291817880.00,8030,N, ,4400,     37305.00,     25718.15
N,3P LAND HOLDINGS LIMITED,        37.39,        37.74,        37.85,        36.75,        37.69,                   115222.85,3067,N, ,68,        65.80,        34.05
N,5PAISA CAPITAL LIMITED,       375.80,       375.50,       375.55,       361.45,       367.80,                265863792.30,719809,N, ,23659,       487.70,       287.65
N,63 MOONS TECHNOLOGIES LTD,       729.00,       731.10,       734.70,       719.50,       725.75,                 58384963.10,80337,N, ,4135,      1130.00,       591.25
N,A2Z INFRA ENGINEERING LTD,        15.83,        16.00,        16.43,        15.20,        15.53,                  3528810.23,224042,N, ,492,        26.80,        12.35
N,AADHAR HOUSING FINANCE L,       481.40,       485.00,       508.00,       483.25,       500.55,                498476357.40,999352,N, ,34685,       547.80,       346.05
N,AAKAAR MEDICAL TECHNO LTD,        72.00,        71.25,        71.25,        70.10,        70.10,                   566320.00,8000,N, ,5,       105.00,        62.00
N,AAKASH EXPLORATION SER L,         8.71,         8.61,         8.87,         8.61,         8.76,                   630921.52,72029,N, ,325,        13.79,         7.06
N,AAREY DRUGS & PHARM LTD,        67.55,        67.01,        67.44,        65.00,        66.34,                 17860630.26,270649,N, ,1255,       100.00,        31.35
N,AARON INDUSTRIES LIMITED,       169.43,       172.85,       180.10,       168.65,       176.50,                  2596479.78,14764,N, ,1008,       478.00,       166.16
N,AARTECH SOLONICS LIMITED,        47.56,        47.84,        50.40,        47.61,        48.98,                  1677304.62,34103,N, ,954,       105.39,        47.00
N,AARTI DRUGS LTD.,       416.65,       415.10,       415.15,       409.55,       410.95,                 26897766.70,65332,N, ,3438,       564.05,       312.00
N,AARTI INDUSTRIES LTD,       375.70,       375.40,       377.90,       371.45,       376.95,                152268216.10,406773,N, ,11287,       495.00,       344.20
N,AARTI PHARMALABS LIMITED,       744.20,       744.20,       746.05,       736.10,       742.10,                 59415719.15,80166,N, ,9292,       971.00,       568.10
N,AARTI SURFACTANTS LIMITED,       391.85,       387.10,       394.95,       386.10,       387.55,                  4986878.90,12826,N, ,1180,       668.00,       383.55
N,AARVI ENCON LIMITED,       127.22,       128.00,       129.90,       127.85,       128.69,                   464099.07,3605,N, ,175,       152.00,        88.00
N,AATMAJ HEALTHCARE LIMITED,        25.25,        24.00,        24.00,        24.00,        24.00,                    48000.00,2000,N, ,1,        26.00,        14.50
N,AAVAS FINANCIERS LIMITED,      1459.20,      1451.00,      1459.70,      1418.10,      1443.40,                550862592.50,383092,N, ,20031,      2234.00,      1418.10
N,ABBOTT INDIA LIMITED,     28485.00,     28485.00,     28490.00,     27955.00,     28125.00,                289262590.00,10295,N, ,5149,     37000.00,     25325.00
N,ADITYA BIRLA CAPITAL LTD.,       361.95,       363.00,       366.30,       359.65,       361.25,                951131635.65,2625417,N, ,34322,       368.95,       149.01
N,A B COTSPIN INDIA LIMITED,       411.70,       412.90,       413.40,       407.00,       412.20,                  5422767.90,13172,N, ,342,       505.50,       370.10
N,ALLIED BLEND N DISTILS L,       601.15,       601.35,       602.40,       575.10,       580.00,                407893581.15,699146,N, ,27979,       696.80,       279.00
N,ADITYA BIRLA FASHION & RT,        76.10,        76.10,        78.85,        75.90,        78.16,                287306674.43,3695684,N, ,20948,        98.00,        70.55
N,ABHA POWER N STEEL LTD,        36.90,        36.00,        36.95,        35.05,        36.55,                   401520.00,11200,N, ,7,        55.25,        26.45
N,A B INFRABUILD LIMITED,        17.82,        18.15,        18.71,        17.98,        18.71,                  9275683.47,499971,N, ,1338,       224.98,        17.50
N,ADITYA BIRLA LIFES BRAN L,       126.43,       126.36,       126.75,       124.40,       125.18,                 77893445.45,620645,N, ,6576,       175.00,       115.00
N,ABM INTERNATIONAL LTD,        43.35,        43.60,        43.60,        42.00,        42.00,                      903.32,21,N, ,6,        78.21,        37.01
N,ADITYA BIRLA REAL EST LTD,      1680.60,      1677.50,      1689.90,      1660.10,      1664.20,                 87217919.10,52111,N, ,6320,      2552.00,      1562.60
N,ADIT BIRL SUN LIF AMC LTD,       843.40,       838.15,       838.15,       816.00,       833.60,                337266025.45,409168,N, ,26418,       908.00,       556.45
N,ABS MARINE SERVICES LTD,       197.15,       196.20,       201.00,       195.50,       199.40,                  3170100.00,16000,N, ,29,       259.00,        92.10
N,ACC LIMITED,      1740.40,      1740.10,      1751.90,      1737.10,      1748.80,                309515448.80,177224,N, ,8791,      2119.90,      1715.00
N,ACCELYA SOLN INDIA LTD,      1309.30,      1305.10,      1318.90,      1303.00,      1309.20,                 20724864.60,15831,N, ,1443,      1582.95,      1218.50
N,ACCENT MICROCELL LIMITED,       340.20,       340.00,       353.00,       336.65,       348.75,                 19587300.00,56500,N, ,87,       362.00,       180.00
N,ACCURACY SHIPPING LIMITED,         5.67,         5.75,         5.90,         5.60,         5.80,                   492813.57,85109,N, ,516,        11.32,         5.10
N,ACTION CONST EQUIP LTD,       943.95,       948.40,       981.00,       940.55,       976.80,                257778037.65,267168,N, ,18237,      1600.00,       909.00
N,ACE INTEGRATED SOLU. LTD.,        22.76,        22.50,        23.57,        22.00,        22.74,                    38818.68,1722,N, ,76,        32.40,        20.00
N,ARCHEAN CHEMICAL IND LTD,       554.00,       550.30,       566.65,       550.05,       562.70,                 56867843.90,101450,N, ,5318,       727.60,       408.35
N,ANDHRA CEMENTS LIMITED,        65.65,        65.65,        67.79,        65.40,        67.02,                   766976.16,11543,N, ,282,       109.99,        48.15
N,ACME SOLAR HOLDINGS LTD,       237.84,       238.88,       241.20,       235.49,       240.47,                171872993.37,719847,N, ,14856,       324.30,       167.75
N,ACTIVE INFRASTRUCTURES L,       170.00,       171.00,       171.00,       171.00,       171.00,                   205200.00,1200,N, ,2,       190.00,       147.05
N,ACUTAAS CHEMICALS LIMITED,      1750.80,      1737.30,      1765.00,      1732.50,      1749.30,                271690835.40,155206,N, ,13325,      2644.00,      1040.50
N,ADF FOODS LIMITED,       204.14,       203.00,       205.89,       202.80,       204.09,                 11044714.57,54092,N, ,1491,       305.00,       196.06
N,ARCHIDPLY DECOR LIMITED,        77.51,        78.75,        79.90,        75.01,        79.23,                    56298.46,717,N, ,40,       121.77,        62.00
N,ADOR WELDING LTD,      1043.30,      1035.00,      1045.80,      1034.20,      1037.70,                  5293655.70,5098,N, ,712,      1260.00,       788.00
N,ADROIT INFOTECH LIMITED,        10.16,        10.06,        10.38,        10.06,        10.13,                   684830.46,67698,N, ,105,        21.40,         9.11
N,ALLIED DIGITAL SERV. LTD,       152.46,       153.38,       157.45,       152.00,       155.46,                 23315969.72,150901,N, ,2718,       286.74,       147.61
N,ADVANCE AGROLIFE LIMITED,       121.39,       121.95,       121.96,       119.11,       121.26,                 14381987.98,118711,N, ,1388,       154.00,       102.00
N,ADVANI HOT.& RES.(I) LTD,        58.12,        58.55,        58.55,        57.16,        58.08,                  2070777.35,35725,N, ,829,        73.45,        52.29
N,ADVENT HOTELS INTERNATI L,       224.81,       223.55,       245.98,       221.00,       235.53,                 57435818.25,248440,N, ,4618,       345.05,       190.17
N,ADVANCED ENZYME TECH LTD,       304.05,       304.05,       304.05,       300.00,       302.15,                 17343588.45,57382,N, ,2335,       366.25,       257.90
N,AEGIS LOGISTICS LIMITED,       713.30,       715.10,       729.45,       708.85,       726.15,                126843214.20,175992,N, ,13043,      1037.00,       609.85
N,AEGIS VOPAK TERMINALS LTD,       252.22,       251.75,       252.78,       247.99,       248.82,                 65100159.41,260364,N, ,4820,       302.00,       220.00
N,AEQUS LIMITED,       138.19,       137.95,       138.79,       136.50,       137.37,                184184329.70,1335554,N, ,46522,       165.40,       134.01
N,AEROFLEX ENTERPRISES LTD,        84.94,        85.49,        89.00,        84.50,        87.91,                 27963993.83,320389,N, ,4227,       124.40,        72.14
N,AEROFLEX INDUSTRIES LTD,       192.61,       193.88,       200.00,       192.02,       197.57,                226974440.23,1150014,N, ,15995,       272.00,       148.01
N,AERON COMPOSITE LIMITED,       103.50,       102.00,       105.00,       102.00,       104.90,                  4155750.00,40000,N, ,30,       202.20,        89.05
N,AEROFLEX NEU LIMITED,        74.90,        74.50,        78.75,        73.93,        74.95,                  3173930.74,41856,N, ,2307,       125.37,        67.00
N,AESTHETIK ENGINEERS LTD,        88.00,        87.00,        90.00,        87.00,        89.50,                  1146250.00,13000,N, ,10,       155.60,        60.00
N,AETHER INDUSTRIES LIMITED,       898.95,       897.10,       953.10,       889.95,       944.10,                802073495.95,860409,N, ,53188,       953.10,       725.00
N,AFCONS INFRASTRUCTURE LTD,       392.95,       392.45,       392.85,       387.15,       390.85,                359393285.95,922482,N, ,16667,       570.00,       376.30
N,AFFLE 3I LIMITED,      1781.40,      1782.00,      1792.80,      1760.00,      1782.70,                184286473.70,103527,N, ,16523,      2185.90,      1246.00
N,AFFORD ROBO & AUTO LTD,       204.12,       205.00,       210.80,       203.44,       208.78,                  6084474.59,29398,N, ,1169,       674.90,       191.86
N,AKME FINTRADE (INDIA) LTD,         6.41,         6.50,         6.50,         6.34,         6.42,                  4017990.56,624436,N, ,1265,        94.00,         6.11
N,ABANS FINANCIAL SRVCS LTD,       202.61,       203.79,       203.79,       201.21,       202.42,                  1800837.85,8909,N, ,485,       269.50,       165.49
N,AGARWAL INDS CORP LTD.,       710.70,       705.00,       724.00,       705.00,       720.05,                  8548959.30,11920,N, ,1059,      1315.00,       667.85
N,DR AGARWALS HEALTH CARE L,       500.25,       498.75,       505.65,       498.15,       501.95,                 34707476.70,69194,N, ,7438,       568.00,       327.00
N,AGARWAL FLOAT GLASS I LTD,        42.00,        42.05,        42.05,        42.05,        42.05,                    63075.00,1500,N, ,1,        73.00,        38.00
N,AGARWAL TOUGH GLASS IND L,       127.70,       127.05,       131.95,       127.05,       127.30,                  5568780.00,43200,N, ,35,       174.05,        81.00
N,AGI GREENPAC LIMITED,       752.35,       751.00,       774.50,       745.30,       759.65,                 31453678.65,41652,N, ,2539,      1148.75,       599.10
N,AGI INFRA LIMITED,       262.75,       264.00,       275.00,       263.05,       273.35,                133630664.65,493015,N, ,10269,      1825.40,       224.70
N,AGNI GREEN POWER LTD,        23.25,        23.35,        23.35,        23.35,        23.35,                    58375.00,2500,N, ,1,        43.35,        17.90
N,AGRO PHOS INDIA LIMITED,        41.46,        41.95,        42.00,        39.99,        40.48,                  1452365.12,35814,N, ,363,        47.60,        27.20
N,A G UNIVERSAL LIMITED,        68.95,        65.55,        65.55,        65.55,        65.55,                   131100.00,2000,N, ,1,        70.50,        37.30
N,ANLON HEALTHCARE LIMITED,       148.32,       149.70,       161.00,       146.50,       154.70,                 47850408.82,307477,N, ,3801,       172.75,        90.78
N,AHLADA ENGINEERS LIMITED,        47.95,        48.04,        48.10,        46.90,        47.43,                   521325.27,11041,N, ,185,       104.81,        45.85
N,ASIAN HOTELS (EAST) LTD,       138.33,       137.99,       148.01,       137.99,       147.53,                  1678038.82,11581,N, ,197,       181.89,       122.78
N,AHLUWALIA CONT IND LTD,       959.20,       969.10,       973.95,       957.15,       960.45,                 67310939.55,69980,N, ,7803,      1125.00,       620.00
N,AIA ENGINEERING LIMITED,      4030.10,      4030.10,      4097.70,      3996.50,      4089.70,                209807975.20,51661,N, ,15221,      4099.90,      3001.10
N,AUTHUM INVEST & INFRA LTD,      3136.00,      3131.20,      3131.20,      3040.00,      3045.80,                319472282.60,104107,N, ,10672,      3318.70,      1325.50
N,ABHISHEK INTEGRATIONS LTD,        40.00,        39.00,        39.00,        39.00,        39.00,                    58500.00,1500,N, ,1,        90.90,        36.70
N,AIRAN LIMITED,        18.06,        18.20,        18.43,        17.80,        18.32,                   892292.86,48963,N, ,394,        37.30,        17.00
N,AIRO LAM LIMITED,       101.58,       104.40,       104.40,       100.00,       101.01,                   448587.20,4438,N, ,47,       143.00,        83.50
N,AIRTEL RS. 1.25 PPD UP,      1697.65,      1664.30,      1708.80,      1664.30,      1687.40,                424191646.70,250957,N, ,12953,      1729.00,      1097.60
N,ANI INTEGRATED SERV LTD.,        84.50,        80.40,        80.50,        80.30,        80.50,                   481980.00,6000,N, ,3,       189.90,        77.00
N,AJANTA PHARMA LIMITED,      2938.40,      2937.00,      3020.80,      2902.80,      2949.20,                857329745.30,289355,N, ,34716,      3094.25,      2327.30
N,AJAX ENGINEERING LIMITED,       591.20,       590.50,       602.80,       579.15,       595.10,                 28574481.60,48004,N, ,3454,       756.20,       549.10
N,AJMERA REALTY & INF I LTD,       959.60,       962.00,      1014.00,       961.10,      1001.75,                 77547850.95,78409,N, ,3440,      1224.90,       681.55
N,AJOONI BIOTECH LIMITED,         4.33,         4.40,         4.40,         4.25,         4.33,                   942500.71,219045,N, ,629,         8.55,         4.16
N,AKANKSHA POWER N INFRA L,        69.00,        68.00,        69.00,        68.00,        68.25,                   616250.00,9000,N, ,6,       165.00,        67.05
N,AKASH INFRA-PROJECTS LTD,        25.27,        25.79,        26.99,        25.04,        25.76,                   191529.19,7419,N, ,65,        36.45,        23.00
N,AKG EXIM LIMITED,        12.30,        12.21,        12.69,        12.21,        12.56,                   427333.54,34287,N, ,166,        19.69,        11.24
N,AKI INDIA LIMITED,         6.56,         6.75,         6.85,         6.51,         6.79,                   467695.43,70109,N, ,336,        16.05,         6.11
N,AKSHAR SPINTEX LIMITED,         0.49,         0.50,         0.51,         0.50,         0.50,                   481662.19,952647,N, ,641,         0.76,         0.47
N,AKSHARCHEM INDIA LIMITED,       243.52,       241.06,       245.90,       234.25,       239.07,                  2496160.09,10455,N, ,267,       330.80,       195.00
N,AKSH OPTIFIBRE LIMITED,         6.39,         6.35,         6.59,         6.35,         6.49,                  1549826.89,238968,N, ,633,        13.24,         5.55
N,AKUMS DRUGS AND PHARMA L,       445.90,       445.90,       455.60,       445.15,       451.85,                 38874618.15,86016,N, ,3061,       678.40,       405.00
N,AKZO NOBEL INDIA LIMITED,      3185.90,      3199.00,      3218.90,      3163.00,      3211.60,                133237091.50,41747,N, ,4717,      3957.90,      3022.00
N,ALANKIT LIMITED,        10.77,        10.71,        10.93,        10.71,        10.87,                  1633889.49,150607,N, ,726,        23.50,        10.38
N,ALBERT DAVID LIMITED,       739.50,       745.85,       756.00,       742.20,       752.70,                  1359811.00,1813,N, ,184,      1400.00,       731.00
N,ALCOKRAFT DISTILLERIE LTD,        94.40,        94.40,        94.40,        94.40,        94.40,                    59000.00,625,N, ,1,       248.00,        90.60
N,ALEMBIC LIMITED,       102.08,       102.22,       103.60,       101.94,       103.37,                 30630300.68,297137,N, ,2833,       137.66,        85.46
N,ALICON CASTALLOY LIMITED,       820.95,       814.95,       874.00,       814.95,       847.20,                 11930014.35,14038,N, ,1501,      1065.00,       597.15
N,ALIVUS LIFE SCIENCES LTD,       907.60,       905.60,       919.00,       900.20,       913.00,                 34182765.15,37494,N, ,5515,      1251.00,       847.20
N,ALKALI METALS LTD,        80.73,        80.90,        81.50,        78.31,        81.16,                  1927669.17,24021,N, ,102,       118.00,        74.00
N,ALKEM LABORATORIES LTD.,      5463.50,      5498.00,      5600.00,      5448.50,      5592.50,                209016313.00,37645,N, ,8886,      5868.00,      4491.65
N,ALKYL AMINES CHEM. LTD,      1618.40,      1615.00,      1620.00,      1600.90,      1607.10,                 41256183.50,25639,N, ,5558,      2438.80,      1508.00
N,ALLCARGO LOGISTICS LTD,        10.64,        10.73,        11.60,        10.65,        11.44,                149348727.12,13359086,N, ,21723,        15.89,        10.08
N,ALLDIGI TECH LIMITED,       867.15,       859.95,       866.20,       831.00,       836.95,                  4733544.40,5607,N, ,634,      1114.40,       800.00
N,ALL E TECHNOLOGIES LTD,       214.75,       214.95,       219.60,       214.95,       219.30,                  2344700.00,10800,N, ,23,       538.80,       200.00
N,ALL TIME PLASTICS LIMITED,       262.65,       262.00,       266.70,       261.70,       263.35,                  7989839.55,30296,N, ,2095,       334.90,       256.80
N,ALMONDZ GLOBAL SEC LTD,        18.15,        18.01,        18.90,        18.01,        18.68,                  3522652.84,188723,N, ,696,        34.85,        14.41
N,ALOK INDUSTRIES LIMITED,        16.12,        16.12,        16.32,        16.06,        16.26,                 51142272.10,3157057,N, ,6119,        23.50,        14.01
N,ALPA LABORATORIES LTD,        78.84,        79.70,        79.70,        77.99,        78.04,                  1027368.04,13112,N, ,484,       137.30,        75.00
N,ALPEX SOLAR LIMITED,       817.55,       813.50,       827.90,       813.00,       825.30,                 15750795.00,19200,N, ,151,      1449.70,       495.00
N,ALPHAGEO (INDIA) LIMITED,       226.42,       225.69,       230.00,       225.69,       229.64,                   547935.26,2395,N, ,160,       479.90,       211.00
N,ALUWIND INFRA-TECH LTD,        71.00,        69.20,        69.50,        69.20,        69.35,                   415875.00,6000,N, ,4,        95.80,        48.00
N,AMANTA HEALTHCARE LIMITED,       106.91,       107.90,       112.24,       106.64,       109.74,                 17419084.96,157859,N, ,4412,       154.40,        97.75
N,AMBER ENTERPRISES (I) LTD,      6447.50,      6440.00,      6549.50,      6420.00,      6482.50,               1046041021.50,161308,N, ,20767,      8626.00,      5235.00
N,AMBICA AGAR & AROMAINDLTD,        25.19,        25.05,        25.82,        25.05,        25.50,                    59653.96,2344,N, ,58,        33.00,        23.99
N,AMBIKA COTTON MILL LTD.,      1243.30,      1238.10,      1259.90,      1231.10,      1247.20,                  5667842.40,4556,N, ,713,      1769.90,      1201.00
N,AMD INDUSTRIES LIMITED,        47.87,        47.86,        49.22,        46.96,        47.29,                  1113823.35,23309,N, ,274,        68.88,        39.85
N,AMEYA PRECISION ENG LTD,        99.95,       104.00,       104.90,       102.00,       102.00,                  1044700.00,10000,N, ,8,       127.25,        91.90
N,AMJ LAND HOLDINGS LIMITED,        52.78,        52.90,        52.90,        50.90,        51.37,                  2016093.53,39112,N, ,343,        70.81,        41.87
N,A AND M JUMBO BAGS LTD,         9.95,        10.00,        10.00,        10.00,        10.00,                    80000.00,8000,N, ,1,        10.10,         6.80
N,AMINES & PLASTICIZERS LTD,       191.18,       194.01,       197.88,       187.60,       192.33,                  1136910.32,5894,N, ,254,       336.90,       170.00
N,AMRUTAJAN HEALTH LTD,       667.20,       670.50,       676.50,       668.15,       672.75,                  3187745.55,4734,N, ,451,       842.90,       544.10
N,ANAND RATHI WEALTH LTD,      3094.90,      3074.00,      3107.50,      3055.00,      3079.40,                459452612.20,149134,N, ,16093,      4250.90,      1594.00
N,ANANTAM HIGHWAYS TRUST,       103.85,       103.82,       104.05,       103.76,       103.98,                  3077893.17,29597,N, ,139,       113.00,       100.20
N,ANANT RAJ LIMITED,       552.50,       552.50,       588.00,       552.00,       584.05,               3141568078.10,5453591,N, ,93890,       947.90,       376.15
N,ANDHRA PAPER LIMITED,        67.01,        67.80,        67.80,        66.91,        67.45,                 12370556.18,183406,N, ,1471,        97.01,        64.67
N,ANDHRA SUGARS LTD,        75.92,        75.50,        76.25,        75.10,        75.98,                  7809620.96,103077,N, ,1181,       100.49,        65.10
N,ANGEL ONE LIMITED,      2362.80,      2375.00,      2402.70,      2357.00,      2387.90,               2503224138.70,1052817,N, ,30332,      3285.00,      1941.00
N,ANIK INDUSTRIES LTD,        51.78,        52.01,        53.52,        51.50,        51.80,                   344120.41,6621,N, ,285,       133.00,        50.39
N,ANLON TECHNOLOGY SOL LTD,       409.00,       400.00,       400.00,       396.95,       396.95,                   478440.00,1200,N, ,3,       497.00,       239.00
N,ANMOL INDIA LIMITED,        13.87,        13.86,        14.75,        13.71,        14.26,                   944454.40,66918,N, ,356,        27.00,        12.90
N,ANNAPURNA SWADISHT LTD,       194.85,       194.90,       197.85,       193.50,       194.30,                 30920612.50,159000,N, ,86,       441.00,       180.00
N,ANTELOPUS SELAN ENRGY LTD,       411.25,       413.95,       418.40,       400.60,       406.40,                 15115896.75,37003,N, ,1371,       879.00,       362.60
N,ANTARCTICA LTD,         1.07,         1.10,         1.10,         1.03,         1.04,                   554319.88,518433,N, ,397,         1.62,         0.77
N,ANTHEM BIOSCIENCES LTD,       638.10,       639.10,       656.55,       634.70,       654.45,                151677939.20,234169,N, ,18535,       873.50,       620.00
N,ANUH PHARMA LIMITED,        78.69,        79.36,        81.28,        78.62,        80.20,                  1734710.70,21816,N, ,538,       243.00,        76.25
N,THE ANUP ENGINEERING LTD,      2231.80,      2228.20,      2274.90,      2215.00,      2256.40,                 24065837.30,10675,N, ,2443,      3633.05,      2126.90
N,ANUPAM RASAYAN INDIA LTD,      1326.50,      1326.00,      1330.00,      1311.20,      1325.30,                363133396.10,274524,N, ,6720,      1346.00,       601.00
N,ANZEN IND ENE YLD PLU TRU,       117.35,       116.00,       116.00,       116.00,       116.00,                  2900000.00,25000,N, ,1,       121.00,       105.06
N,APAR INDUSTRIES LTD.,      8327.50,      8379.00,      8394.00,      8245.00,      8264.50,                273682839.00,32960,N, ,8568,     11779.90,      4308.05
N,ANJANI PORTLAND CEM LTD,       127.66,       127.50,       128.89,       123.01,       124.76,                  1649169.13,13175,N, ,569,       175.00,        96.20
N,APCOTEX INDUSTRIES LIMITE,       366.00,       365.10,       372.70,       365.10,       370.85,                  3294093.70,8931,N, ,683,       444.00,       286.95
N,APEX FROZEN FOODS LIMITED,       290.65,       290.00,       301.90,       287.65,       295.95,                219187647.75,743671,N, ,20335,       350.53,       186.55
N,APEX ECOTECH LIMITED,       131.00,       131.00,       131.00,       131.00,       131.00,                   104800.00,800,N, ,1,       169.00,        73.00
N,APL APOLLO TUBES LTD,      1970.00,      1975.00,      1993.70,      1921.60,      1931.90,               1467914245.20,755936,N, ,38184,      1993.70,      1272.70
N,ALEMBIC PHARMA LTD,       837.65,       835.00,       847.50,       832.70,       835.05,                 60758284.30,72417,N, ,3224,      1123.95,       725.20
N,APOLLO MICRO SYSTEMS LTD,       276.00,       276.95,       279.15,       268.25,       271.90,                901016610.40,3298677,N, ,31755,       354.70,        99.01
N,APOLLO PIPES LIMITED,       293.50,       293.50,       294.45,       289.00,       289.75,                 34470191.45,118484,N, ,2970,       494.95,       277.15
N,APOLLO TYRES LTD,       494.20,       494.20,       500.50,       492.00,       497.25,                198678310.60,399501,N, ,21657,       540.55,       370.90
N,APOLLO SINDOORI HOTEL LTD,      1208.60,      1208.60,      1210.00,      1150.00,      1188.00,                  3876181.50,3309,N, ,413,      1820.00,      1150.00
N,APRAMEYA ENGINEERING LTD,       301.10,       302.60,       307.00,       300.00,       302.00,                  4537050.00,15000,N, ,28,       360.00,        86.50
N,AUSTRALIAN PREM SOLAR I L,       370.35,       368.50,       375.50,       368.00,       372.25,                  6585912.50,17750,N, ,50,       654.00,       345.00
N,APTECH LIMITED,        89.82,        89.92,        95.60,        89.92,        94.02,                 32430552.35,347051,N, ,4385,       188.32,        88.90
N,APTUS VALUE HSG FIN I LTD,       282.05,       282.50,       284.40,       280.50,       283.80,                112955448.95,399826,N, ,11789,       364.00,       267.95
N,ARABIAN PETROLEUM LIMITED,        71.00,        74.50,        74.50,        70.15,        73.75,                  1611800.00,22000,N, ,10,        92.95,        63.00
N,ARCHIDPLY IND. LTD,        90.90,        91.97,        91.97,        88.50,        89.41,                  1355256.13,15190,N, ,150,       120.40,        79.50
N,ARCHIES LTD,        18.50,        18.50,        18.73,        17.85,        18.43,                   369827.48,20149,N, ,154,        25.80,        14.72
N,ARC INSULATION & INSU LTD,        66.50,        67.00,        67.00,        67.00,        67.00,                   268000.00,4000,N, ,1,       145.00,        63.00
N,AMARA RAJA ENERGY MOB LTD,       927.80,       928.00,       933.50,       920.00,       928.30,                237891415.40,256457,N, ,18613,      1231.20,       832.30
N,RAJDARSHAN INDUSTRIES LTD,        46.97,        47.00,        47.00,        44.75,        44.89,                   176332.64,3891,N, ,60,        62.99,        37.17
N,ARFIN INDIA LIMITED,        74.89,        75.10,        75.11,        73.80,        74.78,                186787888.09,2501832,N, ,3607,        75.11,        31.43
N,ARIES AGRO LTD.,       327.15,       326.15,       348.00,       325.30,       345.45,                 19663161.50,57937,N, ,3092,       459.90,       220.11
N,ARIHANT CAPITAL MKTS LTD,        89.49,        89.60,        91.71,        89.53,        90.57,                 19406088.19,214028,N, ,2747,       120.00,        58.15
N,ARIHANT SUPERSTRUCT LTD,       344.10,       343.25,       352.40,       340.05,       343.00,                 12405067.30,35743,N, ,1144,       553.60,       303.00
N,ARISINFRA SOLUTIONS LTD,       128.38,       128.60,       132.15,       128.53,       131.44,                 11665230.49,89344,N, ,1992,       208.50,       118.50
N,ARKADE DEVELOPERS LIMITED,       135.89,       136.00,       137.40,       135.15,       137.21,                 38213363.06,279815,N, ,2755,       213.69,       130.56
N,ARMAN FIN SERV LTD,      1568.70,      1568.70,      1568.70,      1492.80,      1520.90,                 70681420.70,46623,N, ,6418,      1834.60,      1109.95
N,ARO GRANITE IND. LTD.,        33.04,        33.48,        36.20,        32.05,        32.87,                  7173848.31,209880,N, ,1325,        50.99,        27.61
N,ARROW GREENTECH LIMITED,       502.35,       498.75,       519.70,       498.75,       516.05,                 10982576.55,21410,N, ,1419,       827.30,       484.20
N,ANAND RATHI SH N STK BR L,       632.70,       634.00,       659.85,       634.00,       656.45,                741450297.15,1135765,N, ,25157,       794.85,       431.00
N,ARTEMIS MED SERVICE LTD,       278.90,       278.90,       280.00,       274.80,       276.15,                 46089855.80,166739,N, ,5007,       346.70,       207.71
N,ART NIRMAN LIMITED,        47.70,        47.50,        49.68,        46.50,        46.67,                   203567.53,4304,N, ,49,        72.50,        39.68
N,ARUNAYA ORGANICS LIMITED,        19.90,        20.20,        20.20,        19.90,        20.00,                   281800.00,14000,N, ,5,        46.50,        17.50
N,ARVIND LIMITED,       318.65,       318.15,       320.25,       316.50,       318.35,                 34513570.10,108491,N, ,5071,       430.00,       274.80
N,ARVIND FASHIONS LIMITED,       507.95,       505.00,       511.35,       502.10,       510.55,                 62609757.55,123260,N, ,11234,       579.00,       320.20
N,ARVIND PORT AND INFRA LTD,        39.65,        39.95,        41.60,        38.45,        41.60,                  1207275.00,30000,N, ,19,        92.25,        38.45
N,ARVIND SMARTSPACES LTD,       596.25,       592.00,       598.35,       591.00,       594.30,                  7523608.45,12664,N, ,1377,       927.95,       568.35
N,ASAHI INDIA GLASS LIMITED,       997.60,       999.00,      1004.90,       988.60,       992.10,                 54242203.70,54590,N, ,5777,      1074.00,       576.80
N,ASAHI SONGWON COLOR LTD,       262.20,       260.50,       268.10,       259.00,       260.95,                  1861245.05,7079,N, ,351,       491.95,       243.95
N,AUTOMOTIVE STAMPINGS & AS,       482.50,       483.50,       494.70,       480.70,       485.10,                 10876319.45,22389,N, ,1868,       690.00,       395.50
N,ASSO ALCOHOLS & BREW LTD,       950.50,       949.10,       955.00,       944.15,       952.30,                 18708128.25,19707,N, ,2240,      1496.00,       915.10
N,ASHAPURA MINECHEM LTD,       862.30,       865.90,       906.55,       865.90,       901.00,                702268662.15,783999,N, ,26587,       918.00,       301.60
N,ASHIANA HOUSING LTD,       283.05,       284.40,       289.10,       282.20,       286.00,                  5008424.00,17502,N, ,1234,       395.70,       247.80
N,ASHIMA LTD,        19.20,        19.89,        19.95,        19.25,        19.44,                  2217517.09,113750,N, ,569,        35.80,        16.25
N,ASHOKA BUILDCON LTD,       167.88,       167.88,       170.50,       167.22,       169.36,                102401379.43,606081,N, ,6690,       319.00,       159.23
N,ASHOKA METCAST LIMITED,        15.57,        15.40,        15.72,        15.40,        15.68,                   341268.37,21797,N, ,146,        24.80,        14.86
N,ASHOK LEYLAND LTD,       184.88,       185.00,       190.00,       183.77,       188.78,               4775930579.71,25388934,N, ,134787,       254.40,       114.96
N,ASIAN ENERGY SERVICES LTD,       283.35,       282.25,       290.00,       281.45,       288.10,                  6047229.20,21114,N, ,718,       418.00,       215.00
N,ASIAN HOTELS (NORTH) LTD,       326.95,       328.85,       329.00,       320.10,       324.00,                  5402248.95,16612,N, ,285,       419.50,       267.65
N,ASIAN GRANITO IND. LTD.,        76.52,        76.50,        77.20,        75.02,        76.65,                211100057.37,2764605,N, ,9094,        78.80,        39.15
N,ASK AUTOMOTIVE LIMITED,       478.30,       483.00,       487.00,       478.05,       482.10,                 60226567.55,124916,N, ,5391,       578.50,       333.30
N,BARTRONICS INDIA LIMITED,        11.95,        11.96,        12.15,        11.90,        12.00,                  2346761.78,195457,N, ,395,        24.74,        11.00
N,ASPINWALL & CO LTD,       257.15,       252.05,       257.15,       238.35,       241.05,                  7048832.35,28420,N, ,1083,       345.90,       209.30
N,ASPIRE & INNOVATIVE ADV L,        15.50,        15.40,        16.20,        15.30,        16.20,                   186200.00,12000,N, ,3,        47.45,        15.30
N,ASTEC LIFESCIENCES LTD,       709.15,       710.00,       721.00,       705.05,       715.15,                 37032025.25,51761,N, ,2307,      1263.85,       607.05
N,ASTER DM HEALTHCARE LTD.,       606.70,       609.70,       617.10,       605.00,       613.90,                294514484.50,482500,N, ,25596,       732.20,       387.10
N,ASTRAL LIMITED,      1434.90,      1443.00,      1460.00,      1434.10,      1453.40,                640256580.30,441304,N, ,22252,      1673.70,      1232.30
N,ASTRA MICROWAVE LTD,       983.00,       982.05,       985.80,       957.10,       963.35,                181623570.50,188172,N, ,12749,      1195.90,       584.20
N,ASTRAZENECA PHARMA IND LT,      8777.50,      8798.50,      8800.50,      8561.50,      8601.50,                295493614.50,34247,N, ,11533,     10691.00,      6312.75
N,ASTRON PAPER BORD MIL LTD,         6.05,         6.05,         6.17,         6.00,         6.02,                   340948.77,56442,N, ,192,        24.00,         5.85
N,ATAL REALTECH LIMITED,        26.00,        26.00,        26.25,        25.74,        25.97,                 71998804.50,2770970,N, ,2749,        26.25,        11.15
N,ATAM VALVES LIMITED,        82.45,        84.21,        84.21,        81.50,        82.58,                  1529259.24,18527,N, ,155,       148.00,        76.98
N,ATC ENERGIES SYSTEM LTD,        37.45,        37.45,        37.95,        35.10,        36.60,                  1005480.00,27600,N, ,19,       115.35,        34.20
N,ADANI TOTAL GAS LIMITED,       594.10,       588.50,       591.80,       585.10,       587.60,                476102315.20,809537,N, ,21040,       798.00,       532.60
N,ATHER ENERGY LIMITED,       738.50,       738.00,       753.80,       736.05,       741.65,                931459431.30,1251316,N, ,26677,       790.00,       288.15
N,ALLCARGO TERMINALS LTD,        28.38,        28.53,        28.69,        27.90,        28.19,                  4869189.37,173215,N, ,1177,        40.51,        21.21
N,ATLANTA ELECTRICALS LTD,       893.90,       909.95,       945.00,       894.40,       907.35,                107769935.65,117260,N, ,6832,      1097.85,       782.10
N,ATLAS CYCLE (HARYANA) LTD,       107.27,       108.90,       108.90,       103.25,       104.39,                   881504.25,8374,N, ,296,       119.78,        88.00
N,ATL RE.0.50 PPD UP,        12.25,        12.25,        13.00,        11.60,        12.29,                   678008.18,55333,N, ,261,        13.00,         9.50
N,ATMASTCO LIMITED,       133.30,       133.00,       135.00,       131.05,       131.95,                  2772200.00,20800,N, ,34,       300.80,       127.00
N,ATUL LTD,      6169.00,      6200.00,      6200.00,      6091.00,      6109.50,                 69563371.50,11362,N, ,2703,      7788.00,      4752.00
N,ATUL AUTO LIMITED,       473.80,       473.80,       484.75,       462.00,       464.10,                157910037.65,333656,N, ,12194,       594.70,       412.65
N,AU SMALL FINANCE BANK LTD,       999.45,      1002.90,      1011.00,       997.05,       999.40,               1017436058.00,1014538,N, ,35231,      1011.00,       478.35
N,AURIONPRO SOLN LTD,      1060.40,      1064.80,      1090.00,      1047.60,      1086.20,                108359955.20,101450,N, ,9995,      1887.85,      1005.90
N,AURO IMPEX & CHEMICALS L,        40.00,        40.55,        40.55,        39.25,        39.25,                   446640.00,11200,N, ,7,        86.50,        35.75
N,AUROBINDO PHARMA LTD,      1193.00,      1200.70,      1217.50,      1192.00,      1215.40,                623459062.50,516055,N, ,20358,      1356.20,      1010.00
N,AURUM PROPTECH LIMITED,       188.25,       185.45,       188.09,       185.45,       187.11,                  5699922.83,30471,N, ,735,       264.80,       144.40
N,AUSOM ENTERPRISE LIMITED,       108.42,       111.90,       112.90,       107.32,       110.63,                   811444.91,7371,N, ,356,       127.34,        72.80
N,AUTOMOTIVE AXLES LIMITED,      1881.60,      1893.50,      1974.90,      1878.90,      1969.20,                 83390842.10,42899,N, ,4220,      1982.20,      1520.00
N,AUTOLINE INDUSTRIES LTD,        79.77,        79.98,        80.88,        79.00,        79.35,                 14234917.92,178361,N, ,1548,       117.00,        62.81
N,AVADH SUG & ENERGY LTD,       366.40,       368.30,       375.00,       366.05,       373.60,                  5022854.15,13511,N, ,879,       584.25,       341.55
N,AVALON TECHNOLOGIES LTD,       882.40,       882.40,       896.90,       859.15,       893.75,                293747063.10,333048,N, ,25388,      1318.00,       598.00
N,AVANTEL LIMITED,       156.48,       155.00,       159.35,       155.00,       157.67,                129034703.17,820637,N, ,8481,       215.00,       100.10
N,AVANTI FEEDS LIMITED,       878.50,       880.45,       887.20,       865.50,       880.25,                687836878.90,785318,N, ,27687,       964.20,       572.00
N,AVG LOGISTICS LIMITED,       175.38,       187.90,       187.90,       173.25,       175.15,                  1654540.09,9341,N, ,294,       394.90,       156.81
N,AVI ANSH TEXTILE LIMITED,       116.50,       116.75,       117.25,       116.75,       117.25,                  2107250.00,18000,N, ,14,       122.00,        93.80
N,ADITYA VISION LIMITED,       482.00,       491.00,       491.00,       480.00,       483.55,                 45647413.45,94285,N, ,6931,       598.70,       327.60
N,AVONMORE CAP&MGT SERV LTD,        18.69,        18.55,        18.99,        18.51,        18.65,                  2095222.70,112619,N, ,346,        29.95,        15.00
N,AVP INFRACON LIMITED,       118.35,       118.10,       121.45,       118.10,       119.70,                  5248480.00,44000,N, ,50,       264.30,       118.00
N,AVRO INDIA LIMITED,       118.94,       118.84,       119.99,       116.21,       117.78,                   647424.33,5466,N, ,604,       230.52,       101.35
N,AVT NATURAL PRODUCTS LTD,        67.03,        68.22,        68.22,        66.81,        67.51,                  1792674.97,26608,N, ,570,        83.80,        51.41
N,AWFIS SPACE SOLUTIONS LTD,       498.40,       498.40,       500.10,       492.00,       493.90,                 21568162.85,43553,N, ,2658,       786.95,       463.15
N,ANTONY WASTE HDG CELL LTD,       486.00,       490.00,       495.05,       484.30,       492.65,                 45903860.85,93619,N, ,4511,       693.00,       408.05
N,AWL AGRI BUSINESS LIMITED,       239.45,       240.00,       240.00,       234.10,       236.27,                604028826.74,2541764,N, ,19741,       337.05,       231.55
N,AYM SYNTEX LIMITED,       170.58,       172.25,       173.60,       167.50,       170.22,                   998236.80,5900,N, ,643,       279.33,       145.01
N,AZAD ENGINEERING LIMITED,      1625.80,      1626.00,      1656.00,      1626.00,      1652.80,                102852483.10,62473,N, ,7415,      1929.80,      1159.45
N,BABA FOOD PROCESSING,        33.25,        33.90,        33.90,        31.35,        32.10,                   210000.00,6400,N, ,4,        63.50,        29.55
N,B.A.G.CONVERGENCE LIMITED,       120.00,       121.50,       122.25,       121.50,       122.25,                   390000.00,3200,N, ,2,       139.00,        95.75
N,B.A.G FILMS AND MEDIA LTD,         6.27,         6.23,         6.39,         6.17,         6.27,                   987472.04,157900,N, ,340,        10.59,         5.31
N,BAHETI RECYCLING IND LTD,       605.10,       617.00,       617.00,       607.00,       609.40,                 10973418.75,18000,N, ,40,       649.90,       328.10
N,BAID FINSERV LIMITED,        11.05,        11.45,        11.45,        10.95,        11.06,                  1477926.44,133767,N, ,394,        17.00,         9.10
N,BAJAJ CONSUMER CARE LTD,       265.70,       266.80,       269.95,       263.60,       267.35,                 81394761.70,304956,N, ,7231,       310.00,       151.00
N,BAJAJ ELECT.LTD,       474.70,       474.90,       480.00,       473.00,       479.35,                 15283295.70,32039,N, ,2195,       805.85,       458.15
N,BAJAJ HEALTHCARE LIMITED,       424.65,       424.85,       427.20,       417.95,       418.60,                 60851650.50,144479,N, ,2491,       745.00,       393.45
N,BAJAJ HINDUSTHAN SUGAR LT,        18.46,        18.46,        18.80,        18.38,        18.68,                 67511673.94,3624719,N, ,7774,        31.71,        16.50
N,INDEF MANUFACTURING LTD,       363.75,       362.00,       372.00,       353.85,       357.30,                 24284463.80,66573,N, ,2861,       580.25,       199.24
N,BAJEL PROJECTS LIMITED,       172.98,       174.85,       175.39,       172.08,       174.51,                 16156136.74,92854,N, ,2452,       280.00,       146.41
N,SHREE TIRUPATI BALAJEE L,        39.50,        39.10,        41.00,        39.10,        40.35,                  2020505.21,50446,N, ,554,        75.00,        38.16
N,BALAJI PHOSPHATES LIMITED,       143.50,       144.00,       144.00,       141.50,       141.50,                  1000250.00,7000,N, ,7,       184.70,        72.60
N,BALAJI TELEFILMS LIMITED.,       105.65,       105.65,       108.39,       104.70,       107.30,                 11059987.13,103910,N, ,2902,       141.32,        49.02
N,BALAJI AMINES LIMITED,      1109.70,      1114.60,      1119.80,      1106.00,      1110.00,                 34431141.50,30976,N, ,3436,      1980.00,      1079.00
N,BALAXI PHARMA LTD,        28.29,        28.76,        28.76,        26.87,        27.06,                 10656263.51,391027,N, ,1852,        84.00,        25.86
N,SOLVE PLASTIC PRODUCTS L,        25.95,        25.95,        25.95,        25.95,        25.95,                    31140.00,1200,N, ,1,        47.65,        23.75
N,BALKRISHNA PAPER MILLS L,        18.21,        18.21,        18.80,        17.91,        18.47,                   345375.09,18787,N, ,146,        26.75,        16.20
N,BALKRISHNA IND. LTD,      2316.30,      2310.00,      2380.00,      2310.00,      2368.60,                192669881.90,81569,N, ,11883,      2928.00,      2152.05
N,BALMER LAWRIE & CO LTD,       184.76,       184.00,       185.50,       182.41,       184.43,                 24697228.92,134151,N, ,3391,       238.20,       146.60
N,BAL PHARMA LTD.,        73.02,        71.25,        74.00,        71.25,        73.25,                   273872.78,3752,N, ,212,       132.00,        69.00
N,BALRAMPUR CHINI MILLS LTD,       438.30,       438.25,       442.60,       437.45,       438.55,                 60910104.20,138587,N, ,5213,       627.80,       407.80
N,BALU FORGE INDUSTRIES LTD,       600.10,       600.15,       601.80,       595.00,       596.40,                 98694383.75,165134,N, ,6121,       817.90,       428.40
N,BANARAS BEADS LTD,       124.74,       127.80,       128.25,       124.10,       127.40,                   221413.29,1745,N, ,62,       164.70,        97.00
N,BANNARI AMMAN SUGARS LTD,      3600.60,      3624.60,      3650.00,      3600.00,      3602.40,                  1446270.90,400,N, ,121,      4444.00,      3000.30
N,BANCO PRODUCTS (I) LTD,       682.60,       686.00,       718.40,       682.10,       708.70,                347607151.95,492435,N, ,23007,       879.80,       297.50
N,BANDHAN BANK LIMITED,       144.18,       144.50,       145.90,       142.65,       144.46,               1174091223.65,8134028,N, ,30242,       192.48,       128.16
N,BANG OVERSEAS LTD.,        47.28,        48.97,        48.97,        47.50,        48.17,                   524669.38,10877,N, ,207,        80.56,        42.77
N,BANKA BIOLOO LIMITED,        66.98,        66.02,        68.39,        66.02,        67.63,                   235006.94,3465,N, ,75,       104.95,        56.99
N,BANK OF INDIA,       146.99,       147.50,       150.30,       146.82,       149.22,               1399649909.15,9401609,N, ,44315,       151.43,        90.05
N,BANSAL WIRE INDUSTRIES L,       305.40,       318.00,       327.75,       309.00,       311.25,                371240767.60,1165248,N, ,17858,       466.70,       299.00
N,BANSWARA SYNTEX LIMITED,       115.95,       115.95,       116.84,       114.05,       114.38,                  3399885.06,29593,N, ,305,       165.49,       109.63
N,BARFLEX POLYFILMS LIMITED,        75.60,        75.45,        75.45,        74.05,        74.60,                   745700.00,10000,N, ,5,        82.40,        41.15
N,BASF INDIA LTD,      3915.50,      3916.00,      3945.00,      3868.30,      3934.80,                 36030938.60,9213,N, ,2700,      5681.95,      3785.80
N,BASILIC FLY STUDIO LTD,       338.85,       333.65,       340.70,       333.65,       340.50,                  3359475.00,9900,N, ,19,       509.80,       223.15
N,BANNARI AM SPIN MILL LTD.,        26.31,        26.01,        26.55,        26.01,        26.19,                  1218086.62,46306,N, ,433,        59.95,        24.90
N,BATA INDIA LTD,       946.70,       949.45,       951.70,       943.30,       950.15,                 39608124.30,41827,N, ,3569,      1479.00,       931.10
N,BAWEJA STUDIOS LIMITED,        42.95,        40.50,        44.00,        40.50,        42.35,                   650560.00,15200,N, ,17,        79.00,        35.00
N,BAYER CROPSCIENCE LTD,      4543.20,      4564.00,      4585.60,      4529.90,      4546.70,                111705324.00,24554,N, ,7946,      6511.00,      4217.45
N,BHARAT BIJLEE LTD,      2675.80,      2670.80,      2777.00,      2670.80,      2759.90,                 51147115.60,18661,N, ,3019,      3913.85,      2350.00
N,BLACK BOX LIMITED,       547.05,       547.00,       562.00,       544.05,       557.40,                189963943.20,342161,N, ,11588,       696.45,       320.85
N,BOMBAY BURMAH TRADING COR,      1867.60,      1867.80,      1889.60,      1863.40,      1880.90,                 54031159.80,28789,N, ,4340,      2345.25,      1607.05
N,B&B TRIPLEWALL CONT LTD,       189.67,       198.54,       198.54,       188.07,       193.68,                   722990.26,3760,N, ,141,       229.35,       120.60
N,BRIGHTCOM GROUP LIMITED,        10.62,        10.64,        10.75,        10.48,        10.55,                 54315589.09,5134021,N, ,7240,        14.84,        10.15
N,BCL INDUSTRIES LIMITED,        32.58,        32.70,        33.00,        32.30,        32.74,                 11007135.21,337177,N, ,5632,        52.01,        30.41
N,BRAND CONCEPTS LIMITED,       353.05,       360.00,       362.75,       330.00,       337.70,                  3417638.05,9948,N, ,547,       550.00,       252.10
N,BHARAT DYNAMICS LIMITED,      1481.50,      1487.30,      1506.00,      1477.00,      1495.00,               2442456525.80,1636024,N, ,72724,      2096.60,       907.00
N,BEARDSELL LIMITED,        30.00,        30.85,        30.85,        29.00,        30.33,                   792102.85,26381,N, ,271,        43.24,        23.00
N,MRS BECTORS FOOD SPE LTD,       247.22,       247.22,       248.99,       242.05,       244.49,                138791256.48,567433,N, ,20270,      1667.10,       224.00
N,BEDMUTHA INDUST LTD,       109.00,       111.18,       113.01,       109.10,       111.42,                   448779.70,4040,N, ,139,       216.00,        95.00
N,BELLA CASA FASH AND RET L,       361.90,       370.00,       384.90,       363.50,       379.50,                  2132491.00,5737,N, ,416,       497.35,       358.65
N,BELRISE INDUSTRIES LTD,       184.07,       184.00,       190.10,       183.61,       185.05,               1077156294.18,5756635,N, ,37962,       190.10,        89.15
N,BEML LIMITED,      1847.40,      1847.70,      1885.00,      1847.70,      1857.80,                347798208.20,186395,N, ,16203,      4874.80,      1601.00
N,BHANSALI ENG. POLYMERS LT,        90.65,        90.00,        91.70,        90.00,        91.24,                 20688573.83,227498,N, ,2670,       139.12,        85.10
N,BERGER PAINTS (I) LTD,       533.65,       536.20,       536.20,       521.65,       524.10,                179611577.25,342256,N, ,15988,       605.00,       437.75
N,BEST AGROLIFE LIMITED,       382.20,       383.80,       394.50,       377.90,       390.30,                 56105901.25,145352,N, ,5771,       637.65,       244.15
N,BETA DRUGS LIMITED,      1545.40,      1560.10,      1639.90,      1542.90,      1629.40,                  9512824.80,5944,N, ,670,      2131.95,      1471.60
N,BEW ENGINEERING LIMITED,       121.35,       123.50,       124.00,       123.50,       123.75,                   371350.00,3000,N, ,6,       272.60,       110.40
N,BF INVESTMENT LIMITED,       415.60,       412.45,       422.10,       412.45,       418.55,                  5709819.35,13611,N, ,1019,       704.75,       394.55
N,BHADORA INDUSTRIES LTD,        73.70,        77.00,        79.50,        77.00,        77.70,                  1411680.00,18000,N, ,12,       128.85,        71.05
N,BHAGIRADHA CHEM & INDS L,       206.04,       206.90,       212.50,       198.82,       200.62,                 89358651.04,438707,N, ,6587,       331.00,       198.82
N,BHAGERIA INDUSTRIES LTD,       180.63,       181.49,       184.76,       180.11,       183.41,                  6791531.29,37212,N, ,1202,       244.60,       132.00
N,BHANDARI HOSIERY EXP LTD,         4.00,         4.04,         4.35,         3.98,         4.24,                  2345984.72,563672,N, ,1143,         7.30,         3.85
N,BHARAT FORGE LTD,      1464.40,      1467.00,      1487.90,      1462.40,      1477.20,               1487817422.00,1005873,N, ,38154,      1490.90,       919.10
N,BHARAT RASAYAN LTD,      2215.90,      2217.00,      2253.60,      2190.00,      2202.00,                 39303842.00,17822,N, ,2156,     12000.00,      2190.00
N,BHARAT SEATS LIMITED,       172.92,       174.64,       178.00,       173.01,       177.60,                 21077148.38,119167,N, ,2334,       239.45,        69.84
N,BHARAT WIRE ROPES LTD.,       179.81,       179.45,       189.00,       177.65,       186.62,                171313644.44,924907,N, ,7804,       248.70,       122.23
N,BHARTI HEXACOM LIMITED,      1810.40,      1822.00,      1822.00,      1768.00,      1802.10,                283383079.20,158080,N, ,13038,      2052.90,      1234.00
N,BHEL,       291.45,       292.70,       300.85,       291.55,       299.50,               4118556779.15,13871683,N, ,97176,       300.85,       176.00
N,BIGBLOC CONSTRUCTION LTD,        75.04,        75.10,        75.64,        72.10,        73.06,                 20329301.93,275277,N, ,3085,       107.70,        48.25
N,BIKAJI FOODS INTERN LTD,       738.40,       741.90,       744.40,       732.50,       735.60,                 61646876.25,83609,N, ,9069,       818.70,       558.80
N,BIKEWO GREEN TECH LIMITED,        22.25,        22.25,        22.25,        21.55,        22.25,                  1566700.00,72000,N, ,10,        30.95,        13.65
N,BHARTIYA INTERNATIONAL,       726.05,       726.00,       738.00,       722.45,       735.35,                   394939.10,540,N, ,110,       984.75,       444.00
N,BIOCON LIMITED.,       387.75,       387.75,       394.75,       386.35,       392.95,                569485402.80,1452427,N, ,14749,       424.95,       291.00
N,BIOFIL CHEM & PHARMA LTD,        32.98,        32.98,        33.89,        32.54,        33.49,                   234952.64,7074,N, ,116,        62.98,        32.52
N,BROOKFIELD INDIA RET,       333.57,       334.51,       335.00,       332.54,       334.49,                 74498518.50,222846,N, ,5514,       355.38,       271.70
N,BIRLA CABLE LIMITED,       135.67,       135.65,       137.98,       135.65,       136.54,                  1643995.69,12019,N, ,862,       219.00,       125.35
N,BIRLA CORPORATION LTD,      1110.10,      1110.00,      1119.00,      1093.30,      1109.30,                126768021.10,114350,N, ,11067,      1535.30,       910.25
N,ADITYA BIRLA MONEY LTD,       142.55,       142.61,       145.80,       142.61,       144.65,                  6691728.03,46488,N, ,1884,       281.95,       131.27
N,BIRLANU LIMITED,      1695.20,      1698.80,      1763.90,      1672.80,      1741.10,                 45606582.80,26358,N, ,3281,      2543.00,      1500.10
N,BLACKBUCK LIMITED,       674.55,       674.55,       707.00,       672.05,       699.10,               1215905681.45,1745713,N, ,43475,       748.00,       326.45
N,BEML LAND ASSETS LIMITED,       205.75,       207.58,       208.50,       205.10,       207.22,                  5777519.54,27884,N, ,661,       248.00,       180.50
N,BLB LIMITED,        13.97,        13.95,        14.95,        13.40,        13.80,                  2411818.27,171031,N, ,1287,        22.49,        13.10
N,BLISS GVS PHARMA LTD,       162.11,       163.75,       168.88,       161.15,       162.82,                292780199.56,1774332,N, ,18585,       190.97,       108.12
N,B.L.KASHYAP & SON LTD,        52.87,        52.80,        54.00,        52.40,        53.50,                 13653069.40,257247,N, ,2270,        84.69,        45.00
N,BLS INTL SERVS LTD,       317.10,       316.00,       320.00,       315.30,       316.80,                206879018.60,651809,N, ,11531,       521.80,       276.95
N,BLS E-SERVICES LIMITED,       202.36,       203.38,       204.90,       197.21,       199.35,                 91267672.25,455919,N, ,5181,       232.50,       131.31
N,BLUE DART EXPRESS LTD,      5676.00,      5676.00,      5688.00,      5544.00,      5593.50,                239814100.00,42785,N, ,8769,      7225.00,      5242.50
N,BLUE JET HEALTHCARE LTD,       529.00,       525.55,       537.30,       525.55,       531.10,                 80736027.95,151578,N, ,6412,      1027.80,       512.40
N,BLUE PEBBLE LIMITED,       125.05,       126.30,       144.80,       124.05,       124.60,                  1071660.00,8400,N, ,21,       370.85,        88.00
N,BLUE STAR LIMITED,      1772.20,      1783.60,      1829.50,      1751.00,      1816.10,               1069225847.10,590199,N, ,25952,      2417.00,      1521.00
N,BLUESTONE JEWEL LFSTL LTD,       476.65,       480.00,       504.00,       475.50,       500.75,                120878934.90,244632,N, ,10393,       793.00,       466.00
N,BLUE WATER LOGISTICS LTD,       142.40,       152.00,       153.00,       147.50,       149.80,                  1197300.00,8000,N, ,7,       187.20,       125.40
N,BLUSPRING ENTERPRISES LTD,        65.05,        65.00,        67.37,        64.20,        65.97,                  4909109.72,74425,N, ,2690,       100.88,        62.61
N,BOMBAY METRICS S C LTD,        43.75,        43.75,        43.75,        43.75,        43.75,                    35000.00,800,N, ,1,        63.20,        38.10
N,BMW VENTURES LIMITED,        58.05,        58.40,        58.40,        57.26,        57.52,                  7284833.95,126568,N, ,1484,        78.00,        55.70
N,BODAL CHEMICALS LTD,        53.58,        53.60,        54.29,        53.50,        53.99,                  4369074.99,81072,N, ,1358,        81.49,        49.50
N,BOHRA INDUSTRIES LIMITED,        16.94,        17.40,        17.89,        16.09,        17.06,                   355520.42,20856,N, ,95,        37.35,        16.00
N,BOMBAY DYEING & MFG. CO L,       132.26,       132.10,       132.84,       128.50,       130.01,                152715873.36,1173631,N, ,10413,       198.95,       117.50
N,BOROSIL LIMITED,       276.60,       280.75,       289.30,       277.55,       283.50,                 25454317.95,89615,N, ,3549,       420.20,       273.35
N,BOROSIL RENEWABLES LTD,       538.95,       540.20,       551.10,       539.05,       547.95,                112149315.30,205249,N, ,10267,       721.00,       441.45
N,BOROSIL SCIENTIFIC LTD,       120.21,       120.20,       122.01,       119.00,       119.58,                  3658066.89,30359,N, ,786,       190.79,       107.42
N,BOSCH HOME COMFRT IND LTD,      1421.50,      1421.50,      1447.50,      1419.10,      1442.60,                  8816844.40,6137,N, ,1026,      1977.00,      1350.00
N,BOSS PACKAGING SOLU LTD,        44.40,        46.55,        46.55,        44.50,        45.15,                   364000.00,8000,N, ,4,        56.30,        36.55
N,BPL LTD,        58.77,        59.80,        69.50,        59.38,        66.71,                 62505731.69,939604,N, ,8096,       109.59,        50.00
N,BRACE PORT LOGISTICS LTD,        95.85,        95.95,        98.00,        94.00,        95.95,                  1390160.00,14400,N, ,8,       111.00,        69.00
N,BRIGADE ENTER. LTD,       896.65,       897.95,       900.00,       881.20,       890.45,                162643190.35,182439,N, ,13084,      1332.00,       838.50
N,BRIGADE HOTEL VENTURE LTD,        67.45,        68.09,        69.49,        66.92,        68.70,                 15177278.91,222584,N, ,2455,        91.77,        65.70
N,BHARAT ROAD NETWORK LTD,        22.42,        22.42,        22.87,        21.96,        22.12,                  2141902.35,96715,N, ,819,        53.43,        17.40
N,BROOKS LAB LIMITED,        77.63,        77.51,        78.49,        76.00,        77.26,                  7052486.14,91464,N, ,4240,       198.86,        68.11
N,BSE LIMITED,      2628.00,      2639.00,      2672.00,      2621.00,      2666.50,               5883023678.50,2215206,N, ,80520,      7588.00,      2021.50
N,BOMBAY SUPER HYBRID SEEDS,       105.81,       106.30,       108.49,       104.22,       107.07,                  2157888.30,20121,N, ,1229,       179.99,        94.15
N,BSL LTD,       155.13,       156.00,       156.90,       141.90,       147.17,                  2852950.96,19154,N, ,965,       287.89,       127.30
N,BIRLASOFT LIMITED,       432.00,       434.00,       434.80,       428.00,       432.05,                195183664.85,452924,N, ,12491,       581.00,       331.00
N,BODHI TREE MULTIMEDIA LTD,         8.67,         8.67,         8.86,         8.40,         8.49,                  2133303.32,248139,N, ,913,        13.95,         7.11
N,BULKCORP INTERNATIONAL L,        60.00,        60.00,        60.00,        60.00,        60.00,                    72000.00,1200,N, ,1,       106.80,        50.55
N,BTRFLY GANDHI APPL LTD,       640.30,       640.30,       650.00,       640.30,       643.15,                  1356237.40,2105,N, ,348,       829.90,       550.70
N,BARAK VALLEY CEM. LTD.,        43.03,        42.30,        43.80,        42.30,        43.23,                   633756.70,14639,N, ,246,        69.99,        34.06
N,THE BYKE HOSPITALITY LTD,        50.55,        51.75,        55.00,        50.45,        53.74,                  6940078.43,132648,N, ,1249,       101.79,        48.00
N,C2C ADVANCED SYSTEMS LTD,       470.10,       470.00,       482.00,       460.10,       476.55,                 32153445.00,68100,N, ,338,       954.00,       250.15
N,CADSYS (INDIA) LIMITED,        49.90,        52.35,        52.35,        52.35,        52.35,                    26175.00,500,N, ,1,       120.05,        35.60
N,CALIFORNIA SOFTWARE CO LT,        15.82,        16.38,        16.48,        15.42,        15.73,                  1647693.10,103503,N, ,689,        22.87,         9.96
N,CALSOFT RS.2.50 PPD UP,         5.32,         5.33,         5.65,         4.80,         5.16,                    28573.59,5465,N, ,95,         7.58,         2.28
N,CAMLIN FINE SCIENCES LTD,       146.83,       146.10,       150.93,       146.10,       149.85,                 17566157.19,117731,N, ,2889,       333.30,       113.24
N,CAMPUS ACTIVEWEAR LIMITED,       261.95,       262.40,       262.95,       259.50,       261.85,                 43084636.20,164627,N, ,6743,       337.60,       210.00
N,COMPUTER AGE MNGT SER LTD,       735.10,       737.00,       758.00,       735.70,       756.55,                581544239.80,773532,N, ,18197,      5287.85,       722.00
N,CANARYS AUTOMATIONS LTD,        30.15,        30.20,        30.20,        30.00,        30.00,                   361000.00,12000,N, ,3,        39.85,        23.50
N,CAN FIN HOMES LTD,       931.45,       935.90,       945.00,       912.65,       940.40,                208655899.90,224170,N, ,16783,       971.50,       558.50
N,CANARA HSBC LIFE INS CO L,       146.48,       146.48,       150.82,       144.38,       149.70,                145000344.74,974615,N, ,16545,       157.80,       106.00
N,CANTABIL RETAIL LTD,       289.40,       289.30,       292.00,       283.00,       289.15,                133942580.60,464575,N, ,8665,       334.00,       213.41
N,CAPACITE INFRAPROJECT LTD,       256.20,       256.70,       263.45,       255.95,       257.85,                 40251958.95,154932,N, ,4184,       453.80,       247.30
N,CAPILLARY TECHNO INDIA L,       677.05,       679.95,       680.05,       670.00,       673.20,                103628293.35,153576,N, ,4756,       798.95,       570.05
N,CAPITAL INFRA TRUST,        74.24,        74.68,        74.68,        74.11,        74.49,                 19270958.95,259296,N, ,24531,       108.95,        72.65
N,CAPITAL SMALL FIN BANK L,       263.50,       263.80,       275.50,       263.80,       270.85,                 16556989.00,61230,N, ,3310,       330.65,       250.00
N,CAPLIN POINT LAB LTD.,      1798.90,      1811.00,      1866.00,      1802.40,      1848.80,                177530125.80,96233,N, ,13805,      2625.95,      1599.00
N,CAPITAL TRUST LIMITED,        12.49,        12.46,        13.11,        12.01,        12.90,                  2793701.85,220212,N, ,911,       119.00,        11.08
N,CARBORUNDUM UNIVERSAL LTD,       859.75,       855.00,       861.25,       848.10,       859.55,                 91022591.20,106359,N, ,12701,      1322.70,       809.10
N,CARE RATINGS LIMITED,      1610.50,      1602.40,      1699.00,      1602.30,      1688.50,                132696743.70,79646,N, ,9453,      1964.00,      1052.00
N,CARRARO INDIA LIMITED,       523.75,       527.75,       559.00,       524.20,       556.40,                118417420.20,215151,N, ,14147,       692.40,       253.15
N,CARTRADE TECH LIMITED,      2829.50,      2811.00,      2962.00,      2805.00,      2900.90,                688769993.30,237541,N, ,34609,      3290.50,      1294.00
N,CARYSIL LIMITED,       908.00,       918.90,       938.90,       911.10,       918.00,                102792546.65,110894,N, ,7730,      1071.90,       482.30
N,CASTROL INDIA LIMITED,       190.79,       191.00,       194.24,       190.10,       191.50,                515107209.14,2680126,N, ,39522,       251.95,       162.60
N,COUNTRY CLUB HOSP HOL LTD,        15.20,        15.18,        15.56,        15.18,        15.23,                   496500.11,32433,N, ,186,        21.24,        13.00
N,CCL PRODUCTS (I) LTD,       910.35,       912.90,       923.50,       911.60,       915.70,                 96277279.90,104862,N, ,10629,      1074.40,       525.00
N,CENTRAL DEPO SER (I) LTD,      1446.20,      1446.20,      1467.80,      1440.90,      1466.60,               1550873032.30,1061313,N, ,41333,      1828.90,      1047.45
N,CEAT LIMITED,      3774.70,      3782.60,      3900.00,      3774.00,      3887.20,                371722432.80,96298,N, ,13170,      4438.00,      2343.05
N,CEDAAR TEXTILE LIMITED,        58.00,        58.00,        60.90,        58.00,        60.90,                  1569900.00,26000,N, ,25,       136.30,        57.25
N,CEIGALL INDIA LIMITED,       271.70,       276.90,       276.90,       271.20,       274.45,                 81724153.40,298475,N, ,5520,       352.90,       222.61
N,CELEBRITY FASHIONS LTD,         8.97,         9.00,         9.17,         8.91,         9.08,                   214284.59,23697,N, ,159,        17.70,         8.05
N,CELLECOR GADGETS LIMITED,        29.05,        29.20,        29.80,        28.85,        29.05,                  4023000.00,138000,N, ,40,        81.50,        25.75
N,CELLO WORLD LIMITED,       540.95,       543.45,       549.80,       539.85,       547.25,                 28440126.50,52123,N, ,4565,       782.00,       494.75
N,CELL POINT (INDIA) LTD,        16.30,        16.45,        16.80,        16.35,        16.35,                   138480.00,8400,N, ,7,        28.25,        15.60
N,CEMINDIA PROJECTS LIMITED,       770.55,       772.50,       787.60,       760.00,       774.65,                247396592.50,320173,N, ,17834,       944.00,       476.60
N,CENTURY ENKA LTD,       452.55,       450.05,       463.00,       450.00,       457.45,                  5164634.95,11373,N, ,769,       655.00,       409.50
N,CENTRAL BANK OF INDIA,        37.60,        37.64,        38.89,        37.64,        38.77,                394900366.19,10291424,N, ,21727,        56.47,        32.75
N,CENTRUM CAPITAL LIMITED,        29.35,        29.21,        29.69,        28.60,        29.09,                  4375300.63,150486,N, ,1110,        41.90,        22.40
N,CENTUM ELECTRONICS LTD,      2289.50,      2305.00,      2317.90,      2255.00,      2266.80,                 68229214.50,29904,N, ,4775,      3044.00,      1140.30
N,CENTURY PLYBOARDS (I) LTD,       826.25,       830.60,       830.60,       815.00,       824.10,                 25649422.15,31124,N, ,6336,       897.10,       650.00
N,CERA SANITARYWARE LTD,      5239.00,      5245.00,      5271.50,      5186.00,      5258.00,                 78865330.00,15070,N, ,4390,      7739.50,      5060.05
N,CESC LTD,       167.10,       167.49,       176.40,       167.01,       175.37,                776142550.10,4485832,N, ,52815,       192.27,       119.00
N,CONCORD ENVIRO SYSTEMS L,       449.55,       456.30,       478.55,       448.40,       471.65,                 30117008.20,64075,N, ,5903,       824.20,       349.65
N,CAPRI GLOBAL CAPITAL LTD,       185.40,       186.09,       187.65,       183.99,       185.22,                117063357.15,630056,N, ,9687,       231.35,       150.51
N,CREATIVE GRAPHICS S IND L,       197.00,       199.20,       199.20,       195.00,       197.00,                  7122640.00,36000,N, ,41,       259.00,       134.40
N,CHALET HOTELS LIMITED,       899.70,       899.00,       914.00,       891.05,       902.50,                268999789.55,298116,N, ,25002,      1082.00,       634.05
N,CHAMBAL FERTILIZERS LTD,       480.25,       478.50,       481.50,       476.00,       479.90,                236553327.55,494336,N, ,12743,       742.20,       410.20
N,CHAMUNDA ELECTRICAL LTD,        50.85,        51.00,        51.00,        51.00,        51.00,                   306000.00,6000,N, ,1,        71.00,        36.10
N,CHANDAN HEALTHCARE LTD,       316.60,       318.05,       320.00,       315.00,       316.50,                  7379320.00,23200,N, ,26,       358.00,       140.00
N,CHAVDA INFRA LIMITED,       123.35,       123.35,       123.50,       122.10,       123.50,                   615450.00,5000,N, ,5,       186.00,        82.10
N,CHEMBOND MATERIALTECH LTD,       161.20,       163.09,       164.81,       160.60,       161.36,                  1172058.60,7216,N, ,308,       341.80,       151.60
N,CHEMBOND CHEMICAL LIMITED,       150.15,       151.18,       154.00,       148.10,       152.88,                   989429.31,6532,N, ,337,       244.99,       140.29
N,CHEMCON SPECIAL CHEM LTD,       212.10,       212.99,       213.31,       207.20,       208.04,                  6289327.95,30095,N, ,1504,       295.00,       160.00
N,CHEMFAB ALKALIS LIMITED,       412.80,       411.10,       470.95,       408.75,       426.80,                107419940.45,239182,N, ,11300,      1068.80,       401.30
N,CHEMPLAST SANMAR LIMITED,       256.05,       256.45,       271.00,       255.55,       265.80,                 33630837.70,126381,N, ,4891,       518.60,       245.30
N,CHENNAI PETROLEUM CORP LT,       846.55,       845.00,       849.00,       825.10,       827.20,                563006208.65,677229,N, ,22144,      1103.00,       433.10
N,CHEVIOT COMPANY LIMITED,      1084.00,      1081.10,      1089.00,      1067.50,      1073.50,                  1227468.10,1140,N, ,171,      1339.00,       974.75
N,CHOICE INTERNATIONAL LTD,       838.20,       839.90,       852.40,       835.10,       850.30,                472111962.70,557364,N, ,10937,       852.40,       438.45
N,CHOLAMANDALAM FIN HOL LTD,      1878.60,      1883.80,      1883.80,      1844.00,      1872.50,                374288906.00,200570,N, ,31761,      2231.60,      1357.35
N,CIE AUTOMOTIVE INDIA LTD,       434.05,       425.70,       430.40,       420.90,       427.75,                 71159114.35,166705,N, ,8039,       498.35,       356.75
N,CAPITAL INDIA FINANCE LTD,        34.34,        34.70,        35.48,        34.41,        34.92,                  5041321.58,144356,N, ,991,        44.50,        29.25
N,CIGNITI TECHNOLOGIES LTD,      1631.00,      1631.00,      1631.40,      1605.20,      1624.00,                279194203.10,172541,N, ,2918,      1929.50,      1033.25
N,CINELINE INDIA LIMITED,        86.83,        87.74,        89.00,        85.20,        85.91,                  1782287.07,20509,N, ,170,       131.98,        73.64
N,CINEVISTA LIMITED,        15.93,        15.89,        16.51,        15.76,        16.09,                   801153.91,49235,N, ,239,        24.88,        13.21
N,CLEAN SCIENCE & TECH LTD,       859.00,       865.00,       871.00,       860.00,       869.80,                119632024.45,138046,N, ,7882,      1600.00,       857.30
N,CL EDUCATE LIMITED,        88.09,        87.71,        88.78,        85.55,        86.17,                  1184563.95,13615,N, ,510,       134.90,        67.50
N,CHAMAN LAL SETIA EXP LTD,       264.25,       261.60,       274.20,       261.60,       268.90,                 26004388.05,96404,N, ,2433,       447.20,       248.30
N,CROP LIFE SCIENCE LIMITED,        52.00,        51.00,        52.00,        47.15,        52.00,                  2605600.00,52000,N, ,15,        62.80,        42.25
N,CHAMAN METALLICS LIMITED,       122.75,       126.00,       126.00,       118.25,       118.25,                  2551125.00,21000,N, ,21,       183.90,       111.60
N,CMS INFO SYSTEMS LIMITED,       352.20,       352.30,       357.00,       345.55,       355.30,                 96871993.60,273947,N, ,17867,       541.15,       337.00
N,CREATIVE NEWTECH LIMITED,       724.80,       729.50,       740.60,       725.00,       729.85,                  5194320.45,7105,N, ,512,      1014.00,       594.75
N,COCHIN SHIPYARD LIMITED,      1622.60,      1622.60,      1642.90,      1619.40,      1629.00,                721362074.90,442322,N, ,27241,      2545.00,      1180.20
N,COFFEE DAY ENTERPRISE LTD,        35.91,        35.93,        37.00,        35.88,        36.36,                 26430046.29,726130,N, ,4297,        51.46,        27.01
N,COFORGE LIMITED,      1655.80,      1662.90,      1662.90,      1628.30,      1650.30,               3868622426.00,2358220,N, ,83450,     10026.80,      1525.00
N,COHANCE LIFESCIENCES LTD,       523.50,       525.50,       526.10,       515.10,       518.30,                130686405.35,251489,N, ,11410,      1328.00,       515.10
N,COLGATE PALMOLIVE LTD.,      2093.80,      2105.00,      2105.00,      2080.30,      2090.10,                329695483.80,157949,N, ,16035,      2975.00,      2051.00
N,COMPUCOM SOFTWARE LTD,        16.07,        16.15,        16.42,        15.52,        16.24,                   512926.76,31700,N, ,259,        29.45,        15.11
N,CONTAINER CORP OF IND LTD,       524.25,       526.65,       532.70,       523.65,       531.80,                507948812.45,959087,N, ,16433,       815.05,       490.55
N,CONCORD BIOTECH LIMITED,      1336.30,      1339.60,      1340.10,      1302.00,      1311.50,                121211794.50,92299,N, ,8928,      2451.70,      1302.00
N,CONFIDENCE PETRO IND LTD.,        35.79,        35.79,        37.43,        35.54,        37.25,                 16422308.05,446405,N, ,2886,        77.49,        32.51
N,CONNPLEX CINEMAS LIMITED,       266.50,       269.00,       279.90,       269.00,       276.75,                 13397360.00,48800,N, ,51,       292.70,       177.00
N,CONSO. FIN. & HOLD. LTD.,       164.35,       166.01,       168.36,       164.00,       164.73,                   721876.48,4362,N, ,158,       230.00,       152.00
N,CONTROL PRINT LIMITED,       684.25,       680.10,       695.00,       680.10,       693.40,                 15487930.95,22478,N, ,1674,       917.50,       547.00
N,COOL CAPS INDUSTRIES LTD,        69.80,        67.00,        71.00,        67.00,        70.20,                  5946812.50,86250,N, ,42,       931.00,        67.00
N,CORAL INDIA FIN & HOUS LT,        40.02,        40.73,        40.89,        39.53,        40.65,                  1881337.41,46840,N, ,262,        65.49,        33.70
N,CORDS CABLE INDUS LTD.,       187.09,       189.00,       193.00,       186.20,       187.53,                  7963838.01,41988,N, ,1790,       222.00,       146.65
N,COROMANDEL INTERNTL. LTD,      2263.00,      2269.90,      2293.90,      2261.10,      2280.10,                253166679.20,111142,N, ,17103,      2718.90,      1596.00
N,CORONA REMEDIES LIMITED,      1402.40,      1409.40,      1455.00,      1406.00,      1443.50,                329203279.30,229326,N, ,16706,      1497.80,      1336.60
N,COSMO FIRST LIMITED,       677.90,       678.10,       704.90,       678.10,       695.20,                 36084736.80,51756,N, ,2579,      1307.20,       525.70
N,COUNTRY CONDO S LIMITED,         6.03,         6.08,         6.14,         5.91,         6.04,                   255302.07,42320,N, ,277,        11.92,         5.01
N,CP CAPITAL LIMITED,       115.61,       116.00,       116.00,       113.09,       113.55,                   404846.65,3568,N, ,174,       260.00,       102.62
N,CAREER POINT EDUTECH LTD,       253.95,       252.60,       262.95,       250.10,       253.45,                  2733220.70,10709,N, ,961,       338.75,       217.61
N,ADITYA INFOTECH LIMITED,      1522.00,      1535.00,      1535.00,      1500.00,      1501.40,                 60447479.90,40059,N, ,4411,      1745.10,      1015.00
N,CRAFTSMAN AUTOMATION LTD,      7722.50,      7701.00,      8050.00,      7617.00,      8013.50,                698262516.50,88550,N, ,19924,      8050.00,      3700.00
N,CANARA ROBECO AMC LIMITED,       310.70,       310.00,       313.00,       306.45,       311.05,                107658632.10,347048,N, ,8744,       353.40,       274.30
N,CRAYONS ADVERTISING LTD,        38.30,        38.00,        40.00,        37.10,        40.00,                   275050.00,7000,N, ,5,       104.00,        36.75
N,CREATIVE EYE LIMITED,         7.20,         7.20,         7.31,         7.00,         7.15,                    77803.72,10946,N, ,179,        12.19,         5.27
N,CREDITACCESS GRAMEEN LTD,      1259.10,      1261.60,      1308.50,      1259.00,      1287.70,                376482501.60,291572,N, ,28402,      1490.10,       750.20
N,CREST VENTURES LIMITED,       388.50,       385.35,       398.60,       385.15,       397.85,                  4017726.10,10183,N, ,375,       487.95,       319.10
N,CRISIL LTD,      4328.50,      4310.00,      4500.00,      4279.60,      4458.60,                290905678.90,66145,N, ,13152,      6950.00,      3973.60
N,CRIZAC LIMITED,       283.95,       284.20,       286.90,       282.05,       283.15,                 19411927.65,68325,N, ,3508,       387.95,       254.65
N,CROMPT GREA CON ELEC LTD,       249.25,       250.00,       255.90,       247.90,       252.10,               1785482170.65,7080593,N, ,43627,       401.95,       247.50
N,CROWN LIFTERS LIMITED,       137.80,       138.86,       142.80,       135.37,       137.55,                  2070362.85,14888,N, ,959,       231.99,       125.01
N,CSB BANK LIMITED,       483.90,       482.05,       489.90,       473.30,       483.15,                433338302.65,897046,N, ,29525,       489.90,       272.75
N,CSL FINANCE LIMITED,       294.65,       297.60,       307.60,       293.80,       297.45,                  5008234.05,16597,N, ,724,       380.20,       227.45
N,CLEAR SECURED SERVICES L,       133.35,       133.50,       133.60,       129.00,       129.20,                  9956800.00,76000,N, ,57,       134.00,        96.75
N,CAMBRIDGE TECH ENTER LTD,        39.88,        40.49,        41.66,        39.21,        39.90,                   225884.92,5638,N, ,121,       116.67,        34.11
N,CITY UNION BANK LTD,       289.00,       289.95,       290.70,       286.30,       288.50,                435818855.50,1512259,N, ,39010,       302.20,       142.91
N,CUBEX TUBINGS LTD,       119.44,       120.76,       122.95,       117.73,       121.50,                 39009088.81,323458,N, ,4744,       143.69,        67.11
N,CASH UR DRIVE MARKETING L,       137.00,       135.05,       135.05,       132.60,       132.85,                   801150.00,6000,N, ,6,       166.50,       130.00
N,CUMMINS INDIA LTD,      4470.60,      4484.00,      4493.40,      4441.10,      4482.10,               1203682551.20,269527,N, ,35645,      4615.00,      2580.00
N,CUPID LIMITED,       524.90,       525.90,       526.95,       419.95,       419.95,              10571580454.70,22326875,N, ,208180,       526.95,        55.75
N,CURIS LIFESCIENCES LTD,       125.50,       128.00,       128.00,       123.50,       123.50,                  1120200.00,9000,N, ,8,       147.90,       107.00
N,CYBER MEDIA (INDIA) LTD.,        17.53,        17.61,        17.74,        17.00,        17.14,                   150398.86,8725,N, ,160,        28.65,        11.66
N,CYBERMEDIA RS.5 PPD UP,         6.19,         6.19,         6.19,         6.03,         6.03,                      609.19,101,N, ,2,        12.20,         5.83
N,CYIENT LIMITED,      1109.10,      1105.00,      1114.00,      1101.20,      1105.90,                151197814.40,136553,N, ,9629,      1938.80,      1076.30
N,CYIENT DLM LIMITED,       414.60,       414.75,       417.70,       413.90,       415.85,                 22853261.10,54963,N, ,2413,       689.95,       378.60
N,DABUR INDIA LTD,       499.95,       501.45,       526.35,       499.00,       522.60,               2771355924.30,5340608,N, ,71585,       577.00,       433.30
N,DALMIA BHARAT LIMITED,      2136.20,      2108.80,      2157.90,      2108.80,      2147.10,                447122184.40,209238,N, ,14339,      2496.30,      1601.00
N,DALMIA BHARAT SUG IN LTD,       296.10,       294.10,       299.95,       294.10,       297.40,                 12683379.85,42631,N, ,1349,       349.00,       278.60
N,DAM CAPITAL ADVISORS LTD,       215.45,       216.80,       220.69,       215.16,       219.12,                 88179958.48,404064,N, ,5629,       427.00,       195.55
N,DAMODAR INDUSTRIES LTD,        29.82,        30.70,        30.85,        29.30,        30.09,                   293742.07,9724,N, ,181,        46.70,        28.00
N,DANGEE DUMS LIMITED,         3.58,         3.68,         3.80,         3.52,         3.75,                   338801.41,91843,N, ,196,         8.79,         3.40
N,DANISH POWER LIMITED,       645.80,       650.00,       652.95,       644.00,       645.25,                  8432310.00,13050,N, ,66,      1237.80,       599.95
N,DATAMATICS GLOBAL SER LTD,       793.45,       803.00,       825.85,       800.00,       805.80,                 85324193.20,105188,N, ,5815,      1120.00,       522.00
N,DATA PATTERNS INDIA LTD,      2601.20,      2601.00,      2638.00,      2596.20,      2621.70,                282110007.70,107739,N, ,12733,      3268.80,      1351.15
N,DAVANGERE SUGAR COMPANY L,         3.71,         3.71,         3.78,         3.71,         3.76,                 24751608.80,6610646,N, ,2860,         6.55,         3.03
N,D.B.CORP LTD,       261.00,       261.00,       261.80,       258.75,       260.35,                  5728715.75,22032,N, ,1477,       312.50,       189.05
N,DEEPAK BUILDERS & ENG I L,       117.12,       118.39,       118.89,       115.50,       118.32,                  2349397.48,19958,N, ,631,       203.00,       114.71
N,DILIP BUILDCON LIMITED,       473.90,       474.70,       476.00,       466.00,       467.85,                 43848431.65,93293,N, ,3509,       585.00,       363.15
N,DHAMPUR BIO ORGANICS LTD,        81.59,        81.00,        81.67,        79.97,        80.26,                  3463458.84,42806,N, ,1354,       119.00,        57.34
N,VALOR ESTATE LIMITED,       117.70,       118.28,       121.39,       118.10,       120.55,                116642362.48,969881,N, ,10279,       209.40,       112.70
N,DB (INT) STOCK BROKERS,        24.84,        25.39,        25.39,        24.80,        24.87,                   205866.56,8262,N, ,42,        52.00,        23.92
N,DISHMAN CARBO AMCIS LTD,       256.48,       256.48,       260.26,       253.27,       254.78,                 57887807.19,225831,N, ,6458,       321.95,       178.00
N,DCB BANK LIMITED,       175.89,       178.00,       179.30,       176.00,       177.44,                241042959.36,1355726,N, ,17663,       190.50,       101.41
N,DAR CREDIT & CAPITAL LTD,        46.00,        45.90,        45.90,        44.00,        44.45,                   536200.00,12000,N, ,6,        66.00,        44.00
N,DCG CABLES & WIRES LTD,        67.75,        67.75,        68.45,        66.15,        68.45,                   482040.00,7200,N, ,6,       122.50,        55.00
N,DC INFOTECH AND COMUN LTD,       246.81,       250.90,       250.90,       243.50,       245.74,                   518528.45,2112,N, ,206,       449.90,       201.35
N,DCM LTD,        92.36,        91.55,        92.90,        91.55,        92.54,                   508735.30,5516,N, ,107,       136.00,        89.00
N,DCM FINANCIAL SERVICES LT,         5.30,         5.30,         5.44,         5.30,         5.40,                    40149.52,7522,N, ,38,         9.21,         4.41
N,DCM NOUVELLE LIMITED,       133.67,       133.00,       142.00,       132.00,       139.37,                  1873563.91,13724,N, ,392,       213.88,       122.81
N,DCM SHRIRAM LIMITED,      1269.20,      1274.50,      1304.70,      1253.10,      1257.20,                 96401493.50,75651,N, ,9314,      1502.30,       902.60
N,DCW LTD,        57.78,        58.70,        58.84,        57.48,        57.73,                 34355617.10,591852,N, ,3612,        93.30,        51.26
N,DCX SYSTEMS LIMITED,       190.73,       191.60,       195.40,       191.00,       193.56,                122141750.97,632698,N, ,8296,       393.00,       153.60
N,DDEV PLASTIKS IND LTD,       300.50,       300.45,       303.65,       300.10,       301.45,                 11217410.05,37193,N, ,1554,       360.00,       212.55
N,DECCAN CEMENTS LIMITED,       740.95,       740.95,       746.90,       725.85,       730.90,                 23762398.20,32259,N, ,1154,      1164.90,       577.95
N,DECCAN TRANSCON LEASING L,        23.75,        23.40,        24.15,        23.25,        24.15,                   169740.00,7200,N, ,6,        67.50,        22.20
N,DEE DEVELOPMENT ENG LTD,       208.91,       208.91,       217.49,       208.81,       214.90,                 25093388.17,117083,N, ,4866,       336.20,       167.00
N,DEEM ROLL TECH LIMITED,        50.40,        50.60,        50.60,        50.55,        50.55,                   202250.00,4000,N, ,4,        89.45,        38.35
N,DEEPAK FERTILIZERS & PETR,      1243.50,      1251.50,      1274.80,      1228.00,      1261.80,                837937836.10,665297,N, ,37275,      1778.60,       888.90
N,DEEPAK NITRITE LTD,      1701.30,      1706.50,      1717.80,      1695.10,      1711.10,                 90188743.10,52890,N, ,7010,      2580.00,      1514.00
N,DEEP INDUSTRIES LIMITED,       456.90,       456.00,       463.70,       452.10,       454.75,                 46425475.45,101948,N, ,4375,       624.40,       381.00
N,DELAPLEX LIMITED,       130.20,       130.20,       136.00,       130.00,       133.25,                  1033410.00,7800,N, ,11,       248.00,       126.00
N,DELHIVERY LIMITED,       400.60,       401.60,       405.85,       398.70,       404.50,                316337776.95,785695,N, ,16962,       490.00,       236.53
N,DELPHI WORLD MONEY LTD,       236.52,       238.84,       238.84,       233.41,       234.23,                  6716026.07,28488,N, ,384,       255.50,       109.16
N,DELTA CORP LIMITED,        69.71,        69.99,        70.80,        69.63,        70.47,                 54918803.52,781125,N, ,7631,       131.20,        65.80
N,DELTA MANUFACTURING LTD,        68.99,        68.65,        69.78,        66.00,        67.36,                  1398854.38,20703,N, ,244,       121.69,        55.01
N,DELTA AUTOCORP LIMITED,        50.60,        48.20,        51.20,        48.20,        50.00,                  1049500.00,21000,N, ,18,       183.75,        43.00
N,DEN NETWORKS LTD,        31.22,        31.14,        31.48,        30.88,        31.38,                 14517222.67,465711,N, ,2142,        45.10,        28.14
N,DE NEERS TOOLS LIMITED,       150.00,       148.65,       157.50,       148.05,       153.00,                  3488010.00,22800,N, ,29,       374.80,       132.00
N,DE NORA INDIA LIMITED,       684.05,       685.10,       705.00,       685.10,       693.85,                  1422747.40,2043,N, ,365,      1285.45,       667.00
N,DENTA WATER N INFRA SOL L,       329.65,       332.30,       341.60,       330.40,       339.35,                 48803037.30,144647,N, ,4606,       479.60,       251.25
N,VASA DENTICITY LIMITED,       579.00,       566.20,       567.05,       556.00,       559.55,                  7149962.50,12750,N, ,43,       759.00,       533.00
N,DEV INFO TECHNOLOGY LTD,        34.20,        34.26,        36.19,        34.20,        35.65,                  7539717.40,214054,N, ,2879,       191.00,        30.10
N,DEV ACCELERATOR LIMITED,        41.00,        41.33,        42.50,        41.11,        42.02,                 12666262.77,302195,N, ,3801,        64.05,        38.00
N,DEVYANI INTERNATIONAL LTD,       147.43,       155.00,       159.66,       146.11,       148.07,               6862867178.29,44963986,N, ,213634,       209.75,       122.25
N,DIGICONTENT LIMITED,        33.43,        33.40,        33.80,        32.41,        32.60,                   104293.30,3158,N, ,80,        68.50,        28.51
N,DHAMPUR SUGAR MILLS LTD.,       123.05,       123.48,       124.48,       122.78,       123.90,                 14713531.56,118880,N, ,1487,       170.99,       110.00
N,DHANLAXMI BANK LIMITED,        24.99,        24.93,        25.71,        24.00,        24.96,                 21905726.42,872711,N, ,4746,        33.50,        22.00
N,DHANLAXMI CROP SCIENCE L,        30.75,        30.60,        30.60,        30.20,        30.20,                   121600.00,4000,N, ,2,        82.30,        25.05
N,DHANUKA AGRITECH LTD,      1177.40,      1183.80,      1197.10,      1174.60,      1178.70,                 77038890.50,65108,N, ,9262,      1975.00,      1092.05
N,DHARMAJ CROP GUARD LTD,       243.12,       244.00,       247.00,       238.39,       245.15,                  7220138.51,29635,N, ,1016,       386.50,       165.10
N,DHRUV CONSULTANCY SER LTD,        48.08,        46.71,        48.96,        46.50,        47.25,                   309052.17,6517,N, ,134,       158.03,        46.50
N,DHUNSERI INVESTMENTS LTD,      1222.60,      1216.50,      1249.10,      1201.50,      1234.80,                  1596130.80,1309,N, ,170,      2058.00,      1080.00
N,DIAMOND POWER INFRA LTD,       137.91,       138.20,       138.50,       135.92,       137.01,                147718772.26,1076198,N, ,5685,       183.50,        81.50
N,DIAMINES & CHEMICALS LTD,       273.05,       276.45,       277.15,       260.30,       263.70,                  1251340.20,4668,N, ,410,       514.25,       251.15
N,PRATAAP SNACKS LIMITED,      1218.00,      1221.00,      1221.50,      1180.00,      1203.60,                 96536903.30,80710,N, ,4904,      1295.70,       889.20
N,DIC INDIA LIMITED,       490.70,       490.70,       505.00,       486.00,       503.25,                   716286.45,1443,N, ,93,       748.00,       470.00
N,DIFFUSION ENGINEERS LTD,       334.65,       338.00,       339.00,       333.75,       336.25,                 11802523.95,35052,N, ,1350,       418.20,       231.85
N,DIGIDRIVE DISTRIBUTORS L,        26.04,        26.70,        26.87,        25.64,        26.37,                   414515.91,15779,N, ,327,        48.58,        24.65
N,DIGIKORE STUDIOS LIMITED,        72.25,        70.80,        74.50,        70.80,        74.20,                  1908640.00,26000,N, ,32,       307.60,        64.80
N,DIGISPICE TECHNOLOGIES LT,        23.85,        23.45,        24.09,        23.26,        23.54,                  2754148.08,116663,N, ,696,        35.50,        17.09
N,DIGITIDE SOLUTIONS LTD,       130.58,       131.00,       134.01,       129.46,       133.50,                 24597136.05,185410,N, ,2286,       279.69,       126.00
N,DIGJAM LTD,        52.71,        54.81,        55.34,        52.50,        55.34,                  1560908.51,28314,N, ,263,        67.99,        31.46
N,DISH TV INDIA LTD.,         4.00,         4.00,         4.07,         3.95,         4.03,                  9559797.98,2380288,N, ,2291,        10.60,         3.78
N,DIVGI TORQTRANSFER SYST L,       611.35,       610.25,       620.00,       606.05,       613.50,                  2012283.75,3292,N, ,385,       700.00,       410.10
N,DIXON TECHNO (INDIA) LTD,     12091.00,     12162.00,     12290.00,     11935.00,     12165.00,               9830820939.00,809776,N, ,92594,     18700.00,     11646.00
N,DJ MEDIAPRINT & LOG LTD,        68.69,        68.31,        71.48,        67.53,        70.46,                  7927535.66,113581,N, ,1126,       181.00,        52.00
N,D-LINK INDIA LTD,       419.55,       420.10,       434.00,       420.10,       430.65,                 35072837.60,81639,N, ,3102,       589.55,       349.45
N,DMCC SPECIALITY CHEMICALS,       255.60,       260.60,       260.60,       253.85,       255.55,                  2420436.20,9437,N, ,361,       389.65,       246.00
N,DILIGENT MEDIA CORP LTD.,         3.89,         3.89,         3.89,         3.82,         3.84,                   106575.26,27673,N, ,142,         7.17,         3.76
N,DODLA DAIRY LIMITED,      1232.50,      1239.00,      1249.00,      1215.00,      1220.40,                 29996586.60,24560,N, ,3609,      1525.00,       965.50
N,DOLAT ALGOTECH LIMITED,        88.76,        88.50,        92.01,        88.50,        91.54,                 49217330.73,542507,N, ,6497,       134.80,        68.00
N,DOLLAR INDUSTRIES LIMITED,       349.50,       349.90,       355.00,       348.30,       353.90,                 26679552.85,76029,N, ,2487,       499.00,       331.80
N,DOLLEX AGROTECH LIMITED,        39.20,        38.80,        39.85,        38.80,        39.85,                   314600.00,8000,N, ,2,        44.25,        32.00
N,DOLPHIN OFF ENT (IND) L,       473.75,       470.00,       488.95,       454.15,       479.40,                 10440406.50,21766,N, ,1076,       608.00,       201.00
N,DOMS INDUSTRIES LIMITED,      2601.80,      2583.00,      2706.40,      2583.00,      2673.90,                294870456.20,110649,N, ,17054,      3064.60,      2092.30
N,DONEAR IND. LIMITED,        92.91,        92.96,        93.85,        92.50,        93.52,                  2199759.47,23613,N, ,359,       175.00,        90.00
N,D. P. ABHUSHAN LIMITED,      1427.20,      1441.50,      1441.50,      1410.00,      1417.20,                 15503815.20,10918,N, ,1186,      1895.00,      1290.00
N,DPSC LIMITED,         9.97,         9.90,        10.25,         9.80,        10.03,                  1532643.86,152568,N, ,652,        17.39,         9.32
N,D P WIRES LIMITED,       202.45,       202.45,       210.00,       201.36,       208.10,                  4338259.77,20925,N, ,696,       354.05,       185.99
N,DRC SYSTEMS INDIA LIMITED,        17.39,        17.39,        17.50,        17.20,        17.24,                   419126.98,24249,N, ,245,        33.50,        16.15
N,DREAMFOLKS SERVICES LTD,       107.43,       107.43,       109.59,       106.63,       108.99,                  9806700.62,90712,N, ,2690,       406.00,        99.30
N,DREDGING CORP OF INDIA,       997.30,      1005.00,      1016.50,       960.40,       963.95,                225211465.25,229349,N, ,9792,      1070.50,       495.00
N,DRONE DESTINATION LIMITED,        67.45,        68.35,        68.35,        66.50,        66.75,                   973900.00,14500,N, ,29,       219.85,        64.55
N,DYNACONS SYS & SOLN LTD,      1014.60,      1004.50,      1013.90,       992.70,      1005.00,                 95735963.90,95378,N, ,5177,      1618.20,       820.55
N,DHUNSERI TEA & IND. LTD.,       158.66,       160.98,       160.98,       158.70,       158.94,                   253123.50,1589,N, ,72,       279.00,       146.32
N,DIENSTEN TECH LIMITED,       146.00,       146.00,       146.00,       146.00,       146.00,                   175200.00,1200,N, ,1,       188.80,       105.00
N,DUCOL ORGS AND COLOURS LT,       159.85,       149.90,       151.85,       149.40,       151.60,                   843120.00,5600,N, ,7,       209.50,        93.50
N,DUCON INFRATECHNOLOGIES L,         3.51,         3.58,         3.65,         3.54,         3.58,                   915780.45,254948,N, ,631,         8.24,         3.38
N,DUDIGITAL GLOBAL LIMITED,        30.15,        30.95,        30.95,        30.95,        30.95,                    77375.00,2500,N, ,1,        70.00,        28.05
N,DURLAX TOP SURFACE LTD,        42.00,        40.35,        41.95,        39.75,        41.00,                  6163100.00,150000,N, ,22,        59.75,        32.70
N,DHUNSERI VENTURES LIMITED,       278.30,       278.30,       286.95,       278.30,       283.40,                  3976837.75,14041,N, ,541,       402.00,       270.00
N,DWARIKESH SUGAR IND LTD,        37.24,        37.22,        38.09,        37.01,        37.88,                 12660311.87,335851,N, ,3131,        58.50,        34.42
N,DYNAMIC CABLES LIMITED,       336.65,       339.35,       346.50,       336.55,       343.10,                 36485838.10,107306,N, ,5317,      1089.00,       310.00
N,DYNAMATIC TECHNOLOGIES,      9261.00,      9320.50,      9540.00,      9273.50,      9503.00,                177825792.50,18824,N, ,5268,     10039.50,      5444.15
N,DYNAMIC SRVCS & SEC LTD,       130.30,       130.95,       135.00,       127.20,       129.25,                  4544350.00,34500,N, ,48,       391.80,        85.40
N,DYNEMIC PRODUCTS LIMITED,       248.20,       251.75,       258.15,       245.80,       255.75,                 13781027.45,55023,N, ,1730,       424.40,       245.80
N,E2E NETWORKS LIMITED,      1999.20,      2003.00,      2068.60,      1976.00,      2027.50,                175557538.40,86603,N, ,11018,      4405.00,      1710.05
N,EASY TRIP PLANNERS LTD,         7.36,         7.38,         7.47,         7.31,         7.44,                 55479643.83,7493755,N, ,9110,        18.25,         7.06
N,GNG ELECTRONICS LIMITED,       310.25,       310.45,       315.25,       306.00,       310.70,                 15215914.30,48763,N, ,1822,       401.70,       276.30
N,ECLERX SERVICES LTD,      4821.70,      4815.00,      4815.00,      4706.20,      4721.50,                140637336.10,29666,N, ,8690,      4959.00,      2168.00
N,ECOLINE EXIM LIMITED,       132.00,       129.00,       130.00,       129.00,       130.00,                   647000.00,5000,N, ,3,       143.90,       126.05
N,ECOS (INDIA) MOB & HOSP L,       198.05,       198.06,       201.00,       197.26,       199.96,                 16778274.65,84054,N, ,1757,       358.40,       165.00
N,EDELWEISS FIN SERV LTD,       108.66,       108.31,       114.99,       108.20,       113.92,                879595199.40,7789469,N, ,71659,       129.60,        73.50
N,EPPELTONE ENGINEERS LTD,       204.20,       209.00,       209.00,       201.00,       202.55,                  5067200.00,25000,N, ,20,       267.90,       160.05
N,EFC (I) LIMITED,       298.95,       299.05,       303.80,       295.60,       302.60,                 55730810.30,185605,N, ,3201,       357.00,       252.50
N,EFFWA INFRA & RESEARCH L,       227.00,       230.00,       231.00,       224.00,       227.70,                  4521020.00,20000,N, ,38,       270.00,       147.55
N,ELECTRO FORCE (INDIA) LTD,        33.90,        33.90,        33.90,        33.90,        33.90,                   162720.00,4800,N, ,4,        64.50,        29.20
N,EID PARRY INDIA LTD,      1018.00,      1018.00,      1020.50,      1007.20,      1011.20,                137076679.20,135462,N, ,9351,      1246.80,       639.00
N,ENVIRO INFRA ENGINEERS L,       203.48,       203.48,       207.71,       202.31,       206.75,                 85393214.24,414384,N, ,6651,       339.85,       182.00
N,EURO (I) FRESH FOODS LTD,       267.20,       267.25,       274.30,       266.00,       268.05,                  8439537.65,31464,N, ,1663,       292.05,       167.75
N,EIH ASSOCIATED HOTELS LTD,       356.50,       354.00,       359.90,       354.00,       359.10,                  2599000.70,7259,N, ,522,       455.70,       304.00
N,EIH LIMITED,       366.10,       366.00,       368.90,       363.60,       367.30,                 36946330.10,100885,N, ,3811,       435.10,       305.00
N,EIMCO ELECON (INDIA) LTD,      1624.90,      1620.00,      1644.50,      1611.00,      1625.30,                 22253658.40,13691,N, ,2121,      3019.90,      1301.00
N,EVEREST KANTO CYLINDERLTD,       115.88,       115.88,       118.00,       115.46,       117.19,                 23657743.83,202282,N, ,2879,       195.87,       103.00
N,ELDECO HSG & IND LTD.,      1000.90,       990.35,       995.75,       910.90,       926.40,                  6368367.35,6658,N, ,769,      1044.10,       658.10
N,ELECON ENG. CO. LTD,       480.70,       482.00,       516.00,       481.90,       501.00,                961573022.15,1908336,N, ,61903,       716.25,       376.95
N,ELECTROSTEEL CASTINGS LTD,        76.97,        77.25,        78.38,        76.20,        76.75,                136983716.55,1774464,N, ,11363,       148.40,        66.10
N,ELECTROTHERM (I) LTD.,       877.60,       877.60,       889.80,       860.05,       868.90,                  6706647.45,7676,N, ,689,      1280.40,       673.35
N,ELGI EQUIPMENTS LTD,       476.15,       479.00,       484.60,       477.30,       483.80,                136169451.95,282270,N, ,12797,       608.40,       401.00
N,ELGI RUBBER CO. LTD,        45.62,        45.10,        47.15,        44.90,        45.57,                  5754827.87,124743,N, ,1177,       154.98,        44.00
N,ELEGANZ INTERIORS LIMITED,        91.80,        91.60,        94.90,        91.60,        92.25,                  3359450.00,36000,N, ,18,       163.50,        87.35
N,ELIN ELECTRONICS LIMITED,       164.47,       165.67,       168.00,       163.31,       166.61,                  7866407.49,47357,N, ,1983,       234.00,       108.21
N,ELLENBARRIE INDUS GASES L,       336.45,       334.00,       342.50,       334.00,       341.60,                 21106785.70,62234,N, ,2251,       637.70,       332.20
N,EMAMI LIMITED,       524.95,       525.65,       529.50,       518.00,       522.55,                135894076.05,259902,N, ,9660,       653.35,       498.45
N,EMAMI PAPER MILLS LIMITED,        88.01,        88.50,        90.01,        85.40,        88.40,                  1409012.30,16026,N, ,306,       122.00,        82.51
N,EMAMI REALTY LIMITED,        80.46,        79.00,        83.00,        79.00,        82.19,                   817881.81,10048,N, ,208,       135.99,        72.87
N,EMA PARTNERS INDIA LTD,        96.00,        96.05,        96.05,        95.50,        95.50,                   575150.00,6000,N, ,6,       158.80,        82.15
N,EMBASSY OFFICE PARKS REIT,       435.69,       436.70,       439.00,       435.50,       438.51,                130168111.61,297177,N, ,15147,       453.99,       342.10
N,EMCURE PHARMACEUTICALS L,      1401.80,      1401.00,      1445.30,      1388.10,      1430.90,                445355376.00,311922,N, ,26389,      1519.90,       889.00
N,ELECTRONICS MART IND LTD,       106.62,       107.47,       107.47,       104.61,       105.14,                 85036929.47,808680,N, ,7940,       169.00,        99.80
N,EMKAY GLOBAL FIN SERV LTD,       287.60,       286.00,       294.70,       276.50,       286.25,                  6436167.00,22724,N, ,842,       409.90,       168.00
N,EMKAY TAP & CUT. TOOL LTD,       113.00,       113.10,       117.00,       113.00,       116.00,                   257625.00,2250,N, ,12,       498.95,       112.00
N,EMMBI INDUSTRIES LIMITED,        98.37,        98.37,       101.78,        97.51,       100.30,                   661922.09,6648,N, ,243,       176.98,        79.96
N,ENERGY MISSION MACH IND L,       185.20,       186.00,       186.00,       186.00,       186.00,                    93000.00,500,N, ,2,       337.35,       162.10
N,EMMVEE PHOTOVOLTAIC PWR L,       188.86,       187.92,       188.72,       181.56,       187.75,                262684972.68,1423681,N, ,20669,       248.40,       171.51
N,EMS LIMITED,       428.55,       428.60,       437.00,       426.90,       433.90,                 32295132.30,74550,N, ,3188,       889.00,       396.15
N,EMUDHRA LIMITED,       559.85,       562.80,       580.05,       556.25,       576.35,                 42935744.70,74983,N, ,5254,       990.00,       556.25
N,ENCOMPASS DESIGN INDIA L,       254.00,       250.55,       255.00,       246.10,       253.95,                  5713320.00,22800,N, ,12,       260.00,       167.35
N,ENDURANCE TECHNO. LTD.,      2543.20,      2543.20,      2581.60,      2534.00,      2540.20,                211962279.80,82980,N, ,13132,      3079.90,      1675.00
N,ENGINEERS INDIA LTD,       202.69,       202.90,       207.38,       199.90,       206.40,                606980245.25,2967348,N, ,39643,       255.45,       142.20
N,ENTERTAIN NET. IND. LTD.,       112.44,       112.10,       115.29,       112.00,       114.05,                  4622456.19,40770,N, ,1962,       182.70,       109.95
N,ENSER COMMUNICATIONS LTD,        16.00,        15.80,        16.95,        15.50,        16.95,                   555000.00,35000,N, ,6,       321.00,        13.35
N,ENTERO HEALTHCARE SOLU L,      1129.60,      1119.00,      1130.00,      1095.10,      1123.50,                225049758.50,202329,N, ,11976,      1563.90,       944.00
N,ENVIROTECH SYSTEMS LTD,       119.40,       119.40,       119.40,       115.20,       115.95,                  1283350.00,11000,N, ,10,       173.00,        90.05
N,EPACK DURABLE LIMITED,       279.45,       279.45,       282.15,       277.00,       281.10,                104489259.40,372376,N, ,5601,       669.95,       245.65
N,EPACK PREFAB TECHN LTD,       268.45,       269.40,       269.60,       257.00,       260.90,                263957081.15,1006181,N, ,25595,       344.00,       179.32
N,EPIGRAL LIMITED,      1262.60,      1270.00,      1270.30,      1236.00,      1245.80,                 57020065.50,45737,N, ,5744,      2114.00,      1212.80
N,EPL LIMITED,       216.20,       214.05,       217.94,       213.49,       214.38,                182364678.60,847404,N, ,24552,       273.50,       175.28
N,EQUITAS SMALL FIN BNK LTD,        64.02,        64.02,        66.00,        63.40,        64.16,                287215624.81,4451282,N, ,24947,        75.50,        50.00
N,ERIS LIFESCIENCES LIMITED,      1501.40,      1493.10,      1544.90,      1493.10,      1533.50,                109047371.10,71537,N, ,10340,      1910.00,      1097.20
N,ESAB INDIA LTD,      6145.50,      6144.00,      6200.00,      6130.00,      6167.50,                 26650233.50,4316,N, ,1139,      6425.00,      4133.05
N,ESAF SMALL FINANCE BANK L,        27.10,        27.18,        27.53,        26.62,        26.77,                 24951697.95,922339,N, ,2855,        42.99,        24.31
N,ESCONET TECHNOLOGIES LTD,       136.70,       134.00,       141.90,       134.00,       138.70,                  3755320.00,27200,N, ,40,       410.00,       129.40
N,ESCORTS KUBOTA LIMITED,      3820.60,      3830.00,      3882.90,      3816.90,      3847.10,                465151298.30,120934,N, ,16541,      4180.00,      2776.40
N,ESSEN SPECIALITY FILMS L,       180.95,       183.95,       189.00,       172.60,       175.75,                 23613948.00,132840,N, ,278,       744.85,       149.95
N,ESPRIT STONES LIMITED,        54.00,        55.95,        64.80,        55.95,        64.80,                  6620160.00,105600,N, ,63,       159.45,        52.00
N,INTEGRA ESSENTIA LIMITED,         1.53,         1.53,         1.55,         1.51,         1.54,                  1705691.82,1109480,N, ,1175,         3.58,         1.50
N,ESTER INDUSTRIES LTD,       101.84,       101.85,       102.80,       101.80,       102.37,                  3977135.19,38892,N, ,789,       174.90,        99.00
N,ETHOS LIMITED,      2944.60,      2975.00,      2979.50,      2940.00,      2953.50,                 39459867.50,13347,N, ,3210,      3245.90,      2000.00
N,EMKAY TOOLS LIMITED,       845.00,       840.05,       840.05,       840.05,       840.05,                   378022.50,450,N, ,3,      1235.00,       721.10
N,EMERALD TYRE MANUF LTD,       106.40,        99.00,       104.55,        99.00,       104.55,                   488340.00,4800,N, ,3,       184.95,        96.10
N,EUREKA FORBES LIMITED,       621.35,       618.10,       635.00,       614.50,       628.55,                 82292192.65,130823,N, ,14125,       668.30,       461.50
N,EURO PANEL PRODUCTS LTD,       175.20,       180.00,       180.00,       174.80,       175.59,                   576881.70,3283,N, ,258,       254.50,       144.85
N,EURO PRATIK SALES LIMITED,       311.40,       312.00,       313.30,       306.05,       311.85,                 12285246.15,39516,N, ,2711,       390.00,       225.00
N,EVEREADY INDS. IND.  LTD.,       328.90,       329.90,       344.00,       327.65,       337.15,                 44811850.50,132245,N, ,5188,       475.20,       272.30
N,EVEREST INDUSTRIES LTD,       515.25,       517.95,       530.00,       512.05,       527.95,                  3062530.00,5859,N, ,442,       816.00,       420.00
N,EXCEL REALTY N INFRA LTD,         1.44,         1.46,         1.48,         1.40,         1.42,                  9594668.66,6741894,N, ,2816,         1.74,         0.65
N,EXCEL INDUSTRIES LTD,       944.55,       948.00,       957.30,       941.05,       952.75,                  5562850.55,5863,N, ,1222,      1440.00,       799.10
N,EXCELSOFT TECHNOLOGIES L,        90.87,        90.50,        90.50,        88.50,        89.12,                148293738.51,1664825,N, ,9029,       142.59,        81.91
N,EXICOM TELE SYSTEMS LTD,       116.12,       116.90,       121.31,       116.10,       119.26,                 40685142.83,342057,N, ,5246,       275.71,       101.41
N,EXIDE INDUSTRIES LTD,       363.25,       362.50,       369.00,       362.50,       367.70,                397577628.10,1083939,N, ,16115,       431.60,       328.00
N,EXPLEO SOLUTIONS LIMITED,       959.15,       960.00,       983.60,       959.15,       971.60,                 19335873.65,19956,N, ,2317,      1418.40,       735.35
N,FABTECH TECHNOLOGIES LTD,       194.48,       195.10,       199.80,       194.90,       198.18,                106896015.60,539973,N, ,7473,       262.80,       173.28
N,FACT LTD,       903.60,       909.95,       919.85,       904.00,       908.05,                202338807.30,222419,N, ,12979,      1112.00,       565.00
N,FAIRCHEM ORGANICS LIMITED,       774.75,       781.80,       793.90,       761.00,       767.10,                 67053784.55,86647,N, ,4712,      1295.00,       541.55
N,FALCON TECHNOPROJ IND LTD,        14.95,        15.30,        15.50,        15.10,        15.50,                    92040.00,6000,N, ,5,        56.30,        14.85
N,FAZE THREE LIMITED,       409.90,       411.00,       417.50,       404.00,       409.25,                 15782344.55,38357,N, ,2438,       747.95,       317.75
N,FINEOTEX CHEMICAL LIMITED,        24.55,        24.54,        24.70,        24.38,        24.48,                 43313760.71,1767519,N, ,5034,       354.00,        23.85
N,FCS SOFTWARE SOLN. LTD.,         1.84,         1.86,         1.93,         1.82,         1.90,                  3717833.18,1980029,N, ,4394,         3.48,         1.57
N,FDC LIMITED,       418.85,       418.85,       420.95,       415.15,       419.55,                 12973682.75,31008,N, ,1893,       527.80,       366.25
N,FEDERAL BANK LTD,       266.25,       267.50,       268.75,       265.85,       266.95,                896499283.60,3353300,N, ,36298,       271.10,       172.66
N,FEDBANK FINANCIAL SER L,       154.49,       156.05,       162.00,       155.53,       160.60,                391043166.72,2453782,N, ,23818,       166.80,        80.00
N,FELIX INDUSTRIES LTD.,       170.35,       171.00,       180.90,       171.00,       178.05,                 29156625.00,164000,N, ,252,       220.00,       108.00
N,FIBERWEB INDIA LIMITED,        36.05,        36.05,        36.90,        35.50,        36.57,                  1224254.74,33818,N, ,283,        64.39,        34.80
N,FIDEL SOFTECH LIMITED,       132.30,       138.00,       138.00,       138.00,       138.00,                   138000.00,1000,N, ,1,       234.00,       109.00
N,FIEM INDUSTRIES LIMITED,      2228.30,      2228.30,      2346.50,      2202.70,      2334.30,                159254212.20,69083,N, ,10646,      2445.00,      1255.10
N,FILATEX INDIA LTD,        49.03,        49.03,        49.78,        48.16,        49.55,                 30850488.52,626314,N, ,4136,        66.10,        34.00
N,FILATEX FASHIONS LIMITED,         0.32,         0.34,         0.36,         0.30,         0.32,                 63576858.68,194089630,N, ,11067,         0.80,         0.25
N,FINBUD FINANCIAL SERV LTD,       126.80,       128.10,       131.50,       127.25,       130.65,                  3237500.00,25000,N, ,22,       164.85,       110.00
N,FINOLEX CABLES LTD,       786.35,       784.00,       791.35,       777.60,       784.45,                159010636.70,202731,N, ,17989,      1203.00,       707.30
N,FINE ORGANIC IND. LTD.,      4106.50,      4103.00,      4198.10,      4050.00,      4184.80,                122111588.10,29778,N, ,5294,      5494.00,      3407.00
N,FINKURVE FINANCIAL SERV L,       101.14,       102.50,       102.50,        98.21,        98.58,                  1249371.18,12546,N, ,607,       134.90,        95.49
N,FINO PAYMENTS BANK LTD,       257.15,       257.40,       260.00,       254.50,       258.95,                 27143640.95,105592,N, ,2187,       345.00,       200.00
N,FINOLEX INDUSTRIES LTD,       175.77,       177.50,       178.96,       175.81,       178.51,                 90771747.12,511473,N, ,12022,       255.10,       153.92
N,BRAINBEES SOLUTIONS LTD,       287.05,       287.95,       291.00,       286.20,       289.80,                 76263806.50,264011,N, ,17002,       664.65,       277.10
N,FISCHER MEDICAL VENTURE L,        41.42,        41.35,        42.18,        41.20,        41.83,                 17361552.27,415811,N, ,2751,      1194.40,        40.79
N,FIVE-STAR BUS FIN LTD,       534.35,       534.00,       538.55,       527.25,       532.25,                482996047.25,907264,N, ,28989,       850.00,       501.00
N,FLAIR WRITING INDUST LTD,       311.75,       311.75,       315.75,       311.00,       314.25,                 20950580.70,66841,N, ,1632,       357.00,       194.03
N,FLEXITUFF VENTURES INT L,        12.60,        12.42,        12.95,        12.18,        12.68,                   199892.06,16022,N, ,177,        74.19,        12.02
N,GUJARAT FLUOROCHEM LTD,      3674.90,      3674.90,      3694.90,      3630.80,      3648.00,                110275234.20,30084,N, ,4696,      4300.25,      3220.60
N,FLYSBS AVIATION LIMITED,       528.85,       526.00,       539.00,       523.00,       535.50,                 35911320.00,68200,N, ,109,       790.00,       427.50
N,FEDERAL-MOGUL GOETZE (IND,       464.10,       462.60,       504.00,       462.60,       488.90,                106414481.85,217714,N, ,9467,       622.00,       308.00
N,FUTURE MKT NETWORKS LTD,         8.75,         9.00,         9.00,         8.75,         8.86,                   356952.14,40314,N, ,228,        28.17,         8.60
N,FOCUS LIGHTG & FIXTRS LTD,        74.23,        73.10,        74.99,        73.02,        74.73,                  2298357.11,30920,N, ,825,       136.40,        63.78
N,FOODS & INNS LIMITED,        68.39,        68.10,        69.48,        67.99,        68.74,                 10935822.06,159883,N, ,1608,       128.45,        67.99
N,FORCAS STUDIO LIMITED,       115.45,       123.95,       123.95,       120.00,       120.00,                   782160.00,6400,N, ,4,       140.00,        65.05
N,FORCE MOTORS LIMITED,     20860.00,     21040.00,     21915.00,     20275.00,     21230.00,               6565955915.00,309491,N, ,78890,     21990.00,      6125.00
N,FORTIS HEALTHCARE LTD,       900.55,       906.30,       923.55,       896.30,       914.75,               1653732603.35,1811265,N, ,54113,      1104.30,       577.00
N,FOSECO INDIA LTD,      4897.90,      4900.20,      4965.60,      4880.20,      4927.70,                  4280660.70,869,N, ,250,      6846.00,      3205.00
N,FRESHARA AGRO EXPORTS LTD,       174.20,       178.85,       178.85,       172.05,       176.65,                  9469560.00,54000,N, ,80,       221.95,       117.20
N,FROG INNOVATIONS LIMITED,       159.40,       160.00,       163.50,       159.00,       163.50,                   574600.00,3600,N, ,8,       458.00,       150.00
N,FIRSTSOURCE SOLU. LTD.,       334.00,       335.00,       344.40,       333.70,       340.55,                200675972.20,590220,N, ,18844,       422.30,       270.00
N,FUSION FINANCE LIMITED,       159.53,       159.53,       163.88,       158.67,       161.95,                 16211573.04,100189,N, ,2523,       211.80,       123.96
N,FLYWINGS SIMULAT T C LTD,       223.55,       223.00,       227.50,       218.00,       221.15,                 17984580.00,80400,N, ,99,       248.00,       186.00
N,GABRIEL INDIA LTD,      1038.90,      1044.10,      1062.00,      1027.70,      1051.60,                375035302.30,356688,N, ,22470,      1388.00,       387.00
N,GUJARAT AMBUJA EXPORTS LT,       134.29,       134.10,       137.99,       133.18,       137.71,                129006269.52,943809,N, ,10249,       139.00,        98.72
N,GAJANAND INTERNATIONAL L,         9.55,        10.25,        10.25,        10.20,        10.20,                    91950.00,9000,N, ,3,        19.75,         9.50
N,GALA PRECISION ENG LTD,       782.45,       789.00,       802.00,       775.80,       785.80,                  4717503.60,6021,N, ,706,      1446.90,       685.05
N,GALAXY SURFACTANTS LTD,      2034.30,      2054.00,      2054.00,      2035.30,      2050.60,                  8288303.90,4052,N, ,965,      2750.10,      1955.40
N,GALLANTT ISPAT LIMITED,       538.80,       539.00,       555.55,       537.15,       552.50,                 45384105.85,82863,N, ,3896,       802.25,       292.05
N,GANDHAR OIL REFINE IND L,       154.28,       156.45,       156.45,       151.21,       151.76,                 20982345.56,137222,N, ,2914,       223.01,       120.56
N,GANDHI SPL. TUBES LTD,       796.55,       796.00,       804.80,       785.05,       790.85,                  3799146.90,4795,N, ,329,      1031.80,       585.50
N,GANESHA ECOSPHERE LIMITED,       840.85,       842.05,       858.00,       835.00,       851.30,                 51068621.20,60165,N, ,4852,      2050.90,       829.50
N,GANESH BENZOPLAST LIMITED,        81.74,        81.10,        82.36,        81.10,        81.69,                  2409397.76,29493,N, ,460,       148.49,        77.13
N,GANESH CONSUMER PRODUCT L,       226.38,       227.00,       228.21,       222.80,       224.77,                 12784928.11,56818,N, ,1717,       309.95,       210.00
N,GANESH HOUSING LIMITED,       803.50,       803.00,       814.05,       801.25,       808.90,                 15865833.95,19625,N, ,1869,      1485.00,       779.15
N,GANESH INFRAWORLD LIMITED,       145.80,       144.95,       154.60,       138.00,       142.00,                 55664840.00,380800,N, ,394,       279.80,       106.25
N,GANGA BATH FITTINGS LTD,        20.90,        20.95,        21.00,        20.25,        20.75,                   866250.00,42000,N, ,13,        59.00,        20.10
N,GANGA FORGING LIMITED,         3.65,         3.66,         3.76,         3.66,         3.69,                   981205.49,265387,N, ,713,         7.80,         2.70
N,GANGES SECURITIES LIMITED,       137.06,       141.50,       146.99,       135.00,       135.58,                  1129245.75,8106,N, ,208,       214.00,       125.00
N,GARWARE TECH FIBRES LTD,       696.60,       696.60,       698.95,       685.05,       689.75,                 67680964.15,98193,N, ,8671,      4804.10,       646.55
N,GARUDA CONSTRUCT N ENG L,       191.26,       192.00,       196.25,       191.28,       195.29,                 66284183.63,341231,N, ,6567,       249.30,        87.50
N,GACM TECHNOLOGIES LIMITED,         0.55,         0.55,         0.56,         0.53,         0.55,                  3626038.06,6633721,N, ,1740,         1.21,         0.44
N,GACM TECHNOLOGIES LIMITED,         0.49,         0.49,         0.50,         0.48,         0.49,                   537751.12,1087924,N, ,360,         1.16,         0.42
N,GATEWAY DISTRIPARKS LTD,        60.40,        60.55,        60.99,        59.64,        60.58,                 28849953.14,477216,N, ,8091,        83.59,        56.49
N,GRAND CONTINENT HOTELS L,       165.95,       164.00,       164.00,       164.00,       164.00,                    98400.00,600,N, ,1,       255.00,       101.90
N,GEECEE VENTURES LIMITED,       315.75,       315.80,       323.40,       315.75,       323.20,                  1815956.70,5654,N, ,266,       465.00,       312.25
N,GEEKAY WIRES LIMITED,        33.75,        33.75,        35.00,        32.90,        33.71,                  4797055.65,140080,N, ,806,       102.97,        29.65
N,GEM AROMATICS LIMITED,       168.36,       167.85,       169.24,       164.02,       166.12,                 23847447.52,143219,N, ,2573,       349.60,       133.00
N,GENERIC ENG CONS PROJ LTD,        40.97,        41.18,        44.40,        41.18,        43.80,                 15061470.89,351924,N, ,4175,        55.92,        21.96
N,GENESYS INTL CORPN LTD,       424.25,       424.25,       433.70,       421.00,       429.10,                 67272525.20,156694,N, ,4758,      1055.00,       390.25
N,GENUS P&B LIMITED,        12.98,        13.12,        13.16,        12.96,        13.02,                  1076585.79,82552,N, ,541,        22.95,        12.01
N,GENUS POWER INFRASTRU LTD,       298.35,       298.75,       302.00,       297.85,       300.40,                105971914.90,353163,N, ,10491,       430.00,       236.85
N,GEOJIT FINANCIAL SER L,        74.33,        74.00,        76.00,        74.00,        75.77,                 55127388.12,730998,N, ,13327,       119.90,        60.73
N,THE GE SHPG.LTD,      1114.60,      1111.00,      1119.30,      1107.50,      1114.00,                171351467.90,154014,N, ,16565,      1179.00,       797.50
N,GFL LIMITED,        58.21,        59.37,        59.37,        57.66,        58.74,                  3501521.71,59866,N, ,942,        70.39,        56.46
N,GANESH GREEN BHARAT LTD,       324.45,       323.90,       324.50,       319.00,       323.50,                  1642485.00,5100,N, ,17,       610.00,       282.20
N,GHCL LIMITED,       561.80,       564.45,       569.90,       560.00,       566.50,                 35210210.30,62459,N, ,3471,       779.00,       511.05
N,GHCL TEXTILES LIMITED,        74.06,        73.50,        77.35,        73.50,        76.77,                 16950610.88,222386,N, ,2321,       103.39,        65.00
N,GIC HOUSING FINANCE LTD,       178.03,       176.01,       180.87,       173.71,       179.93,                 23636893.92,133093,N, ,2546,       216.01,       156.01
N,GENERAL INS CORP OF INDIA,       377.85,       378.70,       382.50,       377.45,       379.55,                137249010.15,361238,N, ,12535,       475.95,       351.00
N,GILLANDERS ARBUTHNOT LTD,       105.20,       107.99,       109.01,       103.13,       104.99,                   588388.69,5530,N, ,116,       151.90,        91.62
N,GILLETTE INDIA LTD,      8152.00,      8131.50,      8280.00,      8131.50,      8207.50,                170554006.50,20764,N, ,8643,     11500.00,      7411.65
N,GINNI FILAMENTS LTD,        42.23,        42.44,        42.80,        40.65,        41.51,                  1677480.79,39758,N, ,795,        57.80,        19.01
N,GUJ IND POW CO. LTD,       157.40,       158.65,       163.30,       157.10,       162.29,                 84070309.89,520328,N, ,5267,       245.20,       140.02
N,GIRIRAJ CIVIL DEVP LTD,       258.95,       255.00,       255.00,       246.05,       246.05,                  1051150.00,4250,N, ,14,       409.00,        96.80
N,GK ENERGY LIMITED,       154.42,       154.00,       162.14,       151.50,       162.14,                 92341097.65,585317,N, ,4437,       239.60,       129.00
N,GUJARAT KIDNEY N SUP SP L,       103.44,       104.50,       105.80,       102.00,       102.71,                187164933.71,1800884,N, ,9956,       123.00,       100.10
N,GKW LIMITED,      1706.60,      1714.90,      1729.90,      1714.90,      1723.00,                    92944.30,54,N, ,19,      2606.90,      1371.00
N,GLAND PHARMA LIMITED,      1715.10,      1719.60,      1722.00,      1683.80,      1715.80,                 95322486.70,55898,N, ,9156,      2131.00,      1277.80
N,GLAXOSMITHKLINE PHARMA LT,      2455.90,      2461.30,      2487.70,      2443.90,      2483.80,                 67813862.80,27469,N, ,4110,      3515.70,      1921.00
N,GLENMARK PHARMACEUTICALS,      2026.20,      2025.90,      2073.00,      2021.00,      2064.50,                798050215.30,388479,N, ,21956,      2284.80,      1275.50
N,GLOBALE TESSILE LIMITED,        12.30,        12.70,        12.70,        11.77,        12.33,                   101341.04,8223,N, ,71,        30.00,        10.50
N,GLOBAL VEC HELICORP LTD,       200.97,       200.97,       204.50,       199.01,       200.24,                  1513549.64,7518,N, ,487,       311.40,       181.31
N,GLOBE ENTERPRISE (I) LTD,         2.94,         2.92,         3.00,         2.91,         2.96,                  6390273.10,2151291,N, ,815,         6.02,         2.02
N,GLOBE CIVIL PROJECTS LTD,        59.30,        59.59,        60.90,        59.40,        60.45,                  2483483.75,41342,N, ,783,        95.00,        57.54
N,GLOBUS SPIRITS LTD,      1074.80,      1078.60,      1094.90,      1050.90,      1088.30,                116048644.70,108057,N, ,8270,      1303.20,       751.00
N,GLOSTER LIMITED,       668.05,       660.20,       672.20,       660.00,       666.40,                  2632276.75,3950,N, ,500,       830.00,       532.95
N,GLOTTIS LIMITED,        59.25,        59.34,        62.56,        59.34,        61.52,                 43347852.16,710445,N, ,4239,        93.00,        56.24
N,G M BREWERIES LTD,      1208.50,      1210.00,      1231.00,      1175.10,      1207.20,                272897050.90,225485,N, ,9808,      1316.65,       579.95
N,GUJARAT MINERAL DEV CORP,       599.50,       601.90,       628.00,       598.15,       619.45,               5906236436.15,9572985,N, ,121705,       651.00,       226.59
N,GALAXY MEDICARE LIMITED,        21.75,        21.75,        21.75,        20.85,        20.85,                    85200.00,4000,N, ,2,        54.00,        18.10
N,GMM PFAUDLER LIMITED,      1085.10,      1085.00,      1101.40,      1071.90,      1093.40,                 48295935.30,44341,N, ,4574,      1418.00,       991.10
N,GMR AIRPORTS LIMITED,       105.50,       105.70,       106.20,       105.20,       105.77,                820848945.62,7760926,N, ,57944,       110.36,        67.75
N,GMR POW AND URBAN INFRA L,       111.28,       111.28,       111.66,       109.62,       110.23,                219450353.84,1990401,N, ,11289,       141.01,        89.36
N,GNA AXLES LIMITED,       303.75,       302.20,       319.10,       302.20,       317.70,                 38657821.70,123048,N, ,4275,       427.70,       271.05
N,GUJ NAR VAL FER & CHEM L,       490.50,       491.05,       494.00,       488.05,       493.55,                 59860854.00,121684,N, ,5026,       584.70,       449.00
N,GOA CARBON LIMITED,       424.85,       425.90,       433.50,       422.85,       424.35,                  8949778.30,20969,N, ,1464,       763.70,       375.05
N,GOCL CORPORATION LIMITED,       291.00,       291.85,       294.85,       289.10,       292.65,                  7388609.45,25314,N, ,1303,       417.50,       245.00
N,GO FASHION INDIA LTD,       458.50,       460.90,       467.55,       452.10,       460.30,                 20880637.60,45583,N, ,3382,      1028.15,       447.30
N,GODAVARI BIOREFINERIES L,       288.65,       288.65,       304.00,       286.45,       299.30,                103158051.65,347709,N, ,10275,       348.70,       145.00
N,GODFREY PHILLIPS INDIA LT,      2290.50,      2290.00,      2340.00,      2185.00,      2249.30,              13108733470.10,5805144,N, ,324721,     11465.00,      2185.00
N,GO DIGIT GENERAL INS LTD,       346.80,       345.00,       348.00,       343.50,       346.35,                 26483710.55,76635,N, ,5550,       381.40,       264.60
N,GODREJ AGROVET LIMITED,       568.25,       566.85,       574.70,       565.15,       573.95,                 38585697.05,67535,N, ,4969,       876.35,       559.10
N,GODREJ INDUSTRIES LTD,      1030.10,      1039.00,      1040.10,      1010.60,      1021.10,                126273010.10,123208,N, ,10572,      1390.00,       766.00
N,GODREJ PROPERTIES LTD,      2015.30,      2025.00,      2071.90,      2018.00,      2068.50,                633825048.70,308290,N, ,19625,      2848.00,      1900.00
N,GOKALDAS EXPORTS LTD.,       732.10,       730.05,       739.05,       714.30,       718.20,                353319727.80,486889,N, ,28248,      1158.35,       668.10
N,GOKUL REFOILS & SOLV LTD,        37.98,        38.01,        39.95,        37.70,        39.38,                   808458.69,20760,N, ,553,        66.23,        36.21
N,GOKUL AGRO RESOURCES LTD,       179.00,       179.83,       182.90,       177.01,       179.11,                 89022733.33,498394,N, ,6803,       425.00,       161.10
N,GOLDIAM INTERNATIONAL LTD,       362.80,       363.00,       367.00,       360.10,       364.55,                 57718727.00,158619,N, ,3493,       569.00,       251.35
N,GOLDSTAR POWER LIMITED,         6.80,         7.00,         7.00,         6.50,         6.70,                   974812.50,146250,N, ,12,        13.50,         6.50
N,AION-TECH SOLUTIONS LTD,        50.85,        50.85,        51.80,        48.90,        50.52,                  2789368.59,55458,N, ,993,        83.40,        45.35
N,GOODLUCK INDIA LIMITED,      1064.70,      1064.70,      1079.90,      1055.00,      1074.50,                 46159842.60,43065,N, ,3505,      1349.00,       567.75
N,GOPAL SNACKS LIMITED,       312.65,       312.20,       320.90,       312.10,       319.45,                 26738298.90,84352,N, ,1674,       398.00,       255.90
N,GOYAL ALUMINIUMS LIMITED,         7.08,         7.15,         7.25,         7.00,         7.19,                  1056751.49,148222,N, ,838,        10.99,         6.16
N,GOYAL SALT LIMITED,       163.00,       163.30,       163.30,       156.00,       161.50,                   675420.00,4200,N, ,6,       216.00,       142.00
N,GP ECO SOLUTIONS INDIA L,       413.70,       415.00,       436.30,       410.00,       433.40,                  6970300.00,16200,N, ,73,       616.50,       230.00
N,GODAWARI POW & ISP LTD,       266.60,       266.55,       273.90,       265.85,       273.05,                591770874.35,2183847,N, ,23829,       290.00,       145.75
N,GUJARAT PIPAVAV PORT LTD,       182.14,       182.90,       183.78,       181.50,       182.31,                 98764905.99,541857,N, ,11697,       199.75,       122.50
N,GPT HEALTHCARE LIMITED,       140.19,       140.03,       144.00,       140.03,       141.84,                  4549767.88,32235,N, ,1033,       187.58,       126.10
N,GPT INFRAPROJECTS LTD,       109.49,       109.00,       110.20,       108.10,       108.54,                 20896938.76,191488,N, ,2962,       149.80,        84.48
N,GRANULES INDIA LIMITED,       619.20,       621.50,       623.85,       610.15,       615.35,                415899935.15,675871,N, ,18379,       624.70,       422.00
N,GRAPHISADS LIMITED,        48.90,        49.00,        49.15,        46.50,        48.05,                  5058900.00,106800,N, ,73,        61.10,        30.40
N,GRAPHITE INDIA LTD,       648.15,       643.00,       665.00,       640.10,       659.70,               1123446293.45,1712645,N, ,35138,       665.00,       365.75
N,GRAVITA INDIA LIMITED,      1858.50,      1860.40,      1875.90,      1847.10,      1860.50,                237509930.70,127868,N, ,11868,      2336.00,      1379.65
N,GAYATRI RUBB AND CHEM LTD,       368.15,       368.20,       385.00,       368.15,       385.00,                   924687.50,2500,N, ,3,       525.25,       315.60
N,GREAVES COTTON LTD.,       193.21,       193.39,       195.00,       192.05,       193.35,                187017746.81,964144,N, ,10068,       319.50,       168.25
N,GREENLAM INDUSTRIES LTD.,       242.42,       241.00,       250.00,       233.66,       247.86,                 24449649.71,101369,N, ,1994,       624.00,       197.42
N,GREENLEAF ENVIROTECH LTD,       171.55,       170.95,       171.55,       170.95,       171.00,                   685000.00,4000,N, ,4,       185.90,       111.00
N,GREENPANEL INDUSTRIES LTD,       230.92,       230.45,       232.70,       227.53,       230.80,                 46974430.42,203544,N, ,7762,       395.00,       202.81
N,GREENPLY INDUSTRIES LTD,       268.25,       270.85,       275.00,       265.00,       272.85,                 50726993.75,187133,N, ,4301,       351.95,       245.10
N,ORIENT GREEN POWER CO LTD,        11.58,        11.58,        12.00,        11.50,        11.90,                 43370011.14,3693760,N, ,7348,        17.30,        10.96
N,GRINDWELL NORTON LIMITED,      1558.20,      1558.20,      1567.40,      1555.00,      1557.90,                 14942486.40,9576,N, ,2264,      1979.90,      1356.05
N,G R INFRAPROJECTS LIMITED,       999.70,       999.70,      1013.00,       992.05,      1009.75,                 16245387.00,16136,N, ,1986,      1485.00,       901.00
N,GRM OVERSEAS LIMITED,       161.46,       161.40,       167.58,       161.20,       163.92,                493735534.40,3025279,N, ,10819,       517.70,       157.75
N,THE GROB TEA COMPANY LTD,       982.90,       996.80,      1000.00,       988.00,       999.05,                   106899.95,107,N, ,18,      1359.90,       747.00
N,BILLIONBRAINS GARAGE VN L,       155.30,       155.60,       157.05,       153.45,       155.19,               2842992072.43,18307846,N, ,94345,       193.80,       112.00
N,GRP LIMITED,      1805.70,      1789.90,      1814.00,      1729.40,      1739.80,                  5402328.50,3078,N, ,561,      3534.65,      1604.10
N,GARDEN REACH SHIP&ENG LTD,      2442.10,      2450.00,      2495.00,      2411.00,      2437.00,               1867367353.20,760901,N, ,35778,      3538.40,      1184.90
N,GARWARE HI-TECH FILMS LTD,      3099.80,      3118.00,      3181.00,      3095.90,      3170.40,                121259785.30,38509,N, ,5619,      5254.65,      2317.35
N,GUJ STATE FERT & CHEM LTD,       181.98,       182.24,       184.50,       181.25,       183.91,                129363171.12,706184,N, ,8957,       220.59,       158.30
N,GSM FOILS LIMITED,       203.00,       205.50,       209.65,       205.50,       208.00,                  3854575.00,18500,N, ,32,       255.15,       110.70
N,GUJARAT STATE PETRO LTD,       311.95,       312.95,       321.20,       310.35,       319.95,                187046830.30,589662,N, ,14360,       387.00,       261.45
N,GSS INFOTECH LIMITED,        16.39,        16.45,        17.22,        16.01,        17.06,                  2876311.06,170429,N, ,889,        66.78,        15.26
N,G-TEC JAINX EDUCATION LTD,        23.68,        25.00,        25.00,        23.55,        24.35,                   145321.07,5979,N, ,67,        39.29,        19.71
N,GTL LTD,         8.08,         8.19,         8.20,         7.56,         8.09,                  6496403.60,811891,N, ,1745,        13.00,         7.56
N,GTL INFRA.LTD,         1.21,         1.24,         1.26,         1.23,         1.24,                 40509669.51,32465711,N, ,11796,         2.17,         1.14
N,GTPL HATHWAY LIMITED,        98.57,        97.30,       100.54,        97.30,        99.29,                  1114617.01,11219,N, ,473,       157.99,        97.05
N,GUFIC BIOSCIENCES LTD.,       341.40,       339.70,       341.75,       335.45,       337.00,                  4344339.20,12823,N, ,849,       498.25,       298.80
N,GUJARAT ALKALIES & CHEM,       500.95,       496.10,       507.90,       495.50,       504.65,                 19494154.05,38740,N, ,1324,       768.40,       483.60
N,GUJ. APOLLO IND. LTD.,       413.70,       415.75,       436.20,       412.20,       430.95,                  7168151.90,16812,N, ,1848,       556.00,       246.55
N,GUJARAT GAS LIMITED,       420.75,       420.00,       438.00,       417.30,       436.30,                512747486.15,1187655,N, ,32662,       517.90,       360.25
N,GUJARAT THEMIS BIOSYN LTD,       440.55,       442.95,       442.95,       434.00,       435.20,                 17632088.20,40261,N, ,1433,       479.00,       208.00
N,GULF OIL LUB. IND. LTD.,      1215.80,      1215.80,      1219.90,      1194.70,      1211.70,                 45167006.90,37328,N, ,4925,      1331.90,       911.00
N,GP PETROLEUMS LIMITED,        34.74,        35.20,        36.07,        34.81,        35.79,                  1469513.62,41632,N, ,543,        58.65,        32.91
N,GULSHAN POLYOLS LIMITED,       140.34,       141.05,       144.00,       140.40,       143.40,                  6107760.40,42791,N, ,1738,       224.47,       129.50
N,GURUNANAK AGRICULTUR IN L,        32.80,        34.40,        34.40,        34.15,        34.25,                   329520.00,9600,N, ,6,        60.00,        27.00
N,GE POWER INDIA LIMITED,       324.85,       326.90,       351.90,       324.85,       340.00,                185903460.15,543182,N, ,20172,       394.00,       205.25
N,GVP INFOTECH LIMITED,         8.96,         8.91,         9.25,         8.70,         8.81,                   291920.64,32600,N, ,228,        12.49,         7.61
N,GVPTECH RE.1 PPD UP,         4.62,         4.73,         4.73,         3.96,         4.54,                    90215.49,21078,N, ,69,         6.00,         3.70
N,GE VERNOVA T&D INDIA LTD,      3164.50,      3160.00,      3186.60,      3070.00,      3093.70,               1159008802.60,373849,N, ,45404,      3323.80,      1254.00
N,HAPPIEST MINDS TECHNO LTD,       455.95,       456.00,       467.60,       455.30,       466.10,                134694791.55,290972,N, ,13718,       773.80,       450.15
N,HAPPY FORGINGS LIMITED,      1155.90,      1157.10,      1193.00,      1141.60,      1185.80,                 55359597.20,47326,N, ,5101,      1193.00,       724.10
N,HARDWYN INDIA LIMITED,        16.76,        16.96,        17.96,        16.89,        17.76,                 43453576.57,2456994,N, ,2591,        19.50,        10.75
N,HARIOM PIPE INDUSTRIES L,       382.85,       381.75,       397.00,       378.25,       395.50,                103198637.75,264520,N, ,8128,       572.20,       320.35
N,HARRISON MALAYALAM LTD,       166.85,       175.00,       175.00,       168.25,       171.76,                  2231153.36,13055,N, ,519,       337.90,       156.52
N,HARSHA ENGINEERS INT LTD,       389.95,       389.95,       389.95,       381.30,       387.45,                 13325583.40,34488,N, ,2520,       523.80,       329.95
N,HATHWAY CABLE & DATACOM,        12.45,        12.45,        12.70,        12.40,        12.68,                 18391562.27,1460269,N, ,3221,        17.98,        11.94
N,HATSUN AGRO PRODUCT LTD.,       973.85,       965.10,       980.00,       965.10,       975.85,                 12939857.60,13305,N, ,1548,      1179.00,       859.55
N,SRI HAVISHA HOSP & INFR L,         1.82,         1.84,         2.02,         1.81,         1.86,                   133783.37,69688,N, ,132,         3.05,         1.52
N,HBL ENGINEERING LTD,       919.30,       917.95,       944.90,       917.00,       937.55,               1331228846.00,1421909,N, ,38111,      1122.00,       405.00
N,HINDUSTAN CONSTRUCTION CO,        19.04,        19.10,        19.49,        18.92,        19.39,                532359488.31,27712126,N, ,21965,        41.49,        16.92
N,HEALTHCARE GLOB. ENT. LTD,       652.80,       655.85,       661.60,       651.45,       655.35,                111647554.60,170045,N, ,9526,       804.65,       466.20
N,HCL INFOSYSTEMS LTD,        13.28,        13.63,        15.38,        13.36,        14.45,                 36370787.71,2463397,N, ,6631,        24.50,        11.80
N,HDB FINANCIAL SERVICES L,       764.05,       760.10,       771.50,       757.20,       770.15,                440648608.00,574854,N, ,17721,       891.90,       705.05
N,HDFC AMC LIMITED,      2648.20,      2648.20,      2664.80,      2627.10,      2657.20,                920830258.40,347752,N, ,21902,      5934.50,      2510.00
N,HEADS UP VENTURES LIMITED,         9.13,         9.13,         9.13,         8.65,         8.86,                  1014865.80,114500,N, ,568,        14.48,         8.36
N,HEC INFRA PROJECTS LTD,       123.83,       121.20,       126.35,       119.70,       124.57,                  2195400.43,17762,N, ,1212,       184.10,        82.01
N,HEG LTD,       624.15,       624.20,       627.70,       606.85,       619.70,               1533676209.60,2483233,N, ,72388,       672.00,       331.25
N,HEIDELBERGCEMENT (I) LTD,       174.61,       174.05,       176.44,       174.00,       175.65,                  9945949.55,56704,N, ,1844,       242.78,       168.94
N,HEMISPHERE PROP IND LTD,       136.28,       136.62,       138.80,       135.99,       137.94,                 56443366.99,410381,N, ,3128,       190.69,       111.03
N,HERANBA INDUSTRIES LTD,       243.45,       244.70,       248.16,       241.90,       243.19,                  8349265.49,34125,N, ,2786,       437.20,       208.00
N,HERITAGE FOODS LTD,       452.00,       452.40,       467.10,       451.00,       465.10,                 75793922.35,164120,N, ,5389,       540.00,       352.10
N,HERO MOTOCORP LIMITED,      5841.50,      5900.00,      6029.50,      5875.00,      5933.00,               6374814033.50,1069537,N, ,79361,      6388.50,      3344.00
N,HESTER BIOSCIENCES LTD,      1594.10,      1594.50,      1615.00,      1589.30,      1604.20,                  5977143.40,3733,N, ,311,      2496.50,      1242.95
N,HEUBACH COLORANTS IND LTD,       473.95,       478.70,       478.70,       470.00,       476.80,                  1407613.50,2965,N, ,176,       620.85,       430.40
N,HEXA TRADEX LIMITED,       162.37,       160.00,       162.79,       160.00,       162.25,                   169213.50,1045,N, ,51,       283.90,       155.15
N,HEXAWARE TECHNOLOGIES LTD,       758.00,       755.00,       759.00,       750.15,       754.15,                 94570448.45,125453,N, ,9938,       900.00,       590.30
N,HFCL LIMITED,        68.92,        69.00,        69.28,        67.36,        67.73,               1235817755.98,18210925,N, ,43856,       116.40,        60.72
N,H.G.INFRA ENGINEERING LTD,       739.90,       740.10,       746.80,       728.05,       744.10,                124410430.15,167590,N, ,5839,      1559.00,       720.20
N,HANDSON GBL MNGMNT LTD,        69.26,        69.29,        69.90,        67.50,        68.28,                   253092.66,3702,N, ,73,        87.40,        41.50
N,HINDUJA GLOBAL SOLS. LTD.,       458.10,       454.00,       458.10,       451.95,       453.25,                  4796729.50,10568,N, ,792,       718.20,       431.35
N,HI GREEN CARBON LIMITED,       169.90,       169.90,       169.90,       164.55,       165.60,                  3205840.00,19200,N, ,21,       340.90,       127.05
N,HIKAL LIMITED,       226.92,       227.25,       229.00,       225.28,       226.96,                101339229.10,446485,N, ,3568,       456.75,       218.00
N,HIGHWAY INFRASTRUCTURE L,        57.73,        58.39,        60.15,        57.50,        59.89,                 15639961.73,265061,N, ,2938,       131.40,        55.90
N,HILTON METAL FORGING LTD,        35.62,        36.29,        36.29,        35.44,        35.79,                  2952169.26,82603,N, ,693,       123.25,        34.75
N,HIMATSINGKA SEIDE LTD,       112.73,       113.29,       115.30,       112.73,       114.60,                 16967918.52,148784,N, ,2228,       207.95,       107.68
N,HINDUSTAN COMPOSITES LTD.,       425.75,       443.80,       456.00,       426.05,       451.10,                  3984822.95,8973,N, ,762,       598.00,       401.75
N,HINDCON CHEMICALS LIMITED,        27.23,        26.93,        27.50,        26.93,        27.21,                   628255.66,23177,N, ,297,        45.94,        26.10
N,HINDUSTAN COPPER LTD,       522.65,       530.00,       545.20,       527.95,       541.90,              22654068364.10,42252954,N, ,340585,       545.95,       183.82
N,HINDUSTAN OIL EXPLORATION,       156.25,       156.25,       160.20,       155.10,       156.39,                 67170180.53,425516,N, ,3905,       218.80,       135.70
N,HINDUSTAN PETROLEUM CORP,       498.60,       498.60,       501.70,       492.30,       495.85,               3230411247.85,6513192,N, ,98028,       502.15,       287.55
N,HINDWARE HME INOVATON LTD,       271.95,       272.65,       276.10,       267.20,       272.00,                 31047099.90,114363,N, ,3563,       392.70,       177.42
N,HIND RECTIFIER LIMITED,      1502.80,      1502.90,      1502.90,      1481.00,      1496.40,                 16361254.60,10964,N, ,1362,      2108.50,       799.00
N,HISAR METAL IND. LIMITED,       163.91,       163.91,       164.90,       159.00,       163.26,                   486342.73,2989,N, ,50,       232.88,       155.00
N,HI-TECH PIPES LIMITED,        93.32,        93.97,        95.27,        92.91,        94.89,                 69275063.93,736086,N, ,4835,       165.45,        84.80
N,HITECH CORPORATION LTD,       171.70,       170.00,       171.97,       168.31,       169.41,                   256552.53,1511,N, ,37,       292.00,       160.00
N,HLE GLASCOAT LIMITED,       440.65,       440.50,       451.00,       439.05,       449.15,                 27594061.80,61883,N, ,3521,       661.95,       217.83
N,HLV LIMITED,         9.28,         9.30,         9.68,         9.19,         9.60,                  4402263.20,467979,N, ,1680,        19.60,         8.20
N,HMA AGRO INDUSTRIES LTD,        29.57,        29.57,        29.80,        29.28,        29.46,                  2391702.01,81121,N, ,799,        41.69,        27.60
N,HINDUSTAN MEDIA VENT LTD,        68.56,        69.28,        70.90,        68.21,        70.10,                  1229186.40,17707,N, ,496,       103.40,        61.76
N,HINDUSTAN FOODS LIMITED,       512.85,       515.50,       519.75,       511.00,       516.20,                 12683853.50,24548,N, ,1611,       608.00,       421.50
N,HOLMARC OPTO MECHATRO L,       100.00,       100.00,       105.00,       100.00,       103.00,                   231000.00,2250,N, ,3,       197.50,        86.15
N,HOME FIRST FIN CO IND LTD,      1100.80,      1102.50,      1122.00,      1098.80,      1105.10,                155956357.50,140545,N, ,12309,      1519.00,       878.40
N,HOMESFY REALTY LIMITED,       162.00,       162.00,       162.00,       161.00,       162.00,                   194100.00,1200,N, ,4,       538.40,       158.00
N,HONASA CONSUMER LIMITED,       283.60,       285.30,       296.70,       282.20,       292.75,                303936794.25,1042455,N, ,20903,       334.20,       197.51
N,HONEYWELL AUTOMATION IND,     33050.00,     33230.00,     33700.00,     33150.00,     33625.00,                 96872700.00,2889,N, ,1665,     43732.55,     31025.00
N,HONDA I POWER PRODUCT LTD,      2333.20,      2345.00,      2367.30,      2335.00,      2347.40,                  5790274.50,2462,N, ,666,      3256.00,      1815.00
N,HP ADHESIVES LIMITED,        41.34,        41.40,        42.98,        41.40,        42.69,                  2169639.28,51241,N, ,789,        83.46,        40.25
N,HINDPRAKASH INDUSTRY LTD,       144.25,       144.25,       146.99,       137.25,       143.11,                  1769751.05,12372,N, ,278,       175.88,       110.40
N,HPL ELECTRIC & POWER LTD,       405.70,       405.70,       411.90,       400.10,       407.60,                 26325510.70,64582,N, ,3997,       639.90,       339.00
N,HRH NEXT SERVICES LIMITED,        28.45,        29.85,        29.85,        29.85,        29.85,                   179100.00,6000,N, ,4,       104.30,        25.30
N,HIMADRI SPECIALITY CHEM L,       485.40,       487.40,       497.05,       486.50,       494.00,                597472222.85,1213228,N, ,20232,       606.60,       365.35
N,HT MEDIA LIMITED,        23.24,        23.22,        24.10,        23.22,        23.97,                  1975978.75,83264,N, ,378,        28.64,        15.10
N,HUBTOWN LIMITED,       256.38,       255.38,       263.15,       250.09,       258.56,                220975635.69,858183,N, ,11718,       365.70,       162.05
N,HSG & URBAN DEV CORPN LTD,       227.58,       227.80,       232.19,       225.60,       231.42,               1565418236.91,6854934,N, ,47999,       254.29,       158.85
N,HUHTAMAKI INDIA LIMITED,       210.36,       209.30,       213.95,       209.30,       212.60,                 10150316.88,47913,N, ,2270,       282.70,       170.56
N,IBL FINANCE LIMITED,        59.10,        59.95,        59.95,        56.95,        56.95,                   233800.00,4000,N, ,2,        74.00,        45.45
N,INDIABULLS LIMITED,        17.09,        17.09,        17.10,        16.32,        16.47,                 38481367.90,2308646,N, ,4434,        21.25,        11.40
N,ICDS LTD,        46.63,        45.00,        47.00,        45.00,        45.22,                    29145.13,641,N, ,21,        68.49,        37.13
N,ICE MAKE REFRIGERAT LTD,       809.40,       817.50,       820.00,       802.00,       807.50,                 10486864.80,12955,N, ,2014,      1088.75,       575.15
N,ICICI PRUDENTIAL AMC LTD,      2631.80,      2632.00,      2684.00,      2624.00,      2662.20,               1996943775.50,752687,N, ,45414,      2689.00,      2530.00
N,ICICI PRU LIFE INS CO LTD,       674.30,       674.30,       681.50,       671.35,       678.30,                238584593.85,351756,N, ,14037,       693.50,       525.80
N,INDO COUNT INDUSTRIES LTD,       283.80,       283.80,       284.20,       278.80,       280.10,                 49708945.55,176841,N, ,5254,       355.50,       213.55
N,ICRA LIMITED,      6152.50,      6136.50,      6230.50,      6136.50,      6186.50,                  5309647.50,857,N, ,388,      7130.00,      5015.10
N,IDBI BANK LIMITED,       103.76,       104.20,       115.70,       104.05,       114.73,              15146895720.07,135110622,N, ,323256,       115.70,        65.89
N,VODAFONE IDEA LIMITED,        11.60,        11.72,        12.05,        11.64,        11.78,              17113590785.95,1446422980,N, ,289004,        12.80,         6.12
N,IDEAFORGE TECHNO LTD,       464.15,       462.00,       473.35,       462.00,       469.10,                 69478854.55,148270,N, ,4671,       659.85,       304.20
N,IDENTICAL BRAINS STUDIO L,        21.95,        21.95,        23.10,        21.95,        23.10,                   180500.00,8000,N, ,4,        90.10,        21.25
N,IDFC FIRST BANK LIMITED,        85.61,        85.75,        87.00,        85.47,        85.92,               2164281322.49,25101820,N, ,122744,        87.00,        52.46
N,INDIAN EMULSIFIERS LTD,        89.35,        89.50,        93.00,        89.50,        93.00,                  2057125.00,22500,N, ,35,       240.50,        86.00
N,INDIAN ENERGY EXC LTD,       133.39,       133.40,       134.72,       132.85,       134.36,                592137055.49,4422757,N, ,66506,       215.40,       130.26
N,IFB AGRO INDUSTRIES LTD,      1483.80,      1514.10,      1629.00,      1491.20,      1593.60,                223818984.30,143577,N, ,11563,      1640.00,       440.00
N,IFB INDUSTRIES LTD,      1560.30,      1550.20,      1624.80,      1550.20,      1600.20,                 40978529.30,25715,N, ,3793,      2019.80,      1060.00
N,IFCI LTD,        53.07,        53.25,        54.25,        52.88,        53.62,                414782779.44,7743057,N, ,26265,        74.50,        36.20
N,IFGL REFRACTORIES LIMITED,       206.69,       204.10,       215.01,       204.10,       213.64,                  6240773.95,29628,N, ,891,       580.00,       189.01
N,IGARASHI MOTORS INDIA LTD,       438.95,       438.05,       495.00,       438.05,       464.60,               3990688423.80,8309186,N, ,157685,       765.00,       401.05
N,INDOGULF CROPSCIENCES LTD,        82.47,        82.00,        85.00,        82.00,        84.02,                  3476064.42,41742,N, ,1539,       122.00,        77.89
N,INTERNATIO GEMM INS (I) L,       333.00,       331.80,       335.50,       327.50,       334.60,                122458013.90,368549,N, ,9397,       642.30,       282.00
N,INDRAPRASTHA GAS LTD,       191.96,       192.85,       194.69,       192.05,       194.34,                140871268.06,727464,N, ,17879,       453.40,       172.00
N,I G PETROCHEMICALS LTD,       395.00,       394.45,       396.00,       393.15,       395.60,                  3110946.85,7874,N, ,430,       589.20,       373.00
N,IIFL FINANCE LIMITED,       620.45,       623.50,       650.00,       619.00,       641.40,               1559819703.40,2441538,N, ,43969,       650.00,       279.80
N,IIFL CAPITAL SERVICES LTD,       379.80,       380.05,       381.00,       368.15,       377.85,                291737913.50,775334,N, ,20530,       386.90,       180.00
N,INDUSTRIAL INV TRUST LTD,       164.62,       168.69,       169.58,       166.75,       167.09,                  1660191.69,9915,N, ,175,       407.85,       153.00
N,IKIO TECHNOLOGIES LIMITED,       178.57,       178.70,       187.00,       176.91,       185.49,                 15131486.18,82668,N, ,3358,       304.00,       166.00
N,INVENTURUS KNOWLEDGE SO L,      1682.20,      1682.20,      1691.10,      1669.60,      1684.40,                 75889022.70,45121,N, ,6081,      2025.00,      1236.80
N,IMAGICAAWORLD ENT LTD,        47.86,        47.89,        48.50,        47.50,        48.35,                 13989618.07,291230,N, ,1812,        76.30,        43.90
N,INDIAN METALS & FERRO,      1491.20,      1486.80,      1502.10,      1470.20,      1496.10,                240077450.50,161016,N, ,11345,      1503.90,       549.80
N,IND MOTOR PART & ACC LTD,      1043.00,      1049.00,      1049.00,      1023.40,      1042.60,                  2245457.70,2161,N, ,245,      1263.65,       870.10
N,INCREDIBLE INDUSTRIES LTD,        40.29,        40.75,        41.46,        39.86,        40.82,                    77864.45,1909,N, ,44,        52.87,        28.50
N,INDBANK MERCH BANK,        34.59,        35.29,        35.50,        34.62,        35.24,                  1589974.62,45202,N, ,458,        48.05,        25.50
N,INDEGENE LIMITED,       520.05,       520.05,       526.50,       519.80,       522.55,                 76112393.15,145515,N, ,12035,       681.70,       499.00
N,THE INDIA CEMENTS LIMITED,       436.05,       439.00,       447.75,       436.30,       445.40,                121347307.00,273631,N, ,10025,       451.35,       238.85
N,INDIA GLYCOLS LTD,      1009.30,      1014.00,      1032.50,       981.30,      1006.10,                172641981.20,172443,N, ,11398,      2138.00,       797.00
N,INDIAMART INTERMESH LTD,      2194.10,      2194.10,      2194.80,      2159.30,      2177.80,                150601543.70,69290,N, ,9524,      2799.00,      1900.10
N,INDIAN BANK,       832.60,       842.05,       864.25,       842.00,       861.40,               2738802035.55,3201311,N, ,55826,       894.85,       473.90
N,INDIAN CARD CLOTHING CO.,       241.07,       245.49,       245.49,       238.90,       241.63,                   249441.50,1035,N, ,64,       384.00,       217.50
N,INDIAN HUME PIPE CO. LTD.,       404.10,       402.00,       428.00,       401.75,       423.80,                 58669678.15,139146,N, ,4855,       479.00,       281.05
N,INDIA SHELTER FIN CORP L,       817.05,       823.95,       838.30,       814.75,       820.25,                 98011787.35,118740,N, ,9634,      1011.75,       607.00
N,INDIFRA LIMITED,        15.20,        14.90,        14.90,        14.90,        14.90,                    29800.00,2000,N, ,1,        28.20,        12.65
N,INDIGO PAINTS LIMITED,      1187.00,      1195.30,      1195.30,      1152.40,      1171.20,                 75263958.60,64398,N, ,11013,      1438.00,       910.00
N,INDIGRID INFRASTRUCT TRST,       168.25,       168.69,       169.00,       167.95,       168.80,                105842003.78,628809,N, ,9062,       174.00,       139.21
N,INDIQUBE SPACES LIMITED,       209.69,       206.51,       211.85,       206.51,       210.03,                  4801409.80,22926,N, ,1605,       243.80,       191.12
N,INDIA NIPPON ELECT  LTD,       811.85,       811.85,       855.00,       809.40,       841.70,                 27880863.85,33246,N, ,3323,      1099.90,       545.30
N,INDO AMINES LIMITED,       128.70,       128.10,       130.38,       128.10,       129.58,                  4131476.87,31905,N, ,1150,       183.30,       105.00
N,INDO BORAX & CHEMICAL LTD,       271.20,       272.20,       274.10,       266.05,       268.20,                 20006226.20,74415,N, ,3025,       301.85,       142.35
N,INDOCO REMEDIES LTD.,       229.47,       230.55,       231.40,       224.75,       226.65,                 11428364.62,50152,N, ,1543,       349.80,       190.00
N,INDO FARM EQUIPMENT LTD,       216.89,       219.05,       224.70,       215.90,       219.22,                 61416135.19,278766,N, ,8106,       293.20,       136.80
N,INDO RAMA SYNTHETICS LTD,        48.00,        48.99,        48.99,        47.42,        48.11,                  3383227.17,70061,N, ,892,        75.00,        32.00
N,INDOSTAR CAPITAL FIN LTD,       241.41,       242.15,       250.00,       242.15,       247.25,                 37605606.24,151962,N, ,4835,       366.30,       215.05
N,INDO TECH TRANSFORM LTD.,      1558.90,      1569.30,      1664.60,      1550.40,      1601.60,                 64083216.60,39720,N, ,4717,      3771.95,      1499.50
N,INDO THAI SEC LTD,       281.65,       275.00,       275.00,       267.60,       267.60,                235143305.45,875237,N, ,2052,      2212.00,       143.65
N,INDO US BIOTECH LTD,       120.50,       118.05,       122.90,       118.05,       121.85,                   889175.51,7335,N, ,344,       350.00,       109.50
N,INDOWIND ENERGY LTD,        15.51,        15.80,        16.49,        15.21,        15.92,                 38034427.10,2395652,N, ,4561,        28.07,        13.58
N,INDRAPRASTHA MEDICAL CORP,       450.55,       450.60,       460.45,       447.30,       455.45,                 71937037.55,158327,N, ,4816,       640.85,       307.25
N,IND SWIFT LABORATORIES LT,        90.49,        90.00,        92.80,        89.41,        91.55,                  6720460.34,74016,N, ,1559,       124.00,        68.72
N,IND TERRAIN FASHIONS LTD,        34.37,        34.94,        35.35,        34.49,        34.90,                   600022.80,17193,N, ,130,        50.54,        29.65
N,INDUSIND BANK LIMITED,       890.20,       896.00,       909.75,       890.25,       902.45,               5644130140.90,6250730,N, ,76209,      1086.55,       606.00
N,INDUS INFRA TRUST,       116.68,       117.70,       117.70,       116.10,       116.45,                  7936907.95,68040,N, ,4799,       124.50,        99.10
N,INDUS TOWERS LIMITED,       435.80,       438.00,       446.00,       432.75,       442.05,               5290781401.05,11982152,N, ,134436,       446.00,       312.55
N,INFIBEAM AVENUES LIMITED,        16.48,        16.49,        16.75,        16.34,        16.65,                231475029.38,13976235,N, ,13398,        27.01,        14.75
N,INFINIUM PHARMACHEM LTD,       224.90,       218.60,       218.60,       218.55,       218.55,                   218575.00,1000,N, ,2,       337.00,       213.90
N,INFLUX HEALTHTECH LIMITED,       228.90,       232.00,       234.70,       227.60,       230.35,                  6364530.00,27600,N, ,44,       261.95,       120.00
N,INFOBEANS TECHNO. LTD.,       811.10,       812.10,       922.85,       812.10,       905.70,               1380011315.00,1551155,N, ,59117,       922.85,       270.55
N,INFOLLION RESEARCH SER L,       390.00,       390.00,       390.00,       382.00,       382.00,                  1381640.00,3600,N, ,8,       575.00,       341.00
N,INFOMEDIA PRESS LIMITED,         6.40,         6.40,         6.67,         6.31,         6.51,                    55552.25,8637,N, ,52,         9.89,         5.60
N,INGERSOLL-RAND INDIA LTD,      3485.60,      3485.60,      3533.90,      3453.50,      3507.20,                 36771836.70,10495,N, ,2594,      4477.80,      3055.00
N,INTERIORS & MORE LIMITED,       250.00,       249.00,       250.00,       246.00,       249.70,                  4639170.00,18600,N, ,21,       689.00,       218.05
N,INNOMET ADVANCED MATERI L,       107.35,       103.60,       103.60,        97.80,        98.50,                  2700060.00,27000,N, ,31,       216.00,        88.65
N,INNOVA CAPTAB LIMITED,       738.45,       744.95,       744.95,       721.05,       725.15,                  8426875.55,11583,N, ,1276,      1260.00,       660.00
N,INNOVANA THINKLABS LTD,       410.40,       420.05,       429.40,       412.25,       420.55,                  3418169.05,8083,N, ,384,       649.50,       270.50
N,INOX GREEN ENERGY SER LTD,       207.96,       209.90,       215.70,       208.46,       213.64,                132791409.70,623536,N, ,10654,       279.00,       104.00
N,INOX INDIA LIMITED,      1112.90,      1110.90,      1134.90,      1109.90,      1130.80,                107965948.80,95622,N, ,9974,      1288.00,       884.20
N,INOX WIND LIMITED,       122.85,       123.06,       128.79,       123.06,       128.04,               1264162204.98,9949850,N, ,32893,       201.00,       118.28
N,INSECTICIDES (I) LTD,       705.05,       708.60,       714.45,       705.70,       710.35,                  7802335.60,10978,N, ,1023,      1098.00,       542.55
N,INSPIRE FILMS LIMITED,        10.40,        10.65,        10.85,        10.65,        10.85,                    64700.00,6000,N, ,3,        31.00,        10.40
N,INSPIRISYS SOLUTIONS LTD,        89.76,        88.12,        92.00,        88.00,        90.35,                   979582.68,10889,N, ,209,       120.74,        66.55
N,INTEGRITY INFRABUILD DE L,       132.00,       136.75,       136.75,       136.75,       136.75,                   164100.00,1200,N, ,1,       145.10,        81.70
N,INTELLECT DESIGN ARENA,       947.75,       944.00,       968.00,       943.90,       961.25,                177538392.10,185822,N, ,15040,      1255.00,       577.40
N,INTENSE TECHNOLOGIES LTD,       115.94,       114.50,       118.69,       114.50,       118.46,                  4900027.87,41681,N, ,673,       149.90,        79.50
N,INTERARCH BLDNG SOLTN LTD,      2302.60,      2330.00,      2345.50,      2285.00,      2293.00,                 95731675.20,41382,N, ,5986,      2762.60,      1264.00
N,INTL CONVEYORS LIMITED,        88.81,        88.81,        90.00,        88.21,        89.77,                  5014000.55,56073,N, ,1953,       114.54,        61.20
N,INVENTURE GRO & SEC LTD,         1.14,         1.15,         1.21,         1.15,         1.20,                  2082575.08,1750637,N, ,947,         2.22,         1.10
N,INVICTA DIAGNOSTIC LTD,        77.40,        80.60,        85.00,        78.70,        79.45,                  2475840.00,30400,N, ,19,       105.00,        75.70
N,INDIAN OVERSEAS BANK,        36.29,        36.29,        37.35,        36.22,        37.23,                442567085.54,12005868,N, ,23693,        54.54,        33.50
N,IOL CHEM AND PHARMA LTD,        82.18,        82.18,        84.85,        81.72,        84.03,                 72394344.90,863266,N, ,7618,       446.20,        57.50
N,ION EXCHANGE (INDIA) LTD,       373.55,       375.10,       388.50,       372.30,       386.55,                 65983866.60,173359,N, ,10983,       674.80,       330.95
N,IPCA LABORATORIES LTD,      1398.20,      1403.90,      1415.00,      1393.10,      1404.00,                 99458620.70,70796,N, ,5989,      1755.90,      1168.20
N,INDIAN PHOSPHATE LIMITED,        63.25,        63.20,        67.00,        63.20,        66.90,                  1411140.00,21600,N, ,14,        82.50,        42.40
N,INDIA PESTICIDES LIMITED,       174.47,       175.45,       177.65,       174.30,       176.96,                 33586632.96,190866,N, ,3425,       245.84,       119.79
N,INTEGRATED PERSO SER LTD,       287.00,       275.00,       275.00,       270.00,       270.00,                  1370500.00,5000,N, ,7,       398.00,       240.05
N,IRB INFRA DEV LTD.,        42.16,        42.20,        42.90,        42.16,        42.81,                239326558.15,5616061,N, ,18146,        60.95,        40.51
N,IRB INVIT FUND,        62.36,        62.06,        62.71,        61.96,        62.53,                 43976252.31,704399,N, ,4784,        65.25,        49.91
N,IRCON INTERNATIONAL LTD,       177.98,       178.77,       182.37,       177.91,       179.22,               1141248965.40,6334893,N, ,46622,       229.50,       134.24
N,INDIAN RAIL TOUR CORP LTD,       685.65,       685.65,       696.90,       684.10,       694.85,               1071435619.15,1547440,N, ,39093,       831.75,       656.00
N,INDIAN RENEWABLE ENERGY,       139.36,       140.05,       147.60,       140.05,       146.64,               4142089361.98,28577864,N, ,113244,       234.29,       129.11
N,IRIS REGTECH SOLUTION LTD,       307.90,       310.55,       318.95,       305.80,       313.90,                  4160678.95,13294,N, ,700,       577.00,       228.05
N,IRIS CLOTHINGS LIMITED,        37.54,        37.00,        37.94,        36.55,        37.18,                 15717220.78,421083,N, ,1067,        68.70,        29.90
N,IRM ENERGY LIMITED,       289.35,       290.30,       292.80,       285.50,       288.05,                 15968971.35,55299,N, ,3360,       393.00,       237.00
N,INTRASOFT TECH. LTD,        91.14,        93.00,        93.00,        90.15,        91.59,                   432374.70,4719,N, ,133,       157.78,        83.05
N,ISGEC HEAVY ENG LTD,       899.05,       899.35,       904.85,       894.20,       898.50,                 33188828.15,36895,N, ,2561,      1532.00,       748.05
N,ISHAN DYES N CHEMICALS L,        64.92,        66.50,        66.50,        64.00,        65.03,                  1107881.27,17089,N, ,110,        83.37,        36.00
N,ITALIAN EDIBLES LIMITED,        29.60,        29.00,        29.00,        29.00,        29.00,                   116000.00,4000,N, ,2,        45.00,        27.00
N,ITC HOTELS LIMITED,       196.53,       196.50,       199.23,       195.75,       198.69,                231866971.85,1173009,N, ,23268,       261.62,       155.10
N,INDIA TOUR. DEV. CO. LTD.,       607.05,       615.05,       625.00,       605.10,       607.65,                 46709806.50,76091,N, ,4791,       739.95,       467.05
N,ITI LTD,       310.85,       311.95,       314.40,       310.35,       312.05,                131796246.70,422132,N, ,9178,       592.70,       234.04
N,IVALUE INFOSOLUTIONS LTD,       280.65,       281.05,       281.05,       266.60,       270.65,                 36943765.35,134647,N, ,6037,       340.00,       250.70
N,IL&FS INVESTMENT MANAGERS,         8.12,         8.18,         8.25,         8.00,         8.12,                  1942672.68,239135,N, ,1213,        11.80,         7.05
N,IVP LTD,       151.94,       153.50,       156.80,       151.00,       153.97,                  1368793.33,8905,N, ,198,       223.69,       138.05
N,LE TRAVENUES TECHNOLOGY L,       240.85,       240.85,       244.05,       235.70,       241.60,                198663956.85,824216,N, ,16265,       339.15,       117.00
N,IZMO LIMITED,       808.15,       808.15,       835.00,       808.00,       819.80,                 47165370.10,57805,N, ,2503,      1374.70,       229.70
N,J & K BANK LTD.,       101.04,       101.04,       102.70,       100.89,       102.36,                247653484.44,2428998,N, ,12087,       117.25,        86.61
N,JAGRAN PRAKASHAN LIMITED,        71.89,        71.89,        72.45,        71.12,        72.27,                  6806428.41,94631,N, ,2269,        84.75,        65.01
N,JAGSONPAL PHARMACEUTICALS,       192.53,       191.15,       195.00,       191.15,       194.13,                  7334230.36,37957,N, ,1883,       695.00,       190.10
N,JAI BALAJI INDUSTRIES LTD,        71.08,        71.40,        72.92,        70.76,        72.61,                 83018878.21,1150330,N, ,10481,       925.00,        59.90
N,JAI CORP LIMITED,       131.64,       132.20,       134.50,       131.02,       132.27,                 70407641.19,531020,N, ,5572,       349.90,        81.49
N,JAINIK POWER CABLES LTD,       128.00,       126.00,       127.50,       126.00,       127.50,                   608940.00,4800,N, ,4,       153.10,        60.60
N,JAIN RESOURCE RECYCLING L,       405.40,       407.00,       428.20,       405.40,       422.25,               1002573936.30,2381500,N, ,48099,       461.00,       247.57
N,NANDANI CREATION LIMITED,        31.71,        33.90,        34.80,        31.11,        32.08,                 13132463.19,403102,N, ,2211,        59.00,        26.00
N,JAMNA AUTO IND LTD,       126.52,       127.14,       133.40,       126.88,       132.57,               1318857123.20,10008842,N, ,68951,       133.40,        68.57
N,JARO INS OF TEC MG N RE L,       462.35,       466.00,       472.70,       456.35,       465.90,                 67770734.40,146502,N, ,8464,       890.00,       456.35
N,JASH ENGINEERING LIMITED,       435.30,       439.85,       439.85,       430.05,       433.35,                 15274957.90,35071,N, ,2049,       698.95,       417.90
N,JAYANT AGRO ORGANICS LTD,       201.69,       202.19,       203.40,       200.25,       201.54,                  1325907.53,6577,N, ,259,       308.85,       199.76
N,JAY BHARAT MARUTI LTD,        91.02,        91.88,       103.00,        91.54,       100.42,                369598033.73,3712312,N, ,43676,       111.85,        55.50
N,JAY BEE LAMINATIONS LTD,       116.60,       116.60,       118.00,       115.50,       118.00,                  1569425.00,13500,N, ,26,       377.20,       112.00
N,JAYESH LOGISTICS LIMITED,       164.80,       160.00,       165.80,       159.00,       162.75,                  2581050.00,16000,N, ,14,       183.00,       106.35
N,JAYKAY ENTERPRISES LTD,       187.93,       188.87,       195.79,       188.19,       191.07,                 19021858.80,99208,N, ,2784,       219.70,       186.00
N,JAYASWAL NECO INDUSTR LTD,        86.93,        86.93,        92.30,        86.93,        91.56,               1103933758.51,12139017,N, ,45720,        93.45,        28.00
N,JAYSHREE TEA & INDUSTRIES,        87.75,        87.65,        88.69,        87.65,        88.11,                  1532812.03,17381,N, ,463,       134.00,        81.67
N,J B CHEMICALS AND PHARMA,      1820.00,      1817.20,      1854.50,      1806.10,      1850.40,                442743224.90,240417,N, ,16133,      1918.50,      1385.75
N,JBM AUTO LIMITED,       625.65,       626.25,       674.65,       625.00,       666.60,               8708663380.25,13084529,N, ,221875,      1611.00,       489.80
N,J.G.CHEMICALS LIMITED,       352.35,       352.00,       359.55,       348.65,       357.35,                 12846542.95,36245,N, ,5563,       558.00,       280.45
N,JHS SVEND. LAB. LTD,         9.53,         9.40,         9.90,         9.35,         9.48,                   416976.74,44010,N, ,346,        23.70,         9.25
N,JINDAL PHOTO LIMITED,      1500.70,      1491.00,      1516.00,      1491.00,      1501.30,                  8231924.50,5482,N, ,613,      1616.60,       536.00
N,JINDAL POLY FILMS LIMITED,       480.25,       480.90,       486.00,       477.00,       479.95,                 13420319.25,27895,N, ,2041,       995.00,       473.95
N,JINDAL SAW LIMITED,       167.46,       168.24,       170.99,       167.45,       170.58,                204321190.14,1204553,N, ,13538,       301.95,       153.00
N,JINDAL DRILLING IND. LTD,       566.50,       567.95,       574.80,       560.95,       570.90,                 31969400.70,56155,N, ,2327,       990.35,       490.50
N,JINDAL WORLDWIDE LTD,        29.00,        28.82,        29.73,        28.71,        29.59,                 11184713.06,381353,N, ,3786,       471.20,        27.89
N,JAIN DVR EQUITY SHARES,        27.61,        27.63,        28.25,        27.01,        27.71,                   112073.83,4019,N, ,112,        41.00,        25.66
N,JAIN IRRIGATION SYSTEMS,        41.91,        42.10,        42.69,        41.60,        41.82,                 69315869.47,1650274,N, ,7759,        83.40,        38.87
N,JITF INFRALOGISTICS LTD,       281.25,       285.00,       290.00,       276.00,       279.50,                  6701931.05,23542,N, ,971,       734.95,       252.00
N,JK CEMENT LIMITED,      5498.00,      5533.50,      5599.00,      5492.00,      5560.50,                380220466.50,68522,N, ,19056,      7565.50,      4218.90
N,JKUMAR INFR.LTD.,       574.95,       573.05,       610.00,       572.00,       602.20,                174914452.40,290814,N, ,9101,       782.00,       540.00
N,JINKUSHAL INDUSTRIES LTD,        90.76,        91.69,        94.17,        89.50,        93.31,                  8084617.15,87545,N, ,1503,       126.95,        83.60
N,JK LAKSHMI CEMENT LTD,       793.50,       793.50,       799.05,       789.30,       798.30,                237062579.60,299375,N, ,6983,      1021.20,       660.50
N,JK PAPER LIMITED,       353.85,       354.00,       360.00,       353.55,       358.95,                 36467025.15,102144,N, ,4811,       444.80,       275.75
N,JK TYRE & INDUSTRIES LTD,       516.65,       518.80,       524.70,       509.00,       511.55,                610092932.05,1179005,N, ,33547,       524.70,       243.00
N,JUPITER LIFE LINE HOSP L,      1397.80,      1397.00,      1408.80,      1391.20,      1400.40,                 16873596.20,12051,N, ,3116,      1770.00,      1266.00
N,JULLUNDUR MOT AGENCY LTD,        79.75,        80.79,        80.79,        77.34,        79.68,                   713549.36,9044,N, ,225,       111.99,        64.30
N,JM FINANCIAL LIMITED,       147.56,       148.00,       150.00,       146.11,       149.06,                298589778.20,2017501,N, ,19146,       199.80,        80.20
N,JNK INDIA LIMITED,       240.97,       241.00,       242.99,       234.42,       235.95,                 33320954.90,140191,N, ,5941,       668.95,       210.71
N,JOCIL LIMITED,       144.00,       144.00,       149.01,       142.06,       144.49,                   529193.51,3655,N, ,127,       211.50,       132.02
N,JIND POL INV & FIN CO LTD,      1041.00,      1031.60,      1045.90,      1012.00,      1022.30,                  7890607.70,7687,N, ,926,      1184.90,       554.30
N,JAIPRAKASH POWER VEN. LTD,        17.61,        17.74,        17.80,        17.53,        17.69,                518036391.59,29307630,N, ,25465,        27.70,        12.36
N,JANA SMALL FIN BANK LTD,       421.55,       420.50,       425.10,       417.45,       423.45,                 98808680.10,234759,N, ,5502,       552.50,       363.80
N,JINDAL STAINLESS LIMITED,       853.75,       853.75,       865.10,       847.00,       855.40,                562480285.00,658245,N, ,32633,       867.00,       496.60
N,JEENA SIKHO LIFECARE LTD,       682.20,       690.00,       695.30,       675.05,       682.20,                 98479182.15,143520,N, ,6378,      2450.00,       400.25
N,JSW CEMENT LIMITED,       120.23,       120.23,       123.29,       119.50,       123.01,                220335098.71,1802610,N, ,16001,       162.15,       106.65
N,JSW HOLDINGS LIMITED,     19775.00,     19870.00,     20080.00,     19775.00,     19930.00,                 34327245.00,1721,N, ,802,     27740.00,     14261.00
N,JSW INFRASTRUCTURE LTD,       283.25,       283.25,       286.85,       282.00,       285.35,                223869375.00,785925,N, ,15702,       349.00,       218.20
N,JTEKT INDIA LIMITED,       141.12,       142.67,       149.80,       141.49,       148.16,                 51760868.44,351842,N, ,10431,       188.50,       106.06
N,JTL INDUSTRIES LIMITED,        59.04,        59.08,        59.90,        59.01,        59.82,                 28983464.15,487684,N, ,2498,       112.10,        57.14
N,JUBILANT AGRI N CON PRO L,      2269.00,      2276.80,      2310.00,      2256.20,      2302.60,                  3781660.10,1649,N, ,268,      3013.40,      1020.00
N,JUBILANT FOODWORKS LTD,       553.15,       553.60,       557.40,       549.00,       552.95,               1437915499.95,2603875,N, ,42935,       796.75,       548.40
N,JUBILANT INGREVIA LIMITED,       707.00,       706.50,       728.45,       701.45,       726.25,                 99995850.35,138413,N, ,8185,       885.00,       535.20
N,JUBILANT PHARMOVA LTD,      1058.10,      1060.00,      1070.90,      1047.40,      1055.40,                 87187909.80,82583,N, ,12045,      1248.00,       802.00
N,JUNIPER HOTELS LIMITED,       250.50,       252.20,       254.75,       248.00,       252.55,                  8134266.65,32393,N, ,2301,       372.00,       220.80
N,JUSTDIAL LTD.,       726.30,       728.10,       742.05,       725.40,       734.70,                 51630359.40,70234,N, ,4916,      1096.00,       701.50
N,JUPITER WAGONS LIMITED,       337.10,       337.45,       340.50,       335.00,       338.25,                689289913.90,2039392,N, ,26863,       524.35,       247.15
N,JYOTHY LABS LIMITED,       277.80,       279.75,       285.90,       277.20,       284.30,                 70114333.65,248255,N, ,8702,       423.00,       273.00
N,JYOTI CNC AUTOMATION LTD,       992.95,       995.50,       999.90,       982.45,       993.95,                 70516960.75,71238,N, ,4908,      1416.45,       750.10
N,JYOTI GLOBAL PLAST LTD,        45.30,        44.20,        45.00,        40.05,        42.35,                  4183700.00,98000,N, ,48,        77.75,        40.05
N,JYOTI STRUCTURES LTD,         9.56,         9.57,        10.45,         9.53,        10.18,                224794774.62,22392405,N, ,15293,        29.60,         9.00
N,K2 INFRAGEN LIMITED,        68.70,        75.55,        75.55,        73.40,        75.55,                 12129450.00,160800,N, ,159,       178.00,        52.50
N,KABRA EXTRUSION TECHNIK L,       226.07,       223.30,       230.00,       223.30,       228.65,                  3089195.47,13569,N, ,390,       590.00,       215.00
N,KAJARIA CERAMICS LTD,       962.85,       962.80,       988.45,       960.20,       980.85,                267822633.50,274568,N, ,26070,      1321.90,       758.70
N,KAKATIYA CEM SUGAR &IND L,       128.15,       131.70,       131.70,       127.61,       128.69,                   360683.08,2804,N, ,88,       193.99,       125.00
N,SAI SILKS (KALAMANDIR) L,       152.84,       152.80,       153.77,       149.00,       152.39,                102305155.67,675671,N, ,10291,       223.03,       113.00
N,KALANA ISPAT LIMITED,        23.70,        23.50,        23.50,        23.50,        23.50,                    47000.00,2000,N, ,1,        55.00,        22.80
N,KALPATARU LIMITED,       347.25,       346.00,       381.95,       346.00,       380.75,                159269282.05,426116,N, ,8214,       457.40,       325.40
N,KALYANI FORGE LIMITED,       627.70,       630.80,       634.00,       621.90,       634.00,                   334826.50,535,N, ,49,       890.00,       488.15
N,KALYAN JEWELLERS IND LTD,       484.20,       486.40,       497.70,       484.60,       495.70,                853327205.75,1727423,N, ,29226,       795.40,       399.40
N,KAMAT HOTELS (I) LTD,       238.40,       237.80,       239.78,       235.20,       238.41,                  5064114.05,21316,N, ,1706,       353.60,       197.15
N,KAMDHENU LIMITED,        25.22,        25.17,        25.40,        25.01,        25.29,                 16070075.01,637943,N, ,4202,       524.95,        21.70
N,KAMDHENU VENTURES LIMITED,         6.03,         6.06,         6.14,         6.00,         6.11,                  3284029.73,541882,N, ,1027,        19.27,         5.91
N,KANANI INDUSTRIES LTD,         1.69,         1.71,         1.75,         1.69,         1.74,                   285056.33,165056,N, ,652,         2.84,         1.42
N,KANORIA CHEMICALS & INDUS,        76.84,        76.70,        78.55,        75.03,        77.33,                  1832283.23,23790,N, ,286,       119.80,        69.50
N,KANPUR PLASTIPACK LIMITED,       179.70,       178.50,       179.50,       176.01,       176.98,                   443012.29,2502,N, ,151,       249.50,       104.50
N,KANSAI NEROLAC PAINTS LTD,       239.72,       240.00,       241.78,       235.22,       241.08,                 52909249.89,221557,N, ,8304,       271.18,       218.20
N,KAPSTON SERVICES LIMITED,       300.25,       308.95,       308.95,       299.05,       307.10,                  4804467.30,15789,N, ,648,       356.75,       190.00
N,KARMA ENERGY LIMITED,        48.69,        49.70,        49.71,        48.71,        49.59,                   167618.62,3386,N, ,86,        86.93,        44.91
N,KARUR VYSYA BANK LTD,       269.40,       269.40,       275.90,       266.55,       272.50,               1006624666.65,3689152,N, ,37142,       277.50,       185.55
N,KATARIA INDUSTRIES LTD,       101.75,       101.00,       107.90,       100.85,       102.05,                  1915650.00,18600,N, ,27,       160.40,        85.50
N,KAUSHALYA INFRA DEV LTD.,       863.15,       870.05,       880.00,       860.00,       876.25,                   234400.60,269,N, ,68,      1841.90,       787.80
N,KAYA LIMITED,       399.60,       398.05,       407.15,       393.30,       402.90,                  6842560.80,17010,N, ,265,       487.90,       204.43
N,KAYNES TECHNOLOGY IND LTD,      3943.50,      3951.40,      3993.50,      3880.50,      3977.20,               5230209783.50,1330214,N, ,77821,      7822.00,      3712.50
N,KAYTEX FABRICS LIMITED,        73.00,        73.00,        75.60,        73.00,        75.45,                  1065000.00,14400,N, ,10,       156.90,        69.50
N,KAY CEE ENERGY & INFRA L,       147.85,       149.80,       155.00,       148.00,       153.10,                  4706400.00,31000,N, ,58,       408.35,       135.35
N,KCP LTD,       180.16,       179.00,       180.97,       179.00,       180.25,                 10305823.05,57154,N, ,1178,       245.00,       167.55
N,KCP SUGAR IND CORP LTD.,        26.10,        26.39,        26.40,        25.80,        26.14,                  2302077.84,88172,N, ,699,        48.49,        24.26
N,KDDL LIMITED,      2465.60,      2474.20,      2475.90,      2393.50,      2410.00,                 19389516.60,8016,N, ,1517,      3351.00,      2050.00
N,KORE DIGITAL LIMITED,       178.90,       180.00,       181.90,       175.00,       180.60,                  4208182.50,23550,N, ,112,      1912.60,       135.20
N,KEC INTL. LIMITED,       738.30,       745.00,       759.00,       739.75,       746.85,                518126238.90,693336,N, ,21144,      1242.55,       627.45
N,KIRLOSKAR ELECTRIC CO LTD,       104.75,       105.12,       106.90,       104.35,       105.16,                 12832903.62,121552,N, ,3045,       199.68,        96.00
N,DSJ KEEP LEARNING LTD,         2.43,         2.37,         2.54,         2.37,         2.46,                   148810.90,59445,N, ,146,         5.14,         2.01
N,KEI INDUSTRIES LTD.,      4514.50,      4530.00,      4582.60,      4492.70,      4529.60,                582708108.20,128302,N, ,19617,      4582.60,      2424.00
N,KUNDAN EDIFICE LIMITED,       100.00,       101.00,       102.00,       100.00,       100.00,                   727200.00,7200,N, ,4,       167.05,        81.00
N,KELLTON TECH SOL LTD,        18.52,        18.55,        19.05,        18.35,        18.95,                 20491706.25,1092787,N, ,3741,       176.60,        17.51
N,KEN ENTERPRISES LIMITED,        44.55,        45.55,        45.55,        45.25,        45.40,                   108960.00,2400,N, ,2,        85.00,        35.25
N,KERNEX MICROSYS(I) LTD,      1209.80,      1216.00,      1268.10,      1216.00,      1250.80,                190329168.20,153033,N, ,8310,      1470.00,       621.55
N,KEYNOTE FIN SERV LTD.,       315.10,       321.55,       325.60,       312.20,       315.80,                   998948.70,3153,N, ,274,       479.00,       170.10
N,KFIN TECHNOLOGIES LIMITED,      1076.70,      1083.60,      1087.90,      1071.30,      1082.00,                363931752.30,336683,N, ,17839,      1641.35,       784.15
N,KHADIM INDIA LIMITED,       182.14,       182.14,       187.51,       182.14,       184.83,                 16371982.82,88416,N, ,2737,       311.10,       153.27
N,KHAITAN CHEM & FERT LTD,        78.59,        79.00,        80.90,        76.99,        78.31,                 35375158.19,448453,N, ,3305,       135.80,        43.17
N,KHAITAN (INDIA)LTD.,       104.06,       101.98,       109.00,       101.98,       104.01,                   626337.77,5924,N, ,277,       167.50,        71.56
N,KHANDWALA SECURITIES LTD,        20.98,        21.33,        22.19,        20.85,        21.42,                   212887.82,9894,N, ,59,        32.50,        19.23
N,KHFM HOS FAC MANA SER LTD,        64.25,        64.15,        64.15,        58.90,        63.60,                   381145.00,6200,N, ,4,       102.80,        54.50
N,KALYANI INVEST CO LTD,      4953.20,      4943.00,      5038.00,      4941.00,      5008.60,                  9456721.40,1892,N, ,377,      6296.00,      4753.50
N,KILITCH DRUGS INDIA LTD,       359.35,       366.00,       366.00,       354.60,       360.40,                  3513805.70,9804,N, ,343,       500.00,       299.95
N,KRISHNA INST OF MED SCI L,       616.10,       619.25,       637.90,       616.80,       632.25,                222847791.45,353541,N, ,21904,       798.40,       474.05
N,KINGFA SCI & TEC IND LTD.,      4423.70,      4400.00,      4460.00,      4329.90,      4436.20,                 37799572.20,8550,N, ,939,      4880.00,      2550.00
N,KIOCL LIMITED,       406.40,       407.70,       411.95,       400.00,       402.80,                 88123685.90,217453,N, ,10187,       634.55,       209.84
N,KIRI INDUSTRIES LIMITED,       682.35,       679.00,       694.95,       608.90,       616.00,              10125617114.05,15987323,N, ,227536,       779.00,       484.00
N,KIRLOSKAR BROTHERS LTD,      1610.80,      1611.30,      1652.60,      1611.30,      1645.10,                 85786657.60,52325,N, ,9764,      2475.00,      1422.35
N,KIRLOSKAR OIL ENG LTD,      1230.50,      1237.40,      1269.00,      1215.20,      1261.10,                885047457.30,711370,N, ,27561,      1329.00,       544.40
N,KIRLOSKAR INDUSTRIES LTD,      3163.40,      3174.50,      3269.00,      3100.00,      3243.00,                 14045728.50,4350,N, ,1094,      4726.00,      2810.80
N,KIRLOSKAR PNEUMATIC COM L,      1039.20,      1048.00,      1062.80,      1028.00,      1058.60,                 37402232.10,35732,N, ,4772,      1579.95,       953.00
N,KITEX GARMENTS LTD,       180.54,       180.01,       183.40,       179.53,       182.68,                 60238760.84,331054,N, ,5226,       745.00,       147.01
N,KEWAL KIRAN CLOTHING LTD,       483.60,       483.60,       497.90,       478.90,       483.95,                 15042721.65,30759,N, ,1891,       618.00,       410.60
N,KABRA JEWELS LIMITED,        90.75,        89.20,        90.50,        89.00,        89.60,                  1886700.00,21000,N, ,20,       265.00,        84.00
N,KAUSHALYA LOGISTICS LTD,        48.05,        49.50,        57.60,        49.50,        51.40,                  2124960.00,40000,N, ,45,       112.00,        40.60
N,KNOWLEDGE MARINE & EN W L,      1926.90,      1899.90,      1941.10,      1875.00,      1888.10,                295819989.60,155504,N, ,10265,      3758.50,      1264.05
N,K M SUGAR MILLS LTD,        27.12,        27.10,        27.45,        27.10,        27.23,                  1818742.76,66816,N, ,540,        36.00,        25.02
N,KN AGRI RESOURCES LIMITED,       204.36,       204.90,       207.50,       197.35,       199.72,                  3921877.98,19404,N, ,1012,       298.00,       172.60
N,KNR CONSTRU LTD.,       161.54,       162.58,       162.99,       159.85,       161.03,                109727660.69,680467,N, ,10611,       356.95,       141.50
N,KODY TECHNOLAB LIMITED,       928.50,       930.00,       944.40,       920.00,       930.00,                  6432430.00,6900,N, ,52,      1738.95,       556.05
N,KOHINOOR FOODS LIMITED,        26.54,        26.50,        26.95,        26.12,        26.82,                  2636896.62,99385,N, ,1990,        45.64,        25.60
N,KOKUYO CAMLIN LIMITED,        90.09,        90.09,        93.00,        90.09,        92.11,                  3835128.18,41627,N, ,515,       137.90,        87.60
N,KOLTE PATIL DEV. LTD.,       391.15,       392.40,       395.00,       390.35,       393.00,                 15067448.95,38372,N, ,1349,       497.55,       239.00
N,KONSTELEC ENGINEERS LTD,        51.25,        52.00,        52.00,        47.15,        47.15,                   348650.00,7000,N, ,6,       131.85,        42.00
N,KONTOR SPACE LIMITED,        66.00,        68.95,        71.00,        67.30,        67.30,                   580650.00,8400,N, ,14,       125.55,        58.00
N,KOPRAN LTD,       151.54,       151.54,       154.89,       150.00,       152.08,                 43183388.48,282619,N, ,3801,       218.90,       123.11
N,KOTHARI SUG & CHEM LTD.,        27.08,        27.00,        27.87,        26.76,        27.50,                  1023462.24,37491,N, ,348,        46.99,        26.00
N,KOTHARI PETROCHEM LTD,       130.32,       128.60,       134.49,       128.60,       132.24,                  6639699.88,49956,N, ,1229,       204.79,       116.49
N,KOTHARI PRODUCTS LTD,        75.24,        74.83,        76.50,        74.58,        75.18,                  1176358.69,15570,N, ,373,       210.00,        60.91
N,KOTYARK INDUSTRIES LTD,       238.45,       239.00,       240.00,       233.00,       234.70,                  1065600.00,4500,N, ,34,       964.00,       202.40
N,K.P. ENERGY LIMITED,       350.30,       352.00,       360.00,       348.50,       357.50,                 70822730.15,199799,N, ,5289,       583.70,       326.85
N,KPI GREEN ENERGY LIMITED,       485.25,       485.60,       492.85,       475.60,       485.15,               1716692112.45,3537933,N, ,57385,       864.80,       313.40
N,KALPATARU PROJECT INT LTD,      1202.20,      1210.10,      1214.10,      1193.20,      1196.80,                 67532650.00,56112,N, ,6600,      1340.00,       786.30
N,KPIT TECHNOLOGIES LIMITED,      1163.20,      1163.20,      1169.00,      1150.80,      1167.60,                480079455.60,413208,N, ,27030,      1500.00,      1020.60
N,KPR MILL LTD.,       912.40,       912.40,       915.90,       906.65,       909.75,                126508226.05,138894,N, ,13127,      1389.00,       755.50
N,KRBL LIMITED,       395.50,       398.30,       399.35,       394.10,       396.40,                 70589798.90,177937,N, ,9576,       495.00,       241.25
N,KREBS BIOCHEMICALS & IND,        69.92,        69.92,        71.30,        68.38,        70.97,                   146873.30,2114,N, ,44,       113.50,        63.60
N,KRIDHAN INFRA LIMITED,         4.30,         4.39,         4.45,         4.21,         4.34,                   321801.25,73707,N, ,178,         6.65,         3.03
N,KRISHANA PHOSCHEM LIMITED,       522.35,       524.20,       529.00,       520.65,       527.90,                 20462871.20,38854,N, ,1504,       619.00,       175.15
N,KRISHCA STRAPPING SLTN L,       197.75,       198.00,       199.60,       190.30,       198.50,                  1080550.00,5500,N, ,11,       316.20,       150.00
N,KRISHIVAL FOODS LIMITED,       348.05,       356.00,       357.50,       346.10,       351.25,                  6800337.30,19370,N, ,667,       508.00,       338.70
N,KRISHNA DEF AND ALD IND L,       812.25,       812.50,       825.00,       801.00,       812.65,                 23970500.40,29681,N, ,1276,      1027.50,       503.00
N,KRITI INDUSTRIES IND LTD,        80.76,        80.88,        82.01,        79.25,        80.01,                  2799741.26,34620,N, ,893,       177.51,        73.00
N,KRITIKA WIRES LIMITED,         7.22,         7.39,         7.56,         7.10,         7.33,                  1545187.39,210812,N, ,690,        12.09,         6.78
N,KRITI NUTRIENTS LIMITED,        68.87,        68.87,        80.01,        68.87,        77.20,                  7088840.53,93705,N, ,1839,       135.85,        63.55
N,KRN HEAT EXCHANGE N REF L,       743.85,       747.90,       807.00,       742.05,       770.15,               1253160712.60,1598944,N, ,58250,      1012.00,       675.30
N,KRONOX LAB SCIENCES LTD,       137.51,       140.15,       142.20,       138.11,       141.78,                  3672665.00,26103,N, ,829,       209.97,       130.30
N,KROSS LIMITED,       206.37,       206.38,       212.60,       200.96,       204.87,               3039334075.77,14670783,N, ,117771,       237.60,       150.06
N,KRSNAA DIAGNOSTICS LTD,       740.45,       733.70,       739.00,       728.05,       733.35,                 15155466.60,20640,N, ,1923,       970.00,       625.75
N,KNOWLEDGE REALTY TRUST,       123.82,       123.82,       124.80,       123.60,       124.37,                 70214896.15,565658,N, ,13853,       129.07,       103.00
N,KRYSTAL INTEGRATED SER L,       519.20,       521.00,       529.00,       515.00,       524.80,                  3134436.50,6005,N, ,507,       737.70,       415.60
N,KSB LIMITED,       746.25,       746.00,       763.90,       725.00,       753.05,                 34255461.05,45498,N, ,4411,       912.00,       582.25
N,KAVERI SEED CO. LTD.,       974.60,       975.00,       976.45,       961.65,       973.50,                 57115707.15,59005,N, ,4468,      1602.00,       845.00
N,KSH INTERNATIONAL LIMITED,       353.30,       355.00,       382.00,       353.00,       373.55,                296278236.80,797114,N, ,19219,       382.00,       334.05
N,KSHITIJ POLYLINE LIMITED,         2.59,         2.59,         2.69,         2.58,         2.61,                   226621.52,86384,N, ,289,         4.95,         1.99
N,KALYANI STEELS LIMITED,       753.30,       757.00,       762.00,       751.80,       759.90,                 11842763.20,15630,N, ,1198,      1198.00,       666.50
N,KSOLVES INDIA LIMITED,       284.45,       289.00,       291.70,       283.55,       290.00,                  8471135.20,29337,N, ,2362,      1072.70,       277.05
N,KSR FOOTWEAR LIMITED,        21.67,        23.70,        23.83,        23.30,        23.83,                  6378731.02,268108,N, ,502,        34.95,        14.04
N,KARNATAKA BANK LIMITED,       206.92,       207.80,       212.40,       195.60,       200.00,               3555086744.60,17503039,N, ,121887,       220.40,       162.20
N,KUANTUM PAPERS LIMITED,        91.75,        91.75,        94.20,        91.72,        93.34,                  3124167.23,33472,N, ,461,       139.80,        87.59
N,LAGNAM SPINTEX LIMITED,        75.11,        72.50,        76.39,        72.50,        73.47,                   278056.44,3782,N, ,70,       148.87,        65.00
N,LAKSHYA POWERTECH LIMITED,       124.00,       123.00,       126.00,       123.00,       126.00,                   396000.00,3200,N, ,4,       343.95,       102.25
N,LORENZINI APPARELS LTD,         9.16,         9.00,         9.34,         8.87,         8.98,                   150134.03,16619,N, ,150,        20.10,         8.25
N,DR. LAL PATH LABS LTD.,      1509.80,      1509.00,      1509.00,      1460.60,      1474.20,                942131931.40,637719,N, ,24665,      3540.00,      1348.00
N,LAMBODHARA TEXTILES LTD.,       121.51,       123.00,       123.00,       119.51,       120.91,                   907613.63,7501,N, ,141,       188.80,        99.65
N,LAMOSAIC INDIA LIMITED,        35.15,        34.10,        34.90,        34.05,        34.55,                   289530.00,8400,N, ,12,       104.00,        33.60
N,LANDMARK CARS LIMITED,       471.85,       474.30,       478.70,       466.80,       476.20,                 14355822.75,30283,N, ,2331,       662.80,       329.80
N,LA OPALA RG LIMITED,       202.20,       201.60,       206.00,       201.31,       204.68,                 13439424.63,65875,N, ,4051,       328.00,       187.37
N,LASA SUPERGENERICS LTD,        10.38,        11.34,        11.41,        11.10,        11.41,                  3005342.57,264946,N, ,262,        31.40,         8.16
N,LATENT VIEW ANALYTICS LTD,       455.05,       453.00,       463.95,       452.95,       459.10,                108235778.95,235326,N, ,10865,       517.50,       341.20
N,LAURUS LABS LIMITED,      1110.40,      1110.00,      1115.90,      1103.20,      1106.50,               1058360052.50,953854,N, ,51816,      1119.00,       501.15
N,LAXMI COTSPIN LIMITED,        18.74,        18.99,        19.14,        18.63,        19.13,                    54844.43,2902,N, ,42,        33.00,        18.53
N,LAXMI DENTAL LIMITED,       274.75,       276.20,       276.20,       269.65,       270.85,                 10840388.25,39989,N, ,2202,       584.00,       244.30
N,LAXMI INDIA FINANCE LTD,       122.72,       123.17,       129.19,       123.17,       127.35,                 21463757.76,169669,N, ,3661,       180.90,       116.05
N,LE MERITE EXPORTS LIMITED,       470.15,       473.20,       484.10,       473.00,       477.95,                 16558435.00,34736,N, ,567,       537.85,       266.80
N,LEMON TREE HOTELS LTD,       156.89,       157.44,       158.00,       153.80,       153.99,                470436178.19,3033540,N, ,27889,       180.68,       117.51
N,LENSKART SOLUTIONS LTD,       438.50,       440.95,       456.80,       437.30,       452.15,                790001361.60,1751640,N, ,34439,       495.00,       356.10
N,LEXUS GRANITO (INDIA) LTD,        25.93,        26.06,        26.80,        26.06,        26.13,                    63190.18,2389,N, ,28,        50.40,        25.10
N,LAKSHMI FIN IND CORP LTD,       168.02,       167.99,       176.00,       165.51,       169.99,                   492912.63,2933,N, ,95,       270.17,       153.80
N,LG BALAKRISHNAN & BROS,      1789.10,      1780.00,      1799.80,      1762.20,      1773.10,                101163814.60,56914,N, ,8099,      1975.00,      1081.00
N,LG ELECTRONICS INDIA LTD,      1484.70,      1485.00,      1495.70,      1460.10,      1483.40,               1442911718.60,973436,N, ,52187,      1749.00,      1460.10
N,LAXMI GOLDORNA HOUSE LTD,       295.10,       297.95,       324.60,       289.75,       324.60,                 50914685.00,163253,N, ,2492,       959.00,       239.20
N,LIBAS CONSU PRODUCTS LTD,        10.94,        11.25,        11.25,        10.90,        11.07,                   161623.31,14667,N, ,99,        16.80,        10.25
N,LIBERTY SHOES LTD,       281.75,       281.00,       284.90,       280.60,       282.15,                  1471675.60,5207,N, ,356,       517.00,       259.90
N,LIC HOUSING FINANCE LTD,       535.85,       536.25,       547.75,       536.25,       545.55,                538308540.55,988536,N, ,14611,       646.50,       483.70
N,LIKHITHA INFRASTRUC LTD,       192.06,       192.06,       195.50,       190.60,       193.41,                  3730928.60,19359,N, ,1184,       371.65,       175.66
N,LINC LIMITED,       106.95,       106.50,       119.39,       105.21,       117.33,                 16611721.25,145877,N, ,2616,       168.00,        95.11
N,LINCOLN PHARMA LTD,       479.80,       478.05,       505.00,       475.60,       497.15,                 10986468.80,22401,N, ,1310,       869.00,       464.40
N,LINDE INDIA LIMITED,      5908.00,      5994.00,      5994.00,      5901.50,      5955.50,                 96515301.00,16263,N, ,3715,      7870.00,      5242.40
N,LLOYD RE.0.50 PPD UP,        41.22,        41.22,        41.90,        40.80,        40.98,                  4504258.40,108740,N, ,224,        51.00,        33.35
N,LLOYDS LUXURIES LIMITED,        70.00,        72.00,        72.00,        72.00,        72.00,                   144000.00,2000,N, ,2,       125.75,        61.30
N,LLOYDS ENGG WORK LIMITED,        56.32,        56.60,        56.67,        55.99,        56.14,                 81664155.66,1452069,N, ,6734,        89.90,        48.10
N,LLOYD RS.0.50 PPD UP,        38.39,        38.25,        38.77,        38.00,        38.50,                  2829889.44,73863,N, ,245,        60.50,        30.65
N,LLOYDS ENTERPRISES LTD,        62.59,        62.85,        63.42,        61.92,        62.59,                 97794342.42,1559829,N, ,10274,        96.40,        37.28
N,LLOYDS METALS N ENERGY L,      1352.40,      1358.00,      1374.00,      1345.00,      1348.80,                489218386.10,360426,N, ,18104,      1612.00,       942.15
N,LMW LIMITED,     14985.00,     15069.00,     15069.00,     14895.00,     14954.00,                 15630154.00,1045,N, ,457,     18250.00,     13450.05
N,LOKESH MACHINES LTD,       170.44,       170.99,       174.69,       168.11,       169.35,                  2908010.41,17109,N, ,1597,       340.45,       127.93
N,LORDS CHLORO ALKALI LTD,       166.91,       168.33,       170.98,       161.48,       163.11,                  6499318.20,39240,N, ,2098,       241.99,       122.60
N,SRI LOTUS DEVLPRS N RTY L,       159.36,       160.00,       167.00,       159.01,       166.36,                171681126.61,1043986,N, ,11295,       218.49,       150.50
N,LOTUS EYE HOSP & INST L,       120.45,       121.55,       122.90,       120.83,       121.70,                   545621.92,4476,N, ,257,       139.20,        54.99
N,LOVABLE LINGERIE LTD,        80.18,        80.00,        81.90,        80.00,        81.03,                  1270242.82,15666,N, ,442,       134.50,        76.05
N,LOYAL TEXTILE MILLS LTD,       213.95,       213.95,       234.99,       213.95,       221.21,                   231924.13,1047,N, ,47,       379.50,       202.90
N,LANDMARK PR.DEV.CO.LTD,         6.99,         7.17,         7.34,         6.90,         7.19,                   356132.27,50165,N, ,255,        10.62,         6.10
N,L&T FINANCE LIMITED,       317.25,       319.50,       321.50,       316.30,       319.75,               1234168743.50,3861694,N, ,58935,       321.90,       129.20
N,LT FOODS LIMITED,       386.10,       387.50,       391.15,       383.20,       390.45,                 94750893.45,244236,N, ,10757,       518.55,       288.25
N,L&T TECHNOLOGY SER. LTD.,      4380.00,      4384.90,      4439.90,      4383.00,      4406.60,                240151694.50,54494,N, ,13339,      5645.00,      3951.30
N,LUMAX INDUSTRIES LTD,      5071.50,      5107.00,      5449.00,      5075.50,      5341.50,                103404173.50,19656,N, ,5398,      5870.00,      1960.00
N,LUMAX AUTO TECH LTD,      1616.60,      1620.10,      1664.80,      1587.90,      1655.40,                683616613.60,419036,N, ,30833,      1664.80,       449.00
N,LUPIN LIMITED,      2102.80,      2103.00,      2122.10,      2095.50,      2105.30,                533384548.90,252908,N, ,21235,      2402.90,      1795.20
N,LUX INDUSTRIES LIMITED,      1112.50,      1112.50,      1113.80,      1096.80,      1110.90,                 36162731.60,32719,N, ,2593,      2146.00,      1074.40
N,LAXMI ORGANIC INDUS LTD,       167.90,       168.13,       169.09,       167.11,       168.12,                 61398001.20,365613,N, ,4854,       247.75,       160.20
N,LYKA LABS LTD,        76.59,        76.59,        83.80,        75.55,        82.39,                 11228647.15,137379,N, ,976,       167.19,        72.20
N,LYPSA GEMS & JEWEL LTD,         5.36,         5.59,         5.59,         5.13,         5.44,                   147173.72,27162,N, ,306,        10.93,         4.57
N,M&M FIN. SERVICES LTD,       404.15,       403.90,       410.00,       399.85,       402.95,                861378446.55,2125824,N, ,38092,       412.20,       237.95
N,MACOBS TECHNOLOGIES LTD,       210.00,       210.00,       210.00,       209.00,       209.00,                   669600.00,3200,N, ,4,       246.95,       150.60
N,MACPOWER CNC MACHINES LTD,      1022.90,      1007.60,      1028.10,      1007.60,      1019.40,                  5087036.30,4993,N, ,703,      1548.20,       601.20
N,MADHAV MARBLE & GRANITE,        42.95,        42.90,        43.40,        42.15,        42.94,                   264592.92,6207,N, ,162,        62.84,        37.62
N,VAIDYA SANE AYUR LAB LTD,       286.00,       286.00,       287.95,       271.45,       284.00,                   903780.00,3200,N, ,8,       335.00,        81.10
N,MADHUCON PROJECTS LTD.,         6.10,         6.10,         6.35,         6.01,         6.14,                    30878.62,5018,N, ,57,        10.67,         5.64
N,MADHUSUDAN MASALA LIMITED,       131.45,       127.55,       131.45,       127.50,       129.50,                   906000.00,7000,N, ,7,       226.00,       108.60
N,MADRAS FERTILISERS LTD,        79.57,        80.00,        81.39,        79.22,        80.65,                 12364790.48,153849,N, ,2129,       107.06,        66.50
N,MAGADH SUGAR & ENERGY LTD,       504.10,       507.00,       509.90,       501.15,       504.55,                  1036902.70,2052,N, ,184,       821.00,       440.05
N,MAGNUM VENTURES LTD.,        22.92,        23.20,        23.20,        22.91,        23.00,                   172186.12,7486,N, ,128,        42.30,        19.75
N,MAGSON RETAIL AND DIST L,       124.00,       130.20,       130.20,       130.20,       130.20,                   390600.00,3000,N, ,3,       166.10,        75.50
N,BANK OF MAHARASHTRA,        63.63,        63.70,        64.18,        63.40,        63.93,               1293841720.51,20256377,N, ,50817,        64.18,        42.00
N,MAHA RASHTRA APEX COPR. L,       108.11,       107.15,       108.98,       101.37,       104.41,                  1688885.60,15974,N, ,393,       156.53,        69.05
N,MAHINDRA EPC IRRIG LTD,       128.01,       129.79,       133.95,       128.58,       133.04,                  2997548.20,22742,N, ,673,       185.12,        96.50
N,MAHESHWARI LOGISTICS LTD.,        47.33,        47.33,        48.46,        47.00,        47.55,                   282621.64,5972,N, ,85,        67.90,        40.85
N,MAHICKRA CHEMICAL LIMITED,       149.95,       149.50,       149.50,       149.50,       149.50,                  1569750.00,10500,N, ,1,       180.00,        95.20
N,MAHINDRA LIFESPACE DEVLTD,       393.85,       398.00,       401.50,       394.00,       395.10,                 42466018.70,107124,N, ,5316,       473.55,       278.70
N,MAHINDRA LOGISTIC LIMITED,       319.55,       319.35,       324.50,       314.25,       317.15,                 33590096.10,105922,N, ,4282,       420.00,       238.20
N,MAHARASHTRA SCOOTERS LTD,     14205.00,     14239.00,     14297.00,     14184.00,     14237.00,                 17216401.00,1209,N, ,632,     16100.00,     13802.00
N,MAHARASHTRA SEAMLESS LTD,       554.80,       554.80,       561.00,       553.10,       559.10,                 36991921.15,66328,N, ,4917,       773.80,       540.50
N,MAITHAN ALLOYS LTD,      1008.40,      1013.90,      1017.20,       997.80,      1013.30,                 19366314.10,19174,N, ,1956,      1264.00,       835.25
N,MAITREYA MEDICARE LIMITED,       212.60,       208.20,       215.00,       208.20,       215.00,                   336560.00,1600,N, ,3,       360.00,       192.10
N,MANGALAM ALLOYS LIMITED,        49.80,        49.80,        49.85,        47.50,        47.50,                   470800.00,9600,N, ,5,        80.20,        26.25
N,MALLCOM (INDIA) LIMITED,      1173.00,      1199.00,      1199.00,      1163.30,      1169.60,                  2519376.00,2142,N, ,224,      1755.00,      1050.00
N,MALU PAPER MILLS LIMITED,        35.89,        35.80,        36.48,        35.18,        35.73,                   682961.21,19197,N, ,141,        50.68,        31.21
N,MAMATA MACHINERY LIMITED,       435.10,       435.00,       437.00,       431.00,       431.95,                 25667879.10,59263,N, ,2177,       630.00,       311.55
N,MAN COAT METAL & IND LTD,       132.58,       132.00,       133.08,       130.08,       131.49,                 17505048.08,133435,N, ,2537,       182.82,        72.20
N,MANAKSIA LTD.,        64.62,        64.69,        65.50,        64.21,        64.82,                  2478253.56,38125,N, ,448,        97.79,        54.52
N,MANAKSIA STEELS LTD,        72.46,        72.03,        74.80,        68.84,        68.84,                  5720907.96,79097,N, ,615,        77.78,        43.05
N,MANALI PETROCHEMICALS LT,        62.86,        63.39,        63.39,        61.50,        62.88,                 11011075.04,176651,N, ,2606,        81.10,        49.93
N,MANAPPURAM FINANCE LTD,       314.10,       314.10,       319.40,       309.50,       311.15,                999478240.00,3182203,N, ,49488,       319.40,       168.83
N,MANBA FINANCE LIMITED,       140.01,       142.00,       142.80,       139.10,       141.94,                 10029470.20,71027,N, ,1238,       165.70,       119.00
N,MANGAL CREDIT N FINCORP L,       167.06,       170.00,       170.00,       164.15,       164.80,                  6683750.93,40024,N, ,1513,       215.75,       145.00
N,MANDEEP AUTO INDUSTRIES L,        23.60,        23.60,        23.60,        23.60,        23.60,                    47200.00,2000,N, ,1,        36.15,        17.80
N,MANGALAM DRUG & CHEM LTD,        28.88,        30.32,        30.32,        30.32,        30.32,                   483118.88,15934,N, ,64,       124.89,        22.80
N,MANGALAM CEMENT LTD,       764.55,       770.00,       771.80,       751.80,       762.95,                 58057184.85,76419,N, ,3101,      1019.00,       665.00
N,MAN INDUSTRIES (I) LTD.,       391.70,       392.10,       400.00,       387.10,       396.45,                 89179258.45,226080,N, ,9449,       491.00,       201.55
N,MAN INFRA LTD,       127.68,       127.60,       130.31,       127.31,       129.57,                 84830613.90,655302,N, ,4635,       262.80,       117.12
N,MANKIND PHARMA LIMITED,      2164.60,      2174.10,      2205.00,      2163.00,      2202.70,                281243264.80,128332,N, ,15785,      2998.40,      2090.00
N,MANORAMA INDUSTRIES LTD,      1333.30,      1327.90,      1395.00,      1325.20,      1390.80,                164947410.60,120539,N, ,10099,      1760.00,       740.50
N,MANGALAM ORGANICS LIMITED,       485.00,       485.00,       485.15,       475.00,       480.45,                  1193029.35,2480,N, ,170,       637.85,       340.10
N,MANUGRAPH INDIA LIMITED,        16.28,        16.55,        16.94,        15.41,        16.29,                   233640.94,14417,N, ,100,        25.30,        14.17
N,VEDANT FASHIONS LIMITED,       575.70,       579.45,       581.00,       572.05,       579.65,                 34671016.35,60077,N, ,5935,      1302.60,       572.05
N,C.E. INFO SYSTEMS LIMITED,      1730.70,      1719.80,      1721.90,      1688.80,      1701.80,                105848680.70,62212,N, ,8239,      2166.70,      1540.00
N,MARAL OVERSEAS LTD,        43.99,        44.01,        44.75,        42.26,        43.94,                   644223.55,14758,N, ,197,        90.60,        42.26
N,MARATHON NXTGEN REALT LTD,       544.60,       544.60,       544.60,       526.05,       529.15,                 10569092.30,19842,N, ,1408,       769.45,       352.05
N,MARCO CABLE & CONDUCTOR L,        38.00,        38.00,        38.75,        38.00,        38.75,                   172125.00,4500,N, ,3,        68.25,        33.10
N,MARICO LIMITED,       760.45,       760.45,       765.25,       751.20,       757.75,                706839135.55,933700,N, ,26936,       765.30,       577.85
N,MARINE ELECTRICAL (I) LTD,       211.67,       214.00,       215.00,       211.48,       213.63,                 25765023.63,120850,N, ,4275,       279.30,       138.90
N,MARKOLINES PAVEMENT TEC L,       161.64,       162.32,       164.06,       157.20,       157.73,                 25241203.53,158906,N, ,2487,       188.00,       146.15
N,MARKSANS PHARMA LIMITED,       179.87,       179.90,       184.23,       179.49,       182.19,                 93488474.52,513504,N, ,10123,       308.00,       162.00
N,MAS FINANCIAL SERV LTD,       319.60,       320.95,       326.50,       318.00,       325.30,                198497830.00,614546,N, ,6031,       350.45,       220.06
N,MASON INFRATECH LIMITED,       193.00,       190.05,       192.00,       190.05,       191.90,                  2578400.00,13500,N, ,15,       220.00,        73.50
N,MASTEK LTD,      2110.50,      2120.40,      2122.90,      2091.20,      2116.20,                 79124870.70,37549,N, ,4241,      3135.00,      1887.00
N,MASTER TRUST LIMITED,       117.69,       117.69,       120.50,       116.02,       118.26,                 19848541.02,168209,N, ,2224,       176.69,       100.50
N,MATRIMONY.COM LIMITED,       541.70,       547.50,       554.60,       541.70,       550.35,                 59295882.05,108056,N, ,2947,       700.15,       475.00
N,MAWANA SUGARS LIMITED,        87.78,        88.00,        88.50,        87.20,        87.44,                  3288447.14,37456,N, ,854,       111.50,        78.32
N,MAX ESTATES LIMITED,       456.90,       455.95,       456.90,       450.00,       451.90,                  8132019.70,17947,N, ,1135,       630.00,       341.10
N,MAX INDIA LIMITED,       183.56,       181.60,       190.06,       181.60,       187.84,                  4044677.79,21656,N, ,874,       282.95,       169.00
N,MAXPOSURE LIMITED,        44.55,        44.50,        45.50,        44.50,        44.75,                   179300.00,4000,N, ,4,       102.95,        44.45
N,MAYUR UNIQUOTERS LTD,       515.35,       515.60,       518.95,       510.60,       514.20,                 10887544.70,21157,N, ,1820,       629.90,       441.00
N,MAZDA LIMITED,       219.68,       222.63,       225.12,       219.31,       223.21,                  3546061.06,15927,N, ,775,      2144.40,       205.00
N,MADHYA BHARAT AGRO P. LTD,       428.05,       428.05,       431.95,       420.90,       429.80,                 27790771.65,64976,N, ,2349,       469.70,       206.10
N,M AND B ENGINEERING LTD,       382.45,       385.00,       386.80,       377.45,       384.20,                 63968723.75,167600,N, ,5987,       535.90,       349.85
N,MBL INFRASTRUCTURE LTD,        31.64,        32.40,        32.88,        32.00,        32.25,                  1025171.40,31776,N, ,1056,        67.99,        29.30
N,MADHAV COPPER LIMITED,        75.16,        78.91,        78.91,        78.91,        78.91,                 14477696.61,183471,N, ,656,        78.91,        39.60
N,MAGELLANIC CLOUD LIMITED,        25.74,        25.74,        26.10,        25.51,        25.91,                 34599160.91,1344602,N, ,4865,       105.42,        23.08
N,MULTI COMMODITY EXCHANGE,     10989.00,      2230.00,      2278.00,      2190.00,      2216.00,               7621454246.00,3418580,N,XO,128404,     11219.00,      2190.00
N,GLOBAL HEALTH LIMITED,      1191.90,      1207.00,      1218.30,      1202.30,      1217.10,                214486683.90,177114,N, ,17282,      1456.50,       996.45
N,MEDI ASSIST HEALTH SER L,       463.45,       462.40,       469.90,       458.20,       467.70,                 45384255.50,97402,N, ,3828,       629.60,       415.25
N,MEDICAMEN BIOTECH LIMITED,       381.55,       379.65,       385.00,       376.40,       379.30,                   973945.50,2573,N, ,212,       560.70,       292.95
N,MEDICO REMEDIES LIMITED,        49.17,        52.00,        52.00,        45.97,        50.37,                 33787525.17,684306,N, ,2939,        79.83,        37.18
N,MEDICAMEN ORGANICS LTD,        25.20,        26.45,        26.45,        26.45,        26.45,                   211600.00,8000,N, ,4,        57.10,        19.60
N,MEDISTEP HEALTHCARE LTD,        24.55,        24.95,        24.95,        24.50,        24.95,                   298050.00,12000,N, ,3,        53.00,        22.30
N,MEDPLUS HEALTH SERV LTD,       810.65,       810.00,       820.00,       788.00,       808.25,                 97231997.75,121137,N, ,9923,      1045.30,       642.00
N,MEESHO LIMITED,       181.58,       181.58,       181.86,       178.50,       179.25,                597368613.32,3321819,N, ,24945,       254.40,       153.89
N,MEGATHERM INDUCTION LTD,       225.65,       225.00,       230.00,       225.00,       229.50,                  1913860.00,8400,N, ,14,       380.00,       212.00
N,MANGAL ELECTRICAL IND L,       370.25,       373.90,       383.40,       367.50,       375.75,                 49583347.70,131516,N, ,5767,       573.70,       352.00
N,MENON BEARINGS LIMITED,       110.95,       110.96,       113.43,       110.96,       111.97,                  2079457.23,18534,N, ,370,       145.90,        86.00
N,METRO BRANDS LIMITED,      1202.30,      1193.00,      1210.80,      1174.30,      1180.10,                 35315210.50,29683,N, ,4058,      1345.00,       990.05
N,METROPOLIS HEALTHCARE LTD,      1896.80,      1885.10,      1950.00,      1860.10,      1933.30,                 89765428.50,47020,N, ,6082,      2263.00,      1315.00
N,MAHALAXMI FABRIC MILLS LT,        25.03,        25.88,        25.88,        24.66,        24.70,                   345065.40,13908,N, ,88,        54.50,        23.75
N,MAX FINANCIAL SERV LTD,      1674.00,      1681.20,      1689.90,      1660.00,      1671.00,                520923786.70,311456,N, ,28608,      1751.40,       950.00
N,MANGALAM GLOBAL ENT LTD,        13.96,        14.21,        14.45,        14.00,        14.14,                 12116828.21,850773,N, ,3143,        33.48,        11.70
N,MAHANAGAR GAS LTD.,      1128.10,      1129.00,      1152.50,      1123.00,      1142.00,                249621884.70,218897,N, ,16381,      1586.90,      1092.30
N,MATRIX GEO SOLUTIONS LTD,       105.45,       109.30,       110.00,       106.75,       106.75,                   391260.00,3600,N, ,3,       120.00,        73.55
N,MOHINI HEALTH&HYGIENE LTD,        37.50,        38.00,        38.00,        38.00,        38.00,                    57000.00,1500,N, ,1,        86.90,        37.50
N,MAHALAXMI RUBTECH LIMITED,       209.94,       220.00,       220.00,       203.00,       206.32,                  1828333.83,8853,N, ,567,       274.90,       200.05
N,MAHINDRA HOLIDAYS LTD,       308.40,       307.00,       314.00,       305.55,       308.05,                 24823952.45,80218,N, ,4830,       389.65,       259.00
N,MIC ELECTRONICS LTD,        43.65,        43.88,        45.00,        43.33,        44.82,                 40689868.48,915236,N, ,4477,        91.00,        41.66
N,MICROPRO SOFTWARE SOL L,        20.00,        19.50,        19.50,        19.50,        19.50,                    31200.00,1600,N, ,1,        34.45,        17.85
N,MISHRA DHATU NIGAM LTD,       341.75,       340.05,       360.70,       340.05,       355.15,                584861257.35,1661827,N, ,29638,       469.00,       226.93
N,MIDWEST LIMITED,      1742.60,      1747.20,      1747.20,      1695.60,      1711.60,                 97851799.70,57010,N, ,5033,      1842.00,      1048.50
N,MANGLAM INFRA & ENG LTD,        20.70,        20.70,        21.40,        20.70,        20.75,                   125700.00,6000,N, ,3,        44.30,        19.05
N,MINDA CORPORATION LTD,       584.90,       585.80,       609.35,       582.80,       602.50,                464609173.00,775507,N, ,27771,       619.95,       445.05
N,MINDSPACE BUSINESS P REIT,       474.01,       475.30,       478.00,       473.58,       474.41,                 25078209.92,52797,N, ,5723,       501.91,       355.25
N,MINDTECK (INDIA) LIMITED,       204.84,       204.50,       226.00,       200.36,       220.31,                109697151.40,498147,N, ,7156,       308.90,       145.00
N,MIRC ELECTRONICS LTD,        28.17,        28.05,        29.00,        27.77,        28.83,                 19343169.50,676782,N, ,1778,        30.47,        11.06
N,MIRZA INTERNATIONAL LIMIT,        36.93,        37.20,        38.50,        36.50,        37.08,                  7102251.29,192581,N, ,1604,        44.64,        25.03
N,MITCON CON & ENG SER LTD,        66.75,        66.61,        68.65,        66.51,        66.88,                   238894.23,3553,N, ,71,       117.19,        60.41
N,MITTAL LIFE STYLE LIMITED,         1.14,         1.15,         1.16,         1.11,         1.13,                  1390221.56,1216045,N, ,607,         2.57,         1.11
N,M K PROTEINS LIMITED,         6.05,         6.06,         6.12,         5.85,         5.96,                  1649000.43,276741,N, ,761,         9.78,         5.40
N,MM FORGINGS LTD,       362.25,       359.40,       401.10,       359.40,       394.45,                406460188.00,1047628,N, ,37980,       485.00,       288.10
N,MMP INDUSTRIES LIMITED,       266.10,       270.05,       275.00,       264.75,       271.95,                  5540766.55,20533,N, ,656,       346.90,       218.00
N,MMTC LIMITED,        65.71,        65.39,        71.00,        65.39,        67.30,               1218245800.67,17631214,N, ,54291,        88.19,        44.50
N,ONE MOBIKWIK SYSTEMS LTD,       230.05,       230.98,       230.98,       227.21,       228.60,                138057312.82,603233,N, ,7972,       658.00,       219.20
N,MODI NATURALS LIMITED,       353.80,       357.95,       369.00,       349.00,       356.65,                   862190.10,2417,N, ,182,       409.95,       348.70
N,MODI RUBBER LTD,       138.69,       138.78,       144.80,       138.78,       141.14,                  2895462.76,20346,N, ,803,       167.50,        90.00
N,MODIS NAVNIRMAN LTD,       343.45,       347.95,       360.00,       337.50,       339.05,                  6645643.20,19060,N, ,834,       409.00,       304.50
N,MODISON LIMITED,       152.07,       154.00,       162.10,       152.50,       160.41,                 29902861.55,187431,N, ,3894,       200.90,       112.00
N,MODERN THREADS INDIA LTD,        46.00,        45.99,        46.23,        43.98,        44.01,                   212439.84,4738,N, ,67,        51.00,        43.00
N,MOHIT INDUSTRIES LTD,        28.10,        28.30,        29.75,        28.01,        29.04,                   636317.39,22101,N, ,336,        46.96,        23.90
N,MOIL LIMITED,       367.85,       371.50,       381.00,       368.80,       375.20,                804614911.55,2148450,N, ,33869,       405.60,       274.05
N,MOKSH ORNAMENTS LIMITED,        14.24,        14.06,        15.60,        14.03,        14.51,                 10866684.65,734646,N, ,1364,        21.99,        11.56
N,MEGHMANI ORGANICS LIMITED,        63.72,        64.22,        65.61,        62.15,        64.73,                 23112564.55,359148,N, ,3662,       106.30,        56.11
N,MOLD-TEK TECHNOLOGIES LTD,       150.50,       148.57,       153.78,       148.57,       151.18,                  3203605.58,21124,N, ,771,       221.00,       109.95
N,MOLD-TEK PACKAGING LTD,       606.15,       605.00,       622.00,       600.90,       615.25,                 22042662.25,35892,N, ,5277,       892.90,       410.00
N,MONARCH NETWORTH CAP LTD,       314.40,       314.45,       319.80,       311.50,       313.05,                 24806701.20,78690,N, ,3029,       483.90,       294.25
N,MONEYBOXX FINANCE LIMITED,        62.00,        62.31,        62.31,        61.00,        61.81,                   836859.20,13604,N, ,431,       183.00,        59.11
N,MONOLITHISCH INDIA LTD,       499.50,       493.15,       507.65,       493.15,       503.50,                  2892937.50,5750,N, ,20,       607.40,       219.45
N,MONTE CARLO FASHIONS LTD.,       636.45,       636.50,       646.40,       633.00,       643.15,                 16563542.45,25814,N, ,1800,       860.95,       518.05
N,MOREPEN LAB. LTD,        41.11,        41.11,        42.15,        41.11,        42.03,                 64125513.65,1535258,N, ,7288,        80.65,        38.42
N,MOS UTILITY LIMITED,        22.90,        23.15,        23.70,        22.70,        23.45,                 27319600.00,1168000,N, ,116,       321.00,        21.00
N,MOSCHIP TECHNOLOGIES LTD,       202.19,       202.60,       212.60,       202.15,       211.05,                526150622.25,2512293,N, ,29893,       288.45,       129.98
N,MOTILAL OSWAL FIN LTD,       841.65,       845.90,       870.60,       845.90,       866.70,                591405926.90,685555,N, ,32210,      1097.10,       513.00
N,MOTISONS JEWELLERS LTD,        14.62,        14.66,        14.89,        14.50,        14.59,                 51708095.21,3525158,N, ,7370,        30.87,        14.35
N,MOTOR & GENERAL FINANCE L,        22.86,        22.97,        23.48,        22.53,        23.18,                   205940.09,8915,N, ,65,        33.70,        22.10
N,MANAS POLYMER N ENERGIE L,        90.00,        89.00,        90.00,        89.00,        90.00,                  3166240.00,35200,N, ,4,       153.90,        86.00
N,MPHASIS LIMITED,      2828.60,      2842.00,      2844.30,      2800.20,      2807.20,                350883288.10,124901,N, ,14011,      3078.40,      2044.55
N,MPS LIMITED,      2004.60,      2009.00,      2011.30,      1970.00,      1985.90,                 35059993.50,17607,N, ,3251,      3079.00,      1754.20
N,MRF LTD,    151535.00,    151600.00,    151960.00,    150470.00,    150685.00,                579212635.00,3834,N, ,2643,    163600.00,    102124.05
N,MAHENDRA REALTO & INFRA L,        51.00,        50.00,        52.30,        50.00,        51.95,                   491520.00,9600,N, ,6,        82.00,        49.15
N,MRPL,       153.48,       152.75,       153.58,       149.20,       151.31,                587087346.37,3886148,N, ,27113,       185.00,        98.92
N,MSP STEEL & POWER LTD.,        37.05,        37.37,        37.49,        36.61,        37.03,                 30447122.64,822580,N, ,2723,        46.89,        21.60
N,MSTC LIMITED,       514.15,       515.00,       541.20,       510.55,       528.30,                273707508.75,515834,N, ,14637,       724.30,       411.10
N,MOTHERSON SUMI WRNG IND L,        48.92,        48.50,        50.00,        48.22,        49.85,                471172042.14,9549993,N, ,39236,        65.96,        36.66
N,MTAR TECHNOLOGIES LIMITED,      2395.50,      2395.50,      2401.50,      2356.10,      2372.20,                236679752.00,99684,N, ,13321,      2719.00,      1155.60
N,MAHANAGAR TELEPHONE NIGAM,        36.50,        36.50,        36.89,        36.32,        36.77,                 42714813.47,1163453,N, ,4931,        58.20,        34.00
N,MUFIN GREEN FINANCE LTD,       116.04,       118.00,       121.89,       116.37,       118.79,                262821462.03,2210557,N, ,11730,       126.34,        63.11
N,CREDO BRANDS MARKETING L,        99.44,        99.36,       101.60,        99.02,       100.19,                 10005990.31,99840,N, ,1358,       189.00,        91.32
N,MUKAND LTD.,       136.50,       136.20,       139.39,       134.91,       138.81,                 11333494.93,82082,N, ,3009,       162.00,        84.40
N,MUKKA PROTEINS LIMITED,        24.06,        24.16,        24.18,        23.90,        24.05,                  5639626.61,234861,N, ,2166,        43.94,        23.65
N,MUKTA ARTS LIMITED,        62.68,        62.02,        63.75,        61.06,        63.08,                   438855.94,7027,N, ,137,       102.00,        57.10
N,MUNISH FORGE LIMITED,       103.00,       104.00,       107.85,       101.95,       103.65,                  9409740.00,88800,N, ,37,       143.00,        95.50
N,MUNJAL AUTO IND. LTD.,        79.85,        80.13,        85.20,        80.13,        83.42,                 40400678.83,483129,N, ,5871,       114.55,        60.52
N,MUNJAL SHOWA LTD,       123.30,       124.90,       127.65,       122.52,       125.40,                  6542502.66,52060,N, ,1350,       164.00,       104.20
N,MURUDESHWAR CERAMICS LTD,        34.65,        34.65,        35.40,        34.65,        35.13,                  1157219.54,32989,N, ,437,        53.90,        29.92
N,MUTHOOT CAP SERV LTD,       272.30,       273.70,       291.20,       271.85,       278.80,                 27638871.85,98411,N, ,1981,       366.30,       234.01
N,MUTHOOT FINANCE LIMITED,      3839.00,      3835.00,      3884.80,      3797.70,      3820.80,               1517991348.40,394926,N, ,49683,      3890.00,      1965.00
N,MUTHOOT MICROFIN LIMITED,       172.49,       175.10,       179.09,       172.00,       176.37,                 29809984.72,169357,N, ,4444,       199.39,       119.25
N,MANOJ VAIBHAV GEM N JEW L,       182.00,       181.60,       185.50,       181.60,       183.45,                 16194732.56,88216,N, ,1473,       315.50,       174.35
N,MANGALAM WORLDWIDE LTD,       279.35,       280.75,       283.25,       271.00,       272.55,                 46655574.95,169377,N, ,2787,       286.50,       132.00
N,MY MUDRA FINCORP LIMITED,        91.25,        93.00,        94.00,        91.05,        91.05,                   669000.00,7200,N, ,6,       119.10,        51.60
N,NAGARJUN FERT AND CHE LTD,         5.43,         5.35,         5.47,         5.25,         5.37,                  3025694.31,561616,N, ,889,         9.61,         4.04
N,NAGREEKA EXPORTS LTD.,        25.44,        25.22,        25.95,        25.22,        25.65,                   363267.17,14226,N, ,97,        43.50,        22.50
N,NAHAR CAP & FIN.,       253.50,       255.60,       263.95,       253.65,       259.10,                  1080005.30,4183,N, ,165,       376.65,       215.00
N,NAHAR INDS ENT LTD,       107.97,       108.25,       114.99,       108.10,       110.66,                  2188420.38,19636,N, ,646,       150.00,        88.80
N,NAHAR POLY FILMS LIMITED,       232.93,       231.01,       240.35,       230.00,       238.31,                  4512779.27,19169,N, ,1084,       389.95,       176.42
N,NAHAR SPINNING MILLS LTD.,       193.99,       192.80,       197.59,       192.80,       194.57,                  2451728.39,12574,N, ,546,       309.00,       185.10
N,NIPPON L I A M LTD,       875.05,       879.95,       895.00,       870.60,       892.30,                286060997.75,323554,N, ,18955,       987.35,       498.05
N,NAMO EWASTE MANAGEMENT L,       181.60,       181.70,       188.30,       181.70,       184.05,                  2966280.00,16000,N, ,19,       229.90,       127.00
N,NATURAL CAPSULES LIMITED,       181.01,       178.50,       199.11,       178.50,       197.67,                  9116893.54,46169,N, ,755,       296.00,       160.00
N,NATCO PHARMA LTD.,       888.20,       888.20,       903.00,       887.15,       893.05,                407693223.05,454790,N, ,21560,      1420.00,       726.80
N,NATH BIO-GENES (I) LTD,       156.29,       157.01,       163.00,       154.81,       161.14,                  1635344.61,10347,N, ,408,       238.69,       137.55
N,NATIONAL ALUMINIUM CO LTD,       314.60,       316.20,       331.40,       315.70,       330.30,               6932590152.65,21272570,N, ,127597,       331.40,       137.75
N,NAVA LIMITED,       565.00,       565.00,       574.80,       563.25,       573.45,                107471198.30,188199,N, ,6689,      1014.90,       356.05
N,NAVIN FLUORINE INT. LTD,      5932.50,      5915.00,      5997.00,      5881.50,      5903.00,                652945053.50,110033,N, ,17647,      6223.00,      3180.00
N,NAVKAR CORPORATION LTD.,       101.14,       102.00,       102.00,       100.31,       101.32,                 15184411.04,150280,N, ,2331,       176.43,        80.54
N,NAVKAR URBANSTRUCTURE LTD,         1.65,         1.73,         1.73,         1.57,         1.73,                 10377354.92,6101237,N, ,1642,        21.40,         1.17
N,NAVNEET EDUCATION LTD,       142.04,       142.54,       152.70,       140.00,       147.64,                196872642.39,1317436,N, ,21614,       168.50,       127.51
N,NAZARA TECHNOLOGIES LTD,       280.00,       281.00,       286.30,       277.65,       285.15,                969015456.25,3420658,N, ,16611,      1453.00,       221.35
N,NBCC (INDIA) LIMITED,       122.10,       122.50,       123.43,       121.51,       122.67,               1023610090.79,8357400,N, ,37723,       130.70,        70.80
N,N.B.I. IND. FIN. CO. LTD,      2238.00,      2209.40,      2257.90,      2201.10,      2232.90,                   368379.10,165,N, ,34,      3325.35,      2050.00
N,NCC LIMITED,       161.62,       162.22,       162.30,       159.20,       161.49,                628925693.32,3914729,N, ,26944,       280.95,       152.20
N,NCL INDUSTRIES LIMITED,       203.16,       203.21,       209.17,       201.21,       207.50,                 26305596.75,127868,N, ,2352,       239.39,       179.21
N,NAGA DHUNSERI GROUP LTD,      2826.70,      2946.00,      2946.00,      2800.00,      2804.00,                  1283757.60,453,N, ,79,      4685.40,      2790.00
N,NANDAN DENIM LIMITED,         2.93,         2.94,         2.99,         2.94,         2.96,                  2878155.02,972990,N, ,1703,         5.18,         2.84
N,NDL VENTURES LIMITED,        88.33,        88.52,        90.77,        88.33,        89.89,                   475773.42,5309,N, ,55,       113.99,        48.94
N,NDR AUTO COMPONENTS LTD,       805.00,       810.00,       826.80,       805.50,       821.85,                 13628236.25,16658,N, ,2200,      1220.00,       551.00
N,NDTV LTD,        99.37,        99.55,       101.50,        98.23,       100.28,                 38564287.90,387751,N, ,4484,       177.95,        77.11
N,NORTH EAST CARRY CORP LTD,        18.20,        18.36,        18.75,        18.26,        18.63,                  1759571.56,95170,N, ,344,        39.00,        17.65
N,NEELAM LINENS & GAR (I) L,        14.00,        14.00,        14.00,        14.00,        14.00,                    84000.00,6000,N, ,1,        59.95,        11.80
N,NELCAST LIMITED,       103.93,       103.42,       106.89,       103.42,       105.66,                  7043486.36,66724,N, ,1752,       180.90,        78.55
N,NELCO LTD,       722.10,       727.20,       733.00,       722.75,       729.60,                 40007084.05,54839,N, ,4321,      1416.95,       706.95
N,NEOCHEM BIO SOLUTIONS LTD,        85.50,        88.80,        88.95,        84.25,        84.45,                  3485580.00,40800,N, ,27,       113.40,        84.25
N,NEOGEN CHEMICALS LIMITED,      1176.00,      1182.00,      1182.00,      1150.20,      1154.30,                 60507469.50,52167,N, ,5662,      2275.00,       966.70
N,NEPHROCARE HEALTH SERV L,       455.80,       457.00,       478.15,       457.00,       474.40,                140751965.05,297576,N, ,11487,       499.00,       446.00
N,NEPTUNE PETROCHEMICALS L,       201.95,       196.55,       204.30,       196.50,       199.50,                  4193600.00,21000,N, ,21,       239.00,       126.30
N,NESCO LTD.,      1225.00,      1215.40,      1253.30,      1215.40,      1245.90,                 31649831.00,25491,N, ,3633,      1638.90,       842.60
N,NETWEB TECH INDIA LTD,      3075.90,      3070.00,      3071.00,      3012.00,      3024.10,                892215216.30,294265,N, ,27459,      4479.00,      1251.55
N,NETWORK18 MEDIA & INV LTD,        43.11,        43.25,        44.24,        42.57,        43.78,                121973926.77,2801698,N, ,14428,        74.60,        39.66
N,NEULAND LAB LTD.,     15060.00,     15060.00,     15490.00,     14980.00,     15276.00,                380514345.00,25090,N, ,9877,     19747.00,     10190.70
N,NEWGEN SOFTWARE TECH LTD,       834.90,       834.90,       845.00,       828.20,       840.15,                 95240949.55,113946,N, ,6959,      1798.90,       758.20
N,NEWJAISA TECHNOLOGIES LTD,        27.95,        27.40,        27.40,        27.40,        27.40,                    41100.00,1500,N, ,1,        89.00,        25.55
N,NEXT MEDIAWORKS LIMITED,         6.11,         6.11,         6.18,         6.00,         6.10,                    25922.28,4247,N, ,38,         8.65,         5.11
N,NATIONAL FERT. LTD,        90.35,        90.84,        92.70,        90.30,        91.66,                180239106.15,1966286,N, ,10303,       122.70,        71.00
N,NAKODA GROUP OF IND. LTD,        30.77,        31.00,        31.00,        29.52,        29.96,                   439313.17,14611,N, ,143,        48.00,        22.19
N,NGL FINE CHEM LIMITED,      1396.60,      1403.50,      1420.00,      1391.00,      1408.10,                   989215.50,704,N, ,84,      2050.00,       957.00
N,NARAYANA HRUDAYALAYA LTD.,      1934.40,      1934.80,      1938.30,      1910.60,      1921.10,                494568139.80,257083,N, ,23394,      2370.20,      1256.55
N,NATIONAL HIGHW INFRA TRUS,       148.00,       148.00,       148.00,       148.00,       148.00,                 18500000.00,125000,N, ,1,       151.00,       128.85
N,NHPC LTD,        79.56,        79.56,        83.93,        79.50,        83.62,               2676747609.02,32430153,N, ,98068,        92.34,        71.00
N,THE NEW INDIA ASSU CO LTD,       155.52,       155.77,       157.71,       155.01,       157.04,                 90960399.60,580591,N, ,7748,       214.74,       135.60
N,NIBE LIMITED,      1141.70,      1150.00,      1250.00,      1133.50,      1236.80,                209630546.70,172675,N, ,10648,      2001.00,       761.50
N,NRB INDUS. BEARINGS LTD.,        36.38,        36.49,        37.39,        36.16,        36.38,                  2580229.45,70414,N, ,640,        40.80,        19.50
N,NIDAN LABS AND HEALTH LTD,        18.60,        18.60,        18.90,        18.60,        18.85,                   131250.00,7000,N, ,7,        29.45,        16.05
N,NIIT LIMITED,        91.23,        91.26,        93.75,        90.70,        92.65,                 34478923.15,372876,N, ,3982,       204.20,        85.50
N,NIIT LEARNING SYSTEMS LTD,       399.55,       396.00,       416.00,       394.80,       414.15,                 76536371.20,186483,N, ,5872,       499.00,       300.05
N,NILA INFRASTRUCTURES LTD,         9.49,         9.60,         9.73,         9.55,         9.64,                  2207872.06,228750,N, ,657,        15.49,         8.12
N,NILKAMAL LIMITED,      1399.00,      1405.00,      1424.80,      1386.30,      1406.40,                  7768670.40,5547,N, ,417,      2020.00,      1330.70
N,NINTEC SYSTEMS LIMITED,       397.60,       397.65,       401.35,       391.90,       398.50,                  1722465.45,4323,N, ,215,       575.00,       381.55
N,INDO-NATIONAL LIMITED,       407.20,       405.00,       417.90,       396.00,       413.65,                  1731544.65,4217,N, ,367,       580.55,       388.10
N,NIRAJ CEMENT STRUC LTD,        40.17,        40.70,        40.70,        38.80,        39.24,                  7143167.90,181725,N, ,1258,        72.37,        27.20
N,NIRAJ ISPAT IND LTD,       208.79,       222.00,       222.00,       199.15,       201.46,                   436258.69,2064,N, ,111,       612.50,       189.99
N,NIRMAN AGRI GENTICS LTD,        61.00,        61.00,        62.45,        60.55,        61.30,                   880770.00,14400,N, ,46,       456.00,        51.50
N,NITCO LIMITED,       101.16,       101.00,       101.12,        98.50,        99.14,                 12216687.13,122389,N, ,1685,       163.95,        78.11
N,NITIN SPINNERS LIMITED,       317.95,       315.60,       321.50,       313.50,       320.15,                 15552954.75,49060,N, ,1124,       455.00,       290.50
N,NITIRAJ ENGINEERS LTD,       187.41,       189.00,       190.00,       183.00,       186.60,                   233265.18,1253,N, ,32,       421.60,       177.35
N,NIVA BUPA HEALTH INS CO L,        75.08,        75.35,        75.51,        74.85,        75.16,                 53605536.51,713011,N, ,8752,        95.21,        68.54
N,NK INDUSTRIES LTD,        64.78,        71.00,        71.00,        67.55,        69.22,                   255159.24,3702,N, ,103,        87.78,        53.00
N,NLC INDIA LIMITED,       256.15,       256.80,       273.75,       255.35,       272.00,               1625154560.95,6070028,N, ,67071,       292.20,       186.03
N,NMDC LTD.,        83.66,        84.11,        84.96,        83.83,        84.53,               2336404268.93,27683548,N, ,56022,        84.96,        59.53
N,NEWMALAYALAM STEEL LTD,        31.05,        29.00,        30.05,        29.00,        30.05,                   190480.00,6400,N, ,4,        81.25,        23.35
N,NOCIL LIMITED,       152.73,       153.00,       154.04,       151.88,       151.99,                 52364609.32,343363,N, ,2912,       257.00,       150.80
N,NOIDA TOLL BRIDGE CO LTD,         4.09,         4.15,         4.15,         3.96,         4.11,                   328433.30,80751,N, ,333,        14.31,         2.57
N,NORTHERN ARC CAPITAL LTD,       250.19,       249.30,       261.50,       249.30,       259.45,                196547804.52,762332,N, ,11853,       290.00,       141.47
N,NOVA AGRITECH LIMITED,        38.82,        38.99,        41.38,        38.99,        39.80,                 10982733.66,272370,N, ,1996,        70.10,        37.59
N,NETWORK PEOPLE SRV TECH L,      1366.30,      1373.20,      1421.80,      1360.20,      1410.00,                 14901977.70,10600,N, ,1315,      2740.00,      1345.30
N,N R AGARWAL INDS LTD,       474.90,       484.75,       484.75,       469.00,       475.40,                  3480443.95,7337,N, ,959,       514.00,       205.75
N,NRB BEARING LIMITED,       272.40,       273.50,       275.00,       267.85,       269.05,                125804834.90,465953,N, ,5970,       313.25,       191.45
N,NUPUR RECYCLERS LIMITED,        56.68,        56.17,        57.85,        56.16,        56.80,                  1470901.77,25884,N, ,464,       108.00,        52.70
N,NALWA SONS INVESTMENT LTD,      6519.00,      6501.00,      6624.00,      6501.00,      6543.50,                 15068646.50,2297,N, ,792,      8380.00,      6350.00
N,NMDC STEEL LIMITED,        44.09,        44.14,        45.79,        43.87,        45.69,                327324204.20,7252072,N, ,23170,        49.65,        32.13
N,NTPC GREEN ENERGY LIMITED,        95.21,        95.39,        97.30,        94.83,        97.11,                503488517.38,5211705,N, ,27095,       133.98,        84.55
N,NUCLEUS SOFTWARE EXPORTS,       922.15,       911.10,       928.75,       911.10,       920.45,                  4900245.50,5320,N, ,697,      1378.00,       725.00
N,NURECA LIMITED,       310.80,       316.90,       317.95,       301.10,       302.70,                  3984367.90,13079,N, ,722,       447.50,       203.62
N,NUVAMA WEALTH MANAGE LTD,      1458.50,      1459.00,      1476.00,      1453.00,      1468.20,                368881133.00,251732,N, ,13897,      8508.50,      1432.00
N,NUVOCO VISTAS CORP LTD,       350.20,       351.80,       358.00,       349.60,       356.55,                 52163479.05,146917,N, ,15166,       477.50,       287.05
N,NEXUS SELECT TRUST,       157.80,       158.50,       160.20,       157.50,       159.70,                 55294969.47,346758,N, ,4599,       168.35,       120.00
N,FSN E COMMERCE VENTURES,       265.75,       266.60,       268.40,       263.00,       264.90,               1108488743.05,4186213,N, ,43803,       273.22,       154.90
N,ORIENTAL AROMATICS LTD,       289.50,       281.00,       294.30,       281.00,       289.95,                   526811.90,1812,N, ,193,       456.00,       261.55
N,ORISSA BENGAL CARRIER LTD,        55.68,        55.50,        56.60,        55.00,        55.10,                   150837.22,2709,N, ,31,        64.84,        49.01
N,OBEROI REALTY LIMITED,      1695.90,      1699.00,      1736.00,      1680.30,      1730.00,                697965536.50,404480,N, ,20820,      2337.70,      1451.95
N,OBSC PERFECTION LIMITED,       307.85,       313.20,       313.95,       300.00,       304.85,                 11004080.00,36000,N, ,61,       360.00,       144.90
N,OCCL LIMITED,       100.88,        99.35,       102.40,        99.35,       102.00,                  3164337.47,31240,N, ,356,       159.42,        63.63
N,ODIGMA CONSULTANCY SOL L,        31.78,        31.79,        32.40,        31.51,        32.05,                   884992.93,27760,N, ,711,        77.30,        29.05
N,ORACLE FIN SERV SOFT LTD.,      7687.50,      7686.00,      7741.00,      7655.00,      7731.50,                422671892.50,54875,N, ,8403,     13220.00,      7038.00
N,OIL INDIA LTD,       427.55,       427.55,       431.50,       426.30,       428.85,                461948848.25,1077168,N, ,23811,       494.55,       325.00
N,OIL COUNTRY TUBULAR LTD,        61.05,        61.74,        63.69,        59.80,        61.96,                  3090521.75,50770,N, ,788,       100.66,        59.27
N,OLA ELECTRIC MOBILITY LTD,        37.52,        37.89,        41.20,        37.72,        40.89,              11429579356.30,285226155,N, ,379694,        88.59,        30.76
N,OLECTRA GREENTECH LIMITED,      1200.60,      1211.70,      1274.80,      1211.70,      1248.00,               3212202528.70,2554292,N, ,97882,      1714.20,       989.95
N,ONECLICK LOGISTICS IND L,       303.90,       303.90,       310.00,       300.90,       305.70,                 14938900.00,48800,N, ,49,       355.00,        98.15
N,OMAX AUTOS LTD,        99.78,       100.28,       109.70,       100.00,       107.79,                 31279612.94,296056,N, ,4975,       165.80,        77.55
N,OMAXE LIMITED,        80.90,        81.00,        81.90,        78.50,        79.99,                 16164951.82,203071,N, ,2090,       117.00,        62.50
N,OM FREIGHT FORWARDERS LTD,        93.68,        94.20,        95.35,        92.75,        94.63,                  5259515.82,55941,N, ,1206,       107.40,        81.10
N,OM INFRA LIMITED,        96.89,        98.00,        99.00,        96.50,        98.14,                  5424441.74,55465,N, ,1645,       174.80,        96.00
N,ON DOOR CONCEPTS LIMITED,       115.00,       115.15,       117.15,       113.00,       117.15,                   346890.00,3000,N, ,10,       321.10,       108.00
N,ONE POINT ONE SOL LTD,        53.47,        53.98,        54.49,        53.37,        54.09,                 27989627.54,517954,N, ,4193,        69.99,        41.01
N,ONESOURCE SPECL PHARMA L,      1787.70,      1762.20,      1804.10,      1746.10,      1799.50,                271825426.20,152688,N, ,15357,      2248.00,      1209.95
N,ONMOBILE GLOBAL LTD.,        57.76,        57.76,        59.50,        57.69,        59.36,                 11102980.10,188614,N, ,3090,        75.73,        41.07
N,ONWARD TECHNOLOGIES LTD,       294.00,       294.00,       306.00,       292.00,       303.70,                 15022721.00,49826,N, ,3266,       385.00,       206.00
N,ONYX BIOTEC LIMITED,        40.05,        38.20,        38.20,        38.20,        38.20,                    76400.00,2000,N, ,1,        97.45,        28.10
N,OPTIEMUS INFRACOM LTD,       493.05,       494.00,       517.85,       493.70,       507.05,                 85953488.75,169213,N, ,6826,       793.00,       378.45
N,OPTIVALUE TEK CONSULT LTD,        87.95,        88.00,        88.50,        81.60,        81.95,                  2904160.00,33600,N, ,20,       107.55,        67.95
N,ORBIT EXPORTS LIMITED,       193.53,       194.27,       196.79,       192.00,       195.19,                  1817719.47,9322,N, ,394,       265.00,       138.70
N,ORCHASP LIMITED,         2.98,         3.04,         3.20,         2.96,         3.09,                  4282728.66,1386294,N, ,913,         4.16,         2.11
N,ORCHID PHARMA LIMITED,       793.15,       797.05,       805.00,       784.80,       794.65,                 21736233.70,27346,N, ,2588,      1997.40,       603.80
N,ORIANA POWER LIMITED,      2250.20,      2255.00,      2287.80,      2240.10,      2251.75,                 48103350.00,21300,N, ,215,      3064.00,      1000.00
N,ORIENTAL TRIMEX LTD,         8.23,         8.26,         8.34,         8.20,         8.28,                   873669.87,105437,N, ,505,        17.60,         7.82
N,ORIENT BELL LIMITED,       308.80,       300.00,       321.90,       300.00,       303.35,                  8991700.25,28903,N, ,2384,       338.20,       216.00
N,ORIENT CEMENT LTD.,       172.29,       172.88,       174.06,       171.73,       173.75,                119366603.75,689273,N, ,5549,       362.40,       150.65
N,ORIENT CERATECH LIMITED,        54.12,        54.72,        56.64,        54.00,        55.07,                 34906356.61,628983,N, ,8440,        56.64,        28.67
N,ORIENT ELECTRIC LIMITED,       174.38,       174.60,       177.88,       173.42,       176.89,                 15942109.33,90808,N, ,2602,       248.90,       155.35
N,ORIENT HOTELS LTD,       109.89,       110.60,       111.29,       107.00,       107.93,                 29975658.68,275218,N, ,4114,       187.35,        98.08
N,ORIENT PRESS LIMITED,        77.56,        77.18,        78.40,        76.04,        77.00,                   676708.13,8794,N, ,154,       129.13,        73.80
N,ORIENT PAPER AND INDS LTD,        22.73,        22.80,        23.30,        22.60,        23.14,                  7778430.39,337982,N, ,1211,        38.04,        20.82
N,ORIENT TECHNOLOGIES LTD,       433.70,       433.70,       482.80,       430.70,       447.60,              18930697098.10,40741166,N, ,377494,       674.85,       294.20
N,ORISSA MIN DEV CO LTD,      4985.50,      5000.00,      5185.00,      5000.00,      5162.00,                115383147.50,22457,N, ,5046,      7364.00,      4310.00
N,ORKLA INDIA LIMITED,       633.50,       635.00,       641.75,       625.75,       635.40,                 51631235.20,81248,N, ,7585,       760.00,       587.05
N,OSIA HYPER RETAIL LIMITED,        16.25,        15.80,        16.19,        15.44,        15.58,                 17333429.65,1112854,N, ,2139,        33.08,        11.31
N,OSWAL AGRO MILLS LTD,        58.28,        58.23,        59.08,        57.50,        58.87,                  2421781.36,41440,N, ,1478,       110.80,        55.00
N,OSWAL GREENTECH LIMITED,        33.13,        33.13,        33.79,        32.92,        33.69,                  6937715.06,207329,N, ,4362,        53.10,        30.15
N,OSWAL PUMPS LIMITED,       525.35,       527.80,       538.00,       522.60,       528.45,                199717431.30,376571,N, ,9983,       888.40,       486.20
N,SHREEOSWAL S AND CHE LTD,        17.54,        17.95,        17.95,        16.67,        17.72,                  9038439.87,527127,N, ,800,        20.30,        10.72
N,OWAIS METAL & MINERAL,       270.60,       277.00,       277.05,       249.90,       256.05,                 11181670.00,43000,N, ,327,      1224.00,       249.90
N,PACE DIGITEK LIMITED,       187.75,       189.60,       191.00,       186.88,       188.95,                102976418.08,545310,N, ,7017,       231.95,       183.30
N,PAGE INDUSTRIES LTD,     35645.00,     35695.00,     36045.00,     35490.00,     35775.00,                875138670.00,24470,N, ,7221,     50590.00,     35310.00
N,PAISALO DIGITAL LIMITED,        36.46,        36.40,        36.50,        36.16,        36.30,                 59012451.59,1624039,N, ,3966,        51.95,        29.38
N,PAKKA LIMITED,       105.24,       106.07,       109.99,       105.18,       108.95,                  9671717.57,89208,N, ,2788,       335.00,        95.20
N,PALASH SECURITIES LTD,       109.03,       109.80,       109.80,       106.10,       107.23,                   293700.94,2717,N, ,53,       171.25,       104.00
N,PALRED TECHNOLOGIES LTD,        44.91,        47.15,        47.15,        47.15,        47.15,                   166109.45,3523,N, ,22,        86.00,        36.34
N,PANACEA BIOTEC LTD,       377.65,       380.90,       383.60,       371.55,       379.85,                 46510493.40,123508,N, ,2921,       581.90,       281.10
N,PANAMA PETROCHEM LTD,       306.90,       311.00,       318.70,       308.00,       311.55,                 67858688.10,217532,N, ,8903,       403.90,       265.55
N,PAR DRUGS AND CHEM LTD,       101.68,       104.00,       104.00,       101.01,       101.30,                   355261.77,3491,N, ,103,       220.00,        81.01
N,PARAMOUNT COMM LTD,        39.16,        39.20,        39.70,        38.80,        39.40,                 18492415.80,471665,N, ,3685,        87.30,        33.96
N,PARADEEP PHOSPHATES LTD,       164.88,       165.78,       166.10,       164.10,       164.56,                405649230.24,2460495,N, ,20692,       234.39,        83.25
N,PARAG MILK FOODS LTD.,       303.05,       304.40,       306.00,       296.80,       304.55,                234127390.75,775679,N, ,10339,       376.95,       135.49
N,PARAGON FINE S.C. LTD.,        41.00,        41.00,        42.00,        40.50,        41.85,                   248700.00,6000,N, ,5,       100.05,        38.00
N,PARAMOUNT DYE TEC LIMITED,        51.90,        51.90,        51.90,        49.45,        49.45,                   183900.00,3600,N, ,3,        90.00,        44.55
N,PARAS DEF AND SPCE TECH L,       683.95,       682.00,       688.95,       680.10,       683.75,                172968175.40,252756,N, ,11282,      1945.00,       608.60
N,PARAS PETROFILS LTD.,         1.83,         1.83,         2.00,         1.83,         1.95,                   416144.92,214790,N, ,524,         3.44,         1.57
N,PARK MEDI WORLD LIMITED,       149.90,       149.10,       151.50,       148.31,       149.73,                107342245.42,715698,N, ,7691,       165.87,       138.10
N,PARKHOTELS,       132.62,       133.75,       136.78,       132.45,       135.08,                197596718.47,1475213,N, ,6779,       206.20,       126.91
N,PARSVNATH DEVELOPER LTD,        10.21,        10.28,        10.70,        10.28,        10.58,                  4611537.94,439464,N, ,1453,        27.39,         9.78
N,PARTH ELEC & ENG LTD,       210.95,       205.00,       207.00,       205.00,       206.50,                  1153920.00,5600,N, ,11,       306.40,       169.00
N,PARTY CRUISERS LIMITED,        91.00,        91.00,        91.20,        90.45,        91.10,                   727050.00,8000,N, ,8,       140.00,        63.05
N,PASHUPATI COTSPIN LIMITED,       806.70,       820.05,       823.95,       807.00,       808.60,                   862024.65,1059,N, ,187,       860.00,       509.90
N,PASUPATI ACRYLON LIMITED,        52.00,        52.00,        52.98,        51.00,        51.34,                  7170485.24,138716,N, ,1483,        63.50,        38.64
N,PATANJALI FOODS LIMITED,       552.55,       553.00,       559.20,       545.65,       557.00,               1636399258.35,2959410,N, ,20209,      2011.00,       521.00
N,PATEL ENGINEERING LTD.,        28.42,        28.55,        29.00,        28.34,        28.82,                143726922.46,5016670,N, ,10975,        53.70,        27.28
N,PATEL RETAIL LIMITED,       198.51,       198.00,       203.98,       195.96,       202.95,                 25423354.77,126284,N, ,3161,       305.00,       195.96
N,PATIL AUTOMATION LIMITED,       178.95,       180.00,       186.00,       177.00,       179.00,                  5469360.00,30000,N, ,43,       268.90,       153.90
N,PATEL INT. LOG. LTD,        13.75,        13.90,        14.15,        13.66,        13.94,                   552183.39,39603,N, ,303,        23.70,        12.90
N,PAUSHAK LIMITED,       586.70,       589.60,       598.35,       580.00,       590.05,                 11933314.50,20383,N, ,1661,       633.05,       541.55
N,PAVNA INDUSTRIES LIMITED,        22.88,        23.40,        23.40,        22.30,        22.75,                  2784026.42,122271,N, ,956,       564.00,        19.80
N,ONE 97 COMMUNICATIONS LTD,      1291.70,      1292.00,      1342.90,      1290.00,      1340.60,               2937047953.70,2213835,N, ,52742,      1381.80,       651.50
N,PCBL CHEMICAL LIMITED,       296.25,       297.00,       302.00,       296.00,       300.35,                268267648.15,897278,N, ,19326,       471.30,       282.80
N,PETRO CARBON AND CHEMI L,       207.70,       202.10,       218.00,       202.00,       214.35,                  3233160.00,15200,N, ,34,       228.00,       150.00
N,PC JEWELLER LTD,         9.30,         9.30,         9.60,         9.17,         9.55,                439716256.51,46651764,N, ,28971,        19.65,         8.67
N,PUDUMJEE PAPER PRO. LTD,        98.51,        98.76,        98.76,        96.90,        97.67,                  5510992.18,56462,N, ,1216,       203.80,        91.01
N,PDS LIMITED,       373.70,       371.50,       373.35,       366.05,       368.80,                 14851033.85,40254,N, ,2128,       619.95,       289.95
N,PEARL POLYMERS LTD,        23.39,        23.28,        23.37,        23.00,        23.02,                   422952.52,18354,N, ,161,        41.00,         5.15
N,PELATRO LIMITED,       349.90,       355.00,       359.50,       352.00,       355.00,                  1806165.00,5100,N, ,14,       559.90,       283.20
N,PENNAR INDUSTRIES LTD,       202.79,       203.39,       203.62,       196.55,       202.77,                146470534.79,730844,N, ,9804,       279.90,       135.65
N,PENINSULA LAND LIMITED,        24.60,        24.89,        25.67,        24.60,        25.23,                  6335917.70,251609,N, ,2393,        46.92,        20.87
N,PERSISTENT SYSTEMS LTD,      6282.50,      6285.00,      6329.00,      6229.00,      6289.50,                928528239.00,147711,N, ,22873,      6768.80,      4148.95
N,PETRONET LNG LIMITED,       288.10,       288.20,       292.05,       284.65,       291.05,                710055977.65,2451474,N, ,22487,       349.50,       263.50
N,PFIZER LTD,      4915.80,      4917.50,      4941.10,      4865.00,      4887.20,                 76386412.20,15609,N, ,4855,      5993.00,      3701.00
N,PRIME FOCUS LIMITED,       229.32,       229.99,       237.52,       225.25,       232.98,                642444089.68,2770962,N, ,24725,       247.79,        85.00
N,PTC INDIA FIN SERV LTD,        33.75,        33.73,        34.42,        33.40,        34.28,                 29531810.96,867925,N, ,6773,        45.92,        29.41
N,PG ELECTROPLAST LTD,       578.95,       578.50,       612.00,       577.15,       602.70,               2902809481.30,4817198,N, ,77175,      1054.20,       465.00
N,P&G HYGIENE & HEALTH CARE,     12985.00,     12937.00,     12993.00,     12803.00,     12854.00,                 38100178.00,2963,N, ,2029,     15597.75,     12105.60
N,PROCTER & GAMBLE HEALTH L,      5722.50,      5711.00,      5715.00,      5661.50,      5701.50,                 16479272.50,2894,N, ,1029,      6739.00,      4903.85
N,PEARL GLOBAL IND LIMITED,      1601.20,      1600.00,      1700.80,      1597.10,      1653.70,                182902672.50,110000,N, ,13375,      1993.30,       875.00
N,POWERGRID INFRA. INVITS,        88.92,        89.28,        89.75,        88.90,        89.63,                103328621.43,1158659,N, ,8551,        98.19,        74.96
N,PHANTOM DIGITAL EFF LTD,       241.00,       239.00,       244.95,       235.50,       238.95,                  4805265.00,20100,N, ,48,       327.95,       165.00
N,THE PHOENIX MILLS LTD,      1872.70,      1872.70,      1908.90,      1860.30,      1903.40,                708844856.40,373797,N, ,23984,      1908.90,      1402.50
N,PHOENIX OVERSEAS LIMITED,        23.15,        24.50,        24.50,        23.00,        23.95,                  1618000.00,68000,N, ,33,        30.00,        16.75
N,PICCADILY AGRO INDUSTRI L,       604.55,       613.80,       629.95,       601.35,       613.75,                469058793.10,763852,N, ,23602,       805.50,       533.15
N,POWER INSTRUMENT (G) LTD,       123.75,       122.50,       126.50,       122.50,       125.30,                  4660504.66,37299,N, ,694,       417.00,       106.74
N,PI INDUSTRIES LTD,      3219.10,      3219.10,      3263.10,      3188.00,      3256.60,                356494926.30,110402,N, ,16353,      4330.00,      2951.10
N,PILANI INV & IND COR LTD,      5179.00,      5171.50,      5204.50,      5151.00,      5170.00,                 10129252.50,1959,N, ,461,      5877.00,      4980.00
N,PIL ITALICA LIFESTYLE LTD,         9.55,         9.89,         9.89,         9.40,         9.60,                   887331.64,92068,N, ,555,        20.64,         8.49
N,PINE LABS LIMITED,       235.12,       235.12,       236.97,       233.70,       235.39,                120891767.89,514025,N, ,11405,       284.00,       219.50
N,PIONEER EMBROIDERIES LTD,        28.20,        28.22,        29.15,        28.20,        28.37,                   191583.77,6737,N, ,90,        63.20,        26.77
N,PIRAMAL FINANCE LIMITED,      1645.00,      1655.50,      1731.70,      1647.40,      1712.50,                905142173.90,532364,N, ,36554,      1784.00,      1260.00
N,PITTI ENGINEERING LIMITED,       824.50,       830.30,       834.50,       821.30,       827.20,                 19129828.05,23114,N, ,1955,      1361.00,       753.30
N,PIX TRANSMISSIONS LIMITED,      1401.20,      1396.50,      1424.60,      1396.50,      1404.30,                  5118665.30,3636,N, ,574,      2571.95,      1220.10
N,THE P K TEA PROD CO LTD,       852.60,       857.75,       877.40,       842.40,       850.35,                   350886.50,412,N, ,57,      1013.90,       565.00
N,PLASTIBLENDS INDIA LTD,       163.76,       167.40,       167.40,       162.36,       166.03,                  1291511.98,7808,N, ,516,       264.98,       157.10
N,PLATINUM INDUSTRIES LTD,       246.05,       248.50,       249.50,       243.00,       245.65,                 24443045.22,99402,N, ,3311,       444.00,       225.00
N,PLAZA WIRES LIMITED,        41.50,        41.92,        42.25,        41.10,        42.07,                  1238181.18,29558,N, ,972,        80.50,        38.11
N,PNB GILTS LIMITED,        81.17,        81.17,        85.00,        81.17,        83.38,                 45028912.47,537701,N, ,4446,       119.80,        74.25
N,PNB HOUSING FIN LTD.,       986.60,       983.05,      1002.90,       980.45,       998.00,               1208821452.75,1213911,N, ,34655,      1141.90,       746.70
N,PRITISH NANDY COMMUNICATI,        27.51,        27.00,        27.90,        26.78,        26.85,                    47252.09,1751,N, ,111,        60.85,        22.12
N,PNC INFRATECH LTD.,       251.25,       250.60,       255.65,       250.55,       255.15,                 52457562.80,206522,N, ,4429,       338.80,       240.00
N,P N GADGIL JEWELLERS LTD,       604.75,       605.00,       615.00,       605.00,       612.75,                 39042757.10,63950,N, ,3451,       703.85,       473.80
N,PONDY OXIDES & CHEM LTD,      1518.90,      1518.90,      1544.40,      1502.00,      1539.10,                438560728.70,286972,N, ,14651,      1554.20,       490.00
N,PODDAR PIGMENTS LIMITED,       264.60,       265.00,       268.80,       262.30,       264.60,                  1098207.65,4160,N, ,111,       378.95,       250.00
N,POKARNA LIMITED,       840.05,       840.00,       857.00,       832.15,       845.90,                 61130734.70,72209,N, ,4342,      1451.65,       699.95
N,PB FINTECH LIMITED,      1805.80,      1808.80,      1808.80,      1776.60,      1781.80,               2051460884.40,1149164,N, ,38638,      2246.90,      1311.35
N,POLYCAB INDIA LIMITED,      7673.00,      7676.50,      7821.00,      7664.50,      7798.00,               1501013726.50,192881,N, ,29879,      7903.00,      4555.00
N,POLY MEDICURE LIMITED,      1742.50,      1742.50,      1788.00,      1727.10,      1769.70,                103346676.20,58894,N, ,7786,      2937.60,      1683.10
N,POLYPLEX CORPORATION LTD,       836.70,       837.00,       874.35,       834.05,       844.60,                119959456.50,140767,N, ,7571,      1410.95,       774.00
N,PONNIE SUGARS (ERODE) LTD,       269.20,       270.55,       270.55,       261.00,       263.95,                  7602159.70,28723,N, ,1056,       416.95,       261.00
N,POONAWALLA FINCORP LTD,       483.20,       484.70,       489.00,       478.30,       480.55,                339506732.55,704071,N, ,19544,       570.40,       267.20
N,POSITRON ENERGY LIMITED,       209.00,       209.00,       215.60,       208.00,       211.80,                  1716075.00,8100,N, ,25,       420.00,       202.55
N,HITACHI ENERGY INDIA LTD,     18482.00,     18600.00,     18978.00,     18541.00,     18803.00,               1523048033.00,81093,N, ,19973,     22840.00,      8801.00
N,POWER MECH PROJECTS LTD.,      2278.10,      2284.90,      2336.40,      2270.00,      2329.00,                 73063501.70,31564,N, ,4623,      3415.00,      1700.00
N,PPAP AUTOMOTIVE LIMITED,       212.10,       212.20,       219.55,       212.20,       217.07,                  2066517.26,9574,N, ,352,       294.79,       154.05
N,PRAKASH PIPES LIMITED,       238.08,       237.00,       242.50,       236.74,       240.56,                 15921482.32,66270,N, ,3539,       511.00,       220.32
N,PIRAMAL PHARMA LIMITED,       169.88,       170.10,       179.10,       170.10,       178.48,                875742228.35,4960834,N, ,82809,       273.35,       165.12
N,PICTUREPOST STUDIOS LTD,        10.40,        10.40,        10.45,        10.40,        10.45,                    62550.00,6000,N, ,2,        45.60,         9.00
N,PRABHA ENERGY LIMITED,       187.06,       184.50,       190.33,       182.00,       183.59,                  6257540.92,33849,N, ,1123,       315.90,       155.04
N,PRAJ INDUSTRIES LTD,       319.70,       321.00,       329.10,       320.45,       325.45,                248533775.75,765390,N, ,19921,       875.00,       293.40
N,PRAKASH INDUSTRIES LTD,       145.91,       146.90,       148.01,       145.54,       147.51,                 46571480.79,316403,N, ,3779,       190.90,       120.91
N,PRAKASH STEELAGE LTD,         5.40,         5.43,         5.92,         5.40,         5.67,                  7723028.13,1331517,N, ,1678,         8.64,         3.92
N,PRAMARA PROMOTIONS LTD,       349.50,       353.55,       353.55,       346.00,       346.90,                 15155125.00,43500,N, ,50,       362.95,       101.05
N,PRANIK LOGISTICS LIMITED,        55.50,        59.90,        63.05,        59.90,        61.35,                   488000.00,8000,N, ,5,       112.95,        48.10
N,PRATHAM EPC PROJECTS LTD,       149.90,       150.00,       150.00,       148.00,       148.00,                   595100.00,4000,N, ,10,       242.30,       133.00
N,PRAXIS HOME RETAIL LTD,         9.05,         9.06,         9.44,         9.05,         9.28,                   603810.59,65640,N, ,115,        22.91,         8.65
N,PRECISION CAMSHAFTS LTD.,       172.41,       173.79,       176.50,       168.70,       169.97,                 69487530.67,401653,N, ,6300,       380.00,       145.00
N,PRECISION METALIKS LTD,        11.60,        11.60,        11.60,        11.60,        11.60,                    69600.00,6000,N, ,2,        44.50,        11.60
N,PRECOT LIMITED,       394.95,       392.80,       396.80,       384.00,       385.35,                  1224968.20,3148,N, ,110,       643.65,       331.10
N,PRECISION WIRES INDIA LTD,       248.55,       250.00,       251.39,       244.23,       247.48,                113830844.61,460226,N, ,8184,       277.15,       118.00
N,PREMIER EXPLOSIVES LTD,       517.20,       522.35,       547.65,       517.20,       542.20,                288282649.75,537945,N, ,13803,       684.00,       309.15
N,PREMIER ENERGIES LIMITED,       847.20,       851.15,       856.75,       843.70,       845.90,                551609203.35,649867,N, ,19126,      1384.00,       774.05
N,PREMIER POLYFILM LTD,        40.63,        41.20,        42.25,        40.76,        41.91,                  2178058.21,52450,N, ,593,        85.17,        38.00
N,PREMIUM PLAST LIMITED,        38.50,        38.40,        40.00,        38.40,        39.50,                   697800.00,18000,N, ,6,        47.95,        26.05
N,PRESSTONIC ENGINEERING L,        60.50,        60.00,        62.00,        59.30,        60.65,                   145040.00,2400,N, ,3,       143.00,        56.00
N,PRESTIGE ESTATE LTD,      1604.10,      1601.00,      1622.80,      1600.50,      1618.80,                364753953.20,225652,N, ,14260,      1814.00,      1048.05
N,PRICOL LIMITED,       660.50,       662.00,       685.00,       660.80,       683.05,                535019295.90,793474,N, ,32005,       693.25,       367.85
N,PRIME CABLE INDUSTRIES L,        82.30,        83.15,        83.95,        80.00,        80.90,                  4180080.00,51200,N, ,30,       123.65,        70.70
N,PRIME SECURITIES LIMITED,       274.70,       273.60,       284.95,       273.35,       275.35,                 12296983.75,43803,N, ,1334,       325.00,       196.85
N,PRIMO CHEMICALS LIMITED,        23.52,        23.53,        24.19,        23.53,        23.93,                  1125422.37,47114,N, ,351,        31.39,        21.51
N,PRINCE PIPES FITTINGS LTD,       267.20,       267.75,       267.75,       260.50,       262.70,                 41662051.75,158272,N, ,5027,       435.00,       229.05
N,PRITI INTERNATIONAL LTD,        58.67,        58.68,        60.50,        57.27,        60.26,                  1244743.77,21136,N, ,271,       150.00,        54.50
N,PRITIKA ENG COMPO LTD,        81.50,        82.00,        84.00,        78.00,        78.00,                   800000.00,10000,N, ,4,       208.50,        66.50
N,PRITIKA AUTO INDUS LTD,        13.84,        13.99,        14.49,        13.95,        14.15,                  5442168.17,381638,N, ,1492,        26.77,        12.80
N,PRIVI SPECIALITY CHE LTD,      2799.20,      2792.80,      2808.80,      2700.00,      2780.90,               1149744641.30,416777,N, ,32979,      3440.50,      1368.15
N,PRIZOR VIZTECH LIMITED,       300.50,       300.00,       300.05,       292.50,       294.65,                  2259680.00,7600,N, ,18,       362.00,       105.10
N,PRO FX TECH LIMITED,        74.20,        75.00,        75.00,        75.00,        75.00,                   360000.00,4800,N, ,3,       136.90,        56.90
N,PROLIFE INDUSTRIES LTD,        73.15,        71.00,        71.65,        69.50,        70.25,                   663650.00,9500,N, ,16,       361.00,        69.50
N,P. E. ANALYTICS LIMITED,       182.00,       180.20,       180.20,       180.00,       180.00,                   324210.00,1800,N, ,3,       299.90,       156.60
N,PROSTARM INFO SYSTEMS LTD,       178.33,       178.00,       184.40,       178.00,       179.86,                 82847774.99,457850,N, ,7110,       253.49,       108.00
N,PROTEAN EGOV TECHNO LTD,       751.60,       756.80,       772.30,       752.55,       768.90,                132350929.95,172711,N, ,8082,      1535.00,       716.05
N,PRISM JOHNSON LIMITED,       138.54,       138.65,       139.90,       136.74,       139.16,                 31447862.98,227603,N, ,6578,       176.00,       105.30
N,PRUDENT CORP ADV SER LTD,      2551.60,      2542.00,      2625.00,      2505.80,      2594.00,                 80567339.20,31298,N, ,6720,      3098.00,      1570.00
N,PRUDENTIAL SUGAR CORPORAT,        19.94,        19.74,        20.70,        19.74,        20.03,                   360922.20,17810,N, ,170,        71.87,        19.52
N,PUNJAB & SIND BANK,        27.97,        28.61,        29.50,        28.56,        29.39,                273745844.00,9398640,N, ,22670,        52.00,        25.22
N,PARAMOUNT SPECIALI FORG L,        28.50,        28.40,        28.95,        28.40,        28.80,                   575300.00,20000,N, ,6,        78.00,        28.00
N,PSP PROJECTS LIMITED,       866.85,       872.00,       900.90,       872.00,       893.40,                100605755.70,113502,N, ,4995,      1029.90,       609.00
N,PTC INDIA LIMITED,       162.83,       162.90,       167.99,       162.26,       167.39,                239093894.94,1437370,N, ,16935,       207.00,       127.69
N,PTC INDUSTRIES LIMITED,     18352.00,     18304.00,     18395.00,     18050.00,     18103.00,                205468109.00,11297,N, ,4455,     19387.00,      9756.30
N,PTL ENTERPRISES LTD,        39.27,        39.69,        39.69,        39.15,        39.31,                  1807669.64,45981,N, ,609,        47.40,        34.72
N,PULZ ELECTRONICS LIMITED,        32.40,        32.35,        32.35,        30.50,        31.95,                  1405000.00,44000,N, ,10,        74.40,        28.25
N,PUNJAB CHEM & CROP PROT L,      1190.70,      1186.30,      1190.00,      1170.00,      1177.70,                  8333601.30,7077,N, ,1006,      1666.00,       662.00
N,PURPLE UNITED SALES LTD,       412.90,       413.00,       417.95,       394.00,       396.45,                  7201100.00,18000,N, ,62,       587.95,       119.55
N,PURAVANKARA LIMITED,       240.88,       240.88,       243.40,       239.11,       240.22,                 21070473.80,87269,N, ,2858,       402.45,       208.70
N,PURV FLEXIPACK LIMITED,        74.10,        74.10,        78.00,        74.10,        76.90,                  1104440.00,14400,N, ,9,       190.00,        69.00
N,PUSHPA JEWELLERS LIMITED,       100.20,       103.35,       103.35,       101.00,       102.50,                  1942750.00,19000,N, ,12,       148.75,        91.00
N,PVR INOX LIMITED,      1017.00,      1032.30,      1048.90,      1021.80,      1030.20,                665438225.60,642003,N, ,33669,      1347.65,       830.00
N,POPULAR VEHICLES N SER L,       121.55,       122.00,       122.74,       117.06,       118.26,                  4855404.73,40843,N, ,1762,       163.00,        86.75
N,PHYSICSWALLAH LIMITED,       132.63,       132.50,       136.08,       130.51,       131.12,                623162893.07,4678330,N, ,32527,       161.99,       121.22
N,PYRAMID TECHNOPLAST LTD,       162.86,       163.09,       166.44,       161.41,       165.01,                  7747964.30,47068,N, ,1098,       217.60,       134.91
N,QUALITY FOILS (INDIA) LTD,        63.15,        62.00,        62.00,        60.10,        60.85,                   425850.00,7000,N, ,5,       101.80,        56.00
N,QUALITY POWER ELEC EQUP L,       812.45,       806.00,       844.25,       790.00,       831.05,               2227711061.05,2737395,N, ,79312,      1082.00,       267.80
N,QUADRANT FUTURE TEK LTD,       330.40,       331.00,       347.55,       328.35,       336.95,                535870632.25,1576886,N, ,22647,       744.00,       248.55
N,QUESS CORP LIMITED,       208.33,       208.00,       216.00,       204.94,       215.04,                 99532023.86,470892,N, ,6100,       379.05,       197.33
N,QUEST LABORATORIES LTD,       111.00,       108.00,       111.00,       108.00,       109.00,                  1972080.00,18000,N, ,13,       160.00,        75.15
N,QUICK HEAL TECH LTD,       266.70,       267.80,       272.20,       265.10,       269.40,                 29106926.15,108023,N, ,3813,       680.00,       245.00
N,QUICKTOUCH TECHNOLOGIES L,        40.30,        40.40,        41.85,        40.00,        41.75,                   651700.00,16000,N, ,12,        98.45,        27.15
N,RACE ECO CHAIN LIMITED,       142.35,       141.99,       142.00,       140.05,       140.33,                   685389.14,4880,N, ,106,       385.00,       138.15
N,RACL GEARTECH LIMITED,      1114.80,      1114.80,      1159.60,      1114.00,      1152.10,                 22980573.70,20065,N, ,2437,      1347.80,       658.05
N,RADAAN MEDIAWORKS (I) LTD,         3.43,         3.47,         3.54,         3.41,         3.44,                    91131.01,26206,N, ,180,         7.42,         2.98
N,RADHIKA JEWELTECH LIMITED,        73.97,        73.22,        75.50,        73.22,        74.89,                 10020710.58,134282,N, ,2157,       118.99,        70.67
N,RADIANT CASH MGMT SER LTD,        51.84,        51.75,        52.49,        50.92,        51.42,                  5446149.67,106180,N, ,1549,        77.03,        49.38
N,RADICO KHAITAN LTD,      3253.90,      3253.90,      3254.00,      3086.00,      3094.20,               1854087129.90,592140,N, ,56872,      3591.90,      1845.50
N,MUSIC BROADCAST LIMITED,         6.75,         6.88,         6.88,         6.66,         6.79,                   980027.55,144726,N, ,399,        12.94,         6.02
N,RADIOWALLA NETWORK LTD,        60.45,        60.50,        63.00,        60.50,        63.00,                   397600.00,6400,N, ,4,       114.00,        50.00
N,RAILTEL CORP OF IND LTD,       370.95,       376.00,       381.00,       372.80,       376.15,                828898234.70,2205349,N, ,33057,       478.95,       265.50
N,RAIN INDUSTRIES LIMITED,       146.72,       146.00,       148.90,       145.25,       146.42,                426526870.53,2906101,N, ,13426,       179.69,        99.90
N,RAINBOW CHILDRENS MED LTD,      1315.40,      1312.10,      1327.10,      1307.00,      1318.90,                109994300.80,83475,N, ,7218,      1649.90,      1218.00
N,RAJPUTANA INDUSTRIES LTD,        84.50,        84.50,        85.50,        84.40,        85.25,                  1783950.00,21000,N, ,13,       101.90,        70.05
N,RAJNANDINI METAL LIMITED,         4.88,         4.88,         5.00,         4.60,         4.78,                  5621361.07,1186834,N, ,3693,         9.18,         3.75
N,RAJOO ENGINEERS LIMITED,        63.39,        63.20,        65.25,        62.30,        64.42,                 50284133.53,788816,N, ,6607,       145.88,        60.27
N,RAJPUTANA BIODIESEL LTD,       242.95,       240.10,       240.10,       240.10,       240.10,                   240100.00,1000,N, ,2,       383.85,       173.15
N,RAJRATAN GLOBAL WIRE LTD,       461.15,       462.75,       470.95,       459.85,       463.90,                 30134745.45,64659,N, ,2674,       510.00,       260.00
N,RAJSHREE SUGAR & CHEMICAL,        34.45,        34.40,        35.19,        34.00,        34.63,                  1807590.70,52189,N, ,598,        64.00,        30.37
N,RAJ TV NETWORK LTD,        43.22,        42.83,        43.14,        41.50,        42.25,                   285877.93,6790,N, ,71,        95.00,        36.70
N,RALLIS INDIA LTD,       277.10,       277.75,       277.75,       273.40,       273.90,                 58155682.95,211838,N, ,9300,       385.90,       196.00
N,SHREE RAMA NEWSPRINT LTD,        31.70,        33.00,        33.00,        31.50,        31.81,                   579293.99,18253,N, ,259,        44.78,        14.50
N,RAMA PHOSPHATES LIMITED,       160.78,       160.50,       176.40,       160.03,       170.79,                 89685819.29,523885,N, ,9690,       247.00,        80.85
N,RAMA STEEL TUBES LIMITED,         9.35,         9.35,         9.66,         9.29,         9.47,                156121261.48,16588336,N, ,8559,        14.90,         8.50
N,THE RAMCO CEMENTS LIMITED,      1058.30,      1059.30,      1063.50,      1049.50,      1056.70,                256119461.80,242569,N, ,12994,      1209.00,       788.20
N,RAMCO INDUSTRIES LIMITED,       311.15,       307.55,       322.00,       307.55,       314.45,                 21245476.00,67219,N, ,2344,       398.05,       215.00
N,RAMCO SYSTEMS LTD.,       568.30,       568.30,       577.40,       568.25,       573.55,                 21270336.55,37017,N, ,2489,       682.35,       270.00
N,RAMKY INFRA LTD,       551.25,       548.00,       556.00,       548.00,       554.75,                  9700750.40,17525,N, ,1228,       705.00,       402.25
N,RAM RATNA WIRES LIMITED,       310.10,       312.00,       314.65,       310.10,       311.35,                  5869210.85,18796,N, ,1138,       785.95,       305.00
N,RANA SUGARS LTD.,        12.28,        12.46,        12.58,        12.30,        12.49,                  1928880.16,154645,N, ,560,        19.25,        11.88
N,RANE HOLDINGS LIMITED,      1375.40,      1382.60,      1415.00,      1364.40,      1399.40,                 30805234.30,22163,N, ,4591,      1828.00,      1151.10
N,RAPID FLEET MGT SERVICE L,       183.00,       190.00,       192.00,       190.00,       190.00,                   457200.00,2400,N, ,4,       229.00,       171.00
N,RAPPID VALVES (INDIA) LTD,       300.00,       300.00,       300.00,       300.00,       300.00,                   720000.00,2400,N, ,4,       384.90,       215.20
N,RATEGAIN TRAVEL TECHN LTD,       702.00,       700.00,       700.00,       685.90,       693.85,                 94860988.95,136972,N, ,7706,       762.70,       412.85
N,RATNAMANI MET & TUB LTD.,      2389.40,      2383.40,      2386.20,      2325.00,      2354.00,                 25734159.60,10932,N, ,3082,      3329.85,      2256.00
N,RATNAVEER PRECISION ENG L,       152.91,       153.50,       157.20,       152.64,       155.92,                372614581.01,2395866,N, ,9255,       196.01,       115.99
N,RAYMOND LTD,       425.60,       426.90,       437.85,       425.25,       436.50,                 95558075.05,220325,N, ,7022,       783.90,       411.00
N,RAYMOND LIFESTYLE LIMITED,      1019.50,      1019.00,      1049.40,      1015.80,      1036.40,                 66427315.50,64349,N, ,6473,      2164.30,       911.35
N,RAYMOND REALTY LIMITED,       521.40,       526.60,       540.00,       518.65,       529.95,                 74636009.50,141461,N, ,3968,      1050.00,       460.00
N,RESTAURANT BRAND ASIA LTD,        63.54,        63.56,        65.45,        63.12,        65.04,                358289931.85,5531753,N, ,14192,        89.50,        59.40
N,RBL BANK LIMITED,       315.30,       315.00,       324.30,       314.25,       320.75,               2010054508.60,6278560,N, ,36868,       332.00,       146.10
N,RBM INFRACON LIMITED,       415.75,       412.50,       435.00,       410.05,       434.25,                  4991710.00,11600,N, ,49,       782.25,       249.85
N,RAMDEVBABA SOLVENT LTD,        95.00,        95.10,        95.10,        94.50,        95.00,                   531200.00,5600,N, ,7,       147.00,        90.00
N,RBZ JEWELLERS LIMITED,       139.37,       140.30,       143.39,       139.69,       142.49,                  9607385.60,67611,N, ,8188,       251.68,       125.50
N,RAJGOR CASTOR DERIVATI L,        21.10,        20.10,        20.10,        20.00,        20.00,                   300750.00,15000,N, ,5,        30.85,        16.55
N,RASHTRIYA CHEMICALS & FER,       146.07,       147.00,       149.80,       146.40,       149.19,                333918022.70,2250214,N, ,18110,       184.40,       110.80
N,READYMIX CONSTRU MACHI L,       116.00,       116.00,       116.00,       116.00,       116.00,                   232000.00,2000,N, ,2,       175.00,        55.20
N,REDINGTON LIMITED,       274.95,       274.80,       278.35,       274.75,       276.30,                214522168.35,776265,N, ,17059,       334.80,       176.94
N,REDTAPE LIMITED,       124.20,       124.48,       125.05,       123.51,       124.22,                 18827197.75,151440,N, ,2628,       907.70,       119.51
N,REFEX INDUSTRIES LIMITED,       261.50,       262.80,       264.70,       259.65,       262.30,                162162901.60,618333,N, ,7646,       534.00,       215.10
N,REFRACTORY SHAPES LIMITED,        55.10,        51.70,        59.00,        51.70,        56.00,                  1454100.00,27000,N, ,8,        99.40,        39.00
N,REGAAL RESOURCES LIMITED,        69.57,        69.57,        70.60,        69.10,        70.41,                 16819636.66,240298,N, ,2585,       145.70,        66.40
N,REGENCY CERAMICS LTD.,        46.03,        46.53,        48.50,        45.55,        47.08,                   117918.80,2505,N, ,206,        63.00,        35.31
N,RELAXO FOOT LTD.,       402.65,       400.00,       405.50,       400.00,       403.30,                 20652253.60,51217,N, ,3357,       639.40,       390.35
N,RELIANCE CHEMOTEX IND LTD,       137.27,       137.95,       139.00,       134.02,       137.75,                   316448.60,2298,N, ,119,       218.44,       132.00
N,RELIGARE ENTER. LTD.,       247.87,       249.46,       250.15,       245.05,       249.06,                185848563.36,746847,N, ,8015,       299.50,       202.52
N,RAVINDRA ENERGY LIMITED,       156.74,       157.00,       158.77,       156.00,       156.51,                 11296177.62,71863,N, ,1626,       191.77,        93.41
N,REMSONS INDUSTRIES LTD,       120.62,       120.99,       127.70,       120.64,       126.32,                 45988602.01,368872,N, ,10656,       157.00,       101.71
N,REMUS PHARMACEUTICALS L,       693.35,       689.90,       798.00,       689.90,       768.90,                 29780510.00,41400,N, ,118,      2577.00,       611.05
N,SHREE RENUKA SUGARS LTD,        26.08,        26.01,        26.58,        25.92,        26.34,                 67511125.25,2571486,N, ,8137,        40.72,        24.71
N,REPCO HOME FINANCE LTD,       429.15,       431.40,       440.50,       426.15,       433.50,                 71922007.95,165725,N, ,7321,       464.45,       310.00
N,RUDRABHISHEK ENTERP LTD,       117.48,       117.06,       121.48,       117.06,       118.88,                  1689289.04,14272,N, ,255,       348.00,       115.20
N,REPRO INDIA LIMITED,       465.10,       463.95,       469.90,       461.00,       463.65,                  4491205.35,9674,N, ,343,       627.00,       381.60
N,RESPONSIVE INDUSTRIES LTD,       199.48,       198.25,       201.00,       196.50,       197.69,                 11643144.46,58555,N, ,1850,       271.50,       155.80
N,JHS SVENDGAARD RETAIL V L,        24.70,        24.79,        25.46,        24.01,        24.23,                   194986.40,8051,N, ,107,        44.45,        23.99
N,REX PIPES AND CABLES LTD,       150.05,       142.60,       151.00,       142.60,       151.00,                   436200.00,3000,N, ,3,       171.00,        57.00
N,REXPRO ENTERPRISES LTD,        57.50,        55.55,        56.95,        55.55,        56.90,                   953750.00,17000,N, ,17,       120.00,        41.60
N,RENAISSANCE GLOBAL LTD,       126.70,       126.05,       126.38,       123.70,       124.46,                 53882728.75,432990,N, ,2460,       207.40,       103.01
N,RHETAN TMT LIMITED,        24.62,        24.75,        25.85,        24.60,        25.56,                 50713824.23,1995297,N, ,4684,        25.85,        20.32
N,RHI MAGNESITA INDIA LTD,       454.55,       455.00,       457.55,       452.15,       455.30,                 23430316.30,51519,N, ,3143,       547.90,       376.45
N,ROBUST HOTELS LIMITED,       185.07,       187.64,       222.08,       186.00,       222.08,                 69419007.16,318760,N, ,3482,       314.00,       171.50
N,RICO AUTO INDUSTRIES LTD,       138.05,       137.75,       142.40,       134.45,       135.38,                924807712.11,6659143,N, ,37134,       142.40,        54.00
N,RELIANCE INDUSTRIAL INFRA,       818.20,       823.45,       830.75,       816.00,       817.30,                 52205232.75,63553,N, ,3054,      1259.70,       726.45
N,RACHANA INFRA LTD,        36.85,        37.70,        37.70,        36.60,        37.20,                   852695.00,23000,N, ,72,        53.90,        25.55
N,RISHABH INSTRUMENTS LTD,       425.90,       428.00,       439.00,       422.05,       434.20,                 30213159.15,70091,N, ,2887,       490.00,       201.50
N,RITCO LOGISTICS LIMITED,       270.15,       266.25,       272.30,       266.25,       270.55,                  7432797.15,27521,N, ,636,       414.00,       235.00
N,RITES LIMITED,       243.25,       243.29,       246.85,       241.05,       245.88,                227949847.59,933297,N, ,17411,       316.00,       192.40
N,RITE ZONE CHEMCON IND LTD,        22.40,        22.40,        22.40,        22.40,        22.40,                    35840.00,1600,N, ,1,        47.55,        19.85
N,RAVI KUMAR DIST. LTD.,        23.08,        23.65,        25.47,        22.84,        24.24,                  3569617.11,146389,N, ,1032,        34.58,        21.30
N,RKEC PROJECTS LIMITED,        53.79,        54.57,        56.20,        53.99,        54.72,                  2196389.00,39810,N, ,497,       102.60,        43.50
N,RAMKRISHNA FORGINGS LTD,       516.45,       517.25,       542.60,       516.85,       531.40,                454047689.35,850441,N, ,23070,      1020.00,       475.40
N,R K SWAMY LIMITED,       110.76,       110.98,       112.49,       109.42,       111.06,                  2185564.87,19745,N, ,651,       275.00,       107.67
N,R M DRIP & SPRINK SYS LTD,        84.35,        84.50,        85.65,        84.47,        85.41,                228422421.65,2675526,N, ,5117,       807.45,        69.10
N,RANE (MADRAS) LIMITED,       809.25,       806.00,       849.95,       802.50,       844.20,                 29904282.05,35846,N, ,2472,      1049.00,       575.00
N,R&B DENIMS LIMITED,       134.89,       133.00,       137.60,       130.21,       131.63,                  2806067.98,21196,N, ,822,       155.02,        97.55
N,RNFI SERVICES LIMITED,       316.45,       322.95,       322.95,       311.30,       312.30,                  5848950.00,18600,N, ,29,       404.00,       148.10
N,ROYAL ORCHID HOTELS LTD,       415.10,       418.00,       418.00,       410.60,       414.15,                  6329838.10,15303,N, ,746,       593.40,       311.35
N,ROLEX RINGS LIMITED,       127.99,       127.90,       137.75,       127.76,       134.23,                571498889.53,4248096,N, ,41384,      1935.00,        99.79
N,ROLLATAINERS LIMITED,         1.25,         1.27,         1.30,         1.25,         1.27,                   153211.56,120419,N, ,199,         2.53,         1.02
N,RAJ OIL MILLS LIMITED,        51.28,        52.10,        52.10,        50.42,        50.91,                   154488.35,3036,N, ,88,        73.80,        41.01
N,ROSSARI BIOTECH LIMITED,       579.15,       580.50,       584.75,       578.00,       583.50,                 11183489.55,19227,N, ,1211,       841.00,       562.35
N,ROSSELL INDIA LIMITED,        50.16,        50.00,        51.56,        49.86,        50.34,                  1322120.83,26262,N, ,1117,        87.10,        47.25
N,ROSSELL TECHSYS LIMITED,       626.85,       627.00,       640.00,       624.15,       629.85,                 24023837.80,38012,N, ,3082,       840.00,       231.15
N,ROTO PUMPS LIMITED,        68.65,        68.00,        70.74,        68.00,        69.44,                 56171195.88,813617,N, ,5858,       326.85,        56.25
N,ROUTE MOBILE LIMITED,       696.15,       696.15,       712.90,       691.00,       710.35,                108919254.55,154336,N, ,7254,      1442.00,       636.45
N,ROX HI TECH LIMITED,        43.50,        43.50,        43.50,        43.00,        43.40,                  1385360.00,32000,N, ,12,       100.80,        35.05
N,RAGHAV PRODUCTIVITY ENH L,       964.95,       964.95,       966.45,       945.00,       953.05,                 45873249.00,48180,N, ,1644,      1065.50,       449.50
N,RPG LIFE SCIENCES LTD,      2312.70,      2285.00,      2330.00,      2285.00,      2312.50,                  9699005.20,4194,N, ,1214,      2725.00,      1835.00
N,RELIANCE POWER LTD.,        34.72,        34.79,        36.20,        34.65,        35.93,               1377938441.65,38879950,N, ,54056,        76.49,        31.27
N,R.P.P INFRA PROJECTS LTD,       100.47,       100.81,       102.65,       100.13,       101.90,                  5046936.19,49742,N, ,1530,       206.81,        95.04
N,RAJSHREE POLYPACK LTD,        19.17,        19.56,        19.56,        19.06,        19.10,                   608350.00,31614,N, ,144,        38.99,        16.32
N,RPSG VENTURES LIMITED,       747.00,       747.00,       762.00,       745.50,       754.45,                 19956656.10,26560,N, ,1756,      1206.95,       681.00
N,RASHI PERIPHERALS LIMITED,       360.55,       362.25,       364.30,       354.95,       360.80,                 36374685.75,100620,N, ,2957,       412.00,       245.15
N,R R KABEL LIMITED,      1469.30,      1480.00,      1521.00,      1479.50,      1510.50,                453368393.10,301874,N, ,27561,      1562.60,       853.55
N,R. S. SOFTWARE (INDIA) LI,        51.57,        52.00,        52.38,        50.60,        50.96,                  3069320.08,59745,N, ,934,       228.30,        45.05
N,RSWM LIMITED,       148.41,       149.22,       150.00,       148.10,       149.86,                  1284747.97,8612,N, ,322,       199.29,       126.05
N,R SYS INTERNATIONAL LTD,       407.75,       404.00,       408.30,       404.00,       406.70,                 10213649.90,25140,N, ,1142,       496.90,       283.00
N,RATTANINDIA ENT LIMITED,        40.82,        40.85,        42.76,        40.70,        42.30,                 89677063.23,2142547,N, ,10959,        69.70,        37.42
N,RATTANINDIA POWER LIMITED,         9.45,         9.48,         9.80,         9.43,         9.76,                206149013.56,21300599,N, ,21471,        16.92,         8.44
N,RUBFILA INTERNATIONAL LTD,        74.21,        74.21,        75.88,        73.30,        73.67,                  1891679.11,25502,N, ,370,        92.20,        61.80
N,RUBICON RESEARCH LIMITED,       676.50,       671.00,       677.25,       649.20,       661.40,                116545135.25,177103,N, ,8127,       754.80,       570.75
N,THE RUBY MILLS LTD,       223.00,       222.60,       229.96,       222.00,       223.04,                  3322413.18,14778,N, ,578,       274.25,       171.78
N,RUCHI INFRASTRUCTURE LTD,         6.30,         6.30,         6.47,         5.31,         6.36,                  1621538.77,271339,N, ,2127,        12.45,         5.31
N,RUCHIRA PAPERS LIMITED,       122.43,       123.00,       123.34,       121.68,       122.71,                  6229807.30,50745,N, ,894,       173.00,       106.70
N,RUDRA GLOBAL INFRA PROD L,        25.86,        25.97,        26.20,        25.20,        25.95,                  1065113.33,41353,N, ,702,        29.70,        24.20
N,RULKA ELECTRICALS LIMITED,       109.75,       109.20,       109.50,       106.50,       106.50,                   259425.00,2400,N, ,7,       302.35,       100.35
N,RUPA & COMPANY LTD,       160.97,       160.42,       162.00,       159.51,       161.68,                 12665597.60,78693,N, ,4068,       259.75,       156.60
N,RUSHIL DECOR LIMITED,        22.84,        22.66,        23.30,        22.60,        23.23,                  5996280.01,261005,N, ,1362,        34.49,        19.57
N,KEYSTONE REALTORS LIMITED,       537.40,       534.20,       543.65,       531.60,       541.75,                 12624900.90,23469,N, ,3132,       697.00,       480.05
N,RAVINDER HEIGHTS LIMITED,        51.93,        53.00,        53.00,        50.35,        50.96,                  1123704.09,21906,N, ,226,        75.99,        38.15
N,RAIL VIKAS NIGAM LIMITED,       361.50,       363.50,       368.45,       360.65,       365.85,               2587585276.45,7088047,N, ,63474,       501.80,       301.20
N,REVATHI EQUIPMENT INDIA L,       702.00,       705.00,       737.00,       705.00,       734.20,                   661210.20,911,N, ,107,      2195.00,       672.00
N,S&S POWER SWITCHGEARS LTD,       304.80,       313.95,       318.90,       295.10,       301.85,                  2006224.55,6480,N, ,574,       479.00,       193.50
N,SAAKSHI MEDTEC N PANELS L,       181.75,       182.35,       183.10,       178.05,       179.10,                  3052770.00,16800,N, ,13,       225.80,       118.00
N,SAATVIK GREEN ENERGY LTD,       376.70,       379.95,       389.90,       372.20,       388.30,                151347289.10,392799,N, ,5171,       567.00,       350.60
N,SADBHAV INFRA PROJ LTD.,         3.93,         3.93,         4.02,         3.79,         3.91,                   440712.99,113549,N, ,273,         6.89,         3.22
N,SADHAV SHIPPING LIMITED,       104.00,       107.00,       113.00,       104.80,       110.80,                  8526390.00,77400,N, ,86,       164.00,        76.95
N,SADHANA NITROCHEM LIMITED,         7.22,         7.29,         7.40,         7.14,         7.29,                  2705226.37,373032,N, ,838,        43.50,         5.59
N,SAFARI IND (INDIA) LTD,      2180.00,      2180.00,      2197.20,      2154.80,      2168.50,                 24918377.30,11479,N, ,2271,      2686.30,      1670.15
N,SAFE ENTER RETAIL FIX LTD,       260.00,       261.00,       265.00,       261.00,       263.90,                  2762250.00,10500,N, ,19,       319.00,       151.00
N,SAGARDEEP ALLOYS LIMITED,        27.93,        28.99,        28.99,        27.05,        27.50,                   985765.97,35802,N, ,314,        36.21,        25.00
N,SAGAR CEMENTS LIMITED,       213.47,       212.03,       219.90,       212.03,       218.15,                  5713609.39,26512,N, ,1005,       299.40,       168.04
N,SAGILITY LIMITED,        52.02,        52.02,        53.08,        51.91,        52.97,                895023829.79,16986680,N, ,36101,        57.89,        37.60
N,SAHAJ SOLAR LIMITED,       170.30,       172.45,       180.00,       171.00,       176.85,                  3520000.00,20000,N, ,48,       575.00,       138.15
N,SAHANA SYSTEM LIMITED,       826.00,       828.00,       845.00,       815.00,       838.90,                  9516706.25,11500,N, ,84,      2060.00,       815.00
N,SAHASRA ELECTRONIC SOLU L,       298.20,       300.00,       304.95,       298.00,       299.25,                  7569780.00,25200,N, ,56,       618.00,       227.50
N,SAHYADRI INDUSTRIES LTD,       259.00,       255.60,       262.00,       253.45,       257.00,                 14289970.65,55522,N, ,164,       330.00,       211.00
N,SAMEERA AGRO AND INFRA L,        13.30,        12.90,        13.00,        12.90,        12.90,                   155200.00,12000,N, ,3,       111.90,        10.50
N,STEEL AUTHORITY OF INDIA,       148.45,       148.60,       148.90,       146.90,       147.47,               1875171761.84,12703746,N, ,44029,       149.47,        99.15
N,SAI LIFE SCIENCES LIMITED,       900.25,       904.00,       933.00,       900.05,       921.70,                379455403.55,411902,N, ,22680,       943.00,       636.10
N,SAJ HOTELS LIMITED,        58.00,        55.50,        57.95,        55.00,        57.00,                  1345000.00,24000,N, ,11,        86.50,        46.00
N,SAKAR HEALTHCARE LIMITED,       406.90,       403.95,       409.70,       403.95,       406.55,                  3424209.50,8408,N, ,312,       444.30,       210.10
N,SAKTHI SUGARS LTD,        19.05,        19.05,        19.73,        19.01,        19.39,                  1381479.26,71253,N, ,624,        32.29,        18.20
N,SAKSOFT LIMITED,       197.06,       196.33,       199.19,       195.59,       198.34,                 16115350.49,81553,N, ,2909,       253.99,       125.03
N,SAKUMA EXPORTS LIMITED,         2.13,         2.15,         2.20,         2.13,         2.16,                  3857383.62,1785183,N, ,1623,         4.04,         2.11
N,SALASAR TECHNO ENGG. LTD.,         8.86,         8.86,         9.02,         8.76,         8.91,                 26995086.56,3029288,N, ,4743,        14.58,         6.91
N,SALONA COTSPIN LTD.,       260.90,       265.00,       265.00,       252.05,       258.35,                   430439.60,1668,N, ,187,       318.80,       215.00
N,SALZER ELECTRONICS LTD,       684.95,       689.00,       696.10,       682.50,       692.90,                 21873741.50,31724,N, ,2106,      1585.00,       675.00
N,SAMBHV STEEL TUBES LTD,        96.13,        96.90,       102.22,        90.63,        97.53,               1089781805.64,11235327,N, ,59484,       149.40,        86.89
N,SAMHI HOTELS LIMITED,       179.25,       180.31,       185.85,       179.33,       185.42,                133035004.95,724301,N, ,10394,       254.50,       121.10
N,SAMMAAN CAPITAL LIMITED,       144.21,       145.00,       150.00,       144.13,       148.61,               3002213495.70,20252688,N, ,45738,       192.95,        97.61
N,SAMPANN UTPADAN INDIA LTD,        32.90,        32.25,        33.50,        32.25,        33.06,                   528266.57,16093,N, ,528,        43.44,        24.16
N,SANATHAN TEXTILES LIMITED,       432.40,       430.10,       444.00,       430.10,       442.00,                  7212575.85,16427,N, ,1506,       560.20,       286.95
N,SANDESH LTD,      1066.00,      1061.20,      1097.00,      1061.20,      1090.20,                  1000144.80,921,N, ,98,      1720.00,      1005.00
N,SANDHAR TECHNOLOGIES LTD,       542.00,       549.90,       584.90,       545.20,       582.70,                523484949.75,914297,N, ,32775,       601.00,       315.00
N,SANDUR MANG & IRON ORES L,       244.44,       246.00,       268.80,       246.00,       264.71,               6487596284.87,24904909,N, ,188745,       557.75,       156.30
N,SANGAM (INDIA) LTD,       491.50,       493.20,       501.00,       477.50,       480.20,                 21074650.60,43197,N, ,1975,       513.00,       293.15
N,SANGANI HOSPITALS LIMITED,        53.95,        53.85,        53.85,        53.85,        53.85,                    80775.00,1500,N, ,1,        77.00,        48.50
N,SANGHI INDUSTRIES LTD,        65.40,        65.30,        66.92,        65.29,        66.58,                 55809882.99,844048,N, ,1551,        70.40,        50.58
N,SANGHVI MOVERS LTD,       347.60,       347.00,       353.90,       346.55,       349.95,                 49299242.05,140370,N, ,4284,       411.90,       206.00
N,SANGINITA CHEMICALS LTD,        10.10,        10.15,        10.24,        10.01,        10.21,                   204912.28,20173,N, ,73,        16.90,         8.46
N,SANOFI INDIA LIMITED,      4097.90,      4100.00,      4150.00,      4089.00,      4141.80,                 31164082.60,7556,N, ,1929,      6717.00,      4051.00
N,SANOFI CONS HEALTHC IND L,      4561.30,      4560.60,      4605.60,      4503.10,      4595.80,                  6826757.90,1491,N, ,852,      5894.50,      4382.20
N,SANSERA ENGINEERING LTD,      1765.50,      1795.00,      1889.80,      1785.10,      1871.00,                852255579.70,462798,N, ,45302,      1889.80,       972.20
N,SANSTAR LIMITED,        95.99,        94.90,        98.20,        94.90,        96.46,                 22772925.27,234978,N, ,2722,       133.80,        80.00
N,SAPPHIRE FOODS INDIA LTD,       262.70,       259.10,       260.50,       247.10,       252.00,               1906848824.60,7488365,N, ,113507,       374.65,       221.40
N,SARDA ENERGY & MIN LTD,       509.75,       511.35,       525.80,       511.30,       523.00,                181352300.05,348758,N, ,14207,       639.75,       396.60
N,SAREGAMA INDIA LIMITED,       350.75,       351.95,       359.25,       348.20,       357.95,                143070319.05,403299,N, ,15032,       603.80,       340.30
N,SARLA PERF. FIBERS LTD,        91.30,        91.07,        91.49,        89.65,        90.34,                  5087407.55,56046,N, ,1486,       127.50,        68.70
N,SAR TELEVENTURE LIMITED,       256.00,       258.90,       259.50,       245.00,       250.95,                147193925.00,586500,N, ,306,       302.95,       162.00
N,SARVESHWAR FOODS LIMITED,         4.60,         4.63,         4.80,         4.60,         4.73,                 34020134.07,7226449,N, ,5432,         9.45,         3.82
N,SASKEN TECHNOLOGIES LTD,      1523.80,      1523.00,      1572.00,      1515.00,      1545.40,                 38930745.00,25142,N, ,2190,      2217.95,      1153.00
N,SASTASUNDAR VENTURES LTD,       294.90,       296.60,       319.05,       296.60,       315.75,                  6156051.10,19726,N, ,740,       342.00,       205.00
N,SATIA INDUSTRIES LIMITED,        66.72,        66.20,        67.49,        66.20,        67.09,                  3336060.77,49822,N, ,1156,        97.50,        64.40
N,SATIN CREDIT NET LTD,       144.29,       144.00,       145.40,       143.69,       144.64,                 11403224.26,78831,N, ,1521,       175.90,       131.80
N,SATI POLY PLAST LIMITED,        61.95,        61.00,        63.00,        60.30,        62.85,                   246550.00,4000,N, ,7,       204.00,        58.00
N,SAT KARTAR SHOPPING LTD,       142.45,       143.05,       149.00,       143.05,       148.65,                  1536480.00,10400,N, ,13,       241.95,       130.20
N,SATTVA ENGINEERING CSTN L,        64.00,        62.10,        62.10,        62.10,        62.10,                    99360.00,1600,N, ,1,       118.90,        60.30
N,SAURASHTRA CEMENT LIMITED,        82.34,        82.48,        84.00,        82.45,        83.55,                  4864065.43,58346,N, ,1162,       105.70,        78.58
N,SAVY INFRA AND LOGI LTD,       161.25,       167.50,       167.50,       160.05,       161.25,                  3136500.00,19200,N, ,15,       191.00,       121.00
N,SAWALIYA FOOD PRODUCTS L,       316.75,       316.15,       320.50,       315.60,       318.85,                 80257530.00,252600,N, ,272,       322.80,       208.00
N,SBC EXPORTS LIMITED,        28.76,        28.76,        29.10,        28.35,        28.47,                315318308.14,11002420,N, ,5831,        29.10,        10.95
N,SHIVALIK BIMETAL CON. LTD,       426.50,       423.05,       437.15,       421.00,       433.50,                 15724449.00,36593,N, ,1940,       605.00,       342.00
N,SBFC FINANCE LIMITED,       102.86,       103.70,       103.70,       102.74,       102.99,                101854337.84,988455,N, ,17627,       123.00,        79.24
N,SURATWWALA BUS GROUP LTD,        35.66,        35.01,        35.99,        34.25,        34.32,                  2058438.73,59344,N, ,859,       139.90,        24.95
N,SBI CARDS & PAY SER LTD,       859.50,       862.95,       881.35,       856.00,       875.95,                603002967.25,689809,N, ,42820,      1027.25,       663.05
N,SCHAEFFLER INDIA LIMITED,      3870.90,      3870.00,      3889.90,      3838.60,      3874.30,                109317480.20,28300,N, ,4032,      4392.00,      2823.00
N,S CHAND AND COMPANY LTD,       155.87,       155.87,       162.90,       155.30,       159.04,                 11334699.70,71663,N, ,1910,       257.90,       138.48
N,SCHNEIDER ELECTRIC INFRA,       715.70,       725.00,       725.00,       709.65,       717.30,                 96890170.75,135193,N, ,8127,      1052.00,       540.00
N,SHIPPING CORP OF INDIA LT,       229.46,       230.14,       235.55,       228.94,       235.08,                580213552.07,2492633,N, ,24485,       280.50,       138.26
N,SHIPPING CORP OF ILA LTD,        47.26,        46.75,        49.99,        46.75,        48.22,                 21107108.95,438778,N, ,2717,        67.25,        42.85
N,SCODA TUBES LIMITED,       162.93,       164.00,       165.00,       161.38,       163.73,                 15926749.99,97646,N, ,2535,       230.85,       135.10
N,SHEETAL COOL PRODUCTS LTD,       320.75,       322.40,       322.40,       315.40,       319.75,                 19465458.90,60969,N, ,413,       368.95,       190.03
N,SOM DIST & BREW LTD,       107.12,       107.40,       109.89,       107.14,       109.35,                 50178665.36,460578,N, ,8160,       173.03,        95.61
N,S D RETAIL LIMITED,        81.70,        82.00,        82.00,        82.00,        82.00,                  1640000.00,20000,N, ,1,       181.95,        73.00
N,SEAMEC LIMITED,      1093.80,      1097.90,      1127.00,      1077.20,      1088.10,                 47230117.30,42759,N, ,5332,      1216.00,       752.55
N,SECMARK CONSULTANCY LTD,       113.70,       119.40,       129.00,       114.41,       123.43,                   770260.04,6304,N, ,189,       174.63,        75.00
N,SUNGARNER ENERGIES LTD,       210.00,       206.20,       210.00,       203.60,       206.60,                   494900.00,2400,N, ,11,       601.95,       181.10
N,SELLOWRAP INDUSTRIES LTD,        77.95,        77.05,        79.80,        77.00,        79.80,                   997280.00,12800,N, ,8,       139.65,        70.00
N,SEMAC CONSTRUCTION LTD,       309.80,       308.00,       308.40,       297.45,       298.00,                   136248.40,453,N, ,45,       568.90,       270.00
N,SENCO GOLD LIMITED,       318.25,       318.90,       325.50,       316.25,       324.25,                 87299976.35,271576,N, ,7817,      1164.50,       227.40
N,SENORES PHARMACEUTICALS L,       826.45,       823.05,       869.00,       823.05,       865.30,                499827159.70,583892,N, ,22438,       869.00,       435.25
N,SEPC LIMITED,        10.01,        10.05,        10.11,         9.99,        10.06,                 71542312.71,7120680,N, ,6291,        22.74,         8.51
N,SEQUENT SCIENTIFIC LTD.,       208.38,       208.00,       211.10,       207.50,       210.49,                108999416.00,519743,N, ,10441,       257.85,       117.35
N,SERVICE CARE LIMITED,        44.05,        47.00,        47.00,        46.50,        46.75,                   561000.00,12000,N, ,5,        83.20,        39.20
N,SERVOTECH REN POW SYS LTD,        78.57,        79.20,        80.25,        78.40,        79.98,                 44185544.76,554708,N, ,5057,       172.90,        76.00
N,SESHASAYEE PAPER & BOARDS,       237.11,       239.10,       242.45,       237.50,       240.04,                  1793880.87,7491,N, ,217,       320.95,       226.19
N,SETCO AUTOMOTIVE LTD,        15.68,        15.64,        15.98,        15.46,        15.73,                   229297.96,14617,N, ,170,        21.68,        13.70
N,SHEELA FOAM LIMITED,       590.05,       594.00,       594.85,       586.20,       593.35,                 23030830.10,38945,N, ,3262,      1058.70,       560.15
N,SUPREME FACILITY MGMT LTD,        31.45,        29.60,        31.70,        29.60,        31.70,                   197600.00,6400,N, ,4,        65.90,        27.40
N,SG FINSERVE LIMITED,       406.55,       410.00,       420.00,       406.15,       416.45,                 99050463.10,238746,N, ,7031,       426.15,       339.90
N,SYNERGY GREEN IND. LTD,       503.80,       504.10,       522.00,       503.35,       517.80,                  2381591.40,4641,N, ,628,       633.25,       342.00
N,STL GLOBAL LIMITED,        12.70,        12.95,        12.97,        12.66,        12.90,                    86463.70,6717,N, ,53,        20.79,        10.04
N,STANDARD GLASS LIN TECH L,       149.87,       149.87,       151.60,       147.50,       149.83,                 36385246.04,244646,N, ,3744,       213.80,       124.00
N,SG MART LIMITED,       382.95,       380.05,       397.20,       380.05,       386.20,                131353181.60,337706,N, ,8423,       397.20,       321.95
N,SHAH METACORP LIMITED,         5.00,         5.00,         5.04,         5.00,         5.01,                 12998772.21,2593523,N, ,905,         5.18,         2.80
N,SHAH ALLOYS LIMITED,        68.74,        72.17,        72.17,        69.51,        71.68,                  1345462.10,18853,N, ,286,        83.85,        43.30
N,SHAILY ENG PLASTICS LTD,      2226.20,      2230.70,      2256.40,      2221.60,      2239.90,                327390530.40,146286,N, ,13661,      2799.90,      1301.00
N,SHAKTI PUMPS (I) LTD,       739.30,       740.10,       747.00,       732.35,       742.50,                818139806.25,1104879,N, ,28669,      1387.00,       548.45
N,SHALBY LIMITED,       202.96,       203.95,       204.20,       201.02,       202.89,                 15474622.95,76260,N, ,1842,       274.70,       177.25
N,SHALIM PAINTS LTD,        64.54,        64.99,        76.90,        64.00,        75.37,                 71581379.82,991978,N, ,10682,       144.00,        54.50
N,SHANKARA BLDG PRODUCT LTD,       106.49,       107.48,       107.99,       104.42,       106.35,                  3864604.07,36470,N, ,1697,       255.00,       100.00
N,SHANTI OVERSEAS INDIA LTD,         9.02,         8.76,         9.01,         8.76,         8.86,                   566574.80,64025,N, ,301,        23.87,         8.36
N,SHANTHI GEARS LTD,       465.25,       463.00,       472.00,       462.00,       468.95,                  6430100.90,13816,N, ,999,       619.80,       399.00
N,SHANTI GOLD INTERNATION L,       190.10,       190.50,       191.89,       188.20,       190.48,                 27824523.42,146182,N, ,3038,       274.10,       184.10
N,SHARDA CROPCHEM LTD.,       868.85,       864.50,       866.00,       851.60,       855.20,                 63559293.00,74121,N, ,6223,      1181.00,       452.25
N,SHARDA MOTOR INDS LTD,       941.40,       936.00,       981.90,       936.00,       965.05,                 40801288.00,42254,N, ,3421,      2120.00,       900.60
N,SHARE IND. SECURITIES LTD,       164.39,       164.10,       167.50,       163.42,       164.64,                 39149771.73,237394,N, ,2333,       311.50,       127.50
N,SHEEL BIOTECH LIMITED,        71.00,        72.00,        72.00,        72.00,        72.00,                  1440000.00,20000,N, ,4,        95.55,        68.25
N,SHEETAL UNIVERSAL LIMITED,       165.85,       165.00,       167.50,       163.00,       164.15,                  3452200.00,21000,N, ,20,       167.70,        60.20
N,SHEKHAWATI INDUSTRIES LTD,        18.95,        19.33,        19.37,        18.50,        18.70,                   355722.62,18818,N, ,403,        32.69,        17.31
N,SHEMAROO ENTER. LTD.,       107.32,       108.99,       114.50,       107.50,       109.20,                  2157989.28,19632,N, ,326,       166.00,        88.80
N,SHERA ENERGY LIMITED,       130.05,       131.00,       135.40,       131.00,       134.85,                  3743850.00,28000,N, ,24,       214.00,       117.80
N,SHREEJI GLOBAL FMCG LTD,       114.20,       117.95,       123.30,       117.90,       119.35,                 10266800.00,85000,N, ,79,       123.65,        95.50
N,SHIGAN QUANTUM TECH LTD,        46.00,        47.50,        47.50,        47.50,        47.50,                    71250.00,1500,N, ,1,       129.00,        41.20
N,SHILCHAR TECHNOLOGIES LTD,      3830.30,      3811.30,      3875.00,      3811.30,      3837.50,                 25333374.00,6581,N, ,1745,      4350.00,      3675.10
N,SHILPA MEDICARE LTD,       315.85,       315.00,       321.45,       313.95,       319.80,                 54052738.25,169491,N, ,9461,      1000.00,       313.15
N,SHIVALIK RASAYAN LIMITED,       357.25,       355.00,       370.50,       352.15,       361.70,                  8076128.05,22581,N, ,1010,       879.05,       351.10
N,SHIVAM AUTO.LTD,        23.65,        23.65,        24.90,        23.44,        24.66,                  2269842.90,93974,N, ,982,        50.15,        21.00
N,SHIVA MILLS LIMITED,        60.91,        62.48,        62.48,        60.01,        61.32,                    16378.48,271,N, ,11,       105.00,        58.11
N,SHIVASHRIT FOODS LIMITED,       129.00,       132.00,       134.45,       126.15,       127.00,                   780600.00,6000,N, ,6,       148.50,       118.00
N,SHIVA TEXYARN LIMITED,       185.09,       187.88,       193.00,       182.31,       185.42,                  1121083.63,5949,N, ,139,       273.59,       168.00
N,S H KELKAR AND CO. LTD.,       176.19,       176.19,       183.99,       175.59,       181.38,                 34650870.77,192589,N, ,4688,       275.50,       156.61
N,SHOPPERS STOP LIMITED,       381.90,       383.20,       391.75,       380.55,       389.30,                 12416640.80,32065,N, ,3629,       688.70,       371.40
N,SHRADHA INFRAPROJECTS LTD,        38.25,        38.50,        38.74,        36.90,        37.34,                   841745.27,22602,N, ,322,       103.21,        36.90
N,SHREE DIGVIJAY CEM CO LTD,        90.98,        91.00,        91.35,        90.80,        91.02,                 12818127.42,140859,N, ,630,       107.70,        63.55
N,SHREEJI SHIPPING GLOBAL L,       377.05,       378.35,       379.50,       369.05,       370.00,                650824774.55,1738664,N, ,10103,       379.50,       222.00
N,SHREE KARNI FABCOM LTD,       495.00,       495.00,       495.00,       475.00,       484.00,                   939180.00,1950,N, ,11,       852.90,       470.00
N,SHREE OSFM E-MOBILITY LTD,        78.25,        80.00,        87.00,        80.00,        85.00,                  1759650.00,21000,N, ,18,       145.35,        73.00
N,SHRE PUSH CHEM & FERT LTD,       377.05,       378.00,       383.00,       372.00,       378.55,                 27935330.70,74140,N, ,3168,       476.00,       220.50
N,SHREE RAMA MULTI TECH LTD,        69.23,        70.34,        71.99,        65.51,        68.00,                 25866233.68,379747,N, ,3753,        71.99,        30.55
N,SHREM INVIT,       102.00,       102.00,       102.00,       102.00,       102.00,                  7650000.00,75000,N, ,3,       115.00,       100.00
N,SHREYANS INDUSTRIES LTD,       175.41,       172.01,       181.89,       171.60,       173.80,                  1599033.93,9065,N, ,183,       250.00,       164.11
N,SHRI AHIMSA NATURALS LTD,       238.40,       240.00,       249.65,       235.00,       240.45,                  9761910.00,40200,N, ,65,       280.10,       126.50
N,SHRI KANHA STAINLESS LTD,        28.15,        28.50,        28.50,        26.75,        26.75,                  3926960.00,145600,N, ,87,        88.00,        26.05
N,SHRINGAR HOU OF MANGALS L,       238.11,       238.60,       243.40,       235.53,       240.43,                849980053.74,3539128,N, ,11332,       243.40,       177.51
N,SHRIRAM PIST. & RING LTD,      3144.80,      3140.00,      3348.80,      3130.00,      3297.20,                460287673.10,141252,N, ,19500,      3348.80,      1662.55
N,SHRIRAM PROPERTIES LTD,        83.88,        84.16,        84.90,        84.00,        84.19,                 18808825.77,222963,N, ,1534,       113.19,        63.13
N,SHUBHSHREE BIOFUELS ENE L,       395.00,       390.00,       390.00,       378.00,       379.00,                   458100.00,1200,N, ,4,       494.95,       268.70
N,SHYAM METALICS AND ENGY L,       841.85,       840.00,       852.00,       840.00,       850.30,                 36413615.10,42944,N, ,3551,      1001.00,       628.25
N,SHYAM TELECOM LIMITED,        12.29,        12.68,        12.68,        12.16,        12.36,                    34904.49,2784,N, ,25,        22.85,        11.36
N,SIDDHI COTSPIN LIMITED,        30.40,        29.30,        30.80,        29.30,        30.20,                   687780.00,22800,N, ,18,        86.40,        27.15
N,SIDDHIKA COATINGS LIMITED,       198.15,       198.50,       208.00,       198.15,       208.00,                  1013650.00,5000,N, ,5,       243.00,       154.05
N,SIGACHI INDUSTRIES LTD,        30.62,        30.76,        31.44,        30.60,        31.34,                 88195116.27,2834231,N, ,8583,        59.59,        30.50
N,SIGNET INDUSTRIES LIMITED,        54.42,        55.91,        57.99,        54.60,        55.99,                  2655371.98,47442,N, ,493,        81.00,        39.99
N,SIGNATUREGLOBAL INDIA LTD,      1128.70,      1130.90,      1138.00,      1117.20,      1127.00,                284900983.60,252711,N, ,4931,      1414.80,       988.00
N,SIGNORIA CREATION LIMITED,        90.70,        95.00,        95.00,        95.00,        95.00,                    95000.00,1000,N, ,1,       135.60,        60.00
N,SIGNPOST INDIA LIMITED,       220.38,       222.42,       224.19,       220.44,       223.70,                  1626637.75,7314,N, ,365,       403.30,       180.37
N,STANDARD INDUSTRIES LTD.,        16.09,        16.06,        16.47,        16.06,        16.15,                   322515.41,19851,N, ,220,        28.74,        15.60
N,SILGO RETAIL LIMITED,        78.15,        79.70,        81.96,        77.77,        80.94,                 20997785.18,261210,N, ,2108,        87.50,        26.21
N,SIL INVESTMENTS LIMITED,       517.55,       525.45,       525.45,       511.00,       518.05,                  1259046.90,2422,N, ,113,       674.00,       490.00
N,SILKY OVERSEAS LIMITED,       144.90,       144.40,       144.40,       144.40,       144.40,                  1039680.00,7200,N, ,1,       171.00,       103.00
N,SILVER TOUCH TECHNO LTD,      1104.40,      1179.00,      1320.00,      1125.00,      1248.50,               1861243508.20,1530990,N, ,71986,      1320.00,       610.00
N,SIMPLEX INFRASTRUCTURES L,       247.47,       245.69,       254.99,       243.00,       251.48,                 25526884.79,101830,N, ,2362,       342.45,       219.00
N,SINCLAIRS HOTELS LIMITED,        83.44,        84.00,        84.01,        82.50,        82.94,                  2806259.14,33773,N, ,482,       139.40,        72.86
N,SINDHU TRADE LINKS LTD,        19.94,        19.75,        20.30,        19.66,        20.11,                  9748451.64,489338,N, ,1305,        39.29,        13.00
N,SINTERCOM INDIA LIMITED,        99.84,       107.90,       115.00,        99.00,        99.87,                 10888164.82,102406,N, ,1812,       183.85,        99.00
N,SIRCA PAINT INDIA LIMITED,       483.15,       482.85,       506.00,       480.20,       503.65,                150923136.30,302904,N, ,4253,       539.00,       230.69
N,SIS LIMITED,       331.45,       330.15,       340.10,       330.15,       339.30,                  9316602.30,27620,N, ,2682,       401.85,       287.90
N,SIYARAM SILK MILLS LTD,       631.60,       632.00,       643.00,       629.20,       637.95,                 22098522.30,34623,N, ,3055,      1028.95,       555.10
N,S J LOGISTICS (INDIA) LTD,       366.30,       364.75,       374.85,       360.15,       370.20,                 10565087.50,28750,N, ,86,       685.00,       301.05
N,SJS ENTERPRISES LIMITED,      1779.80,      1800.00,      1869.00,      1789.10,      1840.20,                935293916.10,510731,N, ,44605,      1869.00,       808.15
N,SJVN LTD,        74.74,        74.96,        83.99,        74.67,        83.04,               6737197450.67,82265437,N, ,229398,       112.50,        69.85
N,SKF INDIA LTD,      1856.20,      1855.10,      1860.80,      1831.00,      1857.40,                 46364918.40,25071,N, ,5113,      2300.00,      1720.00
N,SKF IND (INDUSTRIAL) LTD,      2600.00,      2561.00,      2620.00,      2561.00,      2588.20,                 23331935.10,8979,N, ,2204,      2755.00,      2311.20
N,SKIPPER LIMITED,       430.55,       431.50,       462.40,       428.80,       452.85,                351718840.25,777752,N, ,20075,       588.00,       342.50
N,SKM EGG PROD EXPORT(I) LT,       404.15,       407.85,       416.80,       406.00,       408.55,                 40764608.85,98914,N, ,4562,       465.00,       154.00
N,SKY GOLD AND DIAMONDS LTD,       333.40,       331.50,       335.00,       329.35,       332.65,                 71380752.85,214706,N, ,3738,       415.00,       246.05
N,SMARTEN POWER SYSTEMS LTD,        74.85,        76.00,        78.00,        76.00,        77.85,                   833340.00,10800,N, ,9,       157.95,        62.00
N,SMARTLINK HOLDINGS LTD,       130.81,       130.21,       132.99,       130.21,       131.45,                   117068.69,891,N, ,34,       204.99,       119.50
N,SMARTWORKS COWORKING SP L,       505.50,       528.25,       528.25,       504.25,       507.80,                 78941486.55,154051,N, ,5969,       619.00,       392.70
N,SMC GLOBAL SECURITIES LTD,        91.09,        92.60,        94.90,        90.78,        92.06,                375533886.61,4029309,N, ,12672,       160.00,        56.99
N,SML MAHINDRA LIMITED,      4091.80,      4128.00,      4148.50,      3978.00,      4086.00,                394232039.80,96665,N, ,10538,      4743.00,      1028.40
N,SARTHAK METALS LIMITED,        84.71,        85.50,        87.30,        84.72,        86.48,                  1252400.50,14617,N, ,451,       182.80,        83.21
N,SMS PHARMACEUTICALS LTD.,       313.45,       313.45,       330.70,       311.00,       326.25,                138382578.70,429968,N, ,7914,       335.00,       176.05
N,SNEHAA ORGANICS LIMITED,        70.60,        69.15,        69.15,        59.65,        60.35,                  9117250.00,149000,N, ,125,       122.00,        59.65
N,SNOWMAN LOGISTICS LTD.,        40.09,        40.11,        41.16,        40.01,        40.98,                  8143791.34,200180,N, ,1584,        72.16,        38.76
N,SOBHA LIMITED,      1462.80,      1472.20,      1495.80,      1457.20,      1490.60,                 87822414.40,59233,N, ,7640,      1732.50,      1075.30
N,SOFTTECH ENGINEERS LTD,       314.05,       315.30,       320.00,       308.80,       312.45,                  1449805.45,4611,N, ,731,       559.80,       296.00
N,SOLARA ACTIVE PHA SCI LTD,       563.10,       563.10,       584.00,       560.35,       582.05,                 40373942.85,69927,N, ,6306,       734.40,       442.80
N,SOLARA RS. 7 PPD UP,       390.00,       382.50,       415.80,       382.50,       405.00,                   153060.10,379,N, ,21,       524.90,       330.00
N,SOLARWORLD ENERGY SOL LTD,       273.40,       275.00,       285.90,       272.00,       280.00,                 73364673.45,263077,N, ,6195,       388.50,       263.15
N,SOLEX ENERGY LIMITED,      1349.40,      1369.60,      1398.80,      1302.20,      1323.60,                 49082940.20,36461,N, ,4097,      1985.00,       630.90
N,SOMANY CERAMICS LIMITED,       394.35,       396.40,       408.95,       395.00,       403.85,                 12354013.95,30667,N, ,1401,       666.00,       392.50
N,SOMI CONVEYOR BELT. LTD.,       126.22,       129.40,       130.79,       123.27,       126.59,                   752364.59,5937,N, ,260,       218.29,       120.00
N,SONA BLW PRECISION FRGS L,       474.30,       475.00,       493.35,       474.20,       486.35,                583805731.80,1198062,N, ,35982,       607.30,       380.00
N,SONA MACHINERY LIMITED,        47.45,        47.25,        47.25,        46.30,        46.50,                   279500.00,6000,N, ,6,       127.50,        44.95
N,SONAM LIMITED,        42.04,        42.76,        42.76,        41.60,        41.99,                  1645215.18,39172,N, ,267,        71.75,        37.00
N,SONATA SOFTWARE LTD,       362.90,       363.85,       366.00,       359.80,       365.15,                105351686.40,290079,N, ,9105,       634.05,       286.40
N,SONU INFRATECH LIMITED,        72.00,        73.95,        79.20,        73.90,        79.20,                  1949475.00,25500,N, ,17,       145.00,        69.25
N,SAVITA OIL TECHNOLO. LTD,       381.75,       383.00,       385.60,       380.40,       382.05,                  4487709.10,11717,N, ,661,       587.00,       343.25
N,THE SOUTH INDIAN BANK LTD,        37.93,        38.70,        39.58,        38.16,        38.60,               1306372235.48,33605690,N, ,55178,        41.65,        22.30
N,S. P. APPARELS LIMITED,       704.60,       706.00,       714.00,       698.20,       709.75,                 19469550.45,27612,N, ,1908,       965.00,       628.00
N,SPANDANA SPHOORTY FIN LTD,       267.35,       268.30,       270.80,       265.00,       266.20,                 30234507.30,113052,N, ,3527,       519.65,       193.00
N,SUN PHARMA ADV.RES.CO.LTD,       135.03,       135.03,       136.38,       134.00,       135.72,                 56587708.65,418390,N, ,5403,       208.30,       109.30
N,SHIVALIC POWER CONTROL L,        99.60,       103.30,       118.95,       101.05,       112.25,                 20094990.00,183600,N, ,216,       247.50,        71.00
N,SPEB ADHESIVES LIMITED,        51.80,        51.80,        51.80,        50.55,        50.55,                   308300.00,6000,N, ,3,        60.00,        46.55
N,SPECIALITY REST LTD,       109.58,       110.12,       113.00,       106.00,       109.22,                 13064753.59,119112,N, ,3168,       162.80,       106.00
N,SPECTRUM ELECTRIC IND LTD,      1224.50,      1246.90,      1247.20,      1189.70,      1218.80,                  2250675.90,1848,N, ,232,      2400.00,      1061.70
N,SPECTRUM TALENT MGMT LTD,        93.60,        90.15,        95.70,        90.15,        95.70,                   148680.00,1600,N, ,2,       204.00,        70.25
N,SPENCER S RETAIL LIMITED,        41.37,        41.36,        42.38,        40.81,        41.66,                  3117393.53,74727,N, ,1142,        96.37,        39.86
N,SPIC LTD,        83.25,        83.54,        84.60,        83.20,        84.02,                 38159508.25,454958,N, ,3631,       128.20,        66.22
N,SPL INDUSTRIES LIMITED,        33.38,        33.73,        35.95,        33.36,        34.19,                   280545.40,8286,N, ,109,        68.00,        30.40
N,SUPREME PETROCHEM LIMITED,       643.00,       640.20,       649.50,       640.20,       646.90,                  4965671.45,7674,N, ,651,       979.00,       518.05
N,SPML INFRA LIMITED,       190.29,       190.00,       191.67,       184.62,       187.40,                 33286021.53,177773,N, ,4287,       323.40,       136.30
N,SPORTKING INDIA LIMITED,        87.38,        87.38,        88.98,        86.52,        87.06,                  7125188.42,81046,N, ,1527,       140.00,        69.91
N,SPP POLYMER LIMITED,        15.70,        15.70,        15.70,        15.70,        15.70,                    62800.00,4000,N, ,2,        34.45,        13.25
N,SPUNWEB NONWOVEN LIMITED,       142.85,       136.40,       136.40,       136.40,       136.40,                   163680.00,1200,N, ,1,       173.55,       130.50
N,SHANKAR LAL RAMPAL LTD,        64.53,        64.76,        68.00,        64.37,        67.29,                  3152408.10,47640,N, ,685,        91.00,        52.00
N,SREELEATHERS LIMITED,       218.15,       219.80,       221.73,       216.50,       220.40,                  1816246.67,8255,N, ,386,       279.70,       215.01
N,SRF LTD,      3057.30,      3060.00,      3074.90,      3042.00,      3059.50,                331513531.60,108406,N, ,14038,      3325.00,      2196.85
N,SRG HOUSING FINANCE L,       290.95,       288.25,       295.00,       285.20,       286.90,                   228871.35,796,N, ,40,       414.00,       255.10
N,SREE RAYALSEEMA HHP LTD.,       517.05,       511.00,       523.95,       511.00,       517.60,                  3146393.40,6060,N, ,539,       820.70,       464.30
N,SRIVASAVI ADHESIVE TAPE L,        49.80,        51.90,        56.70,        50.00,        50.25,                  2447200.00,47000,N, ,44,       105.80,        40.50
N,SRM CONTRACTORS LIMITED,       533.70,       530.10,       542.00,       528.50,       533.40,                 18542269.00,34703,N, ,1845,       649.95,       287.05
N,SARASWATI SAREE DEPOT LTD,        78.02,        79.49,        79.49,        78.00,        78.16,                  1265963.81,16153,N, ,478,       135.00,        76.00
N,SATHLOKHAR SYN E&C GLOB L,       461.50,       461.50,       467.15,       453.50,       459.30,                  9614590.00,21000,N, ,73,       580.00,       362.00
N,SRIVARI SPICES N FOODS L,       130.20,       130.00,       130.00,       127.10,       129.85,                  1476275.00,11500,N, ,21,       229.00,       124.00
N,SPANDANA RS.5 PPD UP,       139.85,       141.40,       141.40,       137.20,       137.65,                   117721.45,851,N, ,45,       146.65,       108.40
N,STEEL STRIPS WHEELS LTD.,       209.91,       210.61,       213.90,       207.71,       210.88,                136731316.81,647181,N, ,14348,       280.00,       167.41
N,STANLEY LIFESTYLES LTD,       194.79,       195.00,       195.49,       190.70,       191.95,                 22978196.99,119634,N, ,4264,       427.00,       188.10
N,STRIDES PHARMA SCI LTD,       911.35,       910.00,       915.00,       897.80,       900.75,                134458320.30,148917,N, ,10753,      1025.00,       513.05
N,STAR CEMENT LIMITED,       222.17,       222.00,       223.69,       221.10,       222.51,                 31690966.29,142533,N, ,7435,       308.95,       196.25
N,STAR HEALTH & AL INS CO L,       464.70,       463.90,       469.80,       458.10,       459.75,                133371412.05,287749,N, ,13990,       534.00,       327.30
N,STAR PAPER MILLS LTD,       167.49,       167.00,       167.46,       163.15,       165.29,                   935834.13,5667,N, ,200,       223.17,       152.49
N,STARTECK FINANCE LIMITED,       294.85,       295.50,       349.95,       283.15,       291.05,                 35781879.25,111424,N, ,5355,       359.70,       253.85
N,THE STATE TRADING CORPN,       125.10,       125.30,       130.90,       124.22,       128.15,                 28420478.80,220817,N, ,5501,       181.40,       104.11
N,STEELCAST LIMITED,       210.67,       211.95,       220.18,       205.32,       210.31,                 23624225.54,110904,N, ,2098,      1279.00,       192.90
N,STEEL CITY SECURITIES LTD,        92.12,        91.00,        92.69,        91.00,        92.15,                   602728.26,6565,N, ,271,       119.80,        85.51
N,STEEL EXCHANGE INDIA LTD,         9.51,         9.53,         9.67,         9.32,         9.37,                 13401051.73,1421696,N, ,2575,        11.55,         7.06
N,STEL HOLDINGS LIMITED,       494.40,       485.00,       501.90,       482.60,       493.30,                  2057151.80,4185,N, ,752,       633.30,       310.10
N,STERLING TOOLS LIMITED,       275.35,       274.65,       281.20,       274.00,       280.15,                 12187488.35,43875,N, ,2587,       619.50,       259.80
N,STL NETWORKS LIMITED,        22.43,        22.47,        22.87,        22.44,        22.74,                 25208703.66,1110767,N, ,2666,        35.40,        20.66
N,STERLITE TECHNOLOGIES LTD,       102.50,       103.04,       104.88,       100.88,       103.64,                152958873.29,1481305,N, ,21359,       140.40,        58.86
N,STOVE KRAFT LIMITED,       578.40,       581.40,       595.25,       573.50,       592.90,                 34403889.75,58609,N, ,3750,       975.40,       524.70
N,STUDDS ACCESSORIES LTD,       532.10,       533.50,       544.40,       528.00,       542.20,                 19205656.30,35731,N, ,2484,       600.00,       503.00
N,STUDIO LSD LIMITED,        13.10,        13.30,        13.30,        13.05,        13.20,                   316000.00,24000,N, ,12,        43.20,        13.00
N,SESHAASAI TECHNOLOGIES L,       278.20,       278.20,       286.60,       274.10,       282.25,                 32277305.20,114626,N, ,4616,       437.45,       264.20
N,STYLAM INDUSTRIES LIMITED,      2249.60,      2269.00,      2269.70,      2191.00,      2207.80,                163259388.80,72929,N, ,5917,      2430.00,      1464.25
N,BAAZAR STYLE RETAIL LTD,       270.40,       272.90,       290.00,       270.10,       285.70,                 92657548.60,328000,N, ,6181,       392.00,       181.00
N,STYRENIX PERFORMANCE LTD,      2027.90,      2028.00,      2045.00,      2006.60,      2035.50,                 35742098.10,17619,N, ,2651,      3498.00,      1956.40
N,SUBA HOTELS LIMITED,       143.95,       140.35,       141.90,       140.00,       140.75,                  4564020.00,32400,N, ,24,       200.00,       132.00
N,SUBEX LTD,        11.70,        11.70,        11.85,        11.52,        11.72,                 15731829.63,1342636,N, ,3538,        23.75,        10.55
N,SUBROS LIMITED,       861.90,       861.90,       919.00,       861.90,       902.65,                525158329.05,580070,N, ,29780,      1213.70,       518.00
N,SUDARSHAN CHEMICAL INDS L,       942.40,       942.40,       966.95,       940.10,       960.00,                 38985658.50,40850,N, ,3750,      1603.00,       796.15
N,SUDEEP PHARMA LIMITED,       598.55,       598.00,       608.40,       587.00,       596.80,                135335054.60,227116,N, ,8274,       795.00,       587.00
N,SUKHJIT STARCH & CHEM LTD,       185.86,       186.00,       186.00,       181.61,       185.16,                  2099626.18,11357,N, ,273,       278.40,       143.61
N,SULA VINEYARDS LIMITED,       218.59,       220.00,       220.20,       217.10,       218.19,                 52586495.55,240783,N, ,5004,       432.80,       206.98
N,SUMITOMO CHEM INDIA LTD,       469.50,       469.60,       470.85,       466.00,       468.70,                 34900099.70,74618,N, ,4249,       665.00,       432.20
N,SUMIT WOODS LIMITED,        64.15,        65.20,        66.08,        63.12,        65.32,                  1536427.54,23764,N, ,404,       151.74,        60.11
N,SUMMIT SECURITIES LTD,      1937.30,      1926.00,      1960.00,      1914.80,      1928.80,                 12662674.80,6558,N, ,1158,      3140.00,      1380.00
N,SUNDARAM CLAYTON LIMITED,      1215.80,      1239.90,      1270.00,      1215.00,      1255.80,                 10791209.60,8654,N, ,1413,      2934.00,      1182.00
N,SUNDARAM MULTI PAP LTD,         1.76,         1.79,         1.82,         1.76,         1.80,                   838273.81,468819,N, ,449,         2.82,         1.52
N,SUNDARAM FINANCE LTD,      5321.50,      5350.00,      5355.00,      5262.50,      5293.00,                174068405.00,32811,N, ,8156,      5419.00,      4066.80
N,SUNDARAM BRAK LININGS LTD,       690.85,       699.00,       705.00,       690.80,       693.65,                   810378.30,1162,N, ,98,      1440.00,       651.00
N,SUNDRAM FASTENERS LTD,       946.15,       942.00,       955.00,       936.25,       941.80,                 56655147.00,59798,N, ,4964,      1102.70,       831.15
N,SUNDROP BRANDS LIMITED,       723.95,       729.90,       729.95,       716.05,       725.20,                  9810645.95,13535,N, ,508,       980.00,       682.00
N,SUNFLAG IRON AND STEEL CO,       272.10,       272.10,       274.50,       272.00,       273.45,                 27840150.25,101932,N, ,2353,       322.00,       196.37
N,SUNTECH INFRA SOLUTIONS L,        41.20,        41.80,        42.85,        41.80,        42.65,                   271440.00,6400,N, ,4,       110.00,        37.30
N,SUNTECK REALTY LIMITED,       429.90,       430.35,       443.30,       422.25,       431.45,                348486653.80,807419,N, ,23835,       545.00,       347.00
N,SUN TV NETWORK LIMITED,       587.15,       587.00,       589.95,       580.05,       582.85,                 76478633.95,130964,N, ,9177,       701.95,       518.05
N,SUPERHOUSE LIMITED,       145.10,       145.10,       149.46,       145.10,       146.62,                   391767.59,2665,N, ,56,       212.99,       129.53
N,SUPER SPINNING MILLS LTD,         8.09,         8.09,         8.46,         7.96,         8.08,                   297438.40,36554,N, ,140,        16.67,         7.40
N,SUPRAJIT ENGINEERING LTD,       470.75,       467.45,       474.60,       467.25,       473.60,                  9033501.00,19113,N, ,1738,       517.65,       350.00
N,SUPREME HOLDIN N HOSP I L,        72.33,        73.43,        73.43,        70.80,        71.80,                  2476177.58,34270,N, ,1285,       116.50,        69.11
N,SUPREME INDUSTRIES LTD,      3484.40,      3500.40,      3539.00,      3484.50,      3534.10,                814450876.70,231479,N, ,20889,      4817.95,      3095.00
N,SUPREME POWER EQUIPMENT L,       189.50,       190.05,       195.00,       190.00,       191.70,                  3262725.00,17000,N, ,33,       248.75,       100.00
N,SUPRIYA LIFESCIENCE LTD,       740.85,       737.25,       752.70,       732.55,       750.55,                 97541523.20,131146,N, ,10576,       842.00,       556.15
N,SURAJ ESTATE DEVELOPERS L,       260.55,       258.00,       265.00,       257.50,       261.45,                 35015339.25,134426,N, ,3400,       640.05,       217.95
N,SURAJ LIMITED,       245.06,       252.98,       252.98,       240.00,       244.28,                    63014.31,257,N, ,29,       530.40,       207.60
N,SURAKSHA DIAGNOSTIC LTD,       273.15,       277.00,       277.10,       271.55,       276.65,                  3305791.30,12007,N, ,645,       396.40,       231.00
N,SURANA SOLAR LIMITED,        26.57,        26.70,        28.00,        26.36,        27.87,                  3647020.50,133270,N, ,1276,        48.57,        26.02
N,SURANA TELECOM AND POW LT,        20.02,        20.02,        20.20,        19.63,        19.76,                  3447085.31,174565,N, ,676,        29.27,        16.30
N,SURANI STEEL TUBES LTD.,        59.95,        59.95,        59.95,        57.55,        57.80,                   177710.00,3000,N, ,11,       199.40,        56.50
N,SURYALAKSHMI COT MIL LTD,        59.03,        59.04,        60.29,        57.25,        58.45,                   419201.23,7160,N, ,107,        90.30,        54.00
N,SURYA ROSHNI LTD,       275.60,       276.50,       281.40,       275.85,       278.30,                 75371335.95,270580,N, ,8114,       617.90,       212.55
N,SURYODAY SMALL FIN BK LTD,       141.66,       141.45,       145.00,       141.12,       143.96,                 16424751.06,114697,N, ,2326,       161.48,        97.97
N,SUTLEJ TEXT & INDUS LTD,        32.04,        32.50,        32.50,        31.15,        31.70,                  1058365.47,33309,N, ,620,        69.20,        31.00
N,SUVEN LIFE SCIENCES LTD,       164.69,       164.50,       168.22,       164.41,       164.81,                 24256924.79,146222,N, ,3294,       299.99,       102.50
N,SUVIDHAA INFOSERVE LTD,         3.64,         3.64,         3.72,         3.64,         3.68,                   160055.77,43671,N, ,253,         7.80,         3.35
N,SUYOG TELEMATICS LIMITED,       613.65,       612.05,       626.00,       608.70,       617.05,                  4800224.95,7803,N, ,598,      1889.50,       571.55
N,SUZLON ENERGY LIMITED,        52.47,        52.59,        54.40,        52.44,        54.28,               3198738297.97,59517999,N, ,100815,        74.30,        46.15
N,SHREE VASU LOGISTICS LTD,       700.60,       680.15,       728.15,       680.15,       699.70,                   202287.15,285,N, ,44,       855.70,       339.00
N,SWAN CORP LIMITED,       465.95,       466.50,       470.90,       461.00,       462.85,                507713141.00,1090983,N, ,11707,       771.40,       362.20
N,SWARAJ ENGINES LTD,      3727.90,      3745.90,      3769.70,      3657.50,      3690.50,                 44507534.70,11956,N, ,2414,      4720.00,      2517.00
N,SWASTIK PIPE LIMITED,        23.00,        23.85,        24.75,        23.25,        24.65,                   372900.00,15600,N, ,13,        64.90,        22.00
N,SWELECT ENERGY SYS LTD,       617.90,       615.00,       623.40,       606.80,       617.55,                  9297465.90,15113,N, ,1417,      1058.00,       461.10
N,SWIGGY LIMITED,       390.70,       390.70,       390.70,       381.00,       387.20,               2372386613.45,6161772,N, ,56178,       568.00,       297.00
N,STRLNG & WIL REN ENE LTD,       215.01,       215.00,       218.70,       212.59,       217.96,                221583548.30,1025887,N, ,19079,       476.90,       196.60
N,SYLVAN PLYBOARD (INDIA) L,        59.40,        59.65,        62.00,        59.65,        62.00,                   243300.00,4000,N, ,2,        95.00,        55.00
N,SYMPHONY LIMITED,       916.70,       916.95,       929.80,       911.95,       916.00,                 72697305.75,78922,N, ,6070,      1454.80,       838.10
N,SYNCOM FORMU (I) LTD,        14.08,        14.21,        14.50,        14.13,        14.46,                 21025020.04,1464964,N, ,3984,        23.49,        14.02
N,SYNGENE INTERNATIONAL LTD,       650.20,       650.10,       660.85,       647.55,       658.40,                190579822.20,290442,N, ,10032,       895.75,       599.55
N,SYNOPTICS TECHNOLOGIES L,        56.65,        56.65,        56.65,        56.65,        56.65,                    33990.00,600,N, ,1,       129.80,        51.50
N,SYRMA SGS TECHNOLOGY LTD,       719.40,       722.90,       744.80,       718.00,       741.90,                593820305.35,808159,N, ,30644,       909.90,       370.00
N,SYSTEMATIX CORP SERVICE L,       141.63,       143.75,       147.00,       139.20,       141.82,                 44375172.22,312906,N, ,4997,       177.90,       126.10
N,TAC INFOSEC LIMITED,       760.45,       760.00,       766.75,       752.15,       758.30,                 14290460.00,18800,N, ,88,      1697.00,       676.00
N,TAINWALA CHEMICAL AND PLA,       195.50,       199.00,       199.00,       190.50,       193.33,                   572099.37,2941,N, ,122,       315.00,       155.00
N,TAJ GVK HOTELS & RESORTS,       425.00,       426.30,       435.10,       418.00,       420.65,                172452087.85,404605,N, ,10104,       528.10,       330.20
N,TALBROS AUTO. COMP. LTD,       274.85,       277.25,       280.00,       270.00,       276.30,                 47207058.90,172064,N, ,5152,       326.00,       200.20
N,TANLA PLATFORMS LIMITED,       521.30,       521.00,       532.00,       517.55,       530.50,                151926657.70,288965,N, ,12368,       794.40,       409.35
N,TAPI FRUIT PROCESSING LTD,        72.00,        72.00,        72.00,        68.30,        68.30,                   265762.50,3750,N, ,5,       121.80,        60.65
N,TARA CHAND INFRA SOLN LTD,        79.92,        79.90,        80.50,        79.11,        79.61,                  8186286.85,102604,N, ,2192,       103.67,        46.50
N,TARC LIMITED,       172.92,       172.92,       179.85,       172.02,       176.29,                204048606.57,1153568,N, ,13343,       206.10,       103.22
N,TRANS & RECTI. LTD,       307.90,       310.00,       343.70,       305.80,       336.40,              13044177959.60,39183009,N, ,319771,      1297.80,       230.10
N,TARMAT LIMITED,        51.52,        52.39,        52.39,        50.82,        51.07,                  1000545.20,19528,N, ,137,        82.99,        45.10
N,TARSONS PRODUCTS LIMITED,       234.80,       236.00,       237.00,       232.26,       235.25,                 13740939.30,58438,N, ,3308,       458.00,       198.00
N,TASTY BITE EATABLES LTD,      7857.50,      7889.00,      7949.00,      7800.00,      7894.00,                  7037355.50,894,N, ,441,     11958.00,      7543.40
N,TATA CAPITAL LIMITED,       340.45,       340.05,       361.80,       340.05,       359.10,               3886778767.70,10963849,N, ,166879,       361.80,       315.10
N,TATA CHEMICALS LTD,       751.15,       755.95,       756.95,       749.00,       755.25,                225010305.75,298532,N, ,11011,      1061.05,       745.00
N,TATA COMMUNICATIONS LTD,      1811.50,      1806.50,      1823.70,      1783.40,      1790.10,                279567034.70,155242,N, ,9805,      2004.00,      1291.00
N,TATA ELXSI LIMITED,      5211.50,      5211.50,      5377.50,      5197.50,      5337.50,                668316408.50,126422,N, ,17033,      6965.70,      4700.00
N,TATA INVESTMENT CORP LTD,       696.65,       696.65,       705.00,       693.55,       703.75,                212774628.55,303786,N, ,14200,     11847.00,       690.00
N,TATA TECHNOLOGIES LIMITED,       644.25,       645.90,       657.00,       643.00,       655.95,                370737338.30,568871,N, ,17558,       912.50,       597.00
N,TATVA CHIN PHARM CHEM LTD,      1324.70,      1324.70,      1393.90,      1322.20,      1388.80,                148819492.70,108845,N, ,9903,      1610.00,       621.00
N,TBI CORN LIMITED,        87.05,        88.25,        91.25,        88.05,        90.85,                  2876910.00,31800,N, ,39,       193.60,        75.20
N,TBO TEK LIMITED,      1623.80,      1652.00,      1654.40,      1618.90,      1638.20,                115036676.30,70212,N, ,8327,      1845.55,       996.00
N,TRIB BHIMJI ZAVERI LTD,       164.88,       165.40,       169.23,       164.01,       167.28,                 25831694.93,154630,N, ,3285,       258.80,       155.00
N,TRANSPORT CORPN OF INDIA,      1084.30,      1080.00,      1089.40,      1065.40,      1082.00,                 16112021.40,14919,N, ,2201,      1289.00,       876.00
N,TCI EXPRESS LIMITED,       586.85,       587.00,       594.90,       581.00,       590.85,                  5437324.80,9224,N, ,956,       849.30,       550.05
N,THAAI CASTING LIMITED,       100.55,        99.30,       100.00,        97.00,        99.95,                  1653840.00,16800,N, ,21,       150.70,        77.15
N,TCPL PACKAGING LIMITED,      3041.40,      3036.80,      3052.80,      2999.50,      3006.00,                  5097264.50,1687,N, ,476,      4900.00,      2895.90
N,TD POWER SYSTEMS LTD.,       673.75,       677.95,       689.65,       674.25,       684.75,                321800752.10,473248,N, ,19476,       849.95,       293.00
N,TEAM INDIA GUARANTY LTD,       292.65,       300.90,       303.00,       285.00,       293.65,                   275562.75,935,N, ,81,       332.55,       149.20
N,TEAMLEASE SERVICES LTD.,      1565.30,      1557.00,      1586.80,      1557.00,      1575.00,                 12159232.90,7716,N, ,1647,      3103.00,      1542.10
N,TRIDENT TECHLABS LIMITED,       326.20,       326.20,       326.45,       315.00,       322.35,                  2800856.25,8750,N, ,65,      1670.00,       295.00
N,TECHNO ELEC & ENG CO. LTD,      1064.40,      1070.30,      1119.80,      1065.20,      1111.30,                241929887.00,219659,N, ,19892,      1720.00,       785.15
N,TECIL CHEMICALS,        20.00,        18.68,        19.54,        18.53,        18.73,                    42073.17,2253,N, ,39,        42.16,        14.66
N,TEGA INDUSTRIES LIMITED,      1949.80,      1963.00,      1977.50,      1943.00,      1950.20,                116081384.70,59225,N, ,5848,      2125.00,      1200.05
N,TEJAS CARGO INDIA LIMITED,       300.00,       300.00,       300.25,       300.00,       300.05,                  2880600.00,9600,N, ,11,       363.60,       141.05
N,TEJAS NETWORKS LIMITED,       452.10,       452.10,       456.35,       448.80,       453.25,                205100690.45,453292,N, ,14373,      1220.00,       440.00
N,TEMBO GLOBAL IND LTD,       578.85,       567.00,       607.75,       567.00,       607.75,                762886070.70,1285253,N, ,9927,       905.00,       386.00
N,TENNECO CLEAN AIR INDIA L,       505.00,       509.00,       549.00,       507.80,       543.95,               3580937911.85,6677506,N, ,150175,       549.00,       438.05
N,TEXMACO INFRA & HOLDG LTD,        99.84,        99.66,       101.34,        99.00,        99.77,                  9522603.13,95188,N, ,2124,       138.00,        85.35
N,TEXMO PIPE & PRODUCTS LTD,        48.86,        49.10,        49.50,        48.50,        49.15,                   941211.67,19180,N, ,329,        69.90,        44.50
N,TEXMACO RAIL & ENG. LTD.,       136.65,       137.40,       138.70,       136.70,       138.18,                167697101.06,1216297,N, ,11917,       205.50,       116.00
N,TOURISM FINANCE CORP. OF,        69.05,        69.70,        71.15,        55.24,        55.24,               2434487999.30,41130902,N, ,59920,       364.90,        55.24
N,TRANSWARRANTY FIN. LTD.,        15.38,        15.88,        16.55,        15.39,        16.10,                  1880763.76,118570,N, ,526,        23.35,        11.75
N,TGB BANQUETS&HOTELS LTD,         9.74,         9.75,         9.90,         9.51,         9.59,                   411686.15,42789,N, ,121,        15.50,         9.05
N,THANGAMAYIL JEWELLERY LTD,      3259.60,      3239.60,      3251.30,      3175.50,      3229.50,                199810467.90,62317,N, ,9656,      3536.30,      1523.10
N,THE INVEST TRUST OF IND L,       117.01,       118.31,       119.64,       116.11,       116.96,                   704947.46,6003,N, ,191,       200.00,       111.15
N,THEJO ENGINEERING LIMITED,      1729.50,      1726.30,      1727.60,      1690.00,      1703.00,                 11980086.50,7020,N, ,817,      2485.80,      1446.00
N,LEELA PALACES HOTEL LTD,       434.65,       434.65,       451.00,       433.95,       445.15,                211570679.30,477180,N, ,21383,       474.40,       382.50
N,THEMIS MEDICARE LTD.,        99.83,       101.00,       103.94,       100.00,       102.53,                  4374070.87,42854,N, ,1325,       283.95,        98.00
N,THERMAX LTD,      3063.40,      3065.90,      3070.20,      3007.00,      3025.90,                199685360.30,65999,N, ,11166,      4409.95,      2742.70
N,THINKING HATS ENTER SOL L,        27.30,        27.30,        27.30,        27.30,        27.30,                    81900.00,3000,N, ,1,        50.90,        24.65
N,THOMAS COOK (INDIA) LTD,       148.55,       148.10,       148.69,       143.81,       144.98,                 67669267.75,466209,N, ,5539,       202.00,       118.25
N,THOMAS SCOTT (INDIA) LTD,       351.30,       357.80,       364.95,       343.15,       358.70,                  7477566.65,21054,N, ,1493,       499.20,       274.75
N,THYROCARE TECH LTD,       446.70,       448.80,       463.70,       445.00,       459.20,                150260346.55,327533,N, ,17914,      1610.00,       408.10
N,TILAKNAGAR INDUSTRIES LTD,       454.80,       454.00,       464.95,       454.00,       459.00,                184457506.35,400357,N, ,13181,       549.70,       199.53
N,TIGER LOGISTICS (INDIA) L,        36.38,        37.00,        37.00,        36.14,        36.53,                  1218260.02,33470,N, ,487,        56.69,        32.11
N,TECHNOCRAFT IND LTD,      2254.20,      2245.20,      2290.20,      2221.20,      2282.40,                 15596444.20,6897,N, ,1729,      3383.00,      2050.00
N,TUBE INVEST OF INDIA LTD,      2622.90,      2623.10,      2630.30,      2583.70,      2597.70,                709482111.70,273237,N, ,35074,      3693.60,      2407.10
N,TIJARIA POLYPIPES LTD,         4.35,         4.48,         4.55,         4.27,         4.33,                   806216.75,184686,N, ,363,        12.40,         4.11
N,TIL LTD,       271.40,       272.45,       276.90,       270.15,       272.40,                  2089314.50,7633,N, ,213,       409.00,       165.40
N,TIMESCAN LOGISTICS IND L,        48.60,        47.55,        49.90,        47.55,        49.90,                   389800.00,8000,N, ,3,        71.30,        38.40
N,TIME TECHNOPLAST LTD.,       188.42,       192.90,       199.40,       190.18,       196.48,               1258320900.50,6450616,N, ,64277,       508.00,       173.31
N,TIMKEN INDIA LTD.,      3041.20,      3041.20,      3060.00,      3021.80,      3052.60,                103846191.00,34058,N, ,6380,      3575.00,      2202.00
N,TINNA RUBBER AND INFR LTD,       779.35,       779.50,       789.50,       776.05,       784.00,                  8610429.00,11004,N, ,1314,      1088.85,       765.00
N,TIPS FILMS LIMITED,       428.30,       424.45,       436.20,       424.45,       431.35,                   641422.65,1490,N, ,129,       670.00,       363.60
N,TIPS MUSIC LIMITED,       544.50,       543.65,       555.00,       539.05,       551.65,                 50447129.55,91921,N, ,5695,       801.80,       483.00
N,THIRUMALAI CHEMICALS LTD,       233.94,       234.00,       241.25,       232.41,       235.37,                 54090194.20,227305,N, ,3188,       341.00,       201.27
N,TIRUPATI FORGE LIMITED,        34.66,        34.86,        36.60,        34.65,        36.27,                 21329584.32,594539,N, ,2227,        64.43,        28.21
N,TITAGARH RAIL SYSTEMS LTD,       881.75,       885.00,       891.90,       881.30,       890.35,                467154762.05,526313,N, ,15589,      1160.00,       654.55
N,TAMILNAD MERCA BANK LTD,       518.40,       525.00,       538.00,       521.80,       527.80,                140658392.30,265295,N, ,12085,       557.00,       401.00
N,TATA MOTORS LIMITED,       427.75,       433.10,       448.00,       432.75,       442.25,               6727581716.35,15267178,N, ,306582,       448.00,       306.30
N,TAMILNADU PETROPRODUCTS L,       105.14,       106.20,       106.20,       104.89,       105.72,                 13002907.30,123201,N, ,3031,       129.89,        63.66
N,TAMILNADU NEWSPRT & PAPER,       142.73,       142.11,       148.34,       142.11,       146.13,                  7991688.30,55415,N, ,837,       204.72,       115.50
N,TAMILNADU TELECOMMUNICATI,        10.12,        10.00,        10.49,        10.00,        10.08,                    90719.63,8959,N, ,122,        26.00,         7.94
N,TOKYO PLAST INTL LTD,       111.00,       113.00,       113.00,       109.02,       111.97,                   162540.95,1459,N, ,100,       161.00,       104.15
N,TOLINS TYRES LIMITED,       133.76,       133.75,       143.85,       132.60,       139.11,                 33265570.44,239670,N, ,6926,       223.50,       107.72
N,TORRENT POWER LTD,      1327.00,      1324.00,      1407.00,      1324.00,      1399.40,               2466879209.30,1781418,N, ,70076,      1640.00,      1188.00
N,TOTAL TRANSPORT SYS LTD,        77.46,        78.99,        78.99,        76.50,        76.74,                   529531.11,6852,N, ,225,        93.50,        61.99
N,TOUCHWOOD ENTERTAIN LTD.,       105.98,       105.00,       110.00,       103.50,       105.74,                   906980.81,8432,N, ,118,       160.19,        74.00
N,TEAMO PRODUCTIONS HQ LTD,         0.61,         0.61,         0.64,         0.61,         0.64,                  2028204.96,3196389,N, ,780,         2.69,         0.52
N,TPL PLASTECH LIMITED,        66.27,        66.31,        68.00,        65.55,        66.00,                  7490684.84,112583,N, ,1213,       108.44,        60.01
N,TRACXN TECHNOLOGIES LTD,        39.95,        39.75,        40.88,        39.51,        40.53,                  3658144.10,90950,N, ,1432,        81.90,        39.01
N,TRANSRAIL LIGHTING LTD,       557.35,       560.00,       574.85,       555.55,       572.20,                254240824.55,447087,N, ,17420,       855.80,       394.55
N,TRANSTEEL SEATING TECH L,       147.85,       146.15,       147.00,       141.00,       142.35,                 12877400.00,89000,N, ,59,       167.95,        85.00
N,TRANSWORLD SHIP LINES LTD,       198.57,       200.70,       203.97,       198.10,       199.15,                  2870714.14,14367,N, ,1276,       447.35,       167.11
N,TRAVEL FOOD SERVICES LTD,      1158.80,      1166.90,      1186.90,      1141.10,      1179.60,                317099697.20,270168,N, ,9524,      1445.00,      1008.50
N,TREE HOUSE EDU LTD,         7.95,         7.79,         8.20,         7.72,         8.15,                   203416.26,25123,N, ,236,        19.00,         6.19
N,TRANSINDIA REAL ESTATE L,        28.33,        28.80,        28.88,        27.93,        28.39,                  3215329.15,113465,N, ,1061,        40.84,        23.91
N,TRF LIMITED,       300.25,       300.05,       307.00,       298.05,       305.55,                  3723952.10,12264,N, ,738,       450.00,       272.25
N,TRIDENT LIMITED,        26.83,        26.75,        27.09,        26.67,        27.03,                 69951880.81,2603066,N, ,10694,        34.87,        23.11
N,TRIDHYA TECH LIMITED,        15.10,        14.60,        14.60,        14.55,        14.55,                    87450.00,6000,N, ,2,        39.80,        14.00
N,TRIGYN TECHNOLOGIES LTD,        66.81,        66.50,        68.00,        66.50,        67.23,                  1504258.39,22377,N, ,370,       122.40,        64.80
N,TRIVENI TURBINE LIMITED,       537.30,       537.30,       542.00,       532.00,       540.80,                 88366247.95,164120,N, ,9917,       789.90,       460.30
N,TRIVENI ENGG. & INDS. LTD,       381.85,       381.80,       384.95,       378.50,       381.20,                117485223.75,308356,N, ,9957,       536.00,       313.10
N,TROM INDUSTRIES LIMITED,        72.50,        71.85,        72.35,        71.85,        72.15,                   259740.00,3600,N, ,6,       263.95,        67.90
N,TRUCAP FINANCE LIMITED,         7.99,         8.38,         8.38,         8.38,         8.38,                   541733.48,64646,N, ,65,        20.84,         6.61
N,TRUALT BIOENERGY LIMITED,       400.30,       399.95,       417.45,       397.50,       411.15,                105311541.70,256525,N, ,4998,       549.00,       384.00
N,TSC INDIA LIMITED,        49.00,        49.00,        49.00,        48.95,        49.00,                   783900.00,16000,N, ,8,        79.30,        45.25
N,TSF INVESTMENTS LIMITED,       449.00,       450.00,       472.00,       450.00,       458.90,                 47915848.10,103656,N, ,6433,       701.50,       240.00
N,TTK HEALTHCARE LIMITED,      1026.80,      1033.40,      1035.80,      1025.00,      1028.50,                  3297769.80,3205,N, ,789,      1436.00,      1025.00
N,TTK PRESTIGE LTD,       615.10,       618.30,       618.30,       610.05,       614.20,                  9155101.75,14916,N, ,1839,       827.40,       582.45
N,T T LIMITED,         8.43,         8.57,         8.57,         8.36,         8.42,                  1328553.55,157099,N, ,469,       159.30,         8.10
N,TATA TELESERV(MAHARASTRA),        49.56,        49.80,        49.98,        49.28,        49.79,                 76919472.85,1549654,N, ,8323,        84.50,        44.52
N,TUNWAL E-MOTORS LIMITED,        38.10,        38.00,        38.05,        35.90,        36.05,                  5061900.00,138000,N, ,58,        50.75,        27.25
N,TVS HOLDINGS LIMITED,     13921.00,     13900.00,     14769.00,     13840.00,     14626.00,                146570977.00,10113,N, ,4367,     16297.00,     13145.00
N,TVS SUPPLY CHAIN SOL L,       114.22,       115.00,       115.05,       112.70,       114.27,                 44398384.47,389857,N, ,6318,       180.72,       100.01
N,TVS SRICHAKRA LIMITED,      4336.60,      4370.00,      4370.00,      4305.00,      4343.90,                 11177509.30,2578,N, ,784,      4775.80,      2431.80
N,TV TODAY NETWORK LTD,       141.38,       141.20,       141.99,       140.02,       140.58,                  7084668.20,50238,N, ,652,       226.99,       130.57
N,UNITED BREWERIES LTD,      1608.10,      1601.10,      1607.00,      1588.00,      1596.40,                110322677.80,69176,N, ,8208,      2299.70,      1574.10
N,UCAL LIMITED,       108.95,       109.00,       112.20,       109.00,       110.84,                   595380.11,5398,N, ,123,       210.00,       108.00
N,UCO BANK,        29.53,        29.55,        30.70,        29.55,        30.51,                430157588.47,14230336,N, ,27596,        46.27,        26.81
N,UPDATER SERVICES LIMITED,       193.51,       194.00,       195.78,       190.45,       191.27,                 30574379.48,158417,N, ,4895,       388.00,       164.18
N,UNITED FOODBRANDS LIMITED,       216.92,       216.00,       218.22,       209.01,       216.11,                 26713775.72,124029,N, ,2177,       461.45,       173.75
N,UFLEX LIMITED,       498.55,       500.05,       501.15,       497.00,       498.60,                  9671561.95,19393,N, ,776,       685.60,       438.00
N,UFO MOVIEZ INDIA LTD.,        83.40,        84.00,        84.00,        81.00,        81.77,                  8348570.92,101763,N, ,2006,       106.68,        59.95
N,THE UGAR SUGAR WORKS LTD,        41.93,        41.93,        42.00,        41.50,        41.72,                  6550504.78,156811,N, ,1345,        71.41,        38.91
N,UGRO CAPITAL LIMITED,       182.43,       181.00,       181.35,       175.40,       176.58,                 40953996.43,231157,N, ,4589,       254.90,       145.25
N,UNITED HEAT TRANSFER LTD,        56.50,        56.75,        56.75,        54.70,        55.10,                  4109700.00,74000,N, ,31,       104.35,        51.50
N,UJJIVAN SMALL FINANC BANK,        53.40,        53.40,        56.14,        53.40,        55.71,                906106602.16,16359812,N, ,62255,        56.30,        30.88
N,UMA CONVERTER LIMITED,        20.00,        19.65,        19.65,        19.65,        19.65,                    78600.00,4000,N, ,1,        45.05,        19.00
N,UMA EXPORTS LIMITED,        39.11,        39.31,        40.89,        39.06,        39.62,                  8524935.53,212654,N, ,806,       134.86,        37.50
N,USHA MARTIN EDU & SOL LTD,         4.96,         4.94,         5.03,         4.91,         4.98,                    39230.43,7840,N, ,72,         7.62,         4.16
N,UMIYA BUILDCON LIMITED,        87.59,        87.11,        88.57,        87.10,        87.62,                   210216.50,2395,N, ,56,       110.90,        56.81
N,UNICHEM LABORATORIES LTD,       439.90,       442.00,       443.85,       439.20,       441.80,                  1805504.40,4086,N, ,333,       790.70,       429.55
N,UNITED DRILLING TOOLS LTD,       200.74,       203.60,       204.88,       199.74,       201.41,                  1211326.34,6020,N, ,248,       275.95,       184.46
N,UNICOMMERCE ESOLUTIONS L,       118.97,       120.15,       122.20,       118.69,       121.05,                 19249388.76,159259,N, ,2326,       175.30,        96.03
N,UNIPHOS ENTERPRISES LTD,       149.90,       149.90,       150.90,       144.90,       145.57,                  2093019.80,14216,N, ,596,       171.62,       129.44
N,UNIINFO TELECOM SERVI LTD,        15.80,        15.80,        16.28,        15.75,        16.24,                    42000.23,2611,N, ,41,        38.80,        13.94
N,UNILEX COLOURS AND CHEM L,        37.00,        37.95,        39.00,        37.95,        39.00,                   183920.00,4800,N, ,3,        89.00,        30.70
N,UNIMECH AEROSPACE N MFG L,       913.40,       915.00,       915.00,       903.55,       911.05,                 22575060.15,24832,N, ,2706,      1523.75,       850.00
N,UNION BANK OF INDIA,       153.58,       153.99,       157.10,       153.92,       156.70,               1782368254.88,11427490,N, ,39517,       160.15,       100.81
N,UNIPARTS INDIA LIMITED,       481.45,       483.00,       502.50,       481.00,       497.05,                 39546670.60,79975,N, ,4540,       543.95,       296.65
N,UNITECH LTD,         6.05,         5.99,         6.04,         5.86,         5.95,                 21470116.99,3613796,N, ,3289,        10.81,         5.50
N,UNITED NILGIRI TEA LTD,       460.50,       461.05,       463.45,       458.00,       458.10,                   584547.85,1271,N, ,109,       619.00,       350.10
N,UNIVASTU INDIA LIMITED,        68.68,        70.30,        70.88,        67.60,        69.10,                  3713317.76,53522,N, ,766,       345.35,        63.02
N,UNIVERSAL CABLES LTD,       957.90,       946.60,       963.70,       930.15,       956.90,                106714425.60,113000,N, ,9967,      1008.00,       407.25
N,UNIVERSUS IMAGINGS LTD,       221.77,       227.00,       227.00,       211.50,       223.97,                   765018.55,3458,N, ,375,       333.40,       174.00
N,UNO MINDA LIMITED,      1286.70,      1293.00,      1322.90,      1287.00,      1321.20,               2276180193.20,1732882,N, ,30824,      1382.00,       767.60
N,UPL LIMITED,       805.35,       806.95,       812.20,       797.30,       804.65,               3668323219.20,4562526,N, ,62163,       812.20,       493.00
N,URAVI DEFENCE &TECH LTD,       180.93,       188.00,       189.97,       180.00,       188.99,                  1118033.48,5980,N, ,215,       584.00,       152.82
N,URBAN ENVIRO WASTE MGMT L,       149.10,       149.50,       153.00,       148.20,       152.45,                  2182680.00,14400,N, ,14,       693.65,       136.05
N,URBAN COMPANY LIMITED,       131.35,       131.35,       133.69,       130.20,       132.70,                266567978.49,2011965,N, ,14693,       201.18,       120.97
N,URJA GLOBAL LIMITED,        11.25,        11.42,        11.42,        11.20,        11.37,                 13809884.63,1221404,N, ,3587,        17.99,        10.76
N,UPSURGE SEEDS OF AGRI LTD,       151.05,       151.05,       151.05,       144.00,       151.00,                   190909.40,1284,N, ,3,       314.40,       130.70
N,USHA FINANCIAL SERVICES L,        42.05,        42.05,        42.05,        42.05,        42.05,                    67280.00,1600,N, ,1,       132.90,        34.10
N,USHA MARTIN LTD.,       443.90,       446.00,       453.70,       443.65,       451.30,                123045982.05,273938,N, ,11428,       497.10,       278.55
N,UDAYSHIVAKUMAR INFRA LTD,        23.55,        23.55,        23.99,        23.21,        23.82,                   302278.94,12779,N, ,353,        61.20,        21.98
N,UTI ASSET MNGMT CO LTD,      1115.30,      1115.30,      1132.10,      1110.00,      1127.70,                 95963713.20,85318,N, ,10704,      1494.80,       905.00
N,UTKARSH SMALL FIN BANK L,        14.74,        14.76,        15.40,        14.72,        15.33,                187721004.21,12397855,N, ,11068,        35.80,        14.00
N,FUJIYAMA POWER SYSTEMS L,       223.41,       221.50,       228.80,       221.50,       224.71,                281699595.73,1244974,N, ,22665,       230.99,       192.00
N,UTSSAV CZ GOLD JEWELS LTD,       222.90,       224.00,       226.00,       221.00,       225.00,                  3892230.00,17400,N, ,27,       297.00,       145.05
N,UTTAM SUGAR MILLS LTD.,       251.30,       252.20,       254.85,       251.00,       253.20,                  6867991.95,27188,N, ,946,       330.45,       171.51
N,V2 RETAIL LIMITED,      2449.70,      2450.00,      2476.80,      2395.00,      2438.50,                166105327.10,68531,N, ,7077,      2564.10,      1390.20
N,VADILAL INDUSTRIES LTD,      4916.10,      4888.00,      4937.00,      4850.00,      4861.70,                 30200785.00,6194,N, ,1660,      7398.50,      3414.05
N,VAIBHAV GLOBAL LIMITED,       239.83,       238.40,       240.69,       237.01,       237.86,                 31048490.79,130135,N, ,4706,       304.70,       195.00
N,VAISHALI PHARMA LIMITED,         8.54,         8.74,         8.95,         8.55,         8.74,                  2762123.62,316046,N, ,648,        18.83,         7.75
N,VAKRANGEE LIMITED,         7.95,         8.05,         8.05,         7.89,         7.99,                 13005386.39,1630779,N, ,2894,        38.20,         7.60
N,VALIANT LABORATORIES LTD,        68.78,        68.30,        71.74,        67.56,        69.39,                  4068440.34,58535,N, ,1929,       124.40,        63.86
N,VALIANT ORGANICS LIMITED,       271.15,       271.25,       284.00,       270.20,       278.05,                  6693404.60,24043,N, ,1159,       507.80,       227.05
N,VARDHAMAN ACRYLICS LTD,        39.62,        40.00,        40.00,        38.80,        38.98,                   717880.54,18343,N, ,288,        55.49,        36.27
N,VARDHMAN POLYTEX LTD.,         6.26,         6.38,         6.38,         6.20,         6.23,                   654454.31,104139,N, ,436,        15.39,         5.38
N,VARROC ENGINEERING LTD.,       607.35,       607.35,       621.50,       602.15,       610.80,                111813818.10,183018,N, ,9336,       694.70,       374.10
N,VASA RETAIL & OVERSEA LTD,         5.00,         5.00,         5.00,         5.00,         5.00,                    20000.00,4000,N, ,1,         6.70,         3.50
N,VASCON ENGINEERS LTD,        45.33,        45.60,        47.29,        45.50,        46.65,                 57861292.82,1239061,N, ,6946,        74.59,        31.98
N,VASWANI IND LTD,        60.23,        61.50,        61.50,        60.00,        60.06,                  6694766.45,111023,N, ,832,        69.99,        33.30
N,VEEDOL CORPORATION LTD,      1630.30,      1630.30,      1656.00,      1629.80,      1642.30,                  8729642.50,5313,N, ,1079,      2035.00,      1305.00
N,VELS FILM INTERNATIONAL L,        55.50,        58.00,        58.00,        58.00,        58.00,                   139200.00,2400,N, ,2,        94.50,        35.15
N,VENKY S (INDIA) LIMITED,      1573.70,      1573.70,      1615.00,      1557.10,      1606.20,                126629260.20,79251,N, ,7119,      2026.60,      1315.00
N,VENTIVE HOSPITALITY LTD,       744.55,       744.00,       758.00,       729.10,       748.15,                 78015658.00,104559,N, ,6207,       840.00,       523.40
N,VENUS PIPES & TUBES LTD,      1161.20,      1165.00,      1214.90,      1164.30,      1206.80,                 60620558.80,50688,N, ,5324,      1660.00,      1005.30
N,VERANDA LEARNING SOL LTD,       202.52,       200.00,       220.00,       200.00,       217.46,                155132548.27,722946,N, ,13356,       272.50,       172.15
N,VERTOZ LIMITED,        70.39,        70.39,        71.68,        69.52,        69.80,                 10907824.31,155294,N, ,1503,       111.33,         7.83
N,VESUVIUS INDIA LTD,       482.35,       483.00,       483.30,       478.85,       481.45,                 11150597.85,23162,N, ,1527,      6188.00,       451.90
N,VETO SWITCHGEAR CABLE LTD,       112.24,       111.73,       116.00,       111.73,       114.38,                  2298913.99,20171,N, ,395,       149.00,        92.60
N,VIRTUAL GALAXY INFOTECH L,       151.85,       152.20,       156.85,       152.20,       155.05,                  2790500.00,18000,N, ,18,       208.00,       146.00
N,VARVEE GLOBAL LIMITED,       143.12,       146.01,       157.43,       142.89,       152.23,                 11138051.47,74035,N, ,1160,       196.95,       111.94
N,V-GUARD IND LTD.,       321.45,       323.05,       332.40,       320.85,       330.75,                137053625.35,418120,N, ,18131,       450.00,       300.00
N,VARDHMAN HOLDINGS LIMITED,      3605.20,      3555.00,      3630.00,      3555.00,      3601.70,                  1270982.40,353,N, ,124,      4050.00,      3430.00
N,VIDHI SPCLTY F INGRDNTS L,       339.00,       340.15,       342.00,       333.35,       337.80,                   790348.30,2333,N, ,361,       565.40,       272.05
N,VIDYA WIRES LIMITED,        49.98,        49.46,        50.40,        49.30,        50.13,                132237107.87,2657776,N, ,8733,        58.45,        48.65
N,VIGOR PLAST INDIA LIMITED,        73.00,        72.00,        72.00,        71.25,        71.55,                   687200.00,9600,N, ,6,        98.00,        69.95
N,VIJAYA DIAGNOSTIC CEN LTD,      1042.40,      1042.40,      1068.50,      1033.80,      1059.20,                146175142.20,138824,N, ,18878,      1275.00,       740.00
N,VIJAYPD CEUTICAL LIMITED,        42.30,        42.30,        42.30,        42.30,        42.30,                   507600.00,12000,N, ,3,        55.50,        35.00
N,VIJI FINANCE LIMITED,         2.71,         2.74,         2.78,         2.69,         2.74,                   623357.04,227216,N, ,289,         4.60,         1.99
N,VIKAS ECOTECH LIMITED,         1.70,         1.70,         1.79,         1.69,         1.77,                  5210050.12,2971707,N, ,2479,         3.42,         1.45
N,VIKAS LIFECARE LIMITED,         1.79,         1.81,         2.05,         1.80,         1.93,                 16807037.79,8701452,N, ,17067,         4.32,         1.74
N,VIKRAM SOLAR LIMITED,       237.19,       238.45,       241.80,       235.65,       239.79,                189336917.72,791574,N, ,14581,       407.95,       228.10
N,VIKRAN ENGINEERING LTD,       100.59,       101.00,       101.43,        98.50,        99.17,                281864738.94,2835009,N, ,13133,       118.40,        84.20
N,VILAS TRANSCORE LIMITED,       405.80,       408.00,       412.00,       402.00,       403.60,                  3963437.50,9750,N, ,38,       673.70,       291.00
N,VILIN BIO MED LIMITED,        19.95,        20.90,        20.90,        20.90,        20.90,                    83600.00,4000,N, ,1,        32.50,        16.50
N,VIMTA LABS LIMITED,       601.50,       603.80,       612.00,       600.80,       610.20,                 41696245.60,68768,N, ,3645,      1178.00,       435.30
N,VINATI ORGANICS LTD,      1596.60,      1589.50,      1604.90,      1589.50,      1601.20,                 10797014.50,6752,N, ,1144,      2040.00,      1412.50
N,VINTAGE COFFEE N BVRGS L,       160.23,       161.00,       162.40,       159.30,       160.68,                279929425.97,1733200,N, ,12246,       174.50,        75.00
N,VINDHYA TELELINKS LTD,      1423.00,      1437.20,      1437.20,      1410.00,      1417.60,                 11613358.80,8173,N, ,927,      1951.25,      1160.30
N,VINEET LABORATORIES LTD,        35.87,        35.20,        36.00,        33.80,        34.41,                  2159505.32,62693,N, ,704,        61.40,        26.51
N,VINNY OVERSEAS LIMITED,         1.24,         1.25,         1.30,         1.23,         1.26,                   683712.74,540936,N, ,298,         1.89,         1.19
N,VINSYS IT SERVICES IND LT,       355.50,       355.00,       362.75,       355.00,       361.75,                  3066575.00,8500,N, ,30,       475.00,       300.00
N,VINYAS INNOVATIVE TECH L,      1125.00,      1126.00,      1175.00,      1126.00,      1150.10,                  7732590.00,6700,N, ,52,      1440.00,       575.80
N,VINYL CHEMICALS (I) LTD.,       239.34,       239.34,       243.00,       239.00,       240.80,                  1405485.55,5829,N, ,444,       361.20,       215.10
N,VIP CLOTHING LIMITED,        31.09,        31.30,        31.56,        31.00,        31.36,                  2980436.17,95660,N, ,790,        49.35,        28.00
N,VIP INDUSTRIES LTD,       383.20,       382.00,       390.90,       380.30,       388.45,                163485220.75,424494,N, ,13176,       497.70,       248.35
N,VIPUL LIMITED,        12.66,        12.80,        12.82,        11.72,        11.77,                  6805772.24,564327,N, ,1511,        23.75,         7.38
N,VIRINCHI LIMITED,        23.10,        23.00,        24.25,        22.75,        23.90,                  2011365.28,84505,N, ,424,        32.80,        19.46
N,VISAKA INDUSTRIES LIMITED,        70.75,        72.61,        72.61,        70.83,        72.02,                  3753742.65,52226,N, ,636,       107.00,        55.05
N,VISHNU CHEMICALS LIMITED,       550.50,       551.30,       561.20,       544.10,       559.90,                 42160597.65,76034,N, ,3862,       595.80,       336.00
N,VISHNUSURYA PROJ N INFR L,       181.00,       180.00,       180.00,       176.70,       176.70,                   628100.00,3500,N, ,7,       288.00,       145.00
N,VISHWARAJ SUGAR IND LTD,         6.80,         6.80,         6.96,         6.78,         6.92,                  2181536.72,317206,N, ,869,        16.25,         6.42
N,VITAL CHEMTECH LIMITED,        58.80,        56.55,        58.00,        56.55,        56.65,                   341460.00,6000,N, ,5,        77.00,        48.10
N,VIVIANA POWER TECH LTD,       718.85,       730.00,       772.95,       728.00,       764.05,                 18740120.00,24800,N, ,100,      1860.00,       598.00
N,VISAGAR POLYTEX LTD,         0.62,         0.63,         0.64,         0.62,         0.63,                   293642.89,467374,N, ,333,         1.09,         0.60
N,VIVIMED LABS LIMITED,        16.79,        15.12,        15.12,        15.12,        15.12,                   145272.96,9608,N, ,106,        29.40,        15.12
N,VL E GOV AND IT SOL LTD,        19.38,        19.38,        20.10,        19.38,        19.83,                  6739198.24,341668,N, ,1217,       197.77,        18.21
N,V.L.INFRAPROJECTS LIMITED,        31.40,        32.00,        32.00,        30.75,        31.50,                   378075.00,12000,N, ,8,        63.45,        22.15
N,VLS FINANCE LTD,       305.40,       305.50,       308.00,       301.00,       303.30,                 14882470.30,49020,N, ,1418,       357.20,       186.90
N,V MARC INDIA LIMITED,       674.70,       687.00,       689.55,       655.00,       672.10,                 25310287.50,37750,N, ,108,       805.00,       200.30
N,VMART RETAIL LTD,       697.85,       697.85,       709.00,       689.45,       703.20,                151502549.25,217249,N, ,13959,      4039.30,       689.45
N,VISHAL MEGA MART LIMITED,       135.81,       135.95,       136.95,       134.50,       135.95,                477083665.58,3508100,N, ,33482,       157.60,        95.99
N,VMS TMT LIMITED,        54.11,        54.25,        55.40,        53.72,        54.91,                  6979724.18,127481,N, ,1555,       105.00,        50.59
N,VOLTAMP TRANSFORMERS LTD,      7790.50,      7790.50,      7940.00,      7677.00,      7877.00,                175560787.00,22419,N, ,6297,     10565.00,      6051.00
N,VOLTAS LTD,      1384.30,      1389.00,      1447.60,      1386.90,      1430.20,               1582542470.20,1109054,N, ,41747,      1859.40,      1135.00
N,VISHNU PRAKASH R PUNGLI L,        50.16,        50.45,        51.49,        49.19,        50.84,                564734795.19,11223071,N, ,35071,       308.50,        49.19
N,VRAJ IRON AND STEEL LTD,       133.63,       133.64,       133.66,       130.06,       131.72,                  3021422.73,22995,N, ,622,       227.70,       121.00
N,VRL LOGISTICS LIMITED,       268.75,       268.75,       269.20,       266.85,       268.55,                 17035063.45,63540,N, ,2587,       649.00,       259.75
N,VARDHMAN SPC STEEL LTD,       285.55,       285.00,       289.40,       283.05,       286.80,                 10901969.05,38073,N, ,1860,       324.00,       178.00
N,VST INDUSTRIES LTD,       255.50,       254.00,       254.05,       248.40,       251.05,                163495264.35,652162,N, ,36598,       346.90,       237.90
N,VIBHOR STEEL TUBES LTD,       136.60,       139.34,       139.34,       134.01,       136.63,                   653767.46,4792,N, ,293,       221.99,       117.02
N,VST TILLERS TRACTORS LTD,      6200.00,      6249.50,      6271.00,      6105.50,      6129.50,                154353330.50,25066,N, ,4952,      6374.00,      3082.00
N,VARDHMAN TEXTILES LIMITED,       435.45,       433.00,       437.95,       433.00,       436.10,                 17393956.75,39890,N, ,2688,       539.90,       361.10
N,WAAREE ENERGIES LIMITED,      2955.30,      2960.00,      2964.90,      2847.80,      2866.30,               4646262822.20,1616043,N, ,88065,      3865.00,      1863.00
N,INDOSOLAR LIMITED,       536.50,       538.00,       548.75,       509.70,       512.60,                 70912155.30,134295,N, ,3045,       561.95,         1.65
N,WAAREE RENEWABLE TECH LTD,       967.95,       969.95,       979.00,       960.60,       976.65,                192272858.85,197689,N, ,13078,      1358.00,       841.15
N,VA TECH WABAG LTD,      1315.20,      1313.00,      1315.00,      1285.00,      1291.60,                333835836.40,257441,N, ,18922,      1690.00,      1114.00
N,WAKEFIT INNOVATIONS LTD,       186.03,       184.03,       184.90,       178.00,       179.31,                 46297173.08,256270,N, ,6876,       203.50,       173.81
N,WALCHANDNAGAR INDUSTRIES,       190.76,       191.90,       195.80,       186.91,       187.96,                217122110.80,1135061,N, ,14663,       304.00,       142.79
N,WANBURY LIMITED,       229.92,       228.25,       238.00,       227.70,       236.01,                 12029522.25,51410,N, ,1319,       329.70,       154.01
N,WESTERN CARRIERS (IND) L,       120.13,       120.00,       122.00,       119.30,       120.17,                 35580898.86,295772,N, ,2038,       147.29,        65.10
N,WEALTH FRST PORT. MG. LTD,       919.40,       924.80,       934.95,       915.05,       925.15,                  1092256.45,1180,N, ,301,      1580.00,       801.20
N,WEBSOL ENERGY SYSTEM LTD,        88.35,        88.49,        89.90,        86.84,        88.48,                297680965.98,3377448,N, ,14334,      1865.00,        79.86
N,WEIZMANN LTD,        94.10,        95.00,        96.50,        95.00,        96.49,                   282566.50,2954,N, ,43,       142.00,        93.10
N,WONDER ELECTRICALS LTD,       151.28,       150.60,       155.99,       146.00,       153.75,                 19147440.35,124278,N, ,1969,       200.00,       123.15
N,WELSPUN CORP LIMITED,       799.35,       800.00,       807.85,       800.00,       806.35,                122242245.95,151818,N, ,10417,       994.00,       664.30
N,WELSPUN ENTERPRISES LTD.,       514.45,       513.00,       513.00,       508.05,       509.95,                 19281928.10,37816,N, ,2445,       655.00,       400.05
N,WELSPUN INV & COMM LTD,      1342.80,      1368.70,      1368.70,      1305.00,      1309.70,                  2365327.70,1784,N, ,232,      1549.00,      1065.50
N,WELSPUN LIVING LIMITED,       132.05,       133.00,       133.50,       131.31,       132.42,                129523195.34,980366,N, ,9610,       166.76,       104.80
N,WENDT (INDIA) LIMITED,      7790.50,      7770.00,      7907.00,      7770.00,      7860.50,                 71092076.00,9070,N, ,3502,     16893.75,      7575.00
N,WESTLIFE FOODWORLD LTD,       538.55,       538.55,       545.00,       528.90,       538.65,                 31023713.35,57944,N, ,4814,       893.35,       513.00
N,WEWORK INDIA MANAGEMENT L,       608.45,       608.00,       624.95,       601.10,       618.55,                 86390670.80,140571,N, ,11118,       664.00,       570.10
N,WHEELS INDIA LTD,       864.85,       860.00,       889.70,       860.00,       884.70,                 76710658.15,86909,N, ,6362,       978.50,       543.60
N,WHIRLPOOL OF INDIA LTD,       890.35,       891.40,       910.80,       884.45,       904.55,                407722946.25,453052,N, ,21013,      1889.85,       884.00
N,WILLIAMSON MAGOR,        30.30,        30.91,        31.38,        30.12,        31.00,                   186634.69,6071,N, ,36,        41.00,        25.31
N,WINDLAS BIOTECH LIMITED,       801.70,       797.70,       797.70,       782.05,       788.90,                 27089334.60,34409,N, ,3170,      1140.00,       665.10
N,WINDSOR MACHINES LIMITED,       266.60,       267.55,       276.00,       264.10,       273.15,                  8232493.25,30378,N, ,1664,       409.00,       230.56
N,WINNY IMMIGRA & EDU SER L,        75.50,        71.00,        71.00,        71.00,        71.00,                    35500.00,500,N, ,1,       346.50,        54.00
N,WINSOL ENGINEERS LIMITED,       158.65,       161.90,       161.90,       161.30,       161.30,                   258340.00,1600,N, ,4,       320.00,       151.05
N,THE WESTERN INDIA PLY LTD,       149.01,       145.61,       149.90,       145.61,       146.51,                   723966.95,4932,N, ,64,       265.00,       137.90
N,WOCKHARDT LIMITED,      1422.90,      1423.00,      1438.00,      1401.70,      1406.20,                644600956.10,455850,N, ,18701,      1868.80,      1110.05
N,WOMANCART LIMITED,       274.10,       277.95,       282.75,       268.25,       270.10,                  5020560.00,18400,N, ,45,       437.15,       211.15
N,WONDERLA HOLIDAYS LTD.,       527.15,       527.00,       532.15,       521.80,       527.40,                 16015880.25,30364,N, ,2266,       848.55,       505.00
N,WORTH PERIPHERALS LIMITED,       139.34,       139.34,       140.00,       138.00,       138.33,                   834248.16,6022,N, ,161,       190.47,       132.00
N,W.S.INDUSTRIES (I) LTD.,        90.36,        92.50,        93.35,        89.71,        92.53,                 16399451.14,179852,N, ,1481,       123.01,        62.60
N,WEST COAST PAPER MILLS LT,       416.45,       412.10,       424.50,       412.10,       419.90,                 29567139.00,70640,N, ,2753,       583.00,       385.10
N,WISE TRAVEL INDIA LIMITED,       137.25,       137.25,       137.25,       134.40,       136.80,                   812975.00,6000,N, ,11,       204.00,       115.20
N,XCHANGING SOLUTIONS LTD,        81.37,        81.20,        82.45,        81.19,        82.11,                  4621603.60,56538,N, ,825,       119.70,        78.25
N,XPRO INDIA LIMITED,       961.55,       959.10,       995.00,       954.05,       980.05,                 12819865.50,13064,N, ,1324,      1635.00,       926.00
N,XTGLOBAL INFOTECH LIMITED,        33.57,        34.20,        36.99,        33.81,        35.68,                  1905796.59,53526,N, ,738,        52.37,        28.65
N,YASHO INDUSTRIES LIMITED,      1429.90,      1428.90,      1448.90,      1427.60,      1439.10,                  3342690.40,2321,N, ,489,      2343.85,      1383.20
N,YASH OPTICS & LENS LTD,       122.90,       122.00,       123.50,       118.50,       118.70,                  1060200.00,8800,N, ,7,       153.50,        72.60
N,YATHARTH HOSP & TRA C S L,       675.20,       675.40,       701.00,       671.00,       699.45,                276331806.65,402099,N, ,17596,       843.70,       345.60
N,YATRA ONLINE LIMITED,       176.01,       176.00,       176.80,       173.10,       174.91,                130693506.45,747811,N, ,7614,       202.00,        65.51
N,YASONS CHEMEX CARE LTD,        13.00,        13.25,        13.25,        13.25,        13.25,                    39750.00,3000,N, ,1,        20.25,        11.00
N,YES BANK LIMITED,        21.49,        21.50,        22.34,        21.48,        22.29,               2534413537.00,114890325,N, ,89213,        24.30,        16.02
N,YUDIZ SOLUTIONS LIMITED,        26.90,        27.00,        27.00,        26.90,        26.90,                    86240.00,3200,N, ,4,        65.00,        26.30
N,YUKEN INDIA LIMITED,       896.25,       901.00,       903.45,       882.65,       885.10,                  1659825.95,1868,N, ,398,      1204.40,       712.70
N,ZAGGLE PREPA OCEAN SER L,       347.35,       348.95,       351.00,       345.40,       349.95,                183312863.15,526741,N, ,8721,       577.30,       298.65
N,ZEAL GLOBAL SERVICES LTD,        93.45,        93.45,        93.45,        93.45,        93.45,                    56070.00,600,N, ,1,       184.00,        90.05
N,ZEE ENTERTAINMENT ENT LTD,        90.48,        90.70,        91.30,        90.22,        91.12,                703018243.23,7753613,N, ,27687,       151.70,        89.32
N,ZEE LEARN LIMITED,         7.20,         7.20,         7.43,         7.19,         7.38,                  1813615.63,247026,N, ,849,        10.89,         4.57
N,ZEE MEDIA CORPORATION LTD,         8.88,         8.88,         9.08,         8.84,         9.02,                 12526825.24,1395715,N, ,1746,        21.80,         8.57
N,ZENITH DRUGS LIMITED,        50.40,        51.00,        52.90,        51.00,        51.10,                   248480.00,4800,N, ,6,       107.00,        47.15
N,ZENITH EXPORTS LTD,       208.53,       208.53,       214.39,       208.53,       210.22,                    50275.21,239,N, ,20,       360.70,       193.00
N,ZENITH STEEL PIP IND LTD,         7.25,         7.25,         7.30,         7.14,         7.23,                   383773.68,53281,N, ,231,        10.33,         5.65
N,ZENSAR TECHNOLOGIES  LTD,       701.15,       704.45,       705.00,       698.00,       699.35,                 89604870.25,127888,N, ,13077,       984.95,       535.85
N,ZEN TECHNOLOGIES LIMITED,      1356.60,      1361.80,      1365.90,      1355.50,      1362.40,                150445118.30,110491,N, ,7009,      2588.00,       945.35
N,ZF COM VE CTR SYS IND LTD,     14729.00,     14800.00,     15100.00,     14729.00,     15040.00,                107802856.00,7205,N, ,2968,     15848.00,      9561.00
N,ZIM LABORATORIES LIMITED,        70.37,        70.20,        71.20,        70.05,        70.43,                  2345531.74,33270,N, ,321,       127.00,        67.00
N,ZODIAC ENERGY LIMITED,       301.65,       308.95,       309.95,       299.40,       304.90,                  7216615.00,23645,N, ,1248,       560.00,       287.10
N,ZODIAC CLOTHING CO. LTD.,        85.81,        85.00,        86.74,        84.02,        85.20,                   400949.77,4696,N, ,236,       137.00,        80.80
N,ZOTA HEALTH CARE LIMITED,      1520.20,      1535.00,      1551.70,      1512.60,      1543.40,                 64872729.80,42186,N, ,4630,      1740.00,       752.00
N,Z-TECH (INDIA) LIMITED,       655.00,       674.00,       674.00,       652.00,       659.65,                 51263235.00,77100,N, ,119,       731.15,       460.00
N,ZUARI AGRO CHEMICALS LTD,       329.75,       331.90,       342.00,       326.40,       337.35,                157200877.45,470582,N, ,10539,       393.55,       169.20
N,ZUARI INDUSTRIES LIMITED,       321.90,       321.90,       326.20,       320.75,       324.45,                 45898401.45,141667,N, ,3991,       416.00,       229.99
N,ZYDUS WELLNESS LIMITED,       464.25,       465.50,       475.25,       453.50,       471.50,                262886436.90,566201,N, ,15245,      2625.00,       404.00
 , , , , , , , , , , , , , 
 ,TRADE FOR TRADE STOCKS, , , , , , , , , , , , 
N,AAA TECHNOLOGIES LIMITED,       101.26,        96.20,       104.00,        96.20,        96.67,                  7239554.39,74694,N, ,460,       136.00,        66.00
N,ABAN OFFSHORE LTD.,        19.15,        18.81,        20.00,        18.50,        19.86,                  5466697.81,278370,N, ,1075,        67.04,        18.23
N,AGRI-TECH (INDIA) LIMITED,       151.67,       154.00,       154.00,       150.10,       153.13,                   487013.60,3211,N, ,84,       217.85,       103.25
N,ARVEE LABORATORIES I LTD,       204.13,       202.09,       202.09,       194.10,       199.93,                   914928.25,4639,N, ,129,       290.78,       126.54
N,ATLANTAA LIMITED,        43.93,        44.30,        46.00,        43.60,        44.45,                  4002729.52,89498,N, ,385,        73.39,        27.26
N,AURI GROW INDIA LIMITED,         0.73,         0.70,         0.70,         0.70,         0.70,                  2035349.40,2907642,N, ,2068,         1.36,         0.45
N,AXISCADES TECH LTD,      1342.70,      1342.00,      1384.10,      1320.00,      1373.80,                 46906067.60,34730,N, ,1566,      1779.20,       607.90
N,AXITA COTTON LIMITED,        12.35,        11.74,        11.74,        11.74,        11.74,                  2192750.24,186776,N, ,585,        13.42,         7.99
N,BAFNA PHARMACEUTICALS LTD,       148.39,       148.39,       152.50,       145.35,       151.15,                   384674.32,2574,N, ,48,       202.06,        69.00
N,BGR ENERGY SYSTEMS LTD,       364.15,       363.15,       364.00,       354.00,       359.10,                 20988350.10,58472,N, ,959,       490.80,        69.05
N,BHAGYANAGAR INDIA LIMITED,       159.26,       159.26,       163.00,       156.00,       161.24,                 26803215.93,167321,N, ,1706,       168.92,        65.00
N,BHARAT GEARS LTD,       112.91,       113.25,       117.70,       113.25,       117.29,                  7475959.90,64570,N, ,577,       154.20,        64.80
N,BIL VYAPAR LIMITED,         7.37,         7.69,         7.69,         7.25,         7.49,                    52779.82,7179,N, ,45,        23.11,         6.41
N,BLUE COAST HOTELS LIMITED,        33.68,        34.39,        35.28,        33.68,        35.09,                    46826.31,1352,N, ,33,        86.31,        23.53
N,BORANA WEAVES LIMITED,       296.85,       296.95,       305.00,       294.10,       303.15,                 11871771.90,39752,N, ,409,       323.21,       211.00
N,CONS. CONST. CONSORT LTD,        17.49,        17.30,        18.36,        17.30,        18.10,                  5012148.09,280099,N, ,534,        28.87,        10.84
N,CENTURY EXTRUSIONS LTD,        22.37,        22.37,        22.70,        22.00,        22.63,                  2267702.29,100352,N, ,345,        34.75,        15.67
N,COASTAL CORPORATION LTD,        44.08,        44.08,        45.80,        42.60,        45.64,                  1694199.59,37954,N, ,164,       275.00,        30.01
N,COMMERCIAL SYN BAGS LTD,       149.36,       149.36,       156.80,       145.00,       154.09,                  5792172.58,37829,N, ,224,       163.95,        65.00
G,CURA TECHNOLOGIES LIMITED,       107.76,       107.76,       109.91,       107.76,       109.91,                     5917.94,54,N, ,4,       337.00,        24.43
N,CYBERTECH SYSTEMS & SOFTW,       144.13,       144.00,       149.00,       144.00,       148.19,                  4185245.10,28618,N, ,329,       274.80,       125.12
N,DCM SHRIRAM IND LTD,        55.95,        57.00,        57.00,        53.16,        54.53,                  5395762.63,99705,N, ,1001,        63.10,        51.00
N,EMBASSY DEVELOPMENTS LTD,        59.46,        59.80,        59.80,        56.49,        56.59,                620879531.28,10889968,N, ,40267,       163.69,        56.49
N,ENERGY DEVE. CO.LTD,        19.67,        19.42,        20.65,        19.42,        20.42,                  2475192.56,122567,N, ,357,        29.85,        16.40
N,EQUIPPP SOC IMP TECH LTD,        22.84,        23.00,        23.40,        22.27,        23.25,                   441833.92,19085,N, ,61,        26.37,        16.15
N,ESSAR SHIPPING LTD,        27.27,        27.48,        27.59,        26.20,        27.37,                  2772888.93,101911,N, ,455,        43.26,        21.50
N,EUROTEX IND & EXPORTS LTD,        14.93,        14.93,        14.93,        14.19,        14.19,                    12075.05,850,N, ,9,        23.58,        11.68
N,EXXARO TILES LIMITED,         8.03,         7.91,         8.11,         7.91,         8.09,                  2372379.97,293634,N, ,277,        10.95,         5.45
N,GAYATRI HIGHWAYS LIMITED,         2.78,         2.80,         2.84,         2.72,         2.77,                   747983.71,270545,N, ,544,         4.76,         0.74
N,GRETEX CORPORATE SERVICES,       342.05,       340.00,       345.00,       328.50,       340.05,                  1577929.10,4690,N, ,37,       389.40,       213.15
N,GLOBAL EDUCATION LIMITED,        88.51,        88.75,        92.00,        88.75,        89.57,                  2428574.68,26849,N, ,273,        98.40,        41.00
N,GLOBAL SURFACES LIMITED,       100.66,        99.65,       101.89,        99.05,       100.89,                 11298811.43,112408,N, ,133,       172.40,        84.71
G,GUJARAT RAFFIA INDUST LTD,        49.48,        50.46,        50.46,        50.46,        50.46,                   162077.52,3212,N, ,11,       105.88,        34.87
N,GVK POW. & INFRA LTD.,         3.12,         3.15,         3.15,         3.07,         3.09,                  2229394.56,717260,N, ,1092,         5.00,         2.95
N,HALEOS LABS LIMITED,      1310.00,      1309.00,      1375.00,      1309.00,      1354.00,                  1871024.40,1383,N, ,135,      1680.00,       959.80
N,HB STOCKHOLDINGS LIMITED,        73.49,        75.00,        75.00,        71.65,        73.71,                   367220.30,5013,N, ,68,       137.00,        70.00
N,THE HI-TECH GEARS LIMITED,       717.00,       723.10,       752.85,       713.15,       752.75,                  3337395.60,4475,N, ,225,       897.45,       515.00
N,HYBRID FINANCIAL SERVICE,        20.23,        20.23,        20.40,        19.40,        20.06,                   156813.46,7849,N, ,58,        33.62,        10.05
N,JET FREIGHT LOGISTICS LTD,        16.75,        16.97,        17.34,        16.51,        16.88,                   725367.54,42815,N, ,141,        21.40,        10.44
N,KAVVERI DFS & WIR TEC LTD,        70.38,        73.89,        73.89,        72.00,        73.89,                  5073701.07,68712,N, ,324,       162.87,        41.14
N,KESORAM INDUSTRIES LTD,        12.57,        11.95,        11.95,        11.95,        11.95,                  4289201.55,358929,N, ,1013,        13.94,         4.55
N,LANCOR HOLDINGS LIMITED,        25.34,        26.60,        26.60,        24.80,        26.29,                   622582.14,24017,N, ,69,        36.25,        19.01
G,LATTEYS INDUSTRIES LTD,        22.01,        21.57,        21.57,        21.57,        21.57,                   692849.97,32121,N, ,114,        37.00,        16.00
N,LCC INFOTECH LTD,         4.57,         4.37,         4.75,         4.36,         4.63,                   121784.03,26793,N, ,47,        10.25,         3.64
N,MAAN ALUMINIUM LIMITED,       158.33,       161.45,       162.99,       155.75,       159.83,                  8684449.47,54523,N, ,599,       184.74,        75.51
N,MAHAMAYA STEEL INDS LTD,      1014.70,      1032.00,      1032.00,       974.00,      1011.60,                 17382882.60,17236,N, ,537,      1032.00,       179.53
N,MANAK ALUMINIUM CO. LTD.,        29.07,        29.75,        30.25,        28.50,        30.13,                  2785782.17,94405,N, ,316,        34.90,        17.81
N,MANOMAY TEX INDIA LTD,       203.60,       203.55,       208.89,       197.33,       205.73,                  1166246.15,5736,N, ,87,       259.88,       146.00
N,MASK INVESTMENTS LIMITED,       145.00,       145.00,       151.00,       141.29,       151.00,                    55134.70,381,N, ,27,       246.09,       131.85
N,MCLEOD RUSSEL INDIA LTD.,        48.72,        48.03,        49.36,        46.80,        47.96,                 13710136.89,285665,N, ,737,        68.47,        27.60
N,MEGASOFT LTD,       197.46,       207.33,       207.33,       202.00,       207.23,                 65105887.98,314981,N, ,1450,       231.00,        49.06
N,MEGASTAR FOODS LIMITED,       226.21,       230.10,       236.50,       230.10,       233.31,                   710027.09,3059,N, ,62,       310.50,       187.61
N,MT EDUCARE LTD,         1.70,         1.66,         1.73,         1.64,         1.72,                    30351.83,18159,N, ,24,         2.95,         1.62
N,NACL INDUSTRIES LIMITED,       171.95,       170.40,       172.00,       164.10,       167.94,                 28029559.99,166090,N, ,3243,       339.45,        53.76
N,NAGREEKA CAP & INFR.LTD,        26.90,        27.90,        27.90,        26.98,        27.48,                   140794.77,5130,N, ,41,        42.75,        23.23
N,NARMADA AGROBASE LIMITED,        21.75,        21.75,        22.80,        21.75,        22.50,                  1945640.41,87380,N, ,152,        28.25,        14.82
N,NECTAR LIFESCIENCES LTD.,        20.38,        20.80,        20.90,        19.40,        20.12,                 11835161.69,592356,N, ,1324,        41.35,        13.05
N,NILA SPACES LIMITED,        15.87,        15.85,        16.40,        15.85,        16.10,                  5952137.05,369013,N, ,662,        20.47,        10.21
G,NORBEN TEA &EXPORTS LTD,        97.41,        99.35,        99.35,        99.35,        99.35,                  1030160.15,10369,N, ,81,        99.35,        22.30
N,ONELIFE CAP ADVISORS LTD,        16.06,        16.06,        16.65,        15.68,        15.99,                   405730.49,25353,N, ,34,        18.59,         9.08
N,ORICON ENTERPRISES LTD,        60.00,        59.12,        60.50,        59.12,        60.00,                  2548392.67,42550,N, ,348,        63.00,        35.66
N,ORTIN GLOBAL LIMITED,        13.80,        14.35,        14.35,        13.21,        14.15,                   118504.39,8906,N, ,28,        18.93,         9.64
N,PANACHE DIGILIFE LIMITED,       338.75,       337.95,       344.95,       325.00,       325.45,                  2499586.55,7636,N, ,68,       472.15,       171.85
N,PANSARI DEVELOPERS LTD,       300.00,       287.05,       306.00,       287.05,       300.10,                   105288.40,350,N, ,11,       352.30,       142.05
N,PRAJAY ENG. SYN. LTD.,        26.23,        26.35,        26.90,        26.35,        26.60,                   432665.89,16263,N, ,98,        34.89,        17.12
N,PREMIER LIMITED,         3.04,         3.05,         3.05,         2.93,         3.00,                    16090.70,5371,N, ,25,         4.34,         2.55
G,PROZONE REALTY LIMITED,        56.99,        58.12,        58.12,        58.12,        58.12,                  2202341.16,37893,N, ,104,        72.77,        26.50
N,PVP VENTURES LIMITED,        36.03,        36.73,        37.09,        35.26,        36.92,                  5337760.54,146048,N, ,379,        39.41,        18.30
N,RAJ RAYON INDUSTRIES LTD,        22.23,        22.23,        22.45,        21.79,        22.01,                    82264.28,3736,N, ,92,        31.59,        17.99
N,RELIANCE COMMUNICATIONS L,         1.11,         1.12,         1.12,         1.10,         1.11,                  2969760.02,2669739,N, ,1654,         1.98,         1.05
N,RELIABLE DATA SERVICE LTD,       153.58,       154.00,       160.00,       152.00,       157.92,                  7396314.94,47505,N, ,278,       166.00,        63.15
G,SAB EVENTS & GOVERNANCE,         9.12,         9.30,         9.30,         9.30,         9.30,                    12443.40,1338,N, ,7,        17.16,         3.69
N,SRI ADHIKARI BRO TELE N L,      1646.20,      1694.00,      1728.50,      1663.50,      1728.30,                 32173482.10,18649,N, ,606,      1728.50,       352.60
N,SADBHAV ENGINEERING LTD,        10.97,        10.75,        11.40,        10.71,        10.93,                   814906.33,75025,N, ,137,        27.68,         9.83
G,S.A.L. STEEL LTD.,        44.24,        45.12,        45.12,        44.00,        44.00,                  5896043.05,131468,N, ,202,        45.12,        14.37
N,SAMBHAAV MEDIA LTD,         8.90,         8.60,         9.24,         8.60,         8.90,                   443410.95,49187,N, ,111,        11.53,         5.00
N,SECUREKLOUD TECH LIMITED,        26.33,        25.80,        26.50,        25.41,        26.04,                   630029.35,24267,N, ,97,        35.79,        16.01
N,SEJAL GLASS LIMITED,       853.55,       878.40,       878.40,       841.70,       854.50,                  1456823.25,1691,N, ,105,      1036.70,       313.50
N,SEL MANUFACTURING CO LTD,        30.30,        31.30,        31.30,        29.00,        29.51,                  1067276.61,35597,N, ,240,        48.77,        25.50
N,SEYA INDUSTRIES LIMITED,        17.48,        18.35,        18.35,        18.35,        18.35,                   134505.50,7330,N, ,10,        29.56,        12.63
N,SHYAM CENTURY FERROUS LTD,         6.23,         6.29,         6.38,         6.07,         6.25,                   586421.27,94719,N, ,221,        14.23,         4.71
N,SICAL LOGISTICS LIMITED,        87.33,        88.00,        89.80,        84.50,        89.40,                   154937.15,1767,N, ,25,       152.00,        79.07
N,SIGMA SOLVE LIMITED,        57.58,        58.16,        59.50,        57.58,        58.87,                  8711755.63,148500,N, ,683,       655.00,        49.00
N,SIKKO INDUSTRIES LIMITED,         5.19,         5.19,         5.25,         5.10,         5.11,                  1094589.11,213280,N, ,627,       136.63,         4.76
N,SILLY MONKS ENTERTAIN LTD,        20.12,        20.00,        20.30,        19.50,        19.70,                   362515.97,18272,N, ,65,        28.45,        13.45
G,SOMA TEXTILEI NDUSTRIES L,       141.03,       138.21,       138.21,       138.21,       138.21,                   154795.20,1120,N, ,37,       161.25,        34.53
N,SOUTH WEST PINNACLE LTD,       193.12,       193.00,       196.00,       192.00,       194.91,                  6723918.68,34578,N, ,250,       242.00,        99.06
N,SPACENET ENTERS IND LTD,         6.79,         6.94,         6.99,         6.70,         6.79,                  1061824.00,155880,N, ,285,        21.00,         4.78
N,STALLION IND FLUOROCHEM L,       246.81,       259.15,       259.15,       244.00,       257.69,                162105951.81,629613,N, ,5349,       423.80,        60.00
N,SUMEET IND LIMITED,        29.77,        29.97,        30.17,        29.10,        29.40,                  1226061.52,41236,N, ,325,       181.70,        27.93
N,SVP GLOBAL TEXTILES LTD,         3.73,         3.73,         3.91,         3.66,         3.91,                   266818.03,69414,N, ,130,         6.89,         2.37
N,SWAN DEFENCE N HEVY IND L,      1457.60,      1530.40,      1530.40,      1530.40,      1530.40,                  2843483.20,1858,N, ,169,      1530.40,        37.80
N,TAKE SOLUTIONS LTD,        40.34,        40.88,        40.89,        40.00,        40.51,                 42026245.49,1037178,N, ,1610,        41.20,         6.51
N,TARAPUR TRANSFORMERS LTD,        29.63,        29.63,        30.55,        29.50,        29.74,                   454569.33,15290,N, ,124,        50.85,        21.50
N,TCIFINANCELTD-ROLL SETT,        28.72,        30.15,        30.15,        30.15,        30.15,                  2208638.25,73255,N, ,178,        30.15,        10.00
N,TERA SOFTWARE LIMITED,       398.95,       393.25,       418.85,       393.25,       418.85,                  6174772.55,15187,N, ,289,       598.00,       159.55
N,TWAMEV CONS AND INFRA LTD,        24.22,        24.65,        24.90,        23.65,        24.29,                  1058095.33,43952,N, ,121,        59.23,        19.35
N,TREJHARA SOLUTIONS LTD,       227.44,       233.98,       235.00,       227.66,       232.86,                   666226.43,2867,N, ,74,       284.85,       155.60
G,TVS ELECTRONICS LTD,       437.05,       445.75,       445.75,       445.75,       445.75,                  2124890.25,4767,N, ,126,       739.35,       271.45
N,TV VISION LIMITED,         8.27,         7.86,         7.86,         7.86,         7.86,                   305738.28,38898,N, ,96,        22.51,         3.65
N,UNITED POLYFAB GUJ. LTD.,        26.56,        27.10,        27.88,        26.71,        27.88,                  3943539.99,143594,N, ,410,       191.85,        14.50
N,U. Y. FINCORP LIMITED,        14.07,        14.43,        14.50,        13.97,        14.06,                  1136057.65,80228,N, ,155,        26.84,        11.16
N,VAXTEX COTFAB LIMITED,         2.15,         2.25,         2.25,         2.10,         2.24,                  3145371.84,1403622,N, ,563,         2.66,         0.60
N,VENUS REMEDIES LIMITED,       760.50,       758.95,       788.80,       745.70,       779.60,                 18805407.20,24323,N, ,819,       839.90,       270.25
N,VICEROY HOTELS LIMITED,       135.57,       134.80,       142.34,       130.00,       140.80,                219800376.53,1679500,N, ,976,       155.36,        93.05
N,VINEET LABORATORIES LTD,         4.07,         2.45,         2.45,         2.45,         2.45,                   143305.40,58492,N, ,115,         5.00,         2.45
N,VISA STEEL LIMITED,        54.89,        55.70,        55.70,        52.50,        52.63,                  1749935.90,33153,N, ,102,        73.68,        28.20
N,WE WIN LIMITED,        46.00,        46.00,        46.00,        45.06,        45.96,                    33573.53,737,N, ,17,        98.90,        37.70
N,XELPMOC DESIGN & TECH LTD,       128.44,       127.10,       132.89,       127.10,       128.28,                   499438.31,3872,N, ,60,       155.50,        80.21
N,AGS TRANSACT TECH LTD,         4.16,         4.19,         4.22,         4.10,         4.15,                   654163.53,158046,N, ,338,        70.10,         3.78
N,ANKIT MET & POW LTD,         1.73,         1.80,         1.80,         1.70,         1.75,                    58548.78,33127,N, ,36,         4.62,         1.55
N,ANSAL PROP & INFRA LTD,         3.36,         3.31,         3.40,         3.30,         3.33,                   149683.95,44909,N, ,92,        10.93,         3.30
N,ARSHIYA LIMITED,         1.29,         1.32,         1.32,         1.24,         1.25,                    70083.79,55204,N, ,76,         3.94,         1.16
N,BF UTILITIES LIMITED,       682.40,       682.00,       697.00,       678.20,       685.25,                  3443590.30,5013,N, ,268,      1040.00,       565.00
N,CEREBRA INT TECH LTD,         6.08,         6.20,         6.34,         6.08,         6.21,                   317185.56,50977,N, ,134,        10.50,         3.99
N,COMPUAGE INFOCOM LTD,         1.64,         1.71,         1.71,         1.62,         1.68,                    16601.93,10130,N, ,33,         3.17,         1.26
N,DHARAN INFRA-EPC LIMITED,         0.22,         0.22,         0.23,         0.21,         0.22,                 14656302.61,68091950,N, ,2618,         1.89,         0.21
N,DEBOCK INDUSTRIES LIMITED,         1.70,         1.70,         1.74,         1.65,         1.71,                   167380.61,98355,N, ,188,         3.35,         1.62
N,FUTURE ENTERPRISES LTD,         0.47,         0.46,         0.48,         0.46,         0.48,                    60260.98,127691,N, ,84,         0.70,         0.34
N,FUTURE ENTERPRISES LTD,         3.14,         2.99,         3.29,         2.99,         3.12,                    11502.23,3546,N, ,19,         5.44,         2.85
N,FUT LIFESTYLE FASH LTD,         1.46,         1.46,         1.52,         1.45,         1.50,                    80870.82,55246,N, ,51,         2.28,         1.17
N,GENSOL ENGINEERING LTD,        26.82,        27.09,        27.09,        26.14,        26.64,                  1766574.56,66510,N, ,616,        35.45,        25.80
N,GOLDEN TOBACCO LIMITED,        31.95,        31.95,        32.50,        30.70,        32.45,                   110934.53,3479,N, ,41,        45.00,        29.60
N,HOUSING DEV & INFRA LTD,         2.40,         2.40,         2.45,         2.37,         2.42,                   231506.00,96388,N, ,210,         4.66,         2.31
N,HMT LTD -,        47.33,        47.00,        47.50,        46.00,        47.19,                   819585.73,17413,N, ,147,        79.80,        44.50
N,IL&FS ENG AND CONS CO LTD,        26.60,        26.50,        26.85,        25.75,        26.08,                    60265.47,2301,N, ,35,        47.00,        23.65
N,IL&FS TRANS NET LTD,         2.97,         2.98,         3.00,         2.97,         2.98,                   186637.89,62695,N, ,83,         6.48,         2.42
N,IMPEX FERRO TECH LIMITED,         1.83,         1.83,         1.89,         1.80,         1.87,                    13902.04,7451,N, ,20,         3.38,         1.70
N,MEP INFRA. DEVELOPERS LTD,         1.87,         1.84,         1.84,         1.84,         1.84,                   242751.20,131930,N, ,51,         3.44,         1.14
N,OMKAR SPL CHEM LTD,         5.95,         6.15,         6.15,         5.96,         6.07,                    32312.74,5380,N, ,82,         9.99,         4.77
N,RAJESH EXPORTS LTD,       178.68,       183.50,       183.90,       175.00,       180.99,                 40123262.74,223747,N, ,3085,       237.88,       151.11
N,RELIANCE HOME FINANCE LTD,         2.87,         2.83,         2.91,         2.83,         2.89,                  1192333.14,415242,N, ,911,         7.78,         2.80
N,SANCO INDUSTRIES LIMITED,         2.42,         2.54,         2.54,         2.54,         2.54,                    20581.62,8103,N, ,16,         5.08,         1.66
N,SANWARIA CONSUMER LIMITED,         0.26,         0.26,         0.27,         0.26,         0.26,                   252468.08,958143,N, ,205,         0.49,         0.25
N,SETUBANDHAN INFRA LTD,         0.47,         0.49,         0.49,         0.45,         0.45,                     9132.04,19983,N, ,44,         1.12,         0.43
N,SHRENIK LIMITED,         0.45,         0.45,         0.46,         0.43,         0.44,                   570329.45,1300397,N, ,475,         0.84,         0.40
N,SIMBHAOLI SUGARS LTD.,        11.17,        11.17,        11.67,        11.00,        11.59,                   227556.11,19752,N, ,93,        20.39,         9.00
N,SITI NETWORKS LIMITED,         0.36,         0.36,         0.37,         0.36,         0.36,                   203036.68,553782,N, ,193,         0.85,         0.31
N,SHREE RAM PROTEINS LTD.,         0.67,         0.68,         0.68,         0.66,         0.66,                   110548.30,166114,N, ,185,         1.36,         0.46
N,SUPREME ENGINEERING LTD,         1.28,         1.25,         1.34,         1.25,         1.34,                    84552.85,63233,N, ,68,         1.42,         0.68
N,SUPREME INFRA. LTD,        87.85,        87.85,        87.90,        85.70,        86.35,                   121582.47,1406,N, ,18,       140.01,        79.23
N,AARADHYA DISPOSAL INDUS L,       119.80,       125.75,       125.75,       122.00,       122.00,                   443700.00,3600,N, ,3,       182.00,        97.50
N,ACCRETION PHARMA LIMITED,        84.05,        86.40,        86.40,        84.00,        84.00,                  1531680.00,18000,N, ,12,       102.50,        53.80
N,AIMTRON ELECTRONICS LTD,       859.45,       845.00,       888.00,       830.00,       884.00,                 29036700.00,33600,N, ,125,      1040.00,       358.00
N,AKIKO GLOBAL SERVICES L,       260.00,       262.60,       262.60,       262.60,       262.60,                   210080.00,800,N, ,1,       299.30,        62.00
N,ANB METAL CAST LIMITED,       355.10,       347.10,       358.00,       345.50,       358.00,                 14201000.00,40800,N, ,47,       385.00,       161.70
G,ANONDITA MEDICARE LIMITED,      1032.90,      1013.05,      1013.05,      1012.25,      1012.25,                 17220250.00,17000,N, ,11,      1037.45,       261.75
N,ARHAM TECHNOLOGIES LTD,       151.10,       155.00,       155.00,       151.00,       151.50,                  2291400.00,15000,N, ,13,       161.00,        70.80
N,ASCOM LEASIN & INVEST LTD,       126.50,       126.70,       128.00,       126.70,       128.00,                   318200.00,2500,N, ,4,       128.00,        76.55
N,ASHWINI CONTAINER MOVER L,       137.25,       138.00,       138.50,       137.75,       138.10,                  1517250.00,11000,N, ,11,       147.00,       127.90
N,BEACON TRUSTEESHIP LTD,        85.20,        85.00,        85.75,        82.50,        84.45,                  1997000.00,24000,N, ,23,       104.90,        50.00
N,NET AVENUE TECHNOLOGIES L,         3.80,         3.95,         3.95,         3.95,         3.95,                    63200.00,16000,N, ,2,        13.25,         3.05
N,C P S SHAPERS LIMITED,      1154.00,      1154.00,      1200.00,      1154.00,      1185.00,                   704100.00,600,N, ,4,      1203.90,       412.00
N,DHARA RAIL PROJECTS LTD,       149.65,       142.20,       142.20,       142.20,       142.20,                  4550400.00,32000,N, ,20,       157.50,       142.20
G,DHARIWALCORP LIMITED,       368.35,       374.90,       374.90,       361.00,       361.00,                  3726900.00,10200,N, ,16,       374.90,        90.50
G,DOCMODE HEALTH TECH LTD,        72.70,        74.15,        74.15,        74.15,        74.15,                    59320.00,800,N, ,1,       125.20,        36.90
G,DIVINE HIRA JEWELLERS LTD,       234.70,       239.20,       239.20,       239.20,       239.20,                   382720.00,1600,N, ,1,       239.20,        43.00
N,DIVINE POWER ENERGY LTD,       272.30,       279.00,       279.00,       265.00,       272.10,                 16339325.00,60000,N, ,68,       305.70,        92.05
N,E TO E TRANS INFRA LTD,       174.00,       330.60,       347.10,       314.20,       327.80,                994619920.00,2938400,N, ,2111,       347.10,       314.20
N,E FACTOR EXPERIENCES LTD,       340.95,       345.00,       346.70,       325.05,       339.70,                  1210120.00,3600,N, ,9,       348.00,       127.50
N,EPW INDIA LIMITED,       114.35,       110.00,       113.00,       108.65,       108.70,                 12194820.00,111600,N, ,66,       122.35,       108.65
N,EXIM ROUTES LIMITED,       152.75,       160.35,       160.35,       160.30,       160.35,                 36688000.00,228800,N, ,52,       160.35,       104.50
N,FONEBOX RETAIL LIMITED,        90.00,        89.50,        89.50,        89.50,        89.50,                    89500.00,1000,N, ,1,       129.00,        68.85
N,GLOBE INTL CARRIERS LTD,        47.20,        47.20,        48.50,        45.00,        46.95,                 24219000.00,522000,N, ,113,       179.00,        40.00
G,GLOBESECURE TECHNO LTD,        14.70,        14.70,        14.95,        14.70,        14.95,                   192600.00,13000,N, ,13,        36.80,         5.95
N,HOAC FOODS INDIA LIMITED,       340.05,       339.30,       339.30,       323.05,       338.80,                  3914587.50,12000,N, ,16,       380.00,       112.00
N,IWARE SUPPLYCHAIN SER LTD,       199.05,       205.00,       209.00,       205.00,       209.00,                  6494460.00,31200,N, ,26,       243.90,        70.05
N,JEYYAM GLOBAL FOODS LTD,        59.55,        59.55,        59.55,        56.60,        56.60,                  4582300.00,80000,N, ,39,        74.50,        31.00
N,KANDARP DG SMART BPO LTD,       146.45,       146.40,       150.00,       140.40,       147.20,                  5291250.00,37000,N, ,34,       150.00,        46.15
N,KARNIKA INDUSTRIES LTD,       117.55,       118.10,       119.90,       118.10,       119.90,                   356250.00,3000,N, ,3,       973.00,       112.25
G,KCK INDUSTRIES LTD,        25.55,        25.05,        26.00,        25.05,        26.00,                  8781750.00,350000,N, ,39,        61.70,        25.05
N,JAY JALARAM TECHNO LTD,       158.85,       164.25,       164.25,       164.25,       164.25,                    41062.50,250,N, ,1,       370.00,       110.20
N,MANAV INFRA PROJECTS LTD,        28.60,        27.20,        30.00,        27.20,        30.00,                   588400.00,20000,N, ,4,        31.70,        10.50
N,MARC TECHNOCRATS LIMITED,        56.10,        53.30,        54.85,        53.30,        53.30,                 14732100.00,276000,N, ,142,        74.40,        53.30
N,MARINETRANS INDIA LIMITED,        23.20,        22.05,        22.05,        22.05,        22.05,                    88200.00,4000,N, ,1,        28.20,        13.30
N,MAXVOLT ENERGY INDUS L,       491.95,       493.00,       493.00,       467.40,       484.00,                  6060640.00,12800,N, ,15,       509.00,       145.05
N,MAYASHEEL VENTURES LTD,        62.60,        63.00,        64.00,        63.00,        64.00,                  3039000.00,48000,N, ,10,        85.00,        46.00
N,MCON RASAYAN INDIA LTD,        60.45,        59.10,        63.40,        59.10,        63.40,                   184400.00,3000,N, ,3,       220.75,        53.40
N,MEGA FLEX PLASTICS LTD,       121.20,       127.15,       127.25,       127.15,       127.20,                   763200.00,6000,N, ,2,       127.55,        40.00
N,MOXSH OVERSEAS EDUCON LTD,        84.40,        80.60,        81.00,        80.60,        81.00,                  8032960.00,99200,N, ,17,       101.15,        25.50
N,M.V.K. AGRO FOOD PROD LTD,       749.55,       745.00,       750.00,       721.00,       727.05,                 57718005.00,78600,N, ,41,       819.00,        32.05
N,NEPHRO CARE INDIA LIMITED,       110.25,       113.45,       115.00,       112.00,       112.30,                  1221200.00,10800,N, ,20,       206.85,        99.95
N,N R VANDANA TEX IND LTD,        55.65,        55.50,        57.00,        53.00,        57.00,                  3333150.00,60000,N, ,15,        72.90,        37.05
N,OSEL DEVICES LIMITED,       555.50,       559.90,       564.00,       543.00,       550.40,                  4858340.00,8800,N, ,44,       835.00,       186.25
N,PARIN ENTERPRISES LIMITED,       594.00,       595.00,       595.00,       565.35,       587.20,                  4397312.50,7500,N, ,12,       610.00,       311.65
N,PENTAGON RUBBER LIMITED,        66.50,        68.95,        69.80,        68.95,        69.80,                   347350.00,5000,N, ,5,        99.50,        50.55
N,POLYSIL IRRIGATION SYST L,       297.50,       291.00,       299.75,       283.10,       284.45,                  8051175.00,28000,N, ,36,       356.75,        14.25
N,RENOL POLYCHEM LIMITED,       145.00,       144.50,       144.80,       141.00,       144.80,                   686760.00,4800,N, ,4,       156.00,        69.00
N,ROCKINGDEALS CIRCU ECO L,       233.65,       230.50,       233.65,       222.00,       222.35,                  1234075.00,5500,N, ,16,       650.00,       160.55
N,SABAR FLEX INDIA LIMITED,         4.60,         4.60,         4.60,         4.60,         4.60,                    23000.00,5000,N, ,1,        15.00,         3.80
N,SACHEEROME LIMITED,       396.25,       395.00,       400.00,       376.45,       376.45,                 12196440.00,31800,N, ,30,       428.55,       140.50
N,SAMAY PROJECT SERVICES L,        45.10,        44.00,        44.50,        43.70,        43.70,                  1055000.00,24000,N, ,6,        51.30,        28.80
N,S A TECH SOFTWARE INDIA L,        55.10,        57.30,        57.85,        56.00,        56.00,                   863500.00,15000,N, ,12,       131.00,        31.80
N,SHARP CHUCKS N MACHINES L,       143.50,       147.00,       147.00,       139.00,       144.00,                   430000.00,3000,N, ,3,       159.50,        68.05
N,SHUBHLAXMI JEWEL ART LTD,        35.80,        36.75,        37.55,        36.70,        37.50,                  2264600.00,61000,N, ,41,        40.00,        13.35
N,SHYAM DHANI INDUSTRIES L,       126.10,       119.80,       130.70,       119.80,       126.75,                141511200.00,1166000,N, ,369,       139.65,       119.80
N,SUNDREX OIL COMPANY LTD,        59.05,        56.10,        56.10,        56.10,        56.10,                    89760.00,1600,N, ,1,        68.80,        56.10
N,SUNLITE RECYCLING IND LTD,       325.35,       325.35,       341.60,       325.35,       340.25,                 26522640.00,78000,N, ,100,       341.60,        91.00
N,SWARAJ SUITING LIMITED,       241.35,       242.00,       245.50,       241.05,       243.70,                  4143200.00,17000,N, ,28,       287.45,       138.50
N,SYSTANGO TECHNOLOGIES LTD,       320.45,       329.90,       336.00,       308.00,       319.00,                 14458100.00,44800,N, ,74,       411.00,       192.25
N,TANKUP ENGINEERS LIMITED,       730.00,       727.85,       766.50,       700.05,       710.00,                  3243225.00,4500,N, ,11,       817.60,       152.55
N,TAURIAN MPS LIMITED,       241.00,       241.00,       253.05,       240.00,       251.00,                  8022120.00,32000,N, ,34,       425.00,       193.90
G,TECHD CYBERSECURITY LTD,       621.10,       625.95,       625.95,       609.00,       609.00,                 27880320.00,45000,N, ,45,       843.60,       366.70
N,TECHERA ENGINEER (IND) L,       212.40,       212.10,       214.90,       206.45,       209.75,                 18046800.00,85600,N, ,82,       325.70,       115.60
G,TEERTH GOPICON LIMITED,        76.65,        78.15,        78.15,        78.15,        78.15,                  2891550.00,37000,N, ,97,       618.00,        38.50
N,SHREE TIRUPATI BALAJEE,       714.00,       698.00,       698.00,       698.00,       698.00,                  2006750.00,2875,N, ,12,       997.00,       452.95
N,TRUST FINTECH LIMITED,        48.10,        48.10,        49.00,        47.00,        49.00,                   742260.00,15600,N, ,16,       173.50,        42.70
N,UNIHEALTH HOSPITALS LTD,       307.00,       307.00,       314.00,       307.00,       311.60,                  9357150.00,30000,N, ,29,       390.60,       120.00
N,VISION INFRA EQUIP SOL L,       257.00,       257.00,       257.00,       248.05,       251.50,                  2029560.00,8000,N, ,10,       307.90,       111.95
N,VISAMAN GLOBAL SALES LTD,       127.10,       127.25,       130.95,       127.25,       130.30,                  2192200.00,17000,N, ,11,       131.00,        34.00
N,VOLER CAR LIMITED,       209.00,       209.00,       209.00,       198.55,       208.00,                  5891440.00,28800,N, ,34,       255.00,        77.40
N,WOL 3D INDIA LIMITED,       175.00,       172.05,       172.05,       172.05,       172.05,                   172050.00,1000,N, ,1,       209.95,        97.00
N,ROCKINGDCE RS.5 PPD UP,        88.00,        85.90,        86.00,        85.90,        85.90,                   257800.00,3000,N, ,3,       101.75,        64.00
 , , , , , , , , , , , , , 
 ,OTHER SECURITIES, , , , , , , , , , , , 
N,SEC RE NCD SR.VI,      1289.50,      1294.97,      1294.97,      1294.97,      1294.97,                     7769.82,6,N, ,1,      1294.97,      1060.00
N,SEC RE NCD 9.65% SR.VII,       612.20,       634.80,       634.80,       612.20,       625.00,                   132305.40,210,N, ,4,       685.00,       500.00
N,SEC RE NCD 10.15% SR.VII,       699.60,       705.00,       705.00,       705.00,       705.00,                    35250.00,50,N, ,1,       970.00,       699.60
N,SEC RE NCD 9.48% SR V,       377.00,       316.00,       316.00,       316.00,       316.00,                     9796.00,31,N, ,1,      2080.00,       309.25
N,2.50%GOLDBONDS2028SR-I,     14602.24,     14436.00,     14800.00,     14436.00,     14771.93,                  3546736.50,241,N, ,92,     15074.80,      8050.00
N,2.50%GOLDBONDS2027SR-III,     15047.53,     15047.53,     15248.00,     15047.53,     15172.00,                  1700769.11,112,N, ,30,     15248.00,      8035.50
N,2.50%GOLDBONDS2028SR-V,     14634.04,     14606.20,     14929.00,     14606.20,     14732.80,                 15489983.54,1048,N, ,315,     15170.00,      8012.01
N,2.50%GOLDBONDS2029SR-V,     15045.52,     15063.00,     15195.00,     15063.00,     15170.00,                  2518322.69,166,N, ,43,     15379.80,      8000.00
N,2.50%GOLDBONDS2030SR-II,     15503.33,     15890.91,     15890.91,     15442.41,     15677.67,                  1932717.70,124,N, ,54,     15890.91,      8050.00
N,2.50%GOLDBONDS2029SR-VIII,     14757.50,     14702.01,     14924.00,     14700.00,     14816.77,                  3944992.16,266,N, ,85,     15150.00,      8019.00
N,2.50%GOLDBONDS2027SR-VII,     14794.96,     14794.96,     14999.00,     14760.00,     14761.00,                   429478.96,29,N, ,12,     15000.00,      7900.00
N,2.50%GOLDBONDS2030SR-III,     15245.03,     15244.03,     15485.00,     15244.03,     15462.62,                  4112817.00,267,N, ,91,     15498.99,      8105.01
N,2.50%GOLDBONDS2031SR-III,     15420.82,     15698.00,     15760.01,     15425.02,     15566.85,                 20720309.16,1331,N, ,303,     15775.00,      7998.93
N,2.50%GOLDBONDS2027SR-VI,     14900.00,     14974.50,     14974.50,     14900.00,     14900.00,                    44774.50,3,N, ,2,     15200.00,      7950.00
N,2.50%GOLDBONDS2028SR-IX,     14700.00,     14626.50,     14999.00,     14626.50,     14926.85,                    59178.85,4,N, ,3,     15029.04,      8036.11
N,2.50%GOLDBONDS2029SR-XI,     14625.00,     14797.00,     14797.86,     14625.00,     14786.17,                   971157.89,66,N, ,31,     15190.00,      8005.00
N,2.50%GOLDBONDS2032SR-IV,     16006.30,     16326.43,     16387.00,     16008.00,     16332.42,                 25324105.11,1554,N, ,467,     16999.00,      8200.00
N,2.50%GOLDBONDS2027SR-V,     14888.50,     14900.00,     15999.00,     14900.00,     15200.00,                   228488.00,15,N, ,9,     15999.00,      7970.00
N,2.50%GOLDBONDS2029SR-IX,     14570.48,     14633.00,     14699.00,     14589.99,     14652.50,                  1564967.58,107,N, ,45,     15032.97,      8025.00
N,2.50%GOLDBONDS2029SR-X,     14542.50,     14570.00,     14744.00,     14511.08,     14739.00,                  2079521.01,142,N, ,48,     14999.80,      8022.20
N,2.50%GOLDBONDS2030SR-IX,     14980.00,     15110.00,     15299.00,     14882.28,     15252.48,                  1684081.54,111,N, ,33,     15299.00,      8061.50
N,2.5%GOLDBONDS2029SR-III,     14496.84,     14709.00,     14709.00,     14551.00,     14698.00,                  3304099.96,226,N, ,121,     14965.94,      8011.00
N,2.50%GOLDBONDS2027SR-II,     14850.00,     14200.00,     16000.00,     14200.00,     14850.00,                   656396.86,43,N, ,21,     16000.00,      7950.06
N,2.50%GOLDBONDS2028SR-IV,     14437.04,     14500.00,     14664.00,     14500.00,     14652.33,                  1955766.05,134,N, ,64,     14898.99,      7968.00
N,2.50%GOLDBONDS2029SR-IV,     14590.00,     14465.00,     14869.99,     14465.00,     14748.42,                  3722055.83,253,N, ,121,     15049.80,      8000.00
N,2.50%GOLDBONDS2027SR-I,     15199.80,     15199.00,     15200.00,     15199.00,     15200.00,                   942389.00,62,N, ,4,     15395.70,      7850.00
N,2.5%GOLDBONDS2028SR-III,     14396.15,     14396.15,     14610.00,     14396.15,     14606.62,                  3612729.29,248,N, ,68,     14898.00,      7970.01
N,2.5%GOLDBONDS2029SR-II,     14506.59,     14607.59,     14700.01,     14552.00,     14664.25,                  4347475.64,297,N, ,106,     15439.80,      8001.00
N,2.50%GOLDBONDS2030SR-I,     14960.46,     15100.00,     15340.00,     14950.46,     15210.00,                  3655435.41,241,N, ,100,     15373.80,      8000.02
N,2.50%GOLDBONDS2031SR-I,     15319.07,     14936.09,     15500.00,     14936.09,     15424.55,                 11962958.96,777,N, ,317,     15875.00,      8125.00
N,2.50%GOLDBONDS2028SR-X,     14514.10,     14400.00,     14400.00,     14400.00,     14400.00,                    14400.00,1,N, ,1,     14910.00,      7916.01
N,2.50%GOLDBONDS2030SR-X,     14998.00,     14702.00,     15089.00,     14702.00,     15069.00,                  3998559.47,267,N, ,50,     15150.00,      8037.01
N,2.50%GOLDBONDS2031SR-IV,     15316.21,     15329.00,     15709.99,     15329.00,     15586.08,                  1862387.32,120,N, ,54,     15709.99,      8045.15
N,2.50%GOLDBONDS2026SR-I,     14918.99,     14993.58,     15049.00,     14900.00,     14949.00,                  1983349.16,133,N, ,28,     15299.00,      7880.10
N,2.50%GOLDBONDS2028SR-II,     14410.86,     14449.00,     14640.00,     14437.36,     14639.86,                  2692551.05,185,N, ,59,     14845.00,      7980.00
N,2.5%GOLDBONDS2029SR-I,     14534.41,     14587.00,     14849.00,     14542.01,     14778.08,                 10422829.00,709,N, ,230,     15000.00,      7976.21
N,2.50%GOLDBONDS2029SR-XII,     14475.15,     14499.99,     14698.00,     14450.00,     14672.20,                  7162209.77,490,N, ,121,     14944.00,      8000.00
N,2.5%GOLDBONDS2028SR-VIII,     14514.03,     14519.20,     14774.80,     14519.20,     14629.50,                  3426845.56,234,N, ,95,     15004.77,      8005.00
N,2.5%GOLDBONDS2029SR-VII,     14583.72,     14688.00,     14781.00,     14602.00,     14657.01,                  6694731.21,456,N, ,135,     15052.50,      8000.00
N,2.50%GOLDBONDS2028SR-VII,     14420.17,     14059.66,     14675.00,     14059.66,     14666.87,                  6377987.64,439,N, ,49,     14900.50,      8001.00
N,2.50%GOLDBONDS2026SR-II,     15000.00,     14999.00,     15000.00,     14950.00,     14950.00,                   359196.00,24,N, ,6,     15499.80,      7920.00
N,2.50%GOLDBONDS2027SR-V,     15200.00,     14500.00,     14661.00,     14500.00,     14645.80,                   832730.32,57,N, ,16,     15511.00,      7850.02
N,2.50%GOLDBONDS2027SR-VI,     15000.00,     14151.00,     14899.00,     14151.00,     14850.00,                   929387.28,63,N, ,16,     15199.80,      7916.16
N,2.50%GOLDBONDS2027SR-IV,     14799.03,     14801.00,     14801.00,     14800.00,     14800.00,                   444008.00,30,N, ,4,     15200.00,      7807.85
N,2.50%GOLDBONDS2028SR-VI,     14474.61,     14473.61,     14653.67,     14473.61,     14648.92,                  4961789.37,340,N, ,97,     15110.80,      8002.50
N,2.5%GOLDBONDS2029SR-VI,     14578.52,     14361.00,     14798.00,     14298.20,     14726.57,                  3920622.20,267,N, ,136,     15028.00,      8012.00
N,2.50%GOLDBONDS2031SR-II,     15342.89,     15342.89,     15528.98,     15342.89,     15495.67,                 30057317.86,1946,N, ,429,     15576.21,      8143.00
N,GOI LOAN 10.18% 2026,       106.15,       106.15,       106.15,       105.00,       105.00,                    10606.15,101,N, ,2,       114.55,       101.89
N,GOI LOAN  5.74% 2026,        99.80,        99.96,        99.96,        99.94,        99.94,                      199.90,2,N, ,2,       104.00,        96.60
N,GOI LOAN  5.85% 2030,        97.50,        98.89,        98.89,        98.89,        98.89,                   118668.00,1200,N, ,1,       100.99,        93.60
N,GOI LOAN  6.01% 2030,       100.50,       100.50,       101.55,       100.50,       101.55,                   111701.55,1101,N, ,3,       101.85,        97.00
N,GOI LOAN  6.10% 2031,       100.00,        99.40,        99.40,        99.40,        99.40,                       99.40,1,N, ,1,       101.50,        91.00
N,GOI LOAN  6.33% 2035,        99.50,        99.70,        99.70,        99.60,        99.60,                      598.10,6,N, ,2,       104.00,        97.00
N,GOI LOAN  6.48% 2035,       100.90,       100.90,       100.90,       100.90,       100.90,                    40460.90,401,N, ,5,       104.00,        99.00
N,GOI LOAN  6.54% 2032,       102.00,       103.00,       103.00,       102.90,       102.95,                   473803.85,4603,N, ,6,       105.89,        98.16
N,GOI LOAN  6.67% 2050,        93.00,        93.80,        93.80,        92.90,        93.00,                 14442849.24,155297,N, ,18,       103.75,        90.43
N,GOI LOAN  6.68% 2040,       100.14,       100.10,       100.10,       100.10,       100.10,                    10010.00,100,N, ,1,       102.00,        96.82
N,GOI LOAN  6.76% 2061,        95.34,        94.95,        95.19,        94.95,        95.19,                  1923023.32,20203,N, ,8,       105.00,        92.86
N,GOI LOAN   6.79% 2031,       100.21,       100.20,       100.20,       100.20,       100.20,                    20040.00,200,N, ,1,       107.56,        98.00
N,GOI LOAN  6.79% 2034,       101.50,       102.00,       102.00,       102.00,       102.00,                      918.00,9,N, ,1,       105.20,        99.90
N,GOI LOAN  6.8% 2060,        94.00,        95.00,        95.00,        95.00,        95.00,                      950.00,10,N, ,2,       105.47,        92.00
N,GOI LOAN  6.90% 2065,        95.99,        96.00,        96.00,        95.56,        95.97,                  4238719.78,44265,N, ,20,       102.55,        93.03
N,GOI LOAN   6.92% 2039,       100.10,       102.25,       103.35,       102.25,       103.35,                   666048.35,6500,N, ,3,       108.89,        99.00
N,GOI LOAN  6.95% 2061,        94.50,        94.50,        95.25,        94.50,        95.25,                  2188481.22,23030,N, ,15,       107.65,        92.50
N,GOI LOAN   6.98% 2054,        95.05,        94.16,        94.16,        94.16,        94.16,                     9321.84,99,N, ,1,       104.58,        92.50
N,GOI LOAN  6.99% 2051,        96.52,        96.52,        97.55,        96.52,        97.25,                    99543.15,1031,N, ,7,       107.00,        95.21
N,GOI LOAN  7.09% 2054,       101.49,       101.75,       101.75,       100.80,       101.25,                   769361.95,7581,N, ,8,       108.00,        98.00
N,GOI LOAN   7.09% 2074,        97.09,        97.26,        97.30,        97.10,        97.25,                  5930058.24,61017,N, ,34,       108.15,        95.10
N,GOI LOAN  7.17% 2030,       104.00,       102.96,       104.60,       102.96,       104.58,                   234004.32,2254,N, ,6,       111.60,       101.85
N,GOI LOAN  7.18% 2033,       105.70,       104.27,       104.27,       104.27,       104.27,                    83311.73,799,N, ,1,       111.00,       102.00
N,GOI LOAN  7.18% 2037,       105.07,       105.40,       105.79,       105.12,       105.42,                  1265033.74,11986,N, ,18,       109.70,       101.90
N,GOI LOAN 7.19% 2060,        99.28,       100.00,       100.00,       100.00,       100.00,                   215000.00,2150,N, ,5,       107.16,        95.06
N,GOI LOAN  7.1% 2034,       103.71,       103.71,       103.75,       103.71,       103.75,                   208537.46,2010,N, ,3,       106.89,       102.10
N,GOI LOAN  7.23% 2039,       103.25,       102.51,       102.51,       102.51,       102.51,                    10251.00,100,N, ,1,       108.50,       102.35
N,GOI LOAN  7.24% 2055,       102.12,       101.81,       102.30,       101.80,       101.91,                   214448.63,2106,N, ,14,       103.80,        98.50
N,GOI LOAN  7.25% 2063,        99.25,        99.13,        99.50,        98.80,        99.48,                  9496773.49,95525,N, ,46,       109.85,        97.81
N,GOI LOAN  7.26% 2032,       105.54,       105.55,       106.20,       105.50,       106.20,                  1484621.60,14068,N, ,7,       112.00,       102.02
N,GOI LOAN 7.27% 2026,       102.15,       102.15,       102.15,       102.15,       102.15,                      204.30,2,N, ,2,       109.00,        97.90
N,GOI LOAN  7.33% 2026,       102.60,       101.60,       101.60,       101.60,       101.60,                    35052.00,345,N, ,4,       105.50,       100.51
N,GOI LOAN  7.34% 2064,       101.00,       101.35,       101.35,       101.00,       101.15,                 22553795.64,222757,N, ,37,       109.99,        99.25
N,GOI LOAN  7.36% 2052,       102.35,        99.79,       103.18,        99.79,       103.18,                   128930.85,1250,N, ,9,       114.93,        99.79
N,GOI LOAN   7.37% 2054,       100.50,       102.77,       102.77,       102.77,       102.77,                      102.77,1,N, ,1,       104.25,        98.00
N,GOI LOAN  7.37% 2028,       105.27,       104.22,       105.00,       104.20,       104.50,                   252051.22,2418,N, ,7,       107.82,        99.27
N,GOI LOAN 7.38% 2027,       102.58,       102.58,       102.66,       102.51,       102.57,                 11300721.84,110175,N, ,38,       108.40,       100.41
N,GOI LOAN  7.3% 2053,       101.01,       100.80,       100.80,       100.20,       100.21,                    68097.40,679,N, ,9,       110.04,        99.50
N,GOI LOAN  7.41% 2036,       104.50,       105.10,       105.10,       104.30,       104.90,                   413447.50,3957,N, ,5,       112.50,       103.00
N,GOI LOAN  7.46% 2073,       101.60,       101.97,       101.97,       101.60,       101.85,                  1687503.35,16595,N, ,14,       115.00,        99.50
N,GOI LOAN 7.40% 2035,       107.00,       104.71,       104.71,       104.71,       104.71,                    62826.00,600,N, ,1,       109.85,       102.50
N,GOI LOAN  7.4% 2062,       101.90,       101.97,       101.97,       101.51,       101.75,                  1228347.80,12072,N, ,10,       114.98,        97.99
N,GOI LOAN  7.54% 2036,       106.43,       106.30,       106.52,       106.30,       106.43,                 84432542.57,793617,N, ,304,       113.53,       105.08
N,GOI LOAN 7.57% 2033,       103.65,       104.50,       104.50,       104.50,       104.50,                   131670.00,1260,N, ,1,       111.40,       103.04
N,GOI LOAN 7.72% 2055,       110.50,       110.50,       110.50,       110.50,       110.50,                     5525.00,50,N, ,1,       119.40,       102.81
N,GOI LOAN 8.13% 2045,       116.90,       116.00,       116.00,       116.00,       116.00,                      232.00,2,N, ,2,       120.45,       108.45
N,GOI LOAN 8.24%2027,       105.06,       105.01,       105.01,       105.01,       105.01,                      630.06,6,N, ,1,       110.39,       102.15
N,GOI LOAN 8.28% 2027,       110.00,       115.50,       115.50,       115.50,       115.50,                      115.50,1,N, ,1,       122.68,       102.51
N,GOI LOAN 8.83% 2041,       123.00,       125.00,       125.00,       125.00,       125.00,                      125.00,1,N, ,1,       129.15,       115.01
N,GOI LOAN 9.20% 2030,       114.53,       114.65,       114.65,       113.75,       114.50,                  2128022.02,18586,N, ,21,       123.00,       110.70
N,WCAPL 10.75% 2028,      9800.00,      9700.00,      9700.00,      9700.00,      9700.00,                     9700.00,1,N, ,1,      9800.00,      9256.73
N,ESFB 11.1% 2031 SR 1,     98999.00,     98500.00,     98500.00,     97500.00,     97625.00,                  1964250.00,20,N, ,9,    100700.00,     97500.00
N,VCCL 11.5% 2028 SR C,    100189.04,    100283.56,    100283.56,    100283.56,    100283.56,                  4412476.64,44,N, ,6,    100283.56,    100063.61
N,VCCL 11.8% 2027 SR B,     99838.36,    102000.00,    102000.00,    102000.00,    102000.00,                   714000.00,7,N, ,3,    102000.00,     99515.07
N,AFIL 12% 2027 SR 1,      9801.00,      9801.00,      9801.00,      9801.00,      9801.00,                   166617.00,17,N, ,3,     10000.00,      9301.00
N,AFIL 12% 2027,      9804.00,      9754.98,      9754.98,      9750.00,      9750.00,                   204799.80,21,N, ,3,     10041.17,      8958.13
N,AFIL 12% 2028,      9801.00,      9801.00,      9822.00,      9801.00,      9813.60,                   245340.00,25,N, ,2,      9900.00,      9400.00
N,VCCL 12% 2027 SR A,     98500.00,     98500.00,     98500.00,     98500.00,     98500.00,                    98500.00,1,N, ,1,    102000.00,     95000.00
N,SEC RE NCD 8.85% SR I,      1055.00,      1056.20,      1056.20,      1056.20,      1056.20,                    10562.00,10,N, ,1,      1065.00,       940.00
N,APSBC 9.15% 2030 STRPP E,    101400.00,    101450.00,    101450.00,    101450.00,    101450.00,                   101450.00,1,N, ,1,    101450.00,    101166.31
N,APSBC 9.15% 2034 STRPP I,    102081.31,    102176.95,    102176.95,    102176.95,    102176.95,                  2554423.75,25,N, ,2,    103510.86,    102081.31
N,APSBC 9.15% 2035 STRPP J,    102235.27,    102308.95,    102308.95,    102308.45,    102308.45,                   204617.40,2,N, ,2,    102308.95,    102000.00
N,APMD 9.30% 2028 STRPP B,    102700.00,    102869.99,    102869.99,    102869.99,    102869.99,                   102869.99,1,N, ,1,    105000.00,     99999.00
N,TSI 9.35% 30 SR I-D,    102724.38,    102724.00,    102724.00,    102724.00,    102724.00,                   102724.00,1,N, ,1,    112000.00,    101156.00
N,TSIIC 9.35% 2028 SR I- B,    101182.00,    101633.00,    101633.00,    101633.00,    101633.00,                   101633.00,1,N, ,1,    103199.00,    100000.00
N,ISF 9.50% 2027,     45000.01,     54000.00,     54000.00,     54000.00,     54000.00,                    54000.00,1,N, ,1,     89209.83,     45000.01
N,ISF 9.50% 2027,      9731.00,      9895.00,      9900.00,      9895.00,      9895.45,                   158325.00,16,N, ,4,     10250.00,      9500.00
N,SEC RE NCD 9.39% SR.VIII,       400.30,       448.00,       448.00,       401.07,       401.07,                   114104.90,284,N, ,26,       780.00,       390.60
N,ISF 9.75% NCD 2028,     98598.00,     98598.00,     98600.00,     98598.00,     98598.01,                   295796.01,3,N, ,3,    107000.00,     97001.00
N,SEC RE NCD 10.15% SR I,       996.05,      1030.00,      1030.00,      1030.00,      1030.00,                    36050.00,35,N, ,1,      1155.00,       855.00
N,SEC RE NCD 10.40% SR III,       980.98,       990.00,       999.20,       990.00,       999.20,                    13970.00,14,N, ,3,      1035.00,       850.00
N,SEC RE NCD 7.90% STRPP A,       314.00,       314.00,       314.00,       314.00,       314.00,                   251200.00,800,N, ,4,       342.10,       300.08
N,SEC RE NCD 8.65% SR III,       985.00,       985.00,       985.00,       972.40,       972.40,                    19574.00,20,N, ,2,      1001.65,       825.20
N,8.72% UNSECURED NCD,      1005.10,      1006.10,      1006.10,      1006.00,      1006.00,                   211260.20,210,N, ,5,      1045.00,       990.25
N,ECL 8.88% 2028 SR V,       968.04,       969.00,       969.00,       968.25,       968.25,                    96862.50,100,N, ,3,       985.00,       935.00
N,SEC RE NCD 8.90% SR VI,       969.00,       975.00,       975.00,       970.00,       974.40,                   635315.00,652,N, ,9,      1000.00,       890.00
N,SCL 9.02% SR V,       970.00,       970.00,       970.00,       970.00,       970.00,                     4850.00,5,N, ,1,      1000.00,       821.85
N,SEC RE NCD 9.25% SR I,      1032.97,      1035.00,      1035.00,      1035.00,      1035.00,                    20700.00,20,N, ,2,      1090.00,       993.23
N,SCL 9.25% SR II,       985.00,       985.00,       985.00,       985.00,       985.00,                     9850.00,10,N, ,1,      1020.00,       901.00
N,SEC RE NCD 9.90% SR IV,      1016.07,      1017.67,      1017.67,      1017.67,      1017.67,                   203534.00,200,N, ,3,      1017.67,       982.62
N,SEC RE NCGB 8.25% STRPP B,       256.00,       255.00,       255.00,       255.00,       255.00,                    12240.00,48,N, ,1,       260.55,       240.00
N,TAXFREE SEC NCD TR1 S2,      1045.00,      1049.90,      1049.90,      1045.00,      1045.00,                   531350.00,508,N, ,5,      1109.90,      1024.30
N,7.64% TAX FREE TRI SRIIB,      1147.96,      1150.00,      1155.99,      1150.00,      1155.00,                  2772921.50,2404,N, ,15,      1174.00,      1085.30
N,SEC RE NCD 7.90% STRPP B,       314.89,       315.00,       315.00,       314.80,       314.80,                    21413.40,68,N, ,3,       333.71,       302.51
N,BOND 8.10% PA TAX FREE S2,      1050.60,      1050.40,      1050.45,      1050.00,      1050.40,                   295125.25,281,N, ,8,      1120.70,      1028.60
N,8.20 NCD05MAR27 FV 1000,      1100.50,      1104.90,      1104.90,      1101.00,      1101.08,                  2467854.40,2239,N, ,24,      1140.00,      1040.00
N,BOND 8.30% PA TAX FREE S2,      1052.30,      1053.00,      1053.00,      1050.05,      1050.14,                   586778.32,558,N, ,12,      1198.79,      1029.00
N,SMC 8% 2030 STRPP B,       509.00,       509.00,       509.00,       509.00,       509.00,                     4072.00,8,N, ,1,       549.00,       499.00
N,SEC RE NCD 9.10% SR III,      1068.00,      1040.00,      1040.00,      1040.00,      1040.00,                   156000.00,150,N, ,1,      1087.99,       895.20
N,PFL 9.20% SR III 2028,      1050.00,      1028.00,      1028.00,      1028.00,      1028.00,                    30840.00,30,N, ,1,      1199.00,      1001.00
N,SCL 9.00% 2027 SR I,       998.00,       998.00,       998.00,       998.00,       998.00,                    49900.00,50,N, ,1,      1020.00,       887.00
N,7.60% TAX FREE NCD,      1189.00,      1185.00,      1185.00,      1185.00,      1185.00,                   118500.00,100,N, ,1,      1249.00,      1126.21
N,SEC RE NCD 7.90% STRPP C,       418.88,       420.00,       420.38,       419.00,       420.38,                   306322.74,729,N, ,7,       483.86,       404.00
N,BOND 8.76%PA TF TR-I S 3A,      5984.10,      6000.00,      6100.00,      5984.10,      6100.00,                   472592.90,78,N, ,6,      6630.00,      5984.10
N,SEC RE NCD 9.32% SR III,      1038.00,      1040.00,      1040.00,      1040.00,      1040.00,                    10400.00,10,N, ,1,      1055.00,       861.25
N,SEC RE NCD 10.03% SR 5,      1003.00,      1012.00,      1012.00,      1005.00,      1011.92,                   361940.18,360,N, ,7,      1199.00,       945.00
N,SCL 8.65% 2027 SR II,       968.00,       948.00,       948.00,       948.00,       948.00,                     9480.00,10,N, ,1,       994.00,       905.20
N,8.91% TAX FREE NCD,      1313.05,      1314.00,      1314.00,      1314.00,      1314.00,                    32850.00,25,N, ,1,      1348.00,      1216.00
N,SEC RE NCD 9.65% SR IV,      1043.00,      1045.00,      1045.00,      1041.00,      1043.13,                   124214.15,119,N, ,26,      1130.09,       984.70
N,SEC RE NCD 10.50% SR 6,       997.50,       990.00,       990.00,       990.00,       990.00,                  1385010.00,1399,N, ,7,      1099.00,       932.00
N,7.51 NCD 16FEB28 TR1 SR2,      1108.00,      1110.00,      1110.00,      1110.00,      1110.00,                   266400.00,240,N, ,3,      1125.00,      1036.00
N,8.50% TAX FREE TR I S IIA,      1164.56,      1160.00,      1160.00,      1160.00,      1160.00,                     1160.00,1,N, ,1,      1205.00,      1083.85
N,8.73%S-R-NCD SERIES 2B,      1095.00,      1095.00,      1095.00,      1095.00,      1095.00,                    94170.00,86,N, ,1,      1297.00,      1071.71
N,IREDA 8.80NCDTR I SR II B,      1170.00,      1170.00,      1170.00,      1165.00,      1169.99,                  2451493.25,2100,N, ,10,      1204.00,      1052.00
N,SEC RED NCD 9.57% SR. V,       995.00,       987.00,       995.00,       987.00,       995.00,                    44455.00,45,N, ,3,      1029.59,       890.00
N,UNSEC RE NCD 9.60% SR.II,       997.98,       998.00,       998.98,       995.25,       997.95,                  1179072.51,1182,N, ,32,      1000.00,       940.00
N,SEC RE NCD SR V,      1110.00,      1105.00,      1105.00,      1105.00,      1105.00,                    41990.00,38,N, ,1,      1296.00,       860.00
N,UNSEC RED NCD 10.0% SR. V,      1020.00,       991.00,       991.00,       991.00,       991.00,                      991.00,1,N, ,1,      1161.00,       950.00
N,SEC RED NCD 10% SR. VI,      1037.00,      1038.00,      1041.99,      1036.00,      1041.84,                   218389.40,210,N, ,7,      1083.00,       973.20
N,SEC RED NCD 10.27% SR. VI,      1104.00,      1105.00,      1105.00,      1105.00,      1105.00,                    54145.00,49,N, ,1,      1299.99,       940.20
N,BOND 8.46% TAX FREE S2A,      1099.99,      1299.90,      1299.90,      1299.90,      1299.90,                     6499.50,5,N, ,1,      1299.90,      1068.15
N,8.75% TAX FREE TR I S IIB,      1205.00,      1204.70,      1204.70,      1195.10,      1200.00,                    99402.00,83,N, ,4,      1298.00,      1113.50
N,8.91%S-R-NCD SERIES 3B,      1227.00,      1249.50,      1249.50,      1230.00,      1230.00,                   327900.00,265,N, ,4,      1338.00,      1208.60
N,8.92% SEC RED BOND S3B,      1323.00,      1300.04,      1300.04,      1300.04,      1300.04,                   325010.00,250,N, ,1,      1520.00,      1210.00
N,BOND 9.01%PA TF TR-I S 3B,      6284.34,      6283.00,      6283.00,      6246.00,      6246.00,                  1605593.00,256,N, ,33,      7390.00,      6170.00
N,ABCL SR IV,      1167.00,      1167.00,      1167.00,      1167.00,      1167.00,                     3501.00,3,N, ,1,      1170.00,      1065.00
N,UNSEC RE NCD 0% SR.III,      1480.30,      1480.40,      1485.00,      1480.20,      1485.00,                   377767.10,255,N, ,4,      1575.00,      1161.00
N,SEC RE NCD 10.50% SR.IV,      1003.83,      1003.83,      1003.83,      1003.83,      1003.83,                     5019.15,5,N,XI,1,      1200.00,       970.14
N,UNSEC RED NCD 10.5% SR.VI,      1082.00,      1080.00,      1080.00,      1080.00,      1080.00,                  2220480.00,2056,N, ,17,      1508.00,       902.00
N,BOND 7.19% PA TAX FREE S2,      1082.40,      1088.10,      1090.74,      1088.10,      1090.74,                  2178840.00,2000,N, ,2,      1139.99,      1032.50
N,7.74% TAX FREE NCD,      1164.92,      1165.00,      1167.90,      1165.00,      1165.11,                   506998.57,435,N, ,4,      1184.90,      1085.00
N,8.67% TAX FREE NCD,      1225.00,      1226.00,      1226.00,      1226.00,      1226.00,                  1226000.00,1000,N, ,1,      1277.15,      1183.10
N,SERENCD 8.98% SR.VI OP2,      1085.00,      1083.00,      1085.55,      1082.00,      1085.55,                    76885.55,71,N, ,6,      1182.00,      1030.00
N,SEC RE NCD 9.90% SR VII,      1075.00,      1084.00,      1084.00,      1084.00,      1084.00,                     1084.00,1,N, ,1,      1165.00,      1015.00
N,SEC RED NCD SR. VII,      2427.80,      2427.80,      2427.80,      2427.80,      2427.80,                     7283.40,3,N, ,1,      2450.00,      1920.21
N,SEC RE NCD 11.02% SR.V,      1046.00,      1046.00,      1046.00,      1046.00,      1046.00,                    11506.00,11,N, ,2,      1220.00,       981.20
N,7.64% TAX FREETRI SR2B,      1168.49,      1169.90,      1170.00,      1169.90,      1170.00,                   184856.10,158,N, ,4,      1179.99,      1081.20
N,SEC RED NCD 8.10% SR.IV,      1048.00,      1006.00,      1006.00,      1006.00,      1006.00,                    10060.00,10,N, ,2,      1107.50,      1001.00
N,SERENCD8.65%SR.IIICIII&IV,      1044.00,      1048.00,      1048.00,      1040.10,      1040.10,                   387386.14,372,N, ,9,      1120.00,      1012.00
N,SEC RE NCD 8.75% SR.IV,      1031.50,      1035.00,      1035.00,      1035.00,      1035.00,                   103500.00,100,N, ,1,      1089.00,       994.00
N,8.92% TAX FREE NCD,      1239.44,      1242.00,      1242.00,      1240.35,      1241.16,                   454435.10,366,N, ,18,      1343.00,      1219.99
N,TAX FREE7.35% SR.IIA,      1130.71,      1130.70,      1141.00,      1130.60,      1138.50,                  4291927.17,3784,N, ,14,      1340.90,      1075.10
N,7.69% TAX FREETRII SR2B,      1096.00,      1101.00,      1101.00,      1097.60,      1101.00,                   229728.55,209,N, ,12,      1173.00,      1083.01
N,SEC RE NCD 8.20% SR.III,       989.98,       989.98,       990.00,       989.98,       990.00,                   344518.00,348,N, ,4,      1000.00,       943.00
N,BOND 8.71% TAX FREE S2B,      1092.38,      1092.40,      1093.01,      1092.40,      1093.01,                   171541.50,157,N, ,3,      1179.99,      1075.00
N,AEL 8.95% 2027 SR I,      1041.00,      1053.90,      1053.90,      1020.00,      1040.01,                  1090218.06,1058,N, ,14,      1094.00,       935.10
N,SEC RE NCD 10.35% SR III,       220.00,       220.00,       220.00,       220.00,       220.00,                     1980.00,9,N, ,2,       968.00,       168.00
N,SEC RE NCD 10.40% SR.II,      1010.00,       992.07,       995.00,       992.07,       995.00,                     3971.21,4,N, ,2,      1040.00,       850.20
N,TFB 7.37% 2035 SR. 3A,      1139.00,      1357.00,      1357.00,      1357.00,      1357.00,                    35282.00,26,N, ,1,      1452.00,      1128.00
N,TAX FREE7.60% SR.IIB,      1152.08,      1155.00,      1156.99,      1151.45,      1154.98,                  2142849.99,1857,N, ,27,      1180.00,      1086.00
N,SEC RED NCD 8.40% SR.V,      1020.00,      1024.92,      1024.92,      1022.00,      1022.00,                   104356.20,102,N, ,19,      1099.00,      1002.00
N,BOND 8.65% PA TF TI-SIIB,      1153.00,      1153.00,      1153.00,      1145.31,      1153.00,                   264669.57,230,N, ,8,      1389.90,      1090.00
N,SCL 8.88% 2028 SR V,       984.90,       904.55,      1181.85,       904.55,      1181.85,                    83456.00,80,N, ,2,      1181.85,       901.20
N,UNSERENCD9.1%SRIIICIII&IV,      1055.00,      1070.00,      1070.00,      1070.00,      1070.00,                     2140.00,2,N, ,1,      1157.00,      1032.00
N,SEC RE NCD 9% SR.V,      1044.28,      1040.00,      1044.98,      1040.00,      1044.97,                   292475.15,280,N, ,10,      1089.80,       985.00
N,SEC RED NCD 9.0% SR. VI,      1014.00,      1014.00,      1014.00,      1002.00,      1014.00,                    70402.00,70,N, ,5,      1064.75,       950.00
N,AEL 0% 2027 SR II,      1048.95,      1048.00,      1048.00,      1048.00,      1048.00,                    80696.00,77,N, ,2,      1050.00,      1000.00
N,SEC RE NCD 10.00% SR IV,      1031.00,      1030.00,      1030.00,      1030.00,      1030.00,                   180250.00,175,N, ,2,      1225.00,       930.00
N,AEL 8.85% 2028 SR III,      1006.51,       986.38,      1018.60,       986.38,      1018.60,                    46911.54,47,N, ,5,      1035.00,       986.38
N,SERENCD8.84%SRVICIII&IV,       998.95,       998.00,       998.00,       940.00,       940.00,                   144895.00,151,N, ,3,      1122.84,       821.00
N,UN SE RE NCD 8.55% SR.VI,      1051.56,      1052.00,      1052.00,      1040.00,      1040.00,                    57260.00,55,N, ,3,      1131.25,      1000.00
N,TAX FREE 7.29% SR. IB,      1024.00,      1021.20,      1021.20,      1021.20,      1021.20,                     1021.20,1,N, ,1,      1085.00,       983.55
N,SEC RE NCD 8.43% SR.VI,       980.00,       980.00,       980.00,       980.00,       980.00,                    98000.00,100,N, ,1,       994.00,       875.40
N,UNSERENCD8.85%SRIVCIII&IV,      1083.00,      1083.00,      1085.00,      1083.00,      1085.00,                   149530.00,138,N, ,2,      1190.00,      1005.00
N,AEL 9.15% 2028 SR IV,      1052.00,      1052.00,      1052.00,      1050.00,      1050.00,                   150276.62,143,N, ,11,      1060.00,       990.60
N,TAX FREE 7.39% SR. IIA,      1206.00,      1204.00,      1204.00,      1204.00,      1204.00,                    24080.00,20,N, ,1,      1380.00,      1087.00
N,8.76% TAX FREETRI SR2B,      1114.00,      1104.01,      1108.00,      1104.01,      1108.00,                   224126.00,203,N, ,3,      1270.00,      1072.00
N,SEC RE NCD 9.70% SR VII,      1024.70,      1024.50,      1024.50,      1024.50,      1024.50,                    15367.50,15,N, ,2,      1123.00,       992.08
N,UNSE RE NCD 10% SR.I,      1062.01,      1056.12,      1057.25,      1056.12,      1057.25,                   284286.12,269,N, ,2,      1111.00,       934.00
N,TAX FREE 7.69% SR. IIB,      1115.90,      1116.00,      1117.00,      1116.00,      1116.05,                  1655064.00,1482,N, ,14,      1210.00,      1089.11
N,BOND 8.88% PA TF TII-SIIB,      1170.00,      1170.00,      1170.00,      1164.15,      1169.51,                   496537.50,425,N, ,9,      1354.90,      1105.00
N,9.01% TAX FREETRII SR3B,      1246.01,      1251.00,      1257.00,      1250.00,      1250.00,                   764019.00,610,N, ,13,      1341.99,      1211.00
N,UNS RED NCD 9.15% SR.IX,      1015.00,      1034.00,      1034.00,      1034.00,      1034.00,                     1034.00,1,N, ,1,      1229.00,       925.41
N,AEL 9% 2030 SR VI,      1047.00,      1026.00,      1038.00,      1026.00,      1032.00,                    62798.00,61,N, ,7,      1068.00,       995.00
N,BOND8.88% PA TF TR II S2B,      1119.61,      1129.49,      1129.49,      1129.49,      1129.49,                     1129.49,1,N, ,1,      1198.99,      1083.00
N,SERENCD 9.05% SR.VI OPII,      1100.00,      1080.00,      1080.00,      1079.00,      1079.51,                   128457.95,119,N, ,7,      1124.05,      1015.30
N,AEL 9.3% 2030 SR VII,      1060.25,      1060.70,      1060.71,      1060.25,      1060.31,                    67866.98,64,N, ,6,      1078.00,       990.10
N,UNSE RE NCD 9.6% SR.II,       995.38,       995.00,       998.86,       992.00,       998.85,                  3622962.01,3638,N, ,35,       999.99,       890.00
N,UNSE RE NCD 0% SR.III,      1556.80,      1541.01,      1541.01,      1541.00,      1541.00,                    77050.25,50,N, ,2,      1565.49,      1112.10
N,UCL 10.50% SR V,       997.15,      1019.99,      1019.99,      1019.99,      1019.99,                    50999.50,50,N, ,3,      1055.00,       951.10
N,SERENCD 8.70% SR.VII OPII,      1050.00,      1040.00,      1040.00,      1040.00,      1040.00,                   104000.00,100,N, ,1,      1210.00,      1002.01
N,SCL 9.25% 2030 SR IX,       999.99,       900.33,      1199.98,       900.33,      1199.98,                   126018.60,120,N, ,2,      1199.98,       880.20
N,TAX FREE  7.53% SR. 103 A,      1098.50,      1097.05,      1104.00,      1097.00,      1104.00,                   394289.50,358,N, ,7,      1210.00,      1074.00
N,SEC RED NCD 9.43% SR. VI,       992.52,       991.00,       997.99,       991.00,       997.99,                  1385372.52,1394,N, ,16,      1074.00,       822.00
N,TAX FREE7.50% SR.104 A,      1188.00,      1181.00,      1181.00,      1181.00,      1181.00,                    68498.00,58,N, ,3,      1269.99,      1132.10
N,SEC RE NCD SR 2,      1162.00,      1144.00,      1166.01,      1144.00,      1166.01,                    98868.22,86,N, ,2,      1166.01,      1000.00
N,SEC RE NCD 7.97% SR.VI,      1022.67,      1020.00,      1020.00,      1020.00,      1020.00,                    17340.00,17,N, ,1,      1110.00,       980.00
N,SEC RE NCD 8.42% SR.V,       991.85,       988.00,       991.90,       988.00,       991.21,                  1165618.92,1177,N, ,11,       999.89,       945.25
N,SEC RE NCD 10.30% SR.VII,       665.79,       655.79,       665.80,       655.00,       665.80,                    92047.81,139,N, ,7,      1038.00,       520.00
N,SCL 9.95% 2035 SR XII,       980.00,       980.00,      1014.00,       960.00,      1014.00,                   121923.00,121,N, ,5,      1014.00,       900.10
N,SERENCD 8.65% SR.VI OP12,      1011.75,      1020.00,      1020.00,      1015.70,      1015.70,                    57073.80,56,N, ,5,      1156.40,       990.11
N,SEC RE NCD 9.48% SR V,       370.00,       310.33,       444.00,       310.33,       444.00,                  1575041.04,4176,N, ,4,       799.00,       310.33
N,SEC RE NCD 0% SR.VII,      1396.51,      1419.95,      1419.95,      1419.95,      1419.95,                   403265.80,284,N, ,1,      1419.95,      1217.00
N,TAX FREE  7.64% SR. 108A,      1110.80,      1110.79,      1118.00,      1110.79,      1118.00,                  2899167.76,2600,N, ,7,      1170.00,      1085.20
N,SEC RE NCD 8.75% SR.III,      1075.00,      1075.45,      1076.00,      1075.45,      1076.00,                   122632.10,114,N, ,4,      1080.00,       964.20
N,SEC RED NCD 10.15% SR. VI,      1022.00,      1020.80,      1020.80,      1017.01,      1020.80,                   152741.00,150,N, ,4,      1029.00,       965.00
N,SEC RE NCD 0% SR.IV,      1275.00,      1275.00,      1275.00,      1268.70,      1272.00,                   388128.00,305,N, ,5,      1499.89,      1115.20
N,SEC RED NCD 10.6% SR. VII,      1001.00,      1015.00,      1015.00,      1008.10,      1010.11,                   738860.60,731,N, ,16,      1340.00,       890.30
N,SEC RE NCD 8.65% SR.V,       988.26,       985.00,       985.00,       982.10,       982.14,                   983091.50,1000,N, ,15,       991.00,       861.00
N,SEC RE NCD 9% SR.VI,      1057.10,      1063.00,      1063.00,      1063.00,      1063.00,                   276380.00,260,N, ,2,      1095.00,       922.60
N,SEC RE NCD 0% SR.VII,      1245.00,      1250.00,      1250.00,      1250.00,      1250.00,                   250000.00,200,N, ,1,      1272.00,      1035.45
N,SEC RE NCD 10.03% SR X,       720.00,       700.25,       799.98,       700.20,       700.20,                   432557.29,586,N, ,4,       950.01,       651.00
N,IIFL 9% TR I SR I,      1054.00,      1045.20,      1059.80,      1045.20,      1059.80,                    66052.00,63,N, ,2,      1059.80,       990.00
N,IIFL TR I SR II,      1048.60,      1050.00,      1050.00,      1050.00,      1050.00,                    10500.00,10,N, ,1,      1050.80,       977.00
N,SEC RE NCD 8.5% SR.III,      1024.80,      1032.00,      1033.00,      1025.00,      1033.00,                  1128335.75,1100,N, ,11,      1199.00,       976.00
N,SEC RE NCD 8.65% SR.V,       978.80,       983.98,       983.98,       980.00,       982.99,                   797431.00,811,N, ,11,       999.90,       908.00
N,SEC RE NCD 10.25% SR XII,       825.25,       900.00,       900.00,       900.00,       900.00,                      900.00,1,N, ,1,      1060.00,       721.10
N,MUSIC BROADCAST LIMITED,       119.20,       118.90,       118.90,       118.10,       118.20,                    94774.00,802,N, ,10,       119.45,       106.10
N,SDL TS 7.46% 2030,       100.00,        99.00,        99.00,        99.00,        99.00,                     9900.00,100,N, ,1,        99.00,        99.00
N,SDL GJ 7.58% 2026,        99.00,        99.00,        99.00,        99.00,        99.00,                     9900.00,100,N, ,1,       102.29,        99.00
N,SDL TS 7.59% 2037,        99.99,       101.00,       101.00,       101.00,       101.00,                    10100.00,100,N, ,1,       102.37,        97.50
N,SDL GJ 7.63% 2033,        99.77,       104.15,       104.15,       104.15,       104.15,                  2603750.00,25000,N, ,1,       104.15,        99.77
N,SDL GJ 7.66% 2032,       102.50,       102.50,       102.50,       102.50,       102.50,                    20500.00,200,N, ,2,       102.50,       101.78
N,SDL AP 7.71% 2037,        94.76,        99.18,        99.18,        99.18,        99.18,                    19836.00,200,N, ,1,        99.18,        90.25
N,SDL TS 7.84% 2039,       100.00,        99.00,        99.00,        99.00,        99.00,                     9900.00,100,N, ,1,        99.00,        99.00
N,GOI TBILL 182D-19/02/26,        98.34,        98.84,        98.85,        98.84,        98.85,                    19769.00,200,N, ,2,        98.85,        96.81
N,GOI TBILL 182D-21/05/26,        97.50,        97.45,        97.45,        97.45,        97.45,                   107195.00,1100,N, ,1,        98.00,        95.12
N,GOI TBILL 364D-19/11/26,        94.83,        94.79,        94.79,        94.79,        94.79,                     9479.00,100,N, ,1,        94.83,        94.75
N,GOI TBILL 364D-20/02/26,        99.12,        99.15,        99.15,        98.84,        99.15,                   208124.00,2100,N, ,8,        99.15,        93.00
N,GOI TBILL 91D-05/03/26,        99.12,        98.79,        98.79,        98.79,        98.79,                  1185480.00,12000,N, ,2,        99.12,        96.63
N,GOI TBILL 91D-08/01/26,        99.69,        99.80,        99.85,        99.80,        99.85,                    59900.00,600,N, ,5,        99.85,        98.24
N,GOI TBILL 91D-12/03/26,        98.75,        98.75,        98.75,        98.75,        98.75,                    98750.00,1000,N, ,2,        98.75,        98.30
N,GOI TBILL 91D-19/02/26,        99.00,        99.00,        99.30,        99.00,        99.25,                  1020928.00,10300,N, ,16,        99.30,        98.00
N,GOI TBILL 91D-26/02/26,        99.01,        99.01,        99.01,        99.01,        99.01,                     9901.00,100,N, ,1,        99.11,        98.31
N,GOI TBILL 91D-27/03/26,        98.71,        98.70,        98.70,        98.70,        98.70,                    19740.00,200,N, ,2,        98.70,        98.70
N,GOI TBILL 91D-29/01/26,        99.36,        99.40,        99.40,        99.40,        99.40,                     9940.00,100,N, ,1,       100.00,        96.50
N,SEC RE NCD 9% SR.VI,      1017.50,      1016.80,      1017.20,      1016.80,      1017.00,                   813628.00,800,N, ,7,      1055.00,       920.00
N,SEC RE NCD 9.25% SR.VII,      1068.00,       957.65,       957.65,       957.65,       957.65,                      957.65,1,N, ,1,      1068.00,       920.65
N,SEC RED NCD 9.03% SR. II,      1050.00,      1050.00,      1050.00,      1050.00,      1050.00,                    10500.00,10,N, ,2,      1100.00,      1000.00
N,SEC RE NCD 10.75% SR XI,       950.00,       962.99,       975.00,       962.99,       975.00,                     9689.95,10,N, ,2,      1188.00,       920.50
N,SEC RE NCD 9.25% SR.VII,      1000.72,      1051.15,      1051.15,      1051.15,      1051.15,                    26278.75,25,N, ,2,      1051.15,       932.00
N,SEC RED NCD 9.70% SR. V,      1060.00,      1074.50,      1074.50,      1073.50,      1073.90,                   153577.70,143,N, ,3,      1169.00,       945.00
N,SEC RED NCD 9.30% SR. II,      1075.00,      1051.01,      1070.60,      1051.01,      1070.40,                    74648.05,70,N, ,7,      1100.00,      1020.00
N,SEC RED NCD 9.31% SR.III,      1025.00,      1035.00,      1035.00,      1026.00,      1031.04,                   206208.00,200,N, ,4,      1055.00,       875.20
N,SEC RED NCD SR.X,      1815.00,      1815.00,      1815.00,      1815.00,      1815.00,                    90750.00,50,N, ,1,      1985.00,      1390.00
N,SEC RED NCD 9.10% SR.VI,      1085.00,      1085.00,      1089.90,      1085.00,      1087.00,                   207780.90,191,N, ,3,      1089.90,      1009.00
N,SEC RE NCD 9.25% SR VIII,       975.00,       975.00,       975.00,       975.00,       975.00,                    48750.00,50,N, ,1,       977.00,       870.00
N,SEC RE NCD 9.71% SR VIII,       979.00,       994.00,       994.00,       994.00,       994.00,                    55664.00,56,N, ,2,      1025.00,       900.30
N,SEC RE NCD 10.75% SR XI,      1025.00,       950.20,       950.20,       950.20,       950.20,                    33257.00,35,N, ,1,      1125.00,       900.00
N,SEC RE NCD 9.80% SR.VII,       714.00,       853.00,       853.00,       853.00,       853.00,                    10236.00,12,N, ,1,       928.00,       597.00
 , , , , , , , , , , , , , 
 ,LIMITED PHYSICAL MARKET, , , , , , , , , , , , 
 , , , , , , , , , , , , , 
 ,EXCHANGE TRADED FUND, , , , , , , , , , , , 
N,BIRLASLAMC - ABGSEC,       111.16,       111.19,       111.84,       111.18,       111.19,                   428075.60,3850,N, ,11,       113.03,       103.71
N,BIRLASLAMC - ABSLBANETF,        60.90,        61.50,        61.50,        61.00,        61.29,                  3186823.24,51972,N, ,262,        62.34,        47.55
N,BIRLASLAMC - ABSLLIQUID,      1000.00,      1000.00,      1000.01,       999.99,      1000.00,                  8014054.25,8014,N, ,67,      1030.00,       999.99
N,BIRLASLAMC - ABSLNN50ET,        72.93,        72.78,        73.65,        72.71,        73.52,                  1221695.91,16666,N, ,237,        75.45,        58.37
N,BIRLASLAMC-ABSLPSE,        10.19,        10.44,        10.44,        10.21,        10.41,                 12690994.65,1228314,N, ,945,        10.90,         8.00
N,KOTAKMAMC - KOTAKALPHA,        48.20,        46.99,        48.64,        46.99,        48.45,                 37963671.14,782717,N, ,2843,        55.67,        39.00
N,MIRAEAMC - ALPHAETF,        25.06,        25.68,        25.68,        25.13,        25.31,                 12865507.68,508566,N, ,939,        27.15,        19.61
N,ICICIPRAMC - ICICIALPLV,        27.94,        28.63,        28.63,        27.92,        28.03,                 31509362.25,1123880,N, ,1262,        29.69,        24.00
N,AONEAMC - AONEGOLD,        12.51,        12.67,        12.69,        12.46,        12.61,                 19008601.92,1510902,N, ,2913,        13.50,        10.00
N,AONEAMC - AONELIQUID,      1040.99,      1041.44,      1041.44,      1041.42,      1041.43,                 57944455.67,55639,N, ,397,      1060.00,       908.58
N,AONEAMC - AONENIFTY,        10.70,        11.02,        11.02,        10.68,        10.77,                  2996009.84,278376,N, ,1659,        12.00,         9.47
N,AONEAMC - AONETMMQ50,         9.64,         9.69,         9.77,         9.60,         9.70,                   377683.35,39006,N, ,185,        10.50,         9.51
N,AONEAMC - AONETOTAL,        12.06,        12.36,        12.36,        11.70,        12.14,                  6487557.81,534921,N, ,2691,        12.49,         9.63
N,NIPPONAMC - NETFAUTO,       292.80,       294.00,       297.00,       293.00,       296.09,                334323101.63,1130454,N, ,5794,       297.00,       197.07
N,ICICIPRAMC - ICICIAUTO,        29.29,        29.65,        29.70,        29.29,        29.65,                 33670629.94,1137447,N, ,3152,        29.70,        19.72
N,AXISAMC - AXISBNKETF,       613.10,       614.00,       618.74,       614.00,       617.08,                   505121.03,819,N, ,50,       623.45,       485.00
N,AXISAMC - AXISBPSETF,        13.12,        13.44,        13.44,        13.05,        13.12,                  2417829.14,184418,N, ,435,        14.50,        12.00
N,AXISAMC - AXISCETF,       126.49,       124.90,       127.14,       124.90,       125.76,                  1711089.28,13575,N, ,66,       131.85,       101.00
N,AXIS MF - AXIS GOLD ETF,       111.43,       113.63,       113.63,       111.48,       112.90,                193436541.04,1721212,N, ,4114,       117.50,        64.06
N,AXISAMC - AXISHCETF,       148.77,       148.77,       149.70,       148.03,       149.29,                   464456.16,3113,N, ,69,       156.13,       127.43
N,AXISAMC - AXISILVER,       225.11,       225.66,       232.90,       218.30,       230.91,                286936957.85,1248058,N, ,7144,       247.38,        85.51
N,AXISAMC - AXISNIFTY,       286.71,       289.49,       289.49,       286.84,       288.97,                 12823202.45,44435,N, ,183,       296.36,       236.80
N,AXISAMC - AXISTECETF,       416.47,       415.48,       418.29,       415.29,       418.03,                  2738736.68,6585,N, ,91,       475.80,       341.00
N,AXISAMC - AXISVALUE,        31.69,        32.08,        32.32,        31.41,        32.28,                  2186591.71,68142,N, ,254,        32.32,        22.84
N,AXISAMC - AXSENSEX,        87.80,        87.60,        88.29,        87.60,        88.09,                    96192.00,1092,N, ,44,        91.35,        74.00
N,DSPAMC - DSPBANK,        60.81,        61.06,        61.39,        61.06,        61.24,                  3402904.65,55516,N, ,83,        61.84,        46.50
N,NIP IND ETF BANK BEES,       615.29,       617.99,       621.39,       615.28,       619.91,                545187927.75,879504,N, ,8743,       624.70,       490.00
N,UTIAMC-BANKBETA,        61.49,        61.69,        62.01,        61.46,        61.82,                  2165617.14,35001,N, ,388,        63.10,        48.71
N,BFAM - BANKBETF,        60.35,        60.40,        60.94,        60.40,        60.81,                   805087.20,13247,N, ,238,        65.00,        47.00
N,MIRAEAMC - BANKETF,       605.39,       607.12,       611.15,       607.12,       609.61,                  4445946.56,7287,N, ,134,       611.15,       481.38
N,ICICIPRAMC - IPRU5008,        61.00,        61.22,        61.59,        61.12,        61.44,                 24124439.88,392617,N, ,1186,        62.88,        47.53
N,KOTAKMAMC-KOTAKBKETF,       617.60,       619.00,       622.65,       618.55,       621.69,                 11798029.73,19009,N, ,465,       651.60,       490.15
N,MIRAEAMC - BANKPSU,        85.97,        86.49,        87.77,        86.20,        87.50,                  3809817.55,43933,N, ,135,        88.74,        55.29
N,EDELAMC - BBETF0432,      1313.83,      1310.49,      1315.51,      1310.49,      1314.86,                  4363215.42,3319,N, ,55,      1323.24,      1211.58
N,BARODABNP - BBNPNBETF,        60.00,        61.20,        61.20,        60.14,        60.33,                    58507.66,971,N, ,41,        62.00,        47.43
N,BARODABNP - BBNPPGOLD,       129.45,       129.45,       131.95,       129.45,       130.85,                 11026243.95,84260,N, ,159,       140.00,        73.55
N,MIRAEAMC - MAFSETF,        28.59,        28.84,        28.89,        28.55,        28.80,                  5309692.78,184599,N, ,745,        29.38,        22.30
N,ICICIPRAMC - ICICI500,        40.39,        40.40,        40.68,        40.19,        40.62,                  4914600.07,121049,N, ,954,        41.51,        33.00
N,ADITYBIRLA SL GOLD ETF-GR,       117.53,       118.36,       118.87,       117.70,       118.84,                 56105180.75,472868,N, ,1341,       125.99,        66.45
N,ADITYBIRLA SL NIF ETF-GR,        30.38,        29.62,        31.13,        29.62,        30.60,                 20788382.57,681202,N, ,4060,        31.18,        20.37
N,BIRLASLAMC - BSLSENETFG,        85.33,        84.31,        86.70,        84.31,        85.62,                  1869714.35,21842,N, ,136,        87.82,        61.64
N,ICICIPRAMC - CASHIETF,      1043.55,      1043.98,      1044.00,      1043.98,      1043.99,                113013898.45,108251,N, ,48,      1064.57,      1001.47
N,KOTAKMAMC - CHEMICAL,        29.02,        29.74,        29.74,        28.92,        29.13,                  5220985.77,179553,N, ,785,        30.00,        27.65
N,CHOICEAMC - CHOICEGOLD,       132.47,       132.40,       134.12,       132.00,       134.05,                  4742702.47,35524,N, ,557,       138.67,       120.00
N,ICICIPRAMC - ICICICOMMO,        97.39,        97.47,        99.20,        97.47,        98.98,                 22859740.93,232362,N, ,1230,        99.20,        75.61
N,KOTAKMAMC - KOTAKCONS,       125.31,       125.20,       126.40,       125.12,       126.03,                   947150.32,7531,N, ,53,       132.00,       102.46
N,NIP IND ETF CONSUMPTION,       135.89,       137.10,       137.10,       135.51,       136.25,                 17520879.99,128791,N, ,1297,       144.38,       110.86
N,MIRAEAMC - CONSUMER,        11.93,        11.95,        12.04,        11.93,        12.03,                  1144942.95,95377,N, ,356,        13.97,         9.00
N,ICICIPRAMC - ICICICONSU,       126.60,       126.28,       127.00,       126.01,       126.75,                  2805596.79,22178,N, ,476,       133.81,       101.23
N,CPSE ETF,        91.94,        94.23,        94.90,        91.00,        94.73,                569336710.31,6069641,N, ,13559,        96.16,        74.90
N,MIRAEAMC - DIVIDEND,        36.47,        36.60,        37.01,        36.58,        37.01,                   155603.59,4225,N, ,53,        37.01,        35.31
N,NIP IND ETF DIV OPP,        83.34,        84.64,        84.64,        82.10,        83.79,                  5798077.59,69359,N, ,1117,        85.74,        68.30
N,EDELAMC - EBANKNIFTY,        59.90,        61.10,        61.10,        60.16,        60.60,                   119194.06,1968,N, ,35,        62.10,        47.00
N,EDELAMC - EBBETF0430,      1564.32,      1568.39,      1568.39,      1561.27,      1563.19,                 33235429.09,21263,N, ,733,      1608.27,      1232.00
N,EDELAMC - EBBETF0431,      1396.59,      1399.86,      1399.86,      1395.96,      1398.58,                 17682921.76,12644,N, ,152,      1410.12,      1284.56
N,EDELAMC - EBBETF0433,      1274.25,      1274.26,      1276.58,      1273.02,      1276.46,                 12345701.32,9674,N, ,110,      1305.17,      1178.70
N,EDELAMC - ECAPINSURE,        24.04,        24.47,        24.47,        23.65,        24.25,                   781972.47,32347,N, ,351,        26.77,        17.13
N,EDELAMC - EGOLD,       133.55,       134.95,       135.00,       134.00,       134.90,                  4844349.80,36005,N, ,442,       161.30,        77.00
N,EDELAMC - ELIQUID,      1012.68,      1013.07,      1013.09,      1013.07,      1013.08,                  5769493.69,5695,N, ,72,      1026.47,       996.00
N,EDELAMC - ELM250,        16.87,        16.92,        17.07,        16.85,        17.05,                  2305451.75,135628,N, ,126,        19.20,        15.89
N,EDELAMC - EMULTIMQ,        41.38,        41.39,        42.00,        41.28,        41.67,                  4063544.13,97647,N, ,426,        48.00,        34.71
N,MIRAEAMC - ENERGY,        35.55,        35.62,        36.39,        35.59,        36.33,                 82458448.52,2292566,N, ,617,        40.00,        34.03
N,EDELAMC - ENIFTY,        26.09,        26.20,        26.25,        26.16,        26.24,                    99506.93,3794,N, ,22,        27.22,        25.65
N,MIRAEAMC - EQUAL200,        13.55,        13.58,        13.69,        13.55,        13.65,                   496724.64,36456,N, ,69,        13.96,        11.03
N,MIRAEAMC - EQUAL50,       335.96,       336.67,       339.17,       336.67,       338.65,                   197518.25,585,N, ,11,       339.17,       303.44
N,DSPAMC - DSPNEWETF,       346.81,       347.81,       349.18,       347.00,       348.83,                281130492.73,807955,N, ,186,       351.10,       280.01
N,EDELAMC - ESENSEX,        85.07,        85.50,        85.73,        85.42,        85.73,                    49235.45,576,N, ,8,        88.05,        83.62
N,MIRAEAMC - MAESGETF,        44.55,        44.73,        44.98,        44.68,        44.95,                  1786781.04,39811,N, ,169,        44.98,        36.00
N,EDELAMC - ESILVER,       225.64,       230.40,       233.00,       225.45,       231.88,                186770773.66,806260,N, ,1267,       252.00,        86.27
N,ICICIPRAMC - EVIETF,        31.68,        31.83,        32.18,        31.62,        32.17,                  6516789.25,203326,N, ,594,        33.75,        23.56
N,MIRAEAMC - EVINDIA,        31.68,        31.79,        32.14,        31.77,        32.10,                 15686232.30,489924,N, ,1897,        32.30,        23.83
N,ICICIPRAMC-ICICIFIN,        32.64,        32.63,        33.26,        32.60,        33.02,                 15846997.48,481360,N, ,1587,        33.66,        24.13
N,DSPAMC - FLEXIADD,        10.62,        10.88,        10.88,        10.56,        10.63,                  1452327.93,136769,N, ,386,        11.90,        10.48
N,ICICIPRAMC - ICICIFMCG,        57.51,        58.94,        58.94,        56.60,        56.85,                405013537.72,7126081,N, ,19386,        62.30,        53.00
N,UTIAMC-GILT10BETA,        26.08,        26.05,        26.15,        25.93,        26.11,                    98997.20,3807,N, ,58,        26.83,        24.22
N,UTIAMC-GILT5BETA,        63.19,        63.23,        64.48,        63.22,        63.23,                   287955.99,4518,N, ,29,        65.00,        58.85
N,RELCAPAMC - NETFGILT5Y,        63.58,        63.77,        63.81,        63.45,        63.59,                 19716933.92,310119,N, ,711,        71.00,        57.60
N,KOTAK GOLD ETF,       111.29,       113.63,       113.63,       111.29,       112.33,                350109981.12,3120644,N, ,7081,       116.59,        64.17
N,360ONEAMC - GOLD360,       130.20,       130.50,       132.15,       130.20,       131.50,                  3535416.35,26833,N, ,313,       140.00,        78.20
N,DSPAMC - DSPGOLD,       129.68,       130.88,       131.21,       130.22,       131.18,                 67945756.67,518909,N, ,688,       135.13,        74.24
N,NIP IND ETF GOLD BEES,       110.52,       111.62,       111.98,       110.92,       111.82,               4194930132.91,37641644,N, ,112922,       117.00,        63.63
N,UTIAMC-UTIGOLDBETA,       112.25,       115.05,       115.05,       112.45,       113.55,                226907748.15,2003931,N, ,3700,       119.00,        64.35
N,BANDHANAMC - GOLDBND,       133.26,       133.50,       134.96,       132.90,       134.41,                  2056555.73,15317,N, ,91,       143.87,       127.96
N,ZERODHAAMC - GOLDCASE,        21.01,        21.37,        21.37,        20.96,        21.24,                271159983.81,12822059,N, ,12958,        22.38,        11.25
N,MIRAEAMC - MAGOLDETF,       129.72,       130.31,       131.69,       130.31,       131.22,                191994684.40,1468568,N, ,4759,       139.89,        74.61
N,ICICI PRUDENTIAL GOLD ETF,       114.48,       115.72,       115.90,       114.71,       115.74,                807830903.38,7001335,N, ,28460,       120.85,        65.61
N,GROWWAMC - GROWWCAPM,         9.77,         9.84,         9.91,         9.77,         9.89,                  6062148.41,615105,N, ,611,        11.78,         9.40
N,GROWWAMC - GROWWDEFNC,        77.27,        77.65,        78.50,        77.27,        77.98,                 19695827.09,253164,N, ,2510,        93.89,        49.83
N,GROWWAMC - GROWWEV,        31.56,        31.57,        32.17,        31.41,        32.03,                 12786519.39,400830,N, ,2120,        32.35,        23.00
N,GROWWAMC - GROWWGOLD,       130.59,       130.72,       132.50,       130.71,       132.28,                 40933218.11,310362,N, ,4187,       136.29,        74.95
N,GROWWAMC - GROWWLIQID,       107.27,       107.32,       107.32,       107.31,       107.31,                 98499077.22,917861,N, ,390,       107.80,        99.70
N,GROWWAMC - GROWWLOVOL,        10.76,        10.77,        10.95,        10.59,        10.85,                  1274698.44,117396,N, ,169,        11.50,         9.00
N,GROWWAMC - GROWWMC150,       222.54,       225.01,       225.54,       223.88,       224.92,                   714591.42,3179,N, ,103,       227.50,       215.48
N,GROWWAMC - GROWWMETAL,        10.71,        10.92,        11.00,        10.20,        10.86,                 20031312.28,1850918,N, ,2965,        11.25,        10.03
N,GROWWAMC - GROWWMOM50,        10.61,        10.87,        10.87,        10.51,        10.69,                  1398470.50,131086,N, ,631,        12.00,         9.11
N,GROWWAMC - GROWWN200,        11.76,        12.05,        12.05,        11.66,        11.85,                   599109.68,50685,N, ,424,        12.45,         9.00
N,GROWWAMC - GROWWNET,        10.45,        10.52,        10.54,        10.40,        10.53,                  2584751.82,246003,N, ,676,        12.14,         9.17
N,GROWWAMC - GROWWNIFTY,        10.48,        10.51,        10.58,        10.47,        10.55,                  2581891.88,244955,N, ,1271,        11.00,         9.50
N,GROWWAMC - GROWWNXT50,        69.83,        69.98,        70.38,        69.40,        70.19,                   675690.68,9647,N, ,151,        72.25,        64.00
N,GROWWAMC - GROWWPOWER,         9.88,         9.90,        10.15,         9.85,        10.11,                 20270928.88,2017377,N, ,1563,        11.30,         9.43
N,GROWWAMC - GROWWRAIL,        35.41,        35.72,        36.15,        35.46,        36.03,                 38297570.75,1065905,N, ,3570,        43.66,        28.72
N,GROWWAMC - GROWWRLTY,         9.91,         9.92,        10.05,         9.84,        10.03,                  1767274.57,176627,N, ,339,        11.30,         9.52
N,GROWWAMC - GROWWSC250,         9.59,         9.78,         9.79,         9.40,         9.64,                  1960936.75,203877,N, ,520,        10.47,         9.17
N,GROWWAMC - GROWWSLVR,       219.86,       226.46,       235.79,       223.75,       228.66,                168354925.30,743482,N, ,8118,       256.58,        94.20
N,ICICIPRAMC - ICICI10GS,       258.51,       258.56,       259.49,       258.45,       258.79,                  2120698.62,8197,N, ,17,       265.36,       238.55
N,MIRAEAMC - MAGS813ETF,        29.66,        29.66,        29.66,        29.51,        29.65,                    36621.49,1239,N, ,30,        31.00,        27.26
N,ICICIPRAMC - ICICI5GSEC,        63.83,        63.91,        63.96,        63.69,        63.75,                  1334323.80,20898,N, ,76,        66.70,        58.01
N,HDFCAMC - HDFCBSE500,        38.25,        38.26,        38.58,        38.26,        38.54,                  1521849.06,39540,N, ,237,        39.55,        31.14
N,HDFC GOLD ETF,       114.10,       116.63,       116.63,       114.33,       115.45,                836599537.44,7263764,N, ,11908,       120.90,        65.61
N,HDFCAMC - HDFCGROWTH,       130.38,       131.03,       131.80,       130.55,       131.30,                  3059830.22,23305,N, ,175,       132.88,       103.11
N,HDFCAMC - HDFCLIQUID,      1042.51,      1042.89,      1042.93,      1042.89,      1042.89,                 32202131.40,30877,N, ,72,      1045.47,       990.00
N,HDFCAMC - HDFCLOWVOL,        21.58,        21.55,        21.69,        21.54,        21.64,                   427161.75,19746,N, ,160,        23.00,        17.70
N,HDFCAMC - HDFCMID150,        22.58,        22.98,        22.98,        22.59,        22.76,                  7936376.99,349285,N, ,1435,        23.35,        17.51
N,HDFCAMC - HDFCMOMENT,        31.48,        31.90,        31.90,        31.56,        31.89,                  5548387.76,174437,N, ,723,        33.99,        25.50
N,HDFCAMC - HDFCNEXT50,        70.96,        71.14,        71.52,        70.92,        71.49,                  4577468.50,64183,N, ,614,        73.00,        57.00
N,HDFCAMC - HDFCNIF100,        27.53,        27.54,        27.74,        27.48,        27.66,                  2007367.56,72503,N, ,366,        29.00,        21.15
N,HDFCAMC - HDFCNIFBAN,        61.18,        61.18,        61.74,        61.18,        61.61,                 14043619.96,227865,N, ,425,        62.30,        48.51
N,HDFCAMC - HDFCNIFIT,        40.22,        41.22,        41.22,        40.23,        40.41,                  1478951.38,36621,N, ,220,        46.65,        32.24
N,HDFCAMC - HDFCNIFTY,       292.34,       292.88,       294.44,       292.34,       294.23,                 57818159.04,196916,N, ,910,       301.88,       240.55
N,HDFCAMC HDFCPSUBK,        86.48,        88.00,        88.00,        86.56,        87.58,                  2900086.18,33253,N, ,252,        88.56,        55.68
N,HDFCAMC - HDFCPVTBAN,        29.18,        28.45,        29.46,        28.45,        29.37,                  1722966.15,58713,N, ,523,        29.97,        23.66
N,HDFCAMC - HDFCQUAL,        60.21,        60.50,        60.64,        60.21,        60.55,                   963830.49,15932,N, ,177,        60.98,        49.53
N,HDFCAMC - HDFCSENSEX,        96.16,        95.81,        96.85,        95.81,        96.73,                  2723612.50,28222,N, ,409,        98.48,        80.55
N,HDFCAMC - HDFCSILVER,       215.18,       216.48,       223.39,       216.48,       222.97,               1537876669.19,6939045,N, ,27248,       243.45,        83.39
N,HDFCAMC - HDFCSML250,       167.53,       171.71,       171.71,       167.42,       168.85,                193034474.58,1145532,N, ,7727,       186.65,       135.21
N,HDFCAMC - HDFCVALUE,       139.45,       139.41,       140.32,       139.16,       140.28,                   601349.58,4301,N, ,80,       143.11,       117.50
N,DSPAMC - HEALTHADD,       147.29,       147.45,       148.54,       147.45,       148.53,                    77453.46,524,N, ,21,       152.22,       126.98
N,ICICIPRAMC - ICICIPHARM,       149.70,       150.01,       151.00,       149.16,       150.96,                 14368345.03,95464,N, ,1148,       157.70,       128.14
N,BIRLASLAMC - HEALTHY,        15.01,        15.09,        15.10,        14.97,        15.09,                  1690329.88,112326,N, ,902,        16.25,        12.20
N,NIP IND ETF HANGSENG BEES,       497.21,       505.32,       509.00,       500.11,       507.37,                136779009.73,270610,N, ,5433,       579.92,       309.05
N,ICICIPRAMC - BHARATIWIN,       117.46,       120.98,       120.98,       116.36,       119.10,                 67184684.34,565744,N, ,3588,       120.98,        93.02
N,BANDHANAMC - IDFNIFTYET,       286.29,       288.88,       289.70,       284.10,       288.37,                   834487.67,2902,N, ,93,       340.80,       235.01
N,NIP IND ETF INFRA BEES,       997.35,       997.35,      1010.00,       997.00,      1008.86,                 36480483.34,36229,N, ,785,      1012.71,       783.98
N,ICICIPRAMC - ICICIINFRA,        99.50,        99.51,       100.51,        99.50,       100.40,                 25527152.09,255215,N, ,1755,       101.00,        77.65
N,MIRAEAMC - INTERNET,        14.05,        14.08,        14.18,        14.06,        14.17,                   762771.87,54012,N, ,198,        16.12,        13.30
N,KOTAKMAMC - KOTAKIT,        41.83,        42.04,        42.07,        41.60,        41.94,                  4885915.66,116540,N, ,701,        48.48,        32.55
N,DSPAMC - DSPIT,        40.01,        41.01,        41.01,        39.84,        40.19,                   568508.89,14199,N, ,57,        47.57,        32.61
N,NIP IND ETF IT,        41.97,        43.01,        43.01,        41.85,        42.14,                244032665.07,5801440,N, ,12836,        48.33,        33.63
N,UTIAMC-ITBETA,       396.62,       397.26,       398.31,       396.97,       398.00,                    97379.68,245,N, ,10,       469.99,       325.00
N,MIRAEAMC - ITETF,        39.99,        40.98,        40.98,        39.85,        40.09,                  8422543.51,210308,N, ,593,        46.00,        31.70
N,ICICIPRAMC - ICICITECH,        41.93,        42.41,        42.41,        41.80,        42.09,                 10546765.68,250952,N, ,1117,        49.05,        33.43
N,INVESCO INDIA GOLD ETF,     11590.95,     11679.95,     11800.00,     11662.00,     11787.90,                285621497.75,24288,N, ,123,     12272.75,      6668.00
N,INVESCO INDIA NIFTY ETF,      2962.39,      2978.75,      2992.00,      2978.75,      2981.46,                    59626.59,20,N, ,3,      3109.52,      2480.00
N,NIP IND ETF JUNIOR BEES,       747.76,       750.00,       765.00,       747.69,       755.86,                321631762.12,426982,N, ,12273,       777.00,       595.00
N,LIC MF - LIC GOLD ETF,     12087.35,     12187.30,     12238.00,     12000.00,     12166.75,                 45585518.40,3747,N, ,492,     12699.95,      6890.40
N,LICNAMC - LICNMFET,        28.74,        29.45,        29.45,        28.65,        28.71,                  4456032.63,155174,N, ,223,        30.00,        26.52
N,LICNAMC - LICNFENGP,       290.56,       291.21,       292.35,       291.04,       292.28,                  1049671.51,3596,N, ,39,       295.00,       239.65
N,LICNAMC - LICNFESGP,       952.20,       958.85,       958.85,       958.85,       958.85,                    25888.95,27,N, ,2,       989.00,       783.28
N,LICNAMC - LICNFNHGP,       290.38,       290.89,       293.00,       290.89,       292.33,                   632173.83,2166,N, ,30,       298.00,       242.47
N,LICNAMC - LICNMID100,        61.12,        61.28,        61.65,        60.96,        61.50,                  1657113.92,27127,N, ,128,        67.50,        46.03
N,NIPPONAMC - LIQGRWBEES,      1022.26,      1022.64,      1022.66,      1022.64,      1022.65,                172063869.22,168252,N, ,372,      1037.73,      1001.14
N,MIRAEAMC - LIQUID,       999.99,      1024.98,      1024.98,       999.99,       999.99,                646098423.97,646099,N, ,1537,      1030.00,       995.00
N,KOTAKMAMC - KOTAKLIQ,      1084.92,      1087.00,      1087.00,      1084.92,      1085.36,                396562087.79,365373,N, ,942,      1094.00,      1006.15
N,DSPAMC - LIQUIDADD,      1107.07,      1107.07,      1107.53,      1107.07,      1107.52,               1491085164.61,1346320,N, ,1530,      1121.66,      1049.11
N,NIP IND ETF LIQUID BEES,      1000.00,      1025.00,      1025.00,       999.99,      1000.00,              12254327296.97,12254248,N, ,36970,      1030.00,       970.00
N,BFAM - LIQUIDBETF,      1063.24,      1060.30,      1116.24,      1009.94,      1063.68,                483245739.43,454370,N, ,396,      1207.50,       989.99
N,ZERODHAAMC - LIQUIDCASE,       112.09,       112.15,       112.15,       112.13,       112.14,               4254705051.05,37938947,N, ,22613,       113.08,       102.00
N,DSP LIQUID ETF,      1000.00,      1000.00,      1000.01,       999.99,      1000.00,                417915787.99,417915,N, ,1370,      1009.99,       980.55
N,ICICIPRAMC - ICICILIQ,       999.99,      1000.00,      1000.01,       999.99,       999.99,               1341753553.84,1341754,N, ,2097,      1029.99,       969.99
N,MIRAEAMC - LIQUIDPLUS,      1066.42,      1066.85,      1066.87,      1066.85,      1066.86,                199126273.08,186646,N, ,447,      1240.88,       994.83
N,SBIAMC - LIQUIDSBI,      1000.00,       999.99,      1000.01,       999.99,      1000.00,                  8508021.05,8508,N, ,40,      1029.99,       999.00
N,SHRIRAM - LIQUIDSHRI,      1086.04,      1086.47,      1086.47,      1086.45,      1086.46,                 35922953.63,33064,N, ,238,      1095.15,      1030.43
N,MIRAEAMC - MANV30F,       216.04,       215.80,       216.93,       215.35,       216.93,                   231846.15,1069,N, ,12,       216.93,       179.33
N,KOTAKMAMC - KOTAKLOVOL,        22.01,        22.01,        22.57,        21.71,        22.10,                   372063.98,16872,N, ,182,        22.90,        18.16
N,ICICI PR NIF LW VL 30 ETF,        23.18,        23.64,        23.64,        23.11,        23.27,                 82172045.48,3537374,N, ,1272,        23.78,        19.03
N,NIP IND ETF LONGTERM GILT,        29.18,        29.26,        29.26,        29.16,        29.24,                125342321.97,4294565,N, ,1394,        30.13,        26.65
N,ZERODHAAMC - LTGILTCASE,        29.74,        30.63,        30.63,        29.71,        29.71,                  4848903.43,163061,N, ,395,        30.72,        28.71
N,MIRAEAMC - MAFANG,       169.11,       167.72,       167.72,       167.72,       167.72,                 20573876.96,122668,N, ,706,       178.78,       100.00
N,MIRAEAMC - MAHKTECH,        25.69,        25.59,        25.59,        25.59,        25.59,                  9684944.94,378466,N, ,447,        35.59,        16.91
N,MIRAEAMC - MAMFGETF,       156.92,       159.70,       159.70,       157.22,       158.21,                  4184679.85,26494,N, ,501,       160.24,       119.50
N,NIPPONAMC - MANUFGBEES,       154.50,       153.73,       156.28,       153.73,       156.24,                   898364.52,5771,N, ,122,       160.69,       142.50
N,MIRAEAMC - MASPTOP50,        72.19,        71.71,        71.71,        71.71,        71.71,                  5136157.04,71624,N, ,254,        72.48,        40.86
N,MIRAEAMC - METAL,        11.30,        11.58,        11.58,        11.34,        11.48,                133934135.61,11709645,N, ,8279,        12.69,         7.73
N,ICICIPRAMC - METALIETF,        11.31,        11.59,        11.75,        11.32,        11.48,                581203606.23,50829500,N, ,22692,        11.75,         7.35
N,KOTAKMAMC - MID150,        22.61,        23.17,        23.17,        22.54,        22.92,                  3038324.15,132864,N, ,512,        25.49,        17.98
N,NIP IND ETF MIDCAP 150,       230.69,       231.40,       233.00,       230.57,       232.35,                178169345.03,767290,N, ,6921,       239.00,       179.00
N,ZERODHAAMC - MID150CASE,        11.16,        11.36,        11.36,        11.01,        11.27,                 21150120.58,1883285,N, ,4521,        12.00,         7.66
N,KOTAKMAMC - KOTAKMID50,       176.50,       172.08,       178.36,       172.08,       178.13,                  8979626.78,50521,N, ,642,       183.48,       134.98
N,DSPAMC - MIDCAPADD,        22.40,        22.45,        22.63,        22.26,        22.53,                  1135108.41,50290,N, ,59,        25.50,        21.75
N,UTIAMC-MIDCAPBETA,       225.30,       225.30,       230.05,       225.27,       228.37,                  1772840.79,7780,N, ,88,       235.48,       174.82
N,MIRAEAMC - MAM150ETF,        22.79,        23.35,        23.35,        22.80,        23.00,                 40467737.74,1763619,N, ,5432,        23.50,        16.00
N,ICICIPRAMC - ICICIM150,        23.04,        23.04,        23.50,        23.04,        23.26,                 24339223.77,1048651,N, ,2607,        24.00,        17.80
N,DSPAMC - DSPQ50ETF,       247.59,       247.58,       249.03,       246.93,       248.69,                   532197.89,2146,N, ,94,       264.64,       191.97
N,ICICI PRUD MIDCAP SEL ETF,        18.53,        18.99,        19.09,        18.06,        18.77,                  5780651.22,309235,N, ,818,        20.00,        13.86
N,MIRAEAMC - MIDSMALL,        47.72,        47.86,        48.15,        47.86,        48.11,                  9616221.52,200160,N, ,841,        53.50,        40.00
N,KOTAKMAMC - KOTAKMNC,        31.30,        31.37,        31.55,        31.24,        31.53,                  5341644.49,169760,N, ,606,        31.76,        24.52
N,MOTILALAMC - MOALPHA50,        50.21,        50.33,        50.61,        50.33,        50.60,                   188836.01,3742,N, ,29,        54.38,        46.05
N,MOTILALAMC - MOCAPITAL,        46.46,        46.96,        47.00,        46.45,        46.90,                 16264831.72,347165,N, ,1565,        51.13,        29.20
N,MOTILALAMC - MODEFENCE,        84.86,        85.45,        85.64,        84.95,        85.49,                172426058.30,2020018,N, ,6866,       102.00,        55.21
N,MOTILALAMC - MOENERGY,        35.51,        35.88,        36.40,        35.51,        36.26,                  4873013.95,135154,N, ,428,        37.88,        33.50
N,MOTILALAMC - MOGOLD,       131.55,       131.80,       136.75,       131.80,       134.75,                132576295.55,994796,N, ,834,       139.00,        96.30
N,MOTILALAMC - G5,        62.99,        62.99,        63.00,        62.80,        62.95,                    82910.42,1318,N, ,40,        65.80,        57.00
N,MOTILALAMC - MOHEALTH,        44.34,        44.89,        44.89,        44.16,        44.49,                  2417061.81,54373,N, ,573,        47.57,        37.93
N,MOTILALAMC - MOINFRA,        60.27,        60.51,        61.51,        60.51,        61.38,                   456839.11,7478,N, ,57,        63.80,        56.28
N,MOTILALAMC - MOIPO,        46.35,        46.11,        46.54,        46.11,        46.54,                    38207.07,821,N, ,16,        53.00,        45.20
N,MOTILALAMC - MOLOWVOL,        38.99,        38.99,        39.22,        38.89,        39.11,                    96932.13,2480,N, ,36,        39.79,        33.05
N,MOTILAL OS MIDCAP100 ETF,        65.40,        65.49,        66.07,        65.13,        66.01,                 40133163.03,609710,N, ,2666,        66.59,        50.30
N,ICICIPRAMC - ICICIMOM30,        31.81,        32.60,        32.60,        31.82,        32.14,                108832946.88,3386139,N, ,2074,        35.00,        25.00
N,MOTILAL OSWAL M50 ETF,       271.90,       269.99,       273.83,       269.90,       273.60,                  1698607.75,6241,N, ,181,       279.33,       218.00
N,BIRLASLAMC - MOMENTUM,        31.64,        32.43,        32.43,        31.36,        32.00,                 24183027.25,756096,N, ,276,        34.57,        25.75
N,KOTAKMAMC - MOMENTUM30,        31.33,        31.48,        31.69,        31.41,        31.62,                   605255.98,19185,N, ,64,        37.38,        30.41
N,MOTILALAMC - MOMENTUM50,        52.40,        52.90,        52.95,        52.57,        52.85,                 21653421.74,410157,N, ,1673,        59.97,        42.40
N,MOTILALAMC - MOMGF,       153.52,       154.25,       155.39,       152.32,       155.12,                   339887.44,2198,N, ,50,       182.16,       139.07
N,MOTILALAMC - MOMIDMTM,        63.14,        63.67,        63.77,        62.56,        63.72,                  3758294.54,59460,N, ,210,        66.73,        59.48
N,MOTILALAMC - MOMNC,        30.50,        31.11,        31.11,        30.34,        30.65,                    38049.34,1239,N, ,15,        31.11,        29.32
N,MOTILALAMC - MOMOMENTUM,        63.16,        63.17,        64.00,        63.09,        63.95,                  5815421.21,91192,N, ,532,        68.43,        51.21
N,MOTILAL OS NASDAQ100 ETF,       234.54,       235.47,       235.99,       232.06,       234.90,                211608874.66,902135,N, ,15941,       258.80,       159.30
N,MOTILALAMC - MON50EQUAL,        33.56,        33.00,        34.07,        33.00,        33.86,                   221445.79,6542,N, ,49,        34.50,        29.78
N,MOTILALAMC - MONEXT50,        69.02,        69.38,        69.85,        69.38,        69.77,                   300142.43,4306,N, ,50,        72.30,        63.54
N,MOTILALAMC - MONIFTY100,        26.84,        26.89,        26.97,        26.82,        26.97,                   208577.95,7771,N, ,25,        27.97,        25.85
N,MOTILALAMC - MONIFTY500,        24.34,        24.34,        24.59,        24.27,        24.50,                  8292253.81,338546,N, ,1356,        24.71,        19.50
N,MOTILALAMC - MONQ50,        99.07,        96.59,        99.77,        96.59,        99.36,                  8928835.84,89981,N, ,1730,       104.31,        61.31
N,MOTILALAMC - MOPSE,        99.85,        99.85,       104.00,        99.85,       102.58,                   943833.98,9253,N, ,85,       108.00,        92.55
N,MOTILALAMC - MOQUALITY,       199.41,       199.80,       200.21,       199.21,       200.02,                   146740.57,734,N, ,29,       202.28,       162.15
N,MOTILALAMC - MOREALTY,        88.44,        88.49,        89.81,        88.46,        89.69,                 55951554.12,626027,N, ,2513,       110.00,        77.00
N,MOTILALAMC - MOSERVICE,        33.76,        33.86,        34.05,        33.86,        34.05,                   194140.19,5713,N, ,25,        35.37,        33.45
N,MOTILALAMC - MOSILVER,       223.12,       226.47,       229.44,       224.00,       228.98,                 96200173.85,420584,N, ,1248,       248.00,       112.32
N,MOTILALAMC - MOSMALL250,        16.72,        16.80,        16.87,        16.66,        16.84,                 13782210.28,819940,N, ,2297,        18.60,        13.22
N,MOTILALAMC - MOTOUR,        85.90,        85.96,        86.48,        85.73,        86.39,                  1016855.37,11816,N, ,175,        97.20,        82.66
N,MOTILALAMC - MOVALUE,       117.33,       117.92,       119.11,       117.21,       118.82,                 29703627.82,250203,N, ,2065,       119.11,        85.91
N,DSPAMC - MSCIADD,        30.83,        30.90,        31.14,        30.90,        31.14,                   104752.66,3380,N, ,22,        33.82,        30.09
N,KOTAKMAMC - MSCIINDIA,        31.22,        31.05,        31.41,        31.05,        31.35,                   321476.76,10261,N, ,80,        32.14,        25.60
N,MIRAEAMC - MULTICAP,        16.62,        16.65,        16.77,        16.61,        16.73,                  3085834.44,184732,N, ,448,        17.03,        13.43
N,TATAAML - NETF,       283.04,       290.11,       290.11,       282.56,       283.86,                   470947.16,1657,N, ,130,       292.00,       227.05
N,DSPAMC - NEXT30ADD,        41.07,        41.23,        41.51,        41.09,        41.42,                   134536.61,3255,N, ,56,        41.51,        32.27
N,MIRAEAMC - MANXT50,       715.31,       715.99,       723.56,       715.37,       723.09,                 16105424.58,22328,N, ,512,       732.49,       573.45
N,UTIAMC-NEXT50BETA,        74.75,        75.37,        75.50,        74.74,        75.41,                 15778498.32,209868,N, ,624,        79.10,        59.90
N,ICICIPRAMC - ICICINXT50,        73.16,        73.16,        73.85,        73.14,        73.77,                 44576441.42,605430,N, ,4531,        74.97,        58.70
N,NIP IND ETF NIFTY 100,       282.67,       288.39,       288.39,       281.31,       284.40,                 10865121.24,38270,N, ,468,       290.00,       230.35
N,ICICI PRUD NIFTY 100 ETF,        29.72,        29.78,        29.95,        29.72,        29.85,                  7552582.16,253015,N, ,1149,        30.88,        23.85
N,KOTAK NIFTY ETF,       288.33,       288.32,       290.29,       287.87,       289.23,                467314872.83,1612101,N, ,1654,       320.00,       238.25
N,KOTAKMAMC - NIFTY100EW,        34.32,        35.17,        35.17,        34.32,        34.50,                   787453.88,22836,N, ,164,        35.23,        24.25
N,DSPAMC - DSPNIFTY,       273.41,       280.24,       280.24,       273.63,       275.07,                 19697921.99,71602,N, ,318,       300.00,       225.66
N,NIP IND ETF NIFTY BEES,       295.33,       294.91,       297.99,       294.91,       297.55,               2067457488.09,6959353,N, ,48926,       302.25,       231.30
N,UTIAMC-NIFTYBETA,       287.41,       287.01,       289.76,       287.01,       289.61,                  9772838.18,33805,N, ,375,       297.48,       235.00
N,BFAM - NIFTYBETF,       267.16,       270.50,       270.50,       267.27,       268.91,                   353014.99,1316,N, ,75,       272.72,       220.50
N,ZERODHAAMC - NIFTYCASE,        10.41,        10.67,        10.67,        10.40,        10.47,                  5827747.11,557067,N, ,886,        10.97,        10.09
N,MIRAEAMC - MAN50ETF,       282.00,       289.05,       289.05,       281.60,       284.31,                 46142524.96,162492,N, ,1091,       289.05,       226.00
N,ICICI PRUD NIFTY ETF,       293.92,       302.74,       302.74,       293.92,       295.98,                229165347.12,774806,N, ,11398,       328.24,       234.97
N,BIRLASLAMC - NIFTYQLITY,        22.19,        22.24,        22.28,        22.18,        22.26,                   502499.91,22602,N, ,272,        23.00,        18.30
N,TATAAML - NPBET,       297.26,       298.74,       298.74,       297.64,       297.72,                    66712.09,224,N, ,15,       305.21,       240.38
N,KOTAKMAMC - KTKNV20ETF,       154.63,       154.63,       155.33,       154.57,       155.28,                  3753592.06,24231,N, ,161,       161.31,       131.63
N,NIP IND ETF ETF NV20,       154.65,       157.65,       157.65,       154.23,       155.50,                  4082970.46,26283,N, ,224,       161.35,       122.02
N,ICICI PRUDENTIAL NV20 ETF,        15.08,        14.70,        15.25,        14.70,        15.18,                  5650640.20,372854,N, ,2062,        16.00,        11.20
N,ICICIPRAMC - OILIETF,        12.40,        12.41,        12.60,        12.41,        12.53,                 54491563.22,4361683,N, ,3445,        12.69,         9.42
N,NIPPONAMC - NETFPHARMA,        23.20,        23.78,        23.82,        23.01,        23.34,                152604527.65,6555558,N, ,8889,        24.65,        19.47
N,KOTAK PSU BANK,       854.37,       864.18,       874.33,       854.40,       868.98,                 13028321.23,15081,N, ,681,       874.33,       552.00
N,DSPAMC - DSPPSBKETF,        86.05,        86.50,        87.95,        86.24,        87.44,                  4543574.16,52251,N, ,231,        87.95,        55.47
N,NIP IND ETF PSU BANK BEES,        95.27,        95.27,        97.60,        95.23,        97.20,                581696802.43,6016616,N, ,9663,        97.66,        61.54
N,ICICIPRAMC - PSUBANKICI,        86.44,        86.96,        88.40,        86.77,        87.78,                 28665131.28,328516,N, ,1320,        88.40,        55.80
N,ICICIPRAMC - ICICIBANKP,        29.03,        29.03,        29.20,        29.03,        29.16,                 55055373.17,1888362,N, ,1259,        29.44,        22.23
N,DSPAMC - DSPPVBKETF,        29.10,        29.18,        29.32,        29.07,        29.27,                   387605.43,13256,N, ,97,        29.70,        23.63
N,QUANTUM GOLD FUND,       110.38,       111.77,       111.78,       111.01,       111.65,                 31799396.46,284956,N, ,619,       116.25,        63.52
N,QUANTUM NIFTY 50 ETF,      2858.02,      2862.00,      2895.00,      2862.00,      2872.49,                  2435092.91,846,N, ,117,      2895.00,      2364.00
N,ICICIPRAMC - ICICIQTY30,        22.02,        22.02,        22.16,        21.95,        22.15,                  3220949.22,145692,N, ,231,        22.72,        18.00
N,KOTAKMAMC - QUALITY30,        21.50,        22.03,        22.03,        21.53,        21.57,                    80457.31,3731,N, ,20,        22.09,        19.51
N,SBIAMC - SBIBPB,        49.95,        50.97,        50.97,        49.95,        50.64,                  1991175.07,39524,N, ,506,        53.29,        34.37
N,SBIAMC - SBIETFCON,       125.71,       127.48,       127.48,       125.08,       126.03,                   978408.98,7769,N, ,187,       133.97,       101.64
N,SBIAMC - SBIETFIT,       418.93,       420.61,       421.21,       417.65,       420.97,                  2135915.06,5091,N, ,195,       510.00,       335.00
N,SBIAMC - SBIETFPB,       292.98,       296.89,       296.89,       292.98,       294.40,                  1410631.09,4799,N, ,136,       299.88,       235.89
N,SBIAMC - SBIETFQLTY,       231.62,       232.50,       232.50,       231.30,       232.50,                   183421.51,790,N, ,51,       238.92,       191.50
N,SBIAMC - SBILIQETF,      1020.82,      1021.27,      1021.29,      1021.27,      1021.28,                 90438704.25,88554,N, ,54,      1030.00,       984.99
N,SBIAMC - SBINEQWETF,        33.73,        33.73,        34.07,        33.73,        33.96,                  2861512.14,84132,N, ,261,        34.41,        27.30
N,SBIAMC - SBISILVER,       220.27,       225.26,       227.86,       223.77,       227.61,                874711855.04,3861452,N, ,16347,       249.40,        85.26
N,RELCAPAMC-NETFSDL26,       135.14,       135.97,       135.97,       134.58,       135.38,                  2094761.85,15474,N, ,82,       143.99,       124.95
N,MIRAEAMC - SELECTIPO,        45.89,        45.86,        46.45,        45.63,        46.40,                  2130543.08,46212,N, ,110,        57.75,        35.40
N,DSPAMC - DSPSENXETF,        87.36,        87.30,        87.94,        87.20,        87.88,                   280574.13,3202,N, ,34,        88.20,        72.00
N,UTIAMC-SENSEXBETA,       938.00,       938.36,       945.02,       938.00,       941.29,                  1222923.96,1300,N, ,100,       952.91,       779.95
N,MIRAEAMC - SENSEXETF,        87.36,        87.38,        87.80,        87.25,        87.75,                  2022874.60,23095,N, ,183,        88.30,        72.01
N,ICICI PRUD SENSEX ETF,       974.57,       979.44,       979.44,       974.01,       978.75,                 16591710.07,16969,N, ,2614,       999.84,       812.04
N,SBIAMC - SETF10GILT,       259.16,       265.63,       265.63,       258.33,       259.82,                 17643835.29,68097,N, ,136,       265.63,       241.01
N,SBI-ETF GOLD,       114.00,       116.85,       116.85,       114.34,       115.53,               1106942408.23,9615893,N, ,15429,       119.66,        64.96
N,SBI-ETF NIFTY 50,       279.28,       272.29,       281.25,       272.29,       281.21,                249183398.99,887758,N, ,6927,       286.41,       227.33
N,SBI-ETF NIFTY BANK,       610.42,       612.10,       616.37,       612.00,       614.83,                 27887823.21,45348,N, ,437,       625.74,       465.64
N,SBI-ETF NIFTY NEXT 50,       741.86,       760.40,       760.40,       738.28,       748.62,                 28105783.05,37655,N, ,1540,       766.90,       585.51
N,NIP IND ETF SHARIAH BEES,       517.52,       522.98,       523.00,       517.64,       521.09,                  4024135.84,7732,N, ,732,       547.54,       450.10
N,BIRLASLAMC - SILVER,       223.75,       228.76,       231.50,       227.64,       230.98,                555730669.27,2416562,N, ,17977,       251.99,        86.75
N,KOTAKMAMC - KOTAKSILVE,       221.27,       226.80,       226.80,       221.68,       225.49,                385119727.77,1712521,N, ,8784,       244.70,        84.09
N,360ONEAMC - SILVER360,       218.83,       222.99,       228.60,       222.74,       227.05,                 25658502.05,113667,N, ,3350,       240.00,        78.40
N,DSPAMC - DSPSILVETF,       218.02,       215.00,       224.76,       215.00,       224.19,                144218090.37,646009,N, ,4241,       243.99,        83.51
N,MIRAEAMC - MASILVER,       218.09,       224.98,       225.49,       221.80,       223.69,                469620992.87,2101474,N, ,3692,       249.40,        84.52
N,NIPPONAMC - NETFSILVER,       214.95,       220.33,       222.20,       217.60,       221.87,              14000425810.28,63378048,N, ,177979,       243.29,        77.55
N,UTIAMC-SILVERBETA,       217.29,       221.99,       225.00,       220.16,       224.66,                404753281.29,1811639,N, ,8966,       244.64,        84.19
N,BANDHANAMC - SILVERBND,       225.87,       227.60,       245.29,       226.99,       240.05,                 15066390.38,64618,N, ,837,       261.42,       180.00
N,ZERODHAAMC - SILVERCASE,        22.81,        23.38,        23.66,        22.95,        23.52,                489651256.11,20864357,N, ,19029,        25.40,         9.00
N,ICICIPRAMC - ICICISILVE,       224.95,       229.50,       233.00,       221.01,       231.68,               3053025743.16,13257278,N, ,37887,       251.35,        86.55
N,MIRAEAMC - SMALL250,        16.67,        16.69,        16.81,        16.68,        16.79,                  1894520.27,113104,N, ,191,        17.64,        15.85
N,DSPAMC - SMALLADD,        16.68,        16.99,        16.99,        16.71,        16.81,                   677893.84,40357,N, ,42,        16.99,        15.98
N,MIRAEAMC - SMALLCAP,        43.95,        44.41,        44.49,        43.92,        44.17,                 62889037.46,1425255,N, ,3260,        54.50,        37.45
N,ZERODHAAMC - SML100CASE,         9.98,         9.97,        10.15,         9.68,        10.08,                 11065881.70,1100348,N, ,972,        11.00,         9.48
N,NIPPONAMC - SNXT30BEES,        40.92,        40.93,        41.45,        40.70,        41.24,                   628971.08,15279,N, ,75,        41.57,        37.03
N,UTIAMC-SNXT50BETA,        94.39,        95.19,        95.20,        93.06,        94.06,                   350446.63,3718,N, ,141,       102.25,        66.72
N,TATAAML-TATAGOLD,        12.96,        13.28,        14.30,        12.63,        13.11,                644017215.94,49241235,N, ,81519,        14.50,         7.14
N,TATAAML-TATSILV,        21.84,        22.01,        22.63,        22.01,        22.57,               2220888844.53,99021535,N, ,110365,        25.10,         8.43
N,BIRLASLAMC - TECH,        41.02,        42.04,        42.04,        40.97,        41.26,                   898240.30,21789,N, ,166,        47.30,        33.41
N,TATAAML - TNIDETF,        98.87,       100.80,       100.80,        97.30,        99.13,                 11184231.27,113335,N, ,737,       103.26,        76.95
N,ZERODHAAMC - TOP100CASE,        11.15,        11.48,        11.48,        11.10,        11.23,                 11128532.71,992486,N, ,1714,        11.48,         8.01
N,DSPAMC - TOP10ADD,       101.27,       100.67,       101.51,       100.67,       101.46,                  7499944.10,73984,N, ,542,       103.43,        86.50
N,ICICIPRAMC - TOP15IETF,        11.03,        11.05,        11.10,        11.02,        11.09,                   686503.08,61990,N, ,158,        11.33,        10.00
N,MIRAEAMC - TOP20,         9.66,         9.90,         9.90,         9.68,         9.72,                   225633.19,23223,N, ,60,         9.92,         9.58
N,WEALTH - TWCGOLDETF,       138.24,       134.24,       134.24,       130.43,       131.55,                 15202254.68,115512,N, ,335,       134.24,       130.43
N,UNIONAMC - UNIONGOLD,       131.05,       131.70,       133.05,       130.35,       132.35,                   265249.15,2008,N, ,81,       136.85,        82.00
N,ICICIPRAMC - VAL30IETF,        15.04,        15.06,        15.32,        15.06,        15.30,                  3864246.95,253407,N, ,587,        17.49,        10.96
